id_producto,fecha,stock_actual,stock_minimo
1,2023-10-01,1379,455
1,2023-10-02,1351,455
1,2023-10-03,1321,455
1,2023-10-04,1285,455
1,2023-10-05,1236,455
1,2023-10-06,1213,455
1,2023-10-07,1192,455
1,2023-10-08,1165,455
1,2023-10-09,1127,455
1,2023-10-10,1090,455
1,2023-10-11,1062,455
1,2023-10-12,1025,455
1,2023-10-13,992,455
1,2023-10-14,976,455
1,2023-10-15,964,455
1,2023-10-16,927,455
1,2023-10-17,888,455
1,2023-10-18,849,455
1,2023-10-19,811,455
1,2023-10-20,789,455
1,2023-10-21,744,455
1,2023-10-22,725,455
1,2023-10-23,687,455
1,2023-10-24,654,455
1,2023-10-25,622,455
1,2023-10-26,594,455
1,2023-10-27,566,455
1,2023-10-28,1107,455
1,2023-10-29,1096,455
1,2023-10-30,1069,455
1,2023-10-31,1027,455
1,2023-11-01,998,455
1,2023-11-02,965,455
1,2023-11-03,921,455
1,2023-11-04,895,455
1,2023-11-05,879,455
1,2023-11-06,829,455
1,2023-11-07,782,455
1,2023-11-08,754,455
1,2023-11-09,720,455
1,2023-11-10,669,455
1,2023-11-11,641,455
1,2023-11-12,616,455
1,2023-11-13,570,455
1,2023-11-14,1131,455
1,2023-11-15,1081,455
1,2023-11-16,1051,455
1,2023-11-17,1001,455
1,2023-11-18,969,455
1,2023-11-19,956,455
1,2023-11-20,923,455
1,2023-11-21,880,455
1,2023-11-22,844,455
1,2023-11-23,810,455
1,2023-11-24,772,455
1,2023-11-25,732,455
1,2023-11-26,711,455
1,2023-11-27,673,455
1,2023-11-28,618,455
1,2023-11-29,574,455
1,2023-11-30,1116,400
1,2023-12-01,1079,400
1,2023-12-02,1039,400
1,2023-12-03,1023,400
1,2023-12-04,974,400
1,2023-12-05,934,400
1,2023-12-06,906,400
1,2023-12-07,864,400
1,2023-12-08,806,400
1,2023-12-09,775,400
1,2023-12-10,759,400
1,2023-12-11,726,400
1,2023-12-12,679,400
1,2023-12-13,638,400
1,2023-12-14,572,400
1,2023-12-15,528,400
1,2023-12-16,493,400
1,2023-12-17,474,400
1,2023-12-18,430,400
1,2023-12-19,380,400
1,2023-12-20,338,400
1,2023-12-21,825,400
1,2023-12-22,796,400
1,2023-12-23,748,400
1,2023-12-24,733,400
1,2023-12-25,691,400
1,2023-12-26,645,400
1,2023-12-27,600,400
1,2023-12-28,547,400
1,2023-12-29,505,400
1,2023-12-30,463,458
1,2023-12-31,971,458
1,2024-01-01,941,458
1,2024-01-02,909,458
1,2024-01-03,872,458
1,2024-01-04,832,458
1,2024-01-05,796,458
1,2024-01-06,771,458
1,2024-01-07,755,458
1,2024-01-08,712,458
1,2024-01-09,625,458
1,2024-01-10,586,458
1,2024-01-11,1150,458
1,2024-01-12,1107,458
1,2024-01-13,1068,458
1,2024-01-14,1051,458
1,2024-01-15,1028,458
1,2024-01-16,995,458
1,2024-01-17,942,458
1,2024-01-18,894,458
1,2024-01-19,850,458
1,2024-01-20,810,458
1,2024-01-21,784,458
1,2024-01-22,757,458
1,2024-01-23,724,458
1,2024-01-24,691,458
1,2024-01-25,657,458
1,2024-01-26,611,458
1,2024-01-27,1175,458
1,2024-01-28,1149,458
1,2024-01-29,1106,453
1,2024-01-30,1054,453
1,2024-01-31,1010,453
1,2024-02-01,976,453
1,2024-02-02,946,453
1,2024-02-03,922,453
1,2024-02-04,908,453
1,2024-02-05,868,453
1,2024-02-06,827,453
1,2024-02-07,785,453
1,2024-02-08,746,453
1,2024-02-09,699,453
1,2024-02-10,655,453
1,2024-02-11,630,453
1,2024-02-12,589,453
1,2024-02-13,552,453
1,2024-02-14,513,453
1,2024-02-15,1073,453
1,2024-02-16,1036,453
1,2024-02-17,1006,453
1,2024-02-18,992,453
1,2024-02-19,948,453
1,2024-02-20,907,453
1,2024-02-21,860,453
1,2024-02-22,815,453
1,2024-02-23,765,453
1,2024-02-24,720,453
1,2024-02-25,696,453
1,2024-02-26,658,453
1,2024-02-27,631,453
1,2024-02-28,598,438
1,2024-02-29,564,438
1,2024-03-01,1095,438
1,2024-03-02,1062,438
1,2024-03-03,1044,438
1,2024-03-04,1012,438
1,2024-03-05,971,438
1,2024-03-06,937,438
1,2024-03-07,890,438
1,2024-03-08,850,438
1,2024-03-09,810,438
1,2024-03-10,792,438
1,2024-03-11,756,438
1,2024-03-12,704,438
1,2024-03-13,660,438
1,2024-03-14,622,438
1,2024-03-15,562,438
1,2024-03-16,511,438
1,2024-03-17,497,438
1,2024-03-18,461,438
1,2024-03-19,425,438
1,2024-03-20,960,438
1,2024-03-21,921,438
1,2024-03-22,873,438
1,2024-03-23,835,438
1,2024-03-24,820,438
1,2024-03-25,770,438
1,2024-03-26,732,438
1,2024-03-27,699,438
1,2024-03-28,658,438
1,2024-03-29,616,448
1,2024-03-30,577,448
1,2024-03-31,553,448
1,2024-04-01,1062,448
1,2024-04-02,1000,448
1,2024-04-03,957,448
1,2024-04-04,901,448
1,2024-04-05,847,448
1,2024-04-06,804,448
1,2024-04-07,775,448
1,2024-04-08,728,448
1,2024-04-09,665,448
1,2024-04-10,597,448
1,2024-04-11,541,448
1,2024-04-12,489,448
1,2024-04-13,458,448
1,2024-04-14,444,448
1,2024-04-15,952,448
1,2024-04-16,897,448
1,2024-04-17,844,448
1,2024-04-18,806,448
1,2024-04-19,764,448
1,2024-04-20,718,448
1,2024-04-21,699,448
1,2024-04-22,652,448
1,2024-04-23,599,448
1,2024-04-24,555,448
1,2024-04-25,502,448
1,2024-04-26,1021,448
1,2024-04-27,971,448
1,2024-04-28,959,500
1,2024-04-29,898,500
1,2024-04-30,860,500
1,2024-05-01,795,500
1,2024-05-02,736,500
1,2024-05-03,674,500
1,2024-05-04,636,500
1,2024-05-05,1239,500
1,2024-05-06,1184,500
1,2024-05-07,1109,500
1,2024-05-08,1061,500
1,2024-05-09,1006,500
1,2024-05-10,955,500
1,2024-05-11,914,500
1,2024-05-12,890,500
1,2024-05-13,852,500
1,2024-05-14,791,500
1,2024-05-15,734,500
1,2024-05-16,672,500
1,2024-05-17,594,500
1,2024-05-18,546,500
1,2024-05-19,1150,500
1,2024-05-20,1092,500
1,2024-05-21,1043,500
1,2024-05-22,1000,500
1,2024-05-23,944,500
1,2024-05-24,895,500
1,2024-05-25,848,500
1,2024-05-26,830,500
1,2024-05-27,772,500
1,2024-05-28,730,568
1,2024-05-29,671,568
1,2024-05-30,618,568
1,2024-05-31,533,568
1,2024-06-01,1125,568
1,2024-06-02,1110,568
1,2024-06-03,1062,568
1,2024-06-04,1006,568
1,2024-06-05,957,568
1,2024-06-06,906,568
1,2024-06-07,848,568
1,2024-06-08,816,568
1,2024-06-09,789,568
1,2024-06-10,735,568
1,2024-06-11,1417,568
1,2024-06-12,1369,568
1,2024-06-13,1312,568
1,2024-06-14,1261,568
1,2024-06-15,1205,568
1,2024-06-16,1187,568
1,2024-06-17,1147,568
1,2024-06-18,1102,568
1,2024-06-19,1057,568
1,2024-06-20,997,568
1,2024-06-21,949,568
1,2024-06-22,903,568
1,2024-06-23,869,568
1,2024-06-24,830,568
1,2024-06-25,757,568
1,2024-06-26,1418,568
1,2024-06-27,1360,582
1,2024-06-28,1312,582
1,2024-06-29,1269,582
1,2024-06-30,1247,582
1,2024-07-01,1198,582
1,2024-07-02,1140,582
1,2024-07-03,1087,582
1,2024-07-04,1043,582
1,2024-07-05,991,582
1,2024-07-06,958,582
1,2024-07-07,934,582
1,2024-07-08,890,582
1,2024-07-09,850,582
1,2024-07-10,1536,582
1,2024-07-11,1475,582
1,2024-07-12,1433,582
1,2024-07-13,1399,582
1,2024-07-14,1376,582
1,2024-07-15,1321,582
1,2024-07-16,1271,582
1,2024-07-17,1229,582
1,2024-07-18,1174,582
1,2024-07-19,1115,582
1,2024-07-20,1070,582
1,2024-07-21,1050,582
1,2024-07-22,1012,582
1,2024-07-23,972,582
1,2024-07-24,916,582
1,2024-07-25,882,582
1,2024-07-26,828,582
1,2024-07-27,786,554
1,2024-07-28,777,554
1,2024-07-29,735,554
1,2024-07-30,1459,554
1,2024-07-31,1407,554
1,2024-08-01,1363,554
1,2024-08-02,1315,554
1,2024-08-03,1282,554
1,2024-08-04,1271,554
1,2024-08-05,1234,554
1,2024-08-06,1191,554
1,2024-08-07,1158,554
1,2024-08-08,1118,554
1,2024-08-09,1073,554
1,2024-08-10,1027,554
1,2024-08-11,1006,554
1,2024-08-12,969,554
1,2024-08-13,925,554
1,2024-08-14,876,554
1,2024-08-15,832,554
1,2024-08-16,793,554
1,2024-08-17,762,554
1,2024-08-18,1461,554
1,2024-08-19,1419,554
1,2024-08-20,1378,554
1,2024-08-21,1325,554
1,2024-08-22,1266,554
1,2024-08-23,1246,554
1,2024-08-24,1216,554
1,2024-08-25,1195,554
1,2024-08-26,1160,488
1,2024-08-27,1118,488
1,2024-08-28,1057,488
1,2024-08-29,1020,488
1,2024-08-30,973,488
1,2024-08-31,928,488
1,2024-09-01,903,488
1,2024-09-02,867,488
1,2024-09-03,823,488
1,2024-09-04,783,488
1,2024-09-05,752,488
1,2024-09-06,722,488
1,2024-09-07,681,488
1,2024-09-08,657,488
1,2024-09-09,613,488
1,2024-09-10,1192,488
1,2024-09-11,1139,488
1,2024-09-12,1110,488
1,2024-09-13,1065,488
1,2024-09-14,1042,488
1,2024-09-15,1024,488
1,2024-09-16,966,488
1,2024-09-17,929,488
1,2024-09-18,879,488
1,2024-09-19,847,488
1,2024-09-20,805,488
1,2024-09-21,776,488
1,2024-09-22,758,488
1,2024-09-23,720,488
1,2024-09-24,687,488
1,2024-09-25,1265,450
1,2024-09-26,1214,450
1,2024-09-27,1170,450
1,2024-09-28,1133,450
1,2024-09-29,1118,450
1,2024-09-30,1082,450
1,2024-10-01,1031,450
1,2024-10-02,972,450
1,2024-10-03,930,450
1,2024-10-04,902,450
1,2024-10-05,875,450
1,2024-10-06,847,450
1,2024-10-07,792,450
1,2024-10-08,745,450
1,2024-10-09,706,450
1,2024-10-10,652,450
1,2024-10-11,611,450
1,2024-10-12,568,450
1,2024-10-13,553,450
1,2024-10-14,1090,450
1,2024-10-15,1061,450
1,2024-10-16,1036,450
1,2024-10-17,1007,450
1,2024-10-18,974,450
1,2024-10-19,939,450
1,2024-10-20,923,450
1,2024-10-21,869,450
1,2024-10-22,822,450
1,2024-10-23,784,450
1,2024-10-24,741,450
1,2024-10-25,695,454
1,2024-10-26,664,454
1,2024-10-27,655,454
1,2024-10-28,606,454
1,2024-10-29,1154,454
1,2024-10-30,1113,454
1,2024-10-31,1075,454
1,2024-11-01,1027,454
1,2024-11-02,968,454
1,2024-11-03,946,454
1,2024-11-04,904,454
1,2024-11-05,870,454
1,2024-11-06,820,454
1,2024-11-07,743,454
1,2024-11-08,701,454
1,2024-11-09,663,454
1,2024-11-10,641,454
1,2024-11-11,601,454
1,2024-11-12,557,454
1,2024-11-13,523,454
1,2024-11-14,463,454
1,2024-11-15,1060,454
1,2024-11-16,1032,454
1,2024-11-17,1019,454
1,2024-11-18,973,454
1,2024-11-19,939,454
1,2024-11-20,890,454
1,2024-11-21,848,454
1,2024-11-22,804,454
1,2024-11-23,764,454
1,2024-11-24,744,469
1,2024-11-25,706,469
1,2024-11-26,660,469
1,2024-11-27,628,469
1,2024-11-28,579,469
1,2024-11-29,531,469
1,2024-11-30,487,469
1,2024-12-01,1045,469
1,2024-12-02,995,469
1,2024-12-03,963,469
1,2024-12-04,919,469
1,2024-12-05,872,469
1,2024-12-06,824,469
1,2024-12-07,774,469
1,2024-12-08,752,469
1,2024-12-09,696,469
1,2024-12-10,654,469
1,2024-12-11,596,469
1,2024-12-12,537,469
1,2024-12-13,500,469
1,2024-12-14,1070,469
1,2024-12-15,1034,469
1,2024-12-16,969,469
1,2024-12-17,909,469
1,2024-12-18,858,469
1,2024-12-19,783,469
1,2024-12-20,738,469
1,2024-12-21,682,469
1,2024-12-22,661,469
1,2024-12-23,610,469
1,2024-12-24,558,510
1,2024-12-25,500,510
1,2024-12-26,1088,510
1,2024-12-27,1052,510
1,2024-12-28,1016,510
1,2024-12-29,1000,510
1,2024-12-30,959,510
1,2024-12-31,927,510
1,2025-01-01,882,510
1,2025-01-02,850,510
1,2025-01-03,813,510
1,2025-01-04,775,510
1,2025-01-05,750,510
1,2025-01-06,714,510
1,2025-01-07,1345,510
1,2025-01-08,1305,510
1,2025-01-09,1265,510
1,2025-01-10,1225,510
1,2025-01-11,1188,510
1,2025-01-12,1169,510
1,2025-01-13,1118,510
1,2025-01-14,1066,510
1,2025-01-15,1010,510
1,2025-01-16,957,510
1,2025-01-17,909,510
1,2025-01-18,870,510
1,2025-01-19,855,510
1,2025-01-20,812,510
1,2025-01-21,777,510
1,2025-01-22,716,510
1,2025-01-23,1319,512
1,2025-01-24,1277,512
1,2025-01-25,1244,512
1,2025-01-26,1220,512
1,2025-01-27,1172,512
1,2025-01-28,1125,512
1,2025-01-29,1080,512
1,2025-01-30,1034,512
1,2025-01-31,988,512
1,2025-02-01,951,512
1,2025-02-02,927,512
1,2025-02-03,874,512
1,2025-02-04,834,512
1,2025-02-05,787,512
1,2025-02-06,749,512
1,2025-02-07,691,512
1,2025-02-08,643,512
1,2025-02-09,1316,512
1,2025-02-10,1265,512
1,2025-02-11,1225,512
1,2025-02-12,1189,512
1,2025-02-13,1148,512
1,2025-02-14,1117,512
1,2025-02-15,1077,512
1,2025-02-16,1057,512
1,2025-02-17,1013,512
1,2025-02-18,972,512
1,2025-02-19,931,512
1,2025-02-20,877,512
1,2025-02-21,845,512
1,2025-02-22,807,485
1,2025-02-23,780,485
1,2025-02-24,744,485
1,2025-02-25,701,485
1,2025-02-26,648,485
1,2025-02-27,607,485
1,2025-02-28,1244,485
1,2025-03-01,1201,485
1,2025-03-02,1185,485
1,2025-03-03,1142,485
1,2025-03-04,1098,485
1,2025-03-05,1044,485
1,2025-03-06,1004,485
1,2025-03-07,971,485
1,2025-03-08,920,485
1,2025-03-09,890,485
1,2025-03-10,839,485
1,2025-03-11,803,485
1,2025-03-12,755,485
1,2025-03-13,723,485
1,2025-03-14,674,485
1,2025-03-15,647,485
1,2025-03-16,626,485
1,2025-03-17,587,485
1,2025-03-18,548,485
1,2025-03-19,1124,485
1,2025-03-20,1069,485
1,2025-03-21,1031,485
1,2025-03-22,986,485
1,2025-03-23,959,485
1,2025-03-24,909,484
1,2025-03-25,855,484
1,2025-03-26,816,484
1,2025-03-27,766,484
1,2025-03-28,733,484
1,2025-03-29,699,484
1,2025-03-30,671,484
1,2025-03-31,635,484
1,2025-04-01,587,484
1,2025-04-02,521,484
1,2025-04-03,1055,484
1,2025-04-04,1008,484
1,2025-04-05,975,484
1,2025-04-06,958,484
1,2025-04-07,905,484
1,2025-04-08,865,484
1,2025-04-09,812,484
1,2025-04-10,753,484
1,2025-04-11,703,484
1,2025-04-12,661,484
1,2025-04-13,630,484
1,2025-04-14,561,484
1,2025-04-15,1104,484
1,2025-04-16,1048,484
1,2025-04-17,1000,484
1,2025-04-18,939,484
1,2025-04-19,909,484
1,2025-04-20,869,484
1,2025-04-21,817,484
1,2025-04-22,743,484
1,2025-04-23,686,533
1,2025-04-24,618,533
1,2025-04-25,584,533
1,2025-04-26,1141,533
1,2025-04-27,1117,533
1,2025-04-28,1061,533
1,2025-04-29,1012,533
1,2025-04-30,942,533
1,2025-05-01,877,533
1,2025-05-02,818,533
1,2025-05-03,765,533
1,2025-05-04,738,533
1,2025-05-05,680,533
1,2025-05-06,624,533
1,2025-05-07,562,533
1,2025-05-08,509,533
1,2025-05-09,1121,533
1,2025-05-10,1072,533
1,2025-05-11,1050,533
1,2025-05-12,976,533
1,2025-05-13,901,533
1,2025-05-14,851,533
1,2025-05-15,797,533
1,2025-05-16,721,533
1,2025-05-17,669,533
1,2025-05-18,633,533
1,2025-05-19,1298,533
1,2025-05-20,1225,533
1,2025-05-21,1167,533
1,2025-05-22,1095,533
1,2025-05-23,1019,623
1,2025-05-24,957,623
1,2025-05-25,938,623
1,2025-05-26,858,623
1,2025-05-27,805,623
1,2025-05-28,721,623
1,2025-05-29,657,623
1,2025-05-30,593,623
1,2025-05-31,1427,623
1,2025-06-01,1405,623
1,2025-06-02,1345,623
1,2025-06-03,1273,623
1,2025-06-04,1233,623
1,2025-06-05,1187,623
1,2025-06-06,1142,623
1,2025-06-07,1111,623
1,2025-06-08,1082,623
1,2025-06-09,1039,623
1,2025-06-10,997,623
1,2025-06-11,933,623
1,2025-06-12,882,623
1,2025-06-13,822,623
1,2025-06-14,770,623
1,2025-06-15,1502,623
1,2025-06-16,1454,623
1,2025-06-17,1399,623
1,2025-06-18,1334,623
1,2025-06-19,1278,623
1,2025-06-20,1216,623
1,2025-06-21,1171,623
1,2025-06-22,1138,653
1,2025-06-23,1086,653
1,2025-06-24,1023,653
1,2025-06-25,971,653
1,2025-06-26,925,653
1,2025-06-27,879,653
1,2025-06-28,831,653
1,2025-06-29,805,653
1,2025-06-30,1619,653
1,2025-07-01,1572,653
1,2025-07-02,1518,653
1,2025-07-03,1484,653
1,2025-07-04,1442,653
1,2025-07-05,1409,653
1,2025-07-06,1381,653
1,2025-07-07,1311,653
1,2025-07-08,1257,653
1,2025-07-09,1201,653
1,2025-07-10,1161,653
1,2025-07-11,1103,653
1,2025-07-12,1058,653
1,2025-07-13,1030,653
1,2025-07-14,982,653
1,2025-07-15,936,653
1,2025-07-16,876,653
1,2025-07-17,819,653
1,2025-07-18,759,653
1,2025-07-19,1545,653
1,2025-07-20,1522,653
1,2025-07-21,1465,653
1,2025-07-22,1408,598
1,2025-07-23,1367,598
1,2025-07-24,1325,598
1,2025-07-25,1274,598
1,2025-07-26,1216,598
1,2025-07-27,1176,598
1,2025-07-28,1120,598
1,2025-07-29,1063,598
1,2025-07-30,1006,598
1,2025-07-31,953,598
1,2025-08-01,911,598
1,2025-08-02,871,598
1,2025-08-03,850,598
1,2025-08-04,797,598
1,2025-08-05,1499,598
1,2025-08-06,1446,598
1,2025-08-07,1403,598
1,2025-08-08,1354,598
1,2025-08-09,1305,598
1,2025-08-10,1267,598
1,2025-08-11,1216,598
1,2025-08-12,1172,598
1,2025-08-13,1124,598
1,2025-08-14,1084,598
1,2025-08-15,1052,598
1,2025-08-16,1017,598
1,2025-08-17,1000,598
1,2025-08-18,964,598
1,2025-08-19,913,598
1,2025-08-20,849,598
1,2025-08-21,1564,554
1,2025-08-22,1519,554
1,2025-08-23,1482,554
1,2025-08-24,1460,554
1,2025-08-25,1413,554
1,2025-08-26,1370,554
1,2025-08-27,1326,554
1,2025-08-28,1279,554
1,2025-08-29,1242,554
1,2025-08-30,1207,554
1,2025-08-31,1189,554
1,2025-09-01,1128,554
1,2025-09-02,1075,554
1,2025-09-03,1029,554
1,2025-09-04,976,554
1,2025-09-05,936,554
1,2025-09-06,887,554
1,2025-09-07,858,554
1,2025-09-08,808,554
1,2025-09-09,755,554
1,2025-09-10,717,554
1,2025-09-11,666,554
1,2025-09-12,619,554
1,2025-09-13,1294,554
1,2025-09-14,1267,554
1,2025-09-15,1208,554
1,2025-09-16,1141,554
1,2025-09-17,1093,554
1,2025-09-18,1050,554
1,2025-09-19,1004,554
1,2025-09-20,969,542
1,2025-09-21,940,542
1,2025-09-22,874,542
1,2025-09-23,814,542
1,2025-09-24,758,542
1,2025-09-25,705,542
1,2025-09-26,671,542
1,2025-09-27,629,542
1,2025-09-28,1295,542
1,2025-09-29,1250,542
1,2025-09-30,1204,542
1,2025-10-01,1156,542
1,2025-10-02,1116,542
1,2025-10-03,1076,542
1,2025-10-04,1022,542
1,2025-10-05,999,542
1,2025-10-06,957,542
1,2025-10-07,902,542
1,2025-10-08,867,542
1,2025-10-09,826,542
1,2025-10-10,767,542
1,2025-10-11,722,542
1,2025-10-12,1398,542
1,2025-10-13,1363,542
1,2025-10-14,1326,542
1,2025-10-15,1278,542
1,2025-10-16,1223,542
1,2025-10-17,1168,542
1,2025-10-18,1142,542
1,2025-10-19,1112,542
1,2025-10-20,1055,521
1,2025-10-21,1021,521
1,2025-10-22,976,521
1,2025-10-23,922,521
1,2025-10-24,876,521
1,2025-10-25,836,521
1,2025-10-26,802,521
1,2025-10-27,735,521
1,2025-10-28,688,521
1,2025-10-29,630,521
1,2025-10-30,587,521
1,2025-10-31,523,521
1,2025-11-01,1149,521
1,2025-11-02,1124,521
1,2025-11-03,1071,521
1,2025-11-04,1012,521
1,2025-11-05,963,521
1,2025-11-06,921,521
1,2025-11-07,866,521
1,2025-11-08,829,521
1,2025-11-09,808,521
1,2025-11-10,752,521
1,2025-11-11,705,521
1,2025-11-12,651,521
1,2025-11-13,589,521
1,2025-11-14,546,521
1,2025-11-15,1168,521
1,2025-11-16,1144,521
1,2025-11-17,1098,521
1,2025-11-18,1053,521
1,2025-11-19,1005,534
1,2025-11-20,946,534
1,2025-11-21,894,534
1,2025-11-22,845,534
1,2025-11-23,826,534
1,2025-11-24,776,534
1,2025-11-25,725,534
1,2025-11-26,1355,534
1,2025-11-27,1318,534
1,2025-11-28,1272,534
1,2025-11-29,1236,534
1,2025-11-30,1217,534
1,2025-12-01,1168,534
1,2025-12-02,1119,534
1,2025-12-03,1082,534
1,2025-12-04,1015,534
1,2025-12-05,968,534
1,2025-12-06,914,534
1,2025-12-07,893,534
1,2025-12-08,824,534
1,2025-12-09,756,534
1,2025-12-10,698,534
1,2025-12-11,648,534
1,2025-12-12,603,534
1,2025-12-13,545,534
1,2025-12-14,520,534
1,2025-12-15,1180,534
1,2025-12-16,1150,534
1,2025-12-17,1104,534
1,2025-12-18,1042,534
1,2025-12-19,981,561
1,2025-12-20,934,561
1,2025-12-21,907,561
1,2025-12-22,842,561
1,2025-12-23,797,561
1,2025-12-24,735,561
1,2025-12-25,1409,561
1,2025-12-26,1352,561
1,2025-12-27,1309,561
1,2025-12-28,1291,561
1,2025-12-29,1231,561
1,2025-12-30,1177,561
1,2025-12-31,1105,561
1,2026-01-01,1055,561
1,2026-01-02,995,561
1,2026-01-03,962,561
1,2026-01-04,944,561
1,2026-01-05,892,561
1,2026-01-06,842,561
1,2026-01-07,790,561
1,2026-01-08,736,561
1,2026-01-09,685,561
1,2026-01-10,645,561
1,2026-01-11,1345,561
1,2026-01-12,1287,561
1,2026-01-13,1215,561
1,2026-01-14,1148,561
1,2026-01-15,1090,561
1,2026-01-16,1062,561
1,2026-01-17,1015,561
1,2026-01-18,1000,577
1,2026-01-19,956,577
1,2026-01-20,900,577
1,2026-01-21,844,577
1,2026-01-22,797,577
1,2026-01-23,752,577
1,2026-01-24,702,577
1,2026-01-25,1438,577
1,2026-01-26,1398,577
1,2026-01-27,1346,577
1,2026-01-28,1295,577
1,2026-01-29,1248,577
1,2026-01-30,1196,577
1,2026-01-31,1159,577
1,2026-02-01,1136,577
1,2026-02-02,1093,577
1,2026-02-03,1032,577
1,2026-02-04,985,577
1,2026-02-05,928,577
1,2026-02-06,871,577
1,2026-02-07,820,577
1,2026-02-08,796,577
1,2026-02-09,732,577
1,2026-02-10,674,577
1,2026-02-11,621,577
1,2026-02-12,1302,577
1,2026-02-13,1265,577
1,2026-02-14,1222,577
1,2026-02-15,1211,577
1,2026-02-16,1178,577
1,2026-02-17,1119,560
1,2026-02-18,1066,560
1,2026-02-19,1029,560
1,2026-02-20,989,560
1,2026-02-21,941,560
1,2026-02-22,924,560
1,2026-02-23,846,560
1,2026-02-24,798,560
1,2026-02-25,744,560
1,2026-02-26,689,560
1,2026-02-27,642,560
1,2026-02-28,1326,560
1,2026-03-01,1291,560
1,2026-03-02,1236,560
1,2026-03-03,1189,560
1,2026-03-04,1131,560
1,2026-03-05,1083,560
1,2026-03-06,1018,560
1,2026-03-07,962,560
1,2026-03-08,937,560
1,2026-03-09,859,560
1,2026-03-10,810,560
1,2026-03-11,755,560
1,2026-03-12,702,560
1,2026-03-13,658,560
1,2026-03-14,1346,560
1,2026-03-15,1324,560
1,2026-03-16,1286,560
1,2026-03-17,1226,560
1,2026-03-18,1178,560
1,2026-03-19,1134,558
1,2026-03-20,1076,558
1,2026-03-21,1017,558
1,2026-03-22,990,558
1,2026-03-23,930,558
1,2026-03-24,884,558
1,2026-03-25,833,558
1,2026-03-26,782,558
1,2026-03-27,728,558
1,2026-03-28,684,558
1,2026-03-29,655,558
1,2026-03-30,1303,558
1,2026-03-31,1243,558
1,2026-04-01,1181,558
1,2026-04-02,1103,558
1,2026-04-03,1030,558
1,2026-04-04,969,558
1,2026-04-05,937,558
1,2026-04-06,869,558
1,2026-04-07,804,558
1,2026-04-08,757,558
1,2026-04-09,685,558
1,2026-04-10,618,558
1,2026-04-11,562,558
1,2026-04-12,1268,558
1,2026-04-13,1202,558
1,2026-04-14,1135,558
1,2026-04-15,1059,558
1,2026-04-16,984,558
1,2026-04-17,922,558
1,2026-04-18,862,634
1,2026-04-19,827,634
1,2026-04-20,770,634
1,2026-04-21,710,634
1,2026-04-22,1360,634
1,2026-04-23,1297,634
1,2026-04-24,1241,634
1,2026-04-25,1200,634
1,2026-04-26,1177,634
1,2026-04-27,1101,634
1,2026-04-28,1025,634
1,2026-04-29,942,634
1,2026-04-30,859,634
1,2026-05-01,803,634
1,2026-05-02,751,634
1,2026-05-03,730,634
1,2026-05-04,660,634
1,2026-05-05,1417,634
1,2026-05-06,1340,634
1,2026-05-07,1265,634
1,2026-05-08,1196,634
1,2026-05-09,1139,634
1,2026-05-10,1107,634
1,2026-05-11,1038,634
1,2026-05-12,966,634
1,2026-05-13,867,634
1,2026-05-14,787,634
1,2026-05-15,1499,634
1,2026-05-16,1436,634
1,2026-05-17,1409,634
1,2026-05-18,1329,713
1,2026-05-19,1257,713
1,2026-05-20,1202,713
1,2026-05-21,1131,713
1,2026-05-22,1073,713
1,2026-05-23,1035,713
1,2026-05-24,1004,713
1,2026-05-25,940,713
1,2026-05-26,1773,713
1,2026-05-27,1721,713
1,2026-05-28,1663,713
1,2026-05-29,1599,713
1,2026-05-30,1500,713
1,2026-05-31,1480,713
1,2026-06-01,1403,713
1,2026-06-02,1339,713
1,2026-06-03,1275,713
1,2026-06-04,1212,713
1,2026-06-05,1147,713
1,2026-06-06,1100,713
1,2026-06-07,1070,713
1,2026-06-08,1010,713
1,2026-06-09,934,713
1,2026-06-10,866,713
1,2026-06-11,1706,713
1,2026-06-12,1638,713
1,2026-06-13,1573,713
1,2026-06-14,1535,713
1,2026-06-15,1470,713
1,2026-06-16,1407,713
1,2026-06-17,1353,736
1,2026-06-18,1289,736
1,2026-06-19,1237,736
1,2026-06-20,1191,736
1,2026-06-21,1149,736
1,2026-06-22,1079,736
1,2026-06-23,982,736
1,2026-06-24,1885,736
1,2026-06-25,1804,736
1,2026-06-26,1732,736
1,2026-06-27,1679,736
1,2026-06-28,1650,736
1,2026-06-29,1584,736
1,2026-06-30,1502,736
1,2026-07-01,1452,736
1,2026-07-02,1397,736
1,2026-07-03,1364,736
1,2026-07-04,1306,736
1,2026-07-05,1283,736
1,2026-07-06,1233,736
1,2026-07-07,1171,736
1,2026-07-08,1118,736
1,2026-07-09,1057,736
1,2026-07-10,1003,736
1,2026-07-11,943,736
1,2026-07-12,898,736
1,2026-07-13,1774,736
1,2026-07-14,1707,736
1,2026-07-15,1644,736
1,2026-07-16,1575,736
1,2026-07-17,1506,710
1,2026-07-18,1454,710
1,2026-07-19,1425,710
1,2026-07-20,1386,710
1,2026-07-21,1335,710
1,2026-07-22,1281,710
1,2026-07-23,1218,710
1,2026-07-24,1142,710
1,2026-07-25,1082,710
1,2026-07-26,1034,710
1,2026-07-27,984,710
1,2026-07-28,933,710
1,2026-07-29,869,710
1,2026-07-30,1763,710
1,2026-07-31,1704,710
1,2026-08-01,1643,710
1,2026-08-02,1616,710
1,2026-08-03,1555,710
1,2026-08-04,1501,710
1,2026-08-05,1425,710
1,2026-08-06,1368,710
1,2026-08-07,1315,710
1,2026-08-08,1273,710
1,2026-08-09,1243,710
1,2026-08-10,1190,710
1,2026-08-11,1122,710
1,2026-08-12,1054,710
1,2026-08-13,1003,710
1,2026-08-14,1846,710
1,2026-08-15,1795,710
1,2026-08-16,1770,670
1,2026-08-17,1719,670
1,2026-08-18,1657,670
1,2026-08-19,1598,670
1,2026-08-20,1524,670
1,2026-08-21,1461,670
1,2026-08-22,1421,670
1,2026-08-23,1383,670
1,2026-08-24,1323,670
1,2026-08-25,1258,670
1,2026-08-26,1205,670
1,2026-08-27,1154,670
1,2026-08-28,1111,670
1,2026-08-29,1068,670
1,2026-08-30,1036,670
1,2026-08-31,982,670
1,2026-09-01,928,670
1,2026-09-02,865,670
1,2026-09-03,1637,670
1,2026-09-04,1585,670
1,2026-09-05,1531,670
1,2026-09-06,1507,670
1,2026-09-07,1448,670
1,2026-09-08,1384,670
1,2026-09-09,1334,670
1,2026-09-10,1285,670
1,2026-09-11,1220,670
1,2026-09-12,1185,670
1,2026-09-13,1159,670
1,2026-09-14,1116,670
1,2026-09-15,1054,628
1,2026-09-16,1000,628
1,2026-09-17,964,628
1,2026-09-18,922,628
1,2026-09-19,880,628
1,2026-09-20,1659,628
1,2026-09-21,1583,628
1,2026-09-22,1533,628
1,2026-09-23,1489,628
1,2026-09-24,1432,628
1,2026-09-25,1392,628
1,2026-09-26,1346,628
1,2026-09-27,1326,628
1,2026-09-28,1269,628
1,2026-09-29,1229,628
1,2026-09-30,1187,628
2,2023-10-01,1875,623
2,2023-10-02,1829,623
2,2023-10-03,1767,623
2,2023-10-04,1729,623
2,2023-10-05,1672,623
2,2023-10-06,1628,623
2,2023-10-07,1589,623
2,2023-10-08,1567,623
2,2023-10-09,1517,623
2,2023-10-10,1473,623
2,2023-10-11,1417,623
2,2023-10-12,1381,623
2,2023-10-13,1341,623
2,2023-10-14,1311,623
2,2023-10-15,1288,623
2,2023-10-16,1248,623
2,2023-10-17,1208,623
2,2023-10-18,1147,623
2,2023-10-19,1100,623
2,2023-10-20,1053,623
2,2023-10-21,1008,623
2,2023-10-22,985,623
2,2023-10-23,953,623
2,2023-10-24,907,623
2,2023-10-25,860,623
2,2023-10-26,815,623
2,2023-10-27,1580,623
2,2023-10-28,1529,623
2,2023-10-29,1508,623
2,2023-10-30,1462,623
2,2023-10-31,1425,623
2,2023-11-01,1383,623
2,2023-11-02,1337,623
2,2023-11-03,1292,623
2,2023-11-04,1238,623
2,2023-11-05,1214,623
2,2023-11-06,1161,623
2,2023-11-07,1091,623
2,2023-11-08,1051,623
2,2023-11-09,995,623
2,2023-11-10,953,623
2,2023-11-11,907,623
2,2023-11-12,886,623
2,2023-11-13,1637,623
2,2023-11-14,1597,623
2,2023-11-15,1529,623
2,2023-11-16,1474,623
2,2023-11-17,1437,623
2,2023-11-18,1399,623
2,2023-11-19,1367,623
2,2023-11-20,1306,623
2,2023-11-21,1247,623
2,2023-11-22,1198,623
2,2023-11-23,1139,623
2,2023-11-24,1105,623
2,2023-11-25,1056,623
2,2023-11-26,1041,623
2,2023-11-27,998,623
2,2023-11-28,945,623
2,2023-11-29,898,623
2,2023-11-30,839,523
2,2023-12-01,785,523
2,2023-12-02,1498,523
2,2023-12-03,1470,523
2,2023-12-04,1409,523
2,2023-12-05,1355,523
2,2023-12-06,1299,523
2,2023-12-07,1241,523
2,2023-12-08,1185,523
2,2023-12-09,1110,523
2,2023-12-10,1085,523
2,2023-12-11,1020,523
2,2023-12-12,959,523
2,2023-12-13,900,523
2,2023-12-14,846,523
2,2023-12-15,782,523
2,2023-12-16,737,523
2,2023-12-17,701,523
2,2023-12-18,643,523
2,2023-12-19,593,523
2,2023-12-20,532,523
2,2023-12-21,1173,523
2,2023-12-22,1136,523
2,2023-12-23,1084,523
2,2023-12-24,1058,523
2,2023-12-25,1008,523
2,2023-12-26,929,523
2,2023-12-27,852,523
2,2023-12-28,801,523
2,2023-12-29,736,523
2,2023-12-30,681,606
2,2023-12-31,648,606
2,2024-01-01,1278,606
2,2024-01-02,1207,606
2,2024-01-03,1158,606
2,2024-01-04,1116,606
2,2024-01-05,1073,606
2,2024-01-06,1023,606
2,2024-01-07,1009,606
2,2024-01-08,965,606
2,2024-01-09,908,606
2,2024-01-10,791,606
2,2024-01-11,737,606
2,2024-01-12,687,606
2,2024-01-13,1418,606
2,2024-01-14,1397,606
2,2024-01-15,1361,606
2,2024-01-16,1298,606
2,2024-01-17,1238,606
2,2024-01-18,1177,606
2,2024-01-19,1106,606
2,2024-01-20,1068,606
2,2024-01-21,1047,606
2,2024-01-22,1002,606
2,2024-01-23,949,606
2,2024-01-24,882,606
2,2024-01-25,831,606
2,2024-01-26,793,606
2,2024-01-27,750,606
2,2024-01-28,1512,606
2,2024-01-29,1449,620
2,2024-01-30,1412,620
2,2024-01-31,1356,620
2,2024-02-01,1311,620
2,2024-02-02,1262,620
2,2024-02-03,1226,620
2,2024-02-04,1202,620
2,2024-02-05,1130,620
2,2024-02-06,1067,620
2,2024-02-07,1012,620
2,2024-02-08,969,620
2,2024-02-09,911,620
2,2024-02-10,854,620
2,2024-02-11,833,620
2,2024-02-12,782,620
2,2024-02-13,746,620
2,2024-02-14,676,620
2,2024-02-15,1421,620
2,2024-02-16,1364,620
2,2024-02-17,1325,620
2,2024-02-18,1306,620
2,2024-02-19,1255,620
2,2024-02-20,1208,620
2,2024-02-21,1148,620
2,2024-02-22,1097,620
2,2024-02-23,1041,620
2,2024-02-24,999,620
2,2024-02-25,974,620
2,2024-02-26,921,620
2,2024-02-27,876,620
2,2024-02-28,823,582
2,2024-02-29,773,582
2,2024-03-01,726,582
2,2024-03-02,1484,582
2,2024-03-03,1449,582
2,2024-03-04,1415,582
2,2024-03-05,1373,582
2,2024-03-06,1337,582
2,2024-03-07,1259,582
2,2024-03-08,1190,582
2,2024-03-09,1137,582
2,2024-03-10,1115,582
2,2024-03-11,1071,582
2,2024-03-12,1009,582
2,2024-03-13,969,582
2,2024-03-14,883,582
2,2024-03-15,839,582
2,2024-03-16,792,582
2,2024-03-17,765,582
2,2024-03-18,695,582
2,2024-03-19,1404,582
2,2024-03-20,1323,582
2,2024-03-21,1279,582
2,2024-03-22,1246,582
2,2024-03-23,1203,582
2,2024-03-24,1172,582
2,2024-03-25,1105,582
2,2024-03-26,1043,582
2,2024-03-27,989,582
2,2024-03-28,914,582
2,2024-03-29,849,597
2,2024-03-30,795,597
2,2024-03-31,765,597
2,2024-04-01,700,597
2,2024-04-02,1386,597
2,2024-04-03,1304,597
2,2024-04-04,1230,597
2,2024-04-05,1177,597
2,2024-04-06,1124,597
2,2024-04-07,1088,597
2,2024-04-08,1019,597
2,2024-04-09,944,597
2,2024-04-10,882,597
2,2024-04-11,814,597
2,2024-04-12,750,597
2,2024-04-13,676,597
2,2024-04-14,642,597
2,2024-04-15,1364,597
2,2024-04-16,1308,597
2,2024-04-17,1233,597
2,2024-04-18,1171,597
2,2024-04-19,1104,597
2,2024-04-20,1055,597
2,2024-04-21,1015,597
2,2024-04-22,959,597
2,2024-04-23,920,597
2,2024-04-24,850,597
2,2024-04-25,796,597
2,2024-04-26,729,597
2,2024-04-27,659,597
2,2024-04-28,1391,663
2,2024-04-29,1341,663
2,2024-04-30,1267,663
2,2024-05-01,1187,663
2,2024-05-02,1098,663
2,2024-05-03,1016,663
2,2024-05-04,937,663
2,2024-05-05,905,663
2,2024-05-06,830,663
2,2024-05-07,766,663
2,2024-05-08,713,663
2,2024-05-09,1483,663
2,2024-05-10,1401,663
2,2024-05-11,1343,663
2,2024-05-12,1306,663
2,2024-05-13,1244,663
2,2024-05-14,1188,663
2,2024-05-15,1104,663
2,2024-05-16,1019,663
2,2024-05-17,948,663
2,2024-05-18,892,663
2,2024-05-19,846,663
2,2024-05-20,771,663
2,2024-05-21,686,663
2,2024-05-22,606,663
2,2024-05-23,1376,663
2,2024-05-24,1309,663
2,2024-05-25,1256,663
2,2024-05-26,1224,663
2,2024-05-27,1161,663
2,2024-05-28,1090,745
2,2024-05-29,1018,745
2,2024-05-30,955,745
2,2024-05-31,876,745
2,2024-06-01,813,745
2,2024-06-02,1642,745
2,2024-06-03,1574,745
2,2024-06-04,1510,745
2,2024-06-05,1449,745
2,2024-06-06,1360,745
2,2024-06-07,1297,745
2,2024-06-08,1214,745
2,2024-06-09,1188,745
2,2024-06-10,1124,745
2,2024-06-11,1034,745
2,2024-06-12,982,745
2,2024-06-13,884,745
2,2024-06-14,818,745
2,2024-06-15,747,745
2,2024-06-16,1686,745
2,2024-06-17,1617,745
2,2024-06-18,1562,745
2,2024-06-19,1493,745
2,2024-06-20,1437,745
2,2024-06-21,1369,745
2,2024-06-22,1315,745
2,2024-06-23,1276,745
2,2024-06-24,1185,745
2,2024-06-25,1130,745
2,2024-06-26,1060,745
2,2024-06-27,1004,774
2,2024-06-28,913,774
2,2024-06-29,857,774
2,2024-06-30,1797,774
2,2024-07-01,1745,774
2,2024-07-02,1692,774
2,2024-07-03,1634,774
2,2024-07-04,1578,774
2,2024-07-05,1509,774
2,2024-07-06,1450,774
2,2024-07-07,1431,774
2,2024-07-08,1375,774
2,2024-07-09,1318,774
2,2024-07-10,1251,774
2,2024-07-11,1179,774
2,2024-07-12,1125,774
2,2024-07-13,1079,774
2,2024-07-14,2039,774
2,2024-07-15,1979,774
2,2024-07-16,1928,774
2,2024-07-17,1866,774
2,2024-07-18,1793,774
2,2024-07-19,1736,774
2,2024-07-20,1680,774
2,2024-07-21,1656,774
2,2024-07-22,1585,774
2,2024-07-23,1535,774
2,2024-07-24,1472,774
2,2024-07-25,1408,774
2,2024-07-26,1358,774
2,2024-07-27,1307,717
2,2024-07-28,1290,717
2,2024-07-29,1243,717
2,2024-07-30,1203,717
2,2024-07-31,1129,717
2,2024-08-01,1069,717
2,2024-08-02,1019,717
2,2024-08-03,968,717
2,2024-08-04,1941,717
2,2024-08-05,1861,717
2,2024-08-06,1812,717
2,2024-08-07,1752,717
2,2024-08-08,1706,717
2,2024-08-09,1647,717
2,2024-08-10,1606,717
2,2024-08-11,1578,717
2,2024-08-12,1534,717
2,2024-08-13,1481,717
2,2024-08-14,1424,717
2,2024-08-15,1363,717
2,2024-08-16,1318,717
2,2024-08-17,1268,717
2,2024-08-18,1239,717
2,2024-08-19,1198,717
2,2024-08-20,1153,717
2,2024-08-21,1093,717
2,2024-08-22,1053,717
2,2024-08-23,1912,717
2,2024-08-24,1856,717
2,2024-08-25,1831,717
2,2024-08-26,1776,620
2,2024-08-27,1717,620
2,2024-08-28,1645,620
2,2024-08-29,1585,620
2,2024-08-30,1534,620
2,2024-08-31,1461,620
2,2024-09-01,1437,620
2,2024-09-02,1384,620
2,2024-09-03,1327,620
2,2024-09-04,1261,620
2,2024-09-05,1220,620
2,2024-09-06,1179,620
2,2024-09-07,1118,620
2,2024-09-08,1091,620
2,2024-09-09,1009,620
2,2024-09-10,897,620
2,2024-09-11,852,620
2,2024-09-12,803,620
2,2024-09-13,745,620
2,2024-09-14,695,620
2,2024-09-15,663,620
2,2024-09-16,584,620
2,2024-09-17,1319,620
2,2024-09-18,1269,620
2,2024-09-19,1223,620
2,2024-09-20,1170,620
2,2024-09-21,1108,620
2,2024-09-22,1084,620
2,2024-09-23,1015,620
2,2024-09-24,949,620
2,2024-09-25,908,627
2,2024-09-26,862,627
2,2024-09-27,803,627
2,2024-09-28,757,627
2,2024-09-29,1508,627
2,2024-09-30,1433,627
2,2024-10-01,1386,627
2,2024-10-02,1337,627
2,2024-10-03,1274,627
2,2024-10-04,1218,627
2,2024-10-05,1175,627
2,2024-10-06,1146,627
2,2024-10-07,1097,627
2,2024-10-08,1048,627
2,2024-10-09,993,627
2,2024-10-10,934,627
2,2024-10-11,870,627
2,2024-10-12,815,627
2,2024-10-13,788,627
2,2024-10-14,748,627
2,2024-10-15,1523,627
2,2024-10-16,1484,627
2,2024-10-17,1418,627
2,2024-10-18,1366,627
2,2024-10-19,1312,627
2,2024-10-20,1295,627
2,2024-10-21,1246,627
2,2024-10-22,1185,627
2,2024-10-23,1137,627
2,2024-10-24,1084,627
2,2024-10-25,1018,629
2,2024-10-26,981,629
2,2024-10-27,950,629
2,2024-10-28,888,629
2,2024-10-29,840,629
2,2024-10-30,1612,629
2,2024-10-31,1555,629
2,2024-11-01,1491,629
2,2024-11-02,1439,629
2,2024-11-03,1409,629
2,2024-11-04,1349,629
2,2024-11-05,1293,629
2,2024-11-06,1232,629
2,2024-11-07,1185,629
2,2024-11-08,1125,629
2,2024-11-09,1084,629
2,2024-11-10,1053,629
2,2024-11-11,981,629
2,2024-11-12,930,629
2,2024-11-13,877,629
2,2024-11-14,1609,629
2,2024-11-15,1560,629
2,2024-11-16,1501,629
2,2024-11-17,1475,629
2,2024-11-18,1420,629
2,2024-11-19,1333,629
2,2024-11-20,1278,629
2,2024-11-21,1224,629
2,2024-11-22,1166,629
2,2024-11-23,1101,629
2,2024-11-24,1077,614
2,2024-11-25,1013,614
2,2024-11-26,939,614
2,2024-11-27,885,614
2,2024-11-28,828,614
2,2024-11-29,1589,614
2,2024-11-30,1530,614
2,2024-12-01,1501,614
2,2024-12-02,1411,614
2,2024-12-03,1316,614
2,2024-12-04,1246,614
2,2024-12-05,1186,614
2,2024-12-06,1114,614
2,2024-12-07,1041,614
2,2024-12-08,993,614
2,2024-12-09,927,614
2,2024-12-10,852,614
2,2024-12-11,803,614
2,2024-12-12,732,614
2,2024-12-13,676,614
2,2024-12-14,632,614
2,2024-12-15,1439,614
2,2024-12-16,1385,614
2,2024-12-17,1331,614
2,2024-12-18,1273,614
2,2024-12-19,1195,614
2,2024-12-20,1145,614
2,2024-12-21,1096,614
2,2024-12-22,1069,614
2,2024-12-23,1030,614
2,2024-12-24,942,666
2,2024-12-25,890,666
2,2024-12-26,822,666
2,2024-12-27,742,666
2,2024-12-28,693,666
2,2024-12-29,663,666
2,2024-12-30,1378,666
2,2024-12-31,1326,666
2,2025-01-01,1278,666
2,2025-01-02,1213,666
2,2025-01-03,1166,666
2,2025-01-04,1088,666
2,2025-01-05,1067,666
2,2025-01-06,1014,666
2,2025-01-07,968,666
2,2025-01-08,908,666
2,2025-01-09,851,666
2,2025-01-10,1668,666
2,2025-01-11,1622,666
2,2025-01-12,1601,666
2,2025-01-13,1543,666
2,2025-01-14,1473,666
2,2025-01-15,1404,666
2,2025-01-16,1355,666
2,2025-01-17,1296,666
2,2025-01-18,1216,666
2,2025-01-19,1194,666
2,2025-01-20,1126,666
2,2025-01-21,1075,666
2,2025-01-22,1016,666
2,2025-01-23,954,676
2,2025-01-24,891,676
2,2025-01-25,857,676
2,2025-01-26,1666,676
2,2025-01-27,1601,676
2,2025-01-28,1540,676
2,2025-01-29,1472,676
2,2025-01-30,1413,676
2,2025-01-31,1363,676
2,2025-02-01,1310,676
2,2025-02-02,1286,676
2,2025-02-03,1234,676
2,2025-02-04,1173,676
2,2025-02-05,1126,676
2,2025-02-06,1060,676
2,2025-02-07,1015,676
2,2025-02-08,966,676
2,2025-02-09,937,676
2,2025-02-10,874,676
2,2025-02-11,799,676
2,2025-02-12,756,676
2,2025-02-13,1585,676
2,2025-02-14,1528,676
2,2025-02-15,1486,676
2,2025-02-16,1460,676
2,2025-02-17,1410,676
2,2025-02-18,1349,676
2,2025-02-19,1279,676
2,2025-02-20,1199,676
2,2025-02-21,1156,676
2,2025-02-22,1097,649
2,2025-02-23,1065,649
2,2025-02-24,1006,649
2,2025-02-25,952,649
2,2025-02-26,884,649
2,2025-02-27,1691,649
2,2025-02-28,1617,649
2,2025-03-01,1550,649
2,2025-03-02,1516,649
2,2025-03-03,1444,649
2,2025-03-04,1375,649
2,2025-03-05,1295,649
2,2025-03-06,1239,649
2,2025-03-07,1179,649
2,2025-03-08,1126,649
2,2025-03-09,1100,649
2,2025-03-10,1050,649
2,2025-03-11,981,649
2,2025-03-12,925,649
2,2025-03-13,785,649
2,2025-03-14,708,649
2,2025-03-15,1508,649
2,2025-03-16,1480,649
2,2025-03-17,1418,649
2,2025-03-18,1339,649
2,2025-03-19,1288,649
2,2025-03-20,1226,649
2,2025-03-21,1147,649
2,2025-03-22,1111,649
2,2025-03-23,1080,649
2,2025-03-24,1035,676
2,2025-03-25,968,676
2,2025-03-26,894,676
2,2025-03-27,818,676
2,2025-03-28,737,676
2,2025-03-29,673,676
2,2025-03-30,1470,676
2,2025-03-31,1387,676
2,2025-04-01,1324,676
2,2025-04-02,1221,676
2,2025-04-03,1147,676
2,2025-04-04,1032,676
2,2025-04-05,962,676
2,2025-04-06,933,676
2,2025-04-07,873,676
2,2025-04-08,808,676
2,2025-04-09,1651,676
2,2025-04-10,1564,676
2,2025-04-11,1497,676
2,2025-04-12,1457,676
2,2025-04-13,1412,676
2,2025-04-14,1337,676
2,2025-04-15,1232,676
2,2025-04-16,1171,676
2,2025-04-17,1103,676
2,2025-04-18,963,676
2,2025-04-19,883,676
2,2025-04-20,840,676
2,2025-04-21,772,676
2,2025-04-22,1602,676
2,2025-04-23,1530,782
2,2025-04-24,1448,782
2,2025-04-25,1366,782
2,2025-04-26,1319,782
2,2025-04-27,1292,782
2,2025-04-28,1226,782
2,2025-04-29,1142,782
2,2025-04-30,1044,782
2,2025-05-01,1982,782
2,2025-05-02,1889,782
2,2025-05-03,1839,782
2,2025-05-04,1803,782
2,2025-05-05,1729,782
2,2025-05-06,1645,782
2,2025-05-07,1578,782
2,2025-05-08,1494,782
2,2025-05-09,1413,782
2,2025-05-10,1326,782
2,2025-05-11,1292,782
2,2025-05-12,1214,782
2,2025-05-13,1162,782
2,2025-05-14,1079,782
2,2025-05-15,984,782
2,2025-05-16,1961,782
2,2025-05-17,1891,782
2,2025-05-18,1860,782
2,2025-05-19,1761,782
2,2025-05-20,1690,782
2,2025-05-21,1601,782
2,2025-05-22,1506,782
2,2025-05-23,1448,859
2,2025-05-24,1376,859
2,2025-05-25,1325,859
2,2025-05-26,1255,859
2,2025-05-27,1173,859
2,2025-05-28,1093,859
2,2025-05-29,1008,859
2,2025-05-30,938,859
2,2025-05-31,877,859
2,2025-06-01,2019,859
2,2025-06-02,1931,859
2,2025-06-03,1847,859
2,2025-06-04,1792,859
2,2025-06-05,1715,859
2,2025-06-06,1652,859
2,2025-06-07,1565,859
2,2025-06-08,1531,859
2,2025-06-09,1458,859
2,2025-06-10,1377,859
2,2025-06-11,1312,859
2,2025-06-12,1228,859
2,2025-06-13,1144,859
2,2025-06-14,1076,859
2,2025-06-15,1044,859
2,2025-06-16,951,859
2,2025-06-17,1978,859
2,2025-06-18,1899,859
2,2025-06-19,1822,859
2,2025-06-20,1765,859
2,2025-06-21,1702,859
2,2025-06-22,1663,849
2,2025-06-23,1599,849
2,2025-06-24,1525,849
2,2025-06-25,1462,849
2,2025-06-26,1372,849
2,2025-06-27,1327,849
2,2025-06-28,1272,849
2,2025-06-29,1242,849
2,2025-06-30,1177,849
2,2025-07-01,2184,849
2,2025-07-02,2114,849
2,2025-07-03,2035,849
2,2025-07-04,1969,849
2,2025-07-05,1917,849
2,2025-07-06,1889,849
2,2025-07-07,1825,849
2,2025-07-08,1772,849
2,2025-07-09,1707,849
2,2025-07-10,1632,849
2,2025-07-11,1550,849
2,2025-07-12,1486,849
2,2025-07-13,1453,849
2,2025-07-14,1380,849
2,2025-07-15,1317,849
2,2025-07-16,1250,849
2,2025-07-17,1179,849
2,2025-07-18,1118,849
2,2025-07-19,2181,849
2,2025-07-20,2158,849
2,2025-07-21,2100,849
2,2025-07-22,2023,768
2,2025-07-23,1967,768
2,2025-07-24,1911,768
2,2025-07-25,1843,768
2,2025-07-26,1795,768
2,2025-07-27,1763,768
2,2025-07-28,1697,768
2,2025-07-29,1632,768
2,2025-07-30,1545,768
2,2025-07-31,1475,768
2,2025-08-01,1414,768
2,2025-08-02,1363,768
2,2025-08-03,1333,768
2,2025-08-04,1288,768
2,2025-08-05,1232,768
2,2025-08-06,1181,768
2,2025-08-07,1111,768
2,2025-08-08,2015,768
2,2025-08-09,1969,768
2,2025-08-10,1932,768
2,2025-08-11,1851,768
2,2025-08-12,1796,768
2,2025-08-13,1727,768
2,2025-08-14,1662,768
2,2025-08-15,1590,768
2,2025-08-16,1540,768
2,2025-08-17,1509,768
2,2025-08-18,1466,768
2,2025-08-19,1402,768
2,2025-08-20,1344,768
2,2025-08-21,1290,702
2,2025-08-22,1222,702
2,2025-08-23,1163,702
2,2025-08-24,1132,702
2,2025-08-25,1088,702
2,2025-08-26,1028,702
2,2025-08-27,976,702
2,2025-08-28,1896,702
2,2025-08-29,1840,702
2,2025-08-30,1779,702
2,2025-08-31,1744,702
2,2025-09-01,1692,702
2,2025-09-02,1630,702
2,2025-09-03,1562,702
2,2025-09-04,1498,702
2,2025-09-05,1425,702
2,2025-09-06,1379,702
2,2025-09-07,1352,702
2,2025-09-08,1289,702
2,2025-09-09,1212,702
2,2025-09-10,1163,702
2,2025-09-11,1101,702
2,2025-09-12,1041,702
2,2025-09-13,992,702
2,2025-09-14,971,702
2,2025-09-15,915,702
2,2025-09-16,1790,702
2,2025-09-17,1727,702
2,2025-09-18,1679,702
2,2025-09-19,1626,702
2,2025-09-20,1577,677
2,2025-09-21,1552,677
2,2025-09-22,1493,677
2,2025-09-23,1436,677
2,2025-09-24,1379,677
2,2025-09-25,1322,677
2,2025-09-26,1257,677
2,2025-09-27,1198,677
2,2025-09-28,1163,677
2,2025-09-29,1073,677
2,2025-09-30,1014,677
2,2025-10-01,966,677
2,2025-10-02,880,677
2,2025-10-03,806,677
2,2025-10-04,761,677
2,2025-10-05,730,677
2,2025-10-06,1533,677
2,2025-10-07,1466,677
2,2025-10-08,1413,677
2,2025-10-09,1349,677
2,2025-10-10,1296,677
2,2025-10-11,1249,677
2,2025-10-12,1212,677
2,2025-10-13,1134,677
2,2025-10-14,1069,677
2,2025-10-15,1026,677
2,2025-10-16,975,677
2,2025-10-17,910,677
2,2025-10-18,852,677
2,2025-10-19,838,677
2,2025-10-20,1645,661
2,2025-10-21,1570,661
2,2025-10-22,1500,661
2,2025-10-23,1440,661
2,2025-10-24,1382,661
2,2025-10-25,1320,661
2,2025-10-26,1266,661
2,2025-10-27,1209,661
2,2025-10-28,1154,661
2,2025-10-29,1100,661
2,2025-10-30,1031,661
2,2025-10-31,963,661
2,2025-11-01,902,661
2,2025-11-02,874,661
2,2025-11-03,824,661
2,2025-11-04,1625,661
2,2025-11-05,1564,661
2,2025-11-06,1494,661
2,2025-11-07,1425,661
2,2025-11-08,1367,661
2,2025-11-09,1331,661
2,2025-11-10,1274,661
2,2025-11-11,1209,661
2,2025-11-12,1135,661
2,2025-11-13,1078,661
2,2025-11-14,997,661
2,2025-11-15,928,661
2,2025-11-16,900,661
2,2025-11-17,836,661
2,2025-11-18,795,661
2,2025-11-19,1620,683
2,2025-11-20,1556,683
2,2025-11-21,1494,683
2,2025-11-22,1432,683
2,2025-11-23,1398,683
2,2025-11-24,1323,683
2,2025-11-25,1245,683
2,2025-11-26,1177,683
2,2025-11-27,1107,683
2,2025-11-28,1039,683
2,2025-11-29,980,683
2,2025-11-30,950,683
2,2025-12-01,875,683
2,2025-12-02,805,683
2,2025-12-03,750,683
2,2025-12-04,660,683
2,2025-12-05,1493,683
2,2025-12-06,1438,683
2,2025-12-07,1410,683
2,2025-12-08,1353,683
2,2025-12-09,1272,683
2,2025-12-10,1198,683
2,2025-12-11,1100,683
2,2025-12-12,1034,683
2,2025-12-13,965,683
2,2025-12-14,939,683
2,2025-12-15,871,683
2,2025-12-16,782,683
2,2025-12-17,701,683
2,2025-12-18,660,683
2,2025-12-19,1471,737
2,2025-12-20,1397,737
2,2025-12-21,1371,737
2,2025-12-22,1274,737
2,2025-12-23,1221,737
2,2025-12-24,1130,737
2,2025-12-25,1062,737
2,2025-12-26,989,737
2,2025-12-27,921,737
2,2025-12-28,879,737
2,2025-12-29,798,737
2,2025-12-30,719,737
2,2025-12-31,1620,737
2,2026-01-01,1568,737
2,2026-01-02,1511,737
2,2026-01-03,1429,737
2,2026-01-04,1392,737
2,2026-01-05,1339,737
2,2026-01-06,1289,737
2,2026-01-07,1244,737
2,2026-01-08,1196,737
2,2026-01-09,1121,737
2,2026-01-10,1076,737
2,2026-01-11,1053,737
2,2026-01-12,974,737
2,2026-01-13,906,737
2,2026-01-14,850,737
2,2026-01-15,1759,737
2,2026-01-16,1714,737
2,2026-01-17,1659,737
2,2026-01-18,1630,749
2,2026-01-19,1579,749
2,2026-01-20,1512,749
2,2026-01-21,1444,749
2,2026-01-22,1389,749
2,2026-01-23,1331,749
2,2026-01-24,1280,749
2,2026-01-25,1255,749
2,2026-01-26,1190,749
2,2026-01-27,1109,749
2,2026-01-28,1055,749
2,2026-01-29,979,749
2,2026-01-30,1877,749
2,2026-01-31,1824,749
2,2026-02-01,1802,749
2,2026-02-02,1746,749
2,2026-02-03,1682,749
2,2026-02-04,1617,749
2,2026-02-05,1568,749
2,2026-02-06,1495,749
2,2026-02-07,1428,749
2,2026-02-08,1399,749
2,2026-02-09,1336,749
2,2026-02-10,1235,749
2,2026-02-11,1176,749
2,2026-02-12,1126,749
2,2026-02-13,1069,749
2,2026-02-14,1028,749
2,2026-02-15,986,749
2,2026-02-16,1865,749
2,2026-02-17,1791,704
2,2026-02-18,1742,704
2,2026-02-19,1651,704
2,2026-02-20,1602,704
2,2026-02-21,1541,704
2,2026-02-22,1502,704
2,2026-02-23,1423,704
2,2026-02-24,1338,704
2,2026-02-25,1292,704
2,2026-02-26,1241,704
2,2026-02-27,1194,704
2,2026-02-28,1150,704
2,2026-03-01,1128,704
2,2026-03-02,1037,704
2,2026-03-03,977,704
2,2026-03-04,910,704
2,2026-03-05,833,704
2,2026-03-06,775,704
2,2026-03-07,1618,704
2,2026-03-08,1582,704
2,2026-03-09,1512,704
2,2026-03-10,1434,704
2,2026-03-11,1353,704
2,2026-03-12,1304,704
2,2026-03-13,1229,704
2,2026-03-14,1129,704
2,2026-03-15,1104,704
2,2026-03-16,1049,704
2,2026-03-17,985,704
2,2026-03-18,914,704
2,2026-03-19,834,711
2,2026-03-20,777,711
2,2026-03-21,714,711
2,2026-03-22,1610,711
2,2026-03-23,1537,711
2,2026-03-24,1423,711
2,2026-03-25,1350,711
2,2026-03-26,1283,711
2,2026-03-27,1233,711
2,2026-03-28,1175,711
2,2026-03-29,1130,711
2,2026-03-30,1070,711
2,2026-03-31,1011,711
2,2026-04-01,926,711
2,2026-04-02,849,711
2,2026-04-03,1705,711
2,2026-04-04,1638,711
2,2026-04-05,1611,711
2,2026-04-06,1516,711
2,2026-04-07,1444,711
2,2026-04-08,1387,711
2,2026-04-09,1305,711
2,2026-04-10,1218,711
2,2026-04-11,1122,711
2,2026-04-12,1080,711
2,2026-04-13,982,711
2,2026-04-14,885,711
2,2026-04-15,804,711
2,2026-04-16,1686,711
2,2026-04-17,1608,711
2,2026-04-18,1540,794
2,2026-04-19,1499,794
2,2026-04-20,1415,794
2,2026-04-21,1327,794
2,2026-04-22,1247,794
2,2026-04-23,1149,794
2,2026-04-24,1079,794
2,2026-04-25,1006,794
2,2026-04-26,1975,794
2,2026-04-27,1863,794
2,2026-04-28,1787,794
2,2026-04-29,1726,794
2,2026-04-30,1619,794
2,2026-05-01,1513,794
2,2026-05-02,1450,794
2,2026-05-03,1398,794
2,2026-05-04,1311,794
2,2026-05-05,1213,794
2,2026-05-06,1139,794
2,2026-05-07,1008,794
2,2026-05-08,926,794
2,2026-05-09,1819,794
2,2026-05-10,1770,794
2,2026-05-11,1679,794
2,2026-05-12,1598,794
2,2026-05-13,1491,794
2,2026-05-14,1384,794
2,2026-05-15,1302,794
2,2026-05-16,1232,794
2,2026-05-17,1186,794
2,2026-05-18,1091,914
2,2026-05-19,1022,914
2,2026-05-20,952,914
2,2026-05-21,871,914
2,2026-05-22,790,914
2,2026-05-23,1764,914
2,2026-05-24,1722,914
2,2026-05-25,1595,914
2,2026-05-26,1497,914
2,2026-05-27,1427,914
2,2026-05-28,1353,914
2,2026-05-29,1244,914
2,2026-05-30,1165,914
2,2026-05-31,1085,914
2,2026-06-01,2209,914
2,2026-06-02,2132,914
2,2026-06-03,2061,914
2,2026-06-04,1965,914
2,2026-06-05,1837,914
2,2026-06-06,1768,914
2,2026-06-07,1730,914
2,2026-06-08,1643,914
2,2026-06-09,1563,914
2,2026-06-10,1507,914
2,2026-06-11,1424,914
2,2026-06-12,1330,914
2,2026-06-13,1265,914
2,2026-06-14,1233,914
2,2026-06-15,1139,914
2,2026-06-16,1057,914
2,2026-06-17,2131,964
2,2026-06-18,2053,964
2,2026-06-19,1964,964
2,2026-06-20,1902,964
2,2026-06-21,1857,964
2,2026-06-22,1760,964
2,2026-06-23,1681,964
2,2026-06-24,1599,964
2,2026-06-25,1512,964
2,2026-06-26,1423,964
2,2026-06-27,1345,964
2,2026-06-28,1301,964
2,2026-06-29,1216,964
2,2026-06-30,1144,964
2,2026-07-01,2325,964
2,2026-07-02,2270,964
2,2026-07-03,2227,964
2,2026-07-04,2153,964
2,2026-07-05,2107,964
2,2026-07-06,2008,964
2,2026-07-07,1950,964
2,2026-07-08,1879,964
2,2026-07-09,1816,964
2,2026-07-10,1746,964
2,2026-07-11,1682,964
2,2026-07-12,1656,964
2,2026-07-13,1588,964
2,2026-07-14,1515,964
2,2026-07-15,1438,964
2,2026-07-16,1367,964
2,2026-07-17,2560,891
2,2026-07-18,2509,891
2,2026-07-19,2487,891
2,2026-07-20,2411,891
2,2026-07-21,2332,891
2,2026-07-22,2250,891
2,2026-07-23,2168,891
2,2026-07-24,2084,891
2,2026-07-25,1989,891
2,2026-07-26,1951,891
2,2026-07-27,1864,891
2,2026-07-28,1797,891
2,2026-07-29,1715,891
2,2026-07-30,1632,891
2,2026-07-31,1554,891
2,2026-08-01,1497,891
2,2026-08-02,1461,891
2,2026-08-03,1397,891
2,2026-08-04,1314,891
2,2026-08-05,1236,891
2,2026-08-06,2309,891
2,2026-08-07,2227,891
2,2026-08-08,2170,891
2,2026-08-09,2128,891
2,2026-08-10,2069,891
2,2026-08-11,2001,891
2,2026-08-12,1926,891
2,2026-08-13,1878,891
2,2026-08-14,1819,891
2,2026-08-15,1766,891
2,2026-08-16,1733,824
2,2026-08-17,1647,824
2,2026-08-18,1584,824
2,2026-08-19,1497,824
2,2026-08-20,1437,824
2,2026-08-21,1352,824
2,2026-08-22,1299,824
2,2026-08-23,1263,824
2,2026-08-24,1190,824
2,2026-08-25,1126,824
2,2026-08-26,1060,824
2,2026-08-27,983,824
2,2026-08-28,1971,824
2,2026-08-29,1920,824
2,2026-08-30,1876,824
2,2026-08-31,1816,824
2,2026-09-01,1741,824
2,2026-09-02,1671,824
2,2026-09-03,1598,824
2,2026-09-04,1517,824
2,2026-09-05,1451,824
2,2026-09-06,1415,824
2,2026-09-07,1329,824
2,2026-09-08,1235,824
2,2026-09-09,1152,824
2,2026-09-10,1075,824
2,2026-09-11,2078,824
2,2026-09-12,2027,824
2,2026-09-13,1993,824
2,2026-09-14,1908,824
2,2026-09-15,1852,805
2,2026-09-16,1776,805
2,2026-09-17,1708,805
2,2026-09-18,1656,805
2,2026-09-19,1597,805
2,2026-09-20,1559,805
2,2026-09-21,1477,805
2,2026-09-22,1419,805
2,2026-09-23,1349,805
2,2026-09-24,1292,805
2,2026-09-25,1206,805
2,2026-09-26,1150,805
2,2026-09-27,1126,805
2,2026-09-28,1055,805
2,2026-09-29,989,805
2,2026-09-30,926,805
3,2023-10-01,853,561
3,2023-10-02,815,561
3,2023-10-03,776,561
3,2023-10-04,725,561
3,2023-10-05,695,561
3,2023-10-06,639,561
3,2023-10-07,600,561
3,2023-10-08,575,561
3,2023-10-09,545,561
3,2023-10-10,496,561
3,2023-10-11,451,561
3,2023-10-12,406,561
3,2023-10-13,373,561
3,2023-10-14,334,561
3,2023-10-15,312,561
3,2023-10-16,259,561
3,2023-10-17,215,561
3,2023-10-18,156,561
3,2023-10-19,491,561
3,2023-10-20,450,561
3,2023-10-21,404,561
3,2023-10-22,381,561
3,2023-10-23,341,561
3,2023-10-24,294,561
3,2023-10-25,628,561
3,2023-10-26,572,561
3,2023-10-27,532,561
3,2023-10-28,486,561
3,2023-10-29,466,561
3,2023-10-30,415,561
3,2023-10-31,374,561
3,2023-11-01,332,561
3,2023-11-02,283,561
3,2023-11-03,229,561
3,2023-11-04,177,561
3,2023-11-05,159,561
3,2023-11-06,494,561
3,2023-11-07,451,561
3,2023-11-08,407,561
3,2023-11-09,363,561
3,2023-11-10,317,561
3,2023-11-11,275,561
3,2023-11-12,247,561
3,2023-11-13,581,561
3,2023-11-14,522,561
3,2023-11-15,483,561
3,2023-11-16,430,561
3,2023-11-17,391,561
3,2023-11-18,347,561
3,2023-11-19,327,561
3,2023-11-20,284,561
3,2023-11-21,226,561
3,2023-11-22,167,561
3,2023-11-23,108,561
3,2023-11-24,456,561
3,2023-11-25,408,561
3,2023-11-26,366,561
3,2023-11-27,320,561
3,2023-11-28,271,561
3,2023-11-29,241,561
3,2023-11-30,188,517
3,2023-12-01,550,517
3,2023-12-02,506,517
3,2023-12-03,485,517
3,2023-12-04,418,517
3,2023-12-05,363,517
3,2023-12-06,314,517
3,2023-12-07,271,517
3,2023-12-08,220,517
3,2023-12-09,191,517
3,2023-12-10,171,517
3,2023-12-11,110,517
3,2023-12-12,56,517
3,2023-12-13,397,517
3,2023-12-14,334,517
3,2023-12-15,258,517
3,2023-12-16,215,517
3,2023-12-17,189,517
3,2023-12-18,135,517
3,2023-12-19,93,517
3,2023-12-20,48,517
3,2023-12-21,0,517
3,2023-12-22,374,517
3,2023-12-23,326,517
3,2023-12-24,302,517
3,2023-12-25,248,517
3,2023-12-26,200,517
3,2023-12-27,152,517
3,2023-12-28,527,517
3,2023-12-29,456,517
3,2023-12-30,393,563
3,2023-12-31,367,563
3,2024-01-01,335,563
3,2024-01-02,288,563
3,2024-01-03,219,563
3,2024-01-04,168,563
3,2024-01-05,134,563
3,2024-01-06,438,563
3,2024-01-07,410,563
3,2024-01-08,372,563
3,2024-01-09,325,563
3,2024-01-10,290,563
3,2024-01-11,252,563
3,2024-01-12,214,563
3,2024-01-13,178,563
3,2024-01-14,604,563
3,2024-01-15,564,563
3,2024-01-16,513,563
3,2024-01-17,481,563
3,2024-01-18,443,563
3,2024-01-19,394,563
3,2024-01-20,348,563
3,2024-01-21,321,563
3,2024-01-22,290,563
3,2024-01-23,239,563
3,2024-01-24,197,563
3,2024-01-25,552,563
3,2024-01-26,511,563
3,2024-01-27,460,563
3,2024-01-28,438,563
3,2024-01-29,382,538
3,2024-01-30,342,538
3,2024-01-31,287,538
3,2024-02-01,229,538
3,2024-02-02,185,538
3,2024-02-03,146,538
3,2024-02-04,552,538
3,2024-02-05,513,538
3,2024-02-06,467,538
3,2024-02-07,422,538
3,2024-02-08,382,538
3,2024-02-09,345,538
3,2024-02-10,301,538
3,2024-02-11,281,538
3,2024-02-12,222,538
3,2024-02-13,163,538
3,2024-02-14,114,538
3,2024-02-15,459,538
3,2024-02-16,413,538
3,2024-02-17,369,538
3,2024-02-18,348,538
3,2024-02-19,293,538
3,2024-02-20,242,538
3,2024-02-21,596,538
3,2024-02-22,551,538
3,2024-02-23,514,538
3,2024-02-24,488,538
3,2024-02-25,470,538
3,2024-02-26,418,538
3,2024-02-27,382,538
3,2024-02-28,324,493
3,2024-02-29,281,493
3,2024-03-01,223,493
3,2024-03-02,185,493
3,2024-03-03,545,493
3,2024-03-04,497,493
3,2024-03-05,456,493
3,2024-03-06,381,493
3,2024-03-07,326,493
3,2024-03-08,280,493
3,2024-03-09,225,493
3,2024-03-10,200,493
3,2024-03-11,139,493
3,2024-03-12,80,493
3,2024-03-13,427,493
3,2024-03-14,390,493
3,2024-03-15,334,493
3,2024-03-16,290,493
3,2024-03-17,268,493
3,2024-03-18,218,493
3,2024-03-19,506,493
3,2024-03-20,462,493
3,2024-03-21,409,493
3,2024-03-22,350,493
3,2024-03-23,303,493
3,2024-03-24,279,493
3,2024-03-25,205,493
3,2024-03-26,160,493
3,2024-03-27,106,493
3,2024-03-28,43,493
3,2024-03-29,0,539
3,2024-03-30,324,539
3,2024-03-31,311,539
3,2024-04-01,260,539
3,2024-04-02,187,539
3,2024-04-03,119,539
3,2024-04-04,68,539
3,2024-04-05,528,539
3,2024-04-06,484,539
3,2024-04-07,452,539
3,2024-04-08,406,539
3,2024-04-09,345,539
3,2024-04-10,282,539
3,2024-04-11,217,539
3,2024-04-12,501,539
3,2024-04-13,453,539
3,2024-04-14,429,539
3,2024-04-15,389,539
3,2024-04-16,313,539
3,2024-04-17,264,539
3,2024-04-18,212,539
3,2024-04-19,160,539
3,2024-04-20,105,539
3,2024-04-21,463,539
3,2024-04-22,411,539
3,2024-04-23,344,539
3,2024-04-24,282,539
3,2024-04-25,227,539
3,2024-04-26,175,539
3,2024-04-27,125,539
3,2024-04-28,475,606
3,2024-04-29,412,606
3,2024-04-30,327,606
3,2024-05-01,273,606
3,2024-05-02,217,606
3,2024-05-03,151,606
3,2024-05-04,95,606
3,2024-05-05,67,606
3,2024-05-06,479,606
3,2024-05-07,412,606
3,2024-05-08,355,606
3,2024-05-09,292,606
3,2024-05-10,241,606
3,2024-05-11,188,606
3,2024-05-12,165,606
3,2024-05-13,80,606
3,2024-05-14,32,606
3,2024-05-15,441,606
3,2024-05-16,354,606
3,2024-05-17,293,606
3,2024-05-18,249,606
3,2024-05-19,221,606
3,2024-05-20,174,606
3,2024-05-21,623,606
3,2024-05-22,560,606
3,2024-05-23,490,606
3,2024-05-24,413,606
3,2024-05-25,342,606
3,2024-05-26,313,606
3,2024-05-27,251,606
3,2024-05-28,195,658
3,2024-05-29,142,658
3,2024-05-30,540,658
3,2024-05-31,468,658
3,2024-06-01,407,658
3,2024-06-02,384,658
3,2024-06-03,290,658
3,2024-06-04,231,658
3,2024-06-05,171,658
3,2024-06-06,113,658
3,2024-06-07,545,658
3,2024-06-08,493,658
3,2024-06-09,465,658
3,2024-06-10,402,658
3,2024-06-11,344,658
3,2024-06-12,282,658
3,2024-06-13,711,658
3,2024-06-14,655,658
3,2024-06-15,605,658
3,2024-06-16,579,658
3,2024-06-17,502,658
3,2024-06-18,447,658
3,2024-06-19,389,658
3,2024-06-20,333,658
3,2024-06-21,264,658
3,2024-06-22,216,658
3,2024-06-23,187,658
3,2024-06-24,110,658
3,2024-06-25,504,658
3,2024-06-26,445,658
3,2024-06-27,372,682
3,2024-06-28,294,682
3,2024-06-29,241,682
3,2024-06-30,219,682
3,2024-07-01,158,682
3,2024-07-02,105,682
3,2024-07-03,591,682
3,2024-07-04,548,682
3,2024-07-05,496,682
3,2024-07-06,451,682
3,2024-07-07,424,682
3,2024-07-08,374,682
3,2024-07-09,325,682
3,2024-07-10,265,682
3,2024-07-11,685,682
3,2024-07-12,622,682
3,2024-07-13,572,682
3,2024-07-14,547,682
3,2024-07-15,494,682
3,2024-07-16,443,682
3,2024-07-17,402,682
3,2024-07-18,353,682
3,2024-07-19,800,682
3,2024-07-20,745,682
3,2024-07-21,725,682
3,2024-07-22,678,682
3,2024-07-23,613,682
3,2024-07-24,562,682
3,2024-07-25,530,682
3,2024-07-26,473,682
3,2024-07-27,402,635
3,2024-07-28,376,635
3,2024-07-29,319,635
3,2024-07-30,281,635
3,2024-07-31,232,635
3,2024-08-01,637,635
3,2024-08-02,603,635
3,2024-08-03,556,635
3,2024-08-04,530,635
3,2024-08-05,487,635
3,2024-08-06,439,635
3,2024-08-07,383,635
3,2024-08-08,340,635
3,2024-08-09,736,635
3,2024-08-10,700,635
3,2024-08-11,677,635
3,2024-08-12,630,635
3,2024-08-13,573,635
3,2024-08-14,517,635
3,2024-08-15,455,635
3,2024-08-16,410,635
3,2024-08-17,367,635
3,2024-08-18,345,635
3,2024-08-19,296,635
3,2024-08-20,239,635
3,2024-08-21,204,635
3,2024-08-22,158,635
3,2024-08-23,594,635
3,2024-08-24,547,635
3,2024-08-25,524,635
3,2024-08-26,479,560
3,2024-08-27,432,560
3,2024-08-28,376,560
3,2024-08-29,322,560
3,2024-08-30,273,560
3,2024-08-31,672,560
3,2024-09-01,657,560
3,2024-09-02,625,560
3,2024-09-03,574,560
3,2024-09-04,536,560
3,2024-09-05,480,560
3,2024-09-06,420,560
3,2024-09-07,373,560
3,2024-09-08,352,560
3,2024-09-09,292,560
3,2024-09-10,235,560
3,2024-09-11,158,560
3,2024-09-12,116,560
3,2024-09-13,56,560
3,2024-09-14,423,560
3,2024-09-15,398,560
3,2024-09-16,348,560
3,2024-09-17,303,560
3,2024-09-18,246,560
3,2024-09-19,190,560
3,2024-09-20,149,560
3,2024-09-21,100,560
3,2024-09-22,78,560
3,2024-09-23,487,560
3,2024-09-24,443,560
3,2024-09-25,398,542
3,2024-09-26,336,542
3,2024-09-27,292,542
3,2024-09-28,249,542
3,2024-09-29,235,542
3,2024-09-30,573,542
3,2024-10-01,522,542
3,2024-10-02,486,542
3,2024-10-03,434,542
3,2024-10-04,359,542
3,2024-10-05,310,542
3,2024-10-06,284,542
3,2024-10-07,233,542
3,2024-10-08,528,542
3,2024-10-09,458,542
3,2024-10-10,416,542
3,2024-10-11,352,542
3,2024-10-12,294,542
3,2024-10-13,271,542
3,2024-10-14,239,542
3,2024-10-15,588,542
3,2024-10-16,537,542
3,2024-10-17,494,542
3,2024-10-18,444,542
3,2024-10-19,399,542
3,2024-10-20,376,542
3,2024-10-21,320,542
3,2024-10-22,267,542
3,2024-10-23,218,542
3,2024-10-24,162,542
3,2024-10-25,520,562
3,2024-10-26,470,562
3,2024-10-27,446,562
3,2024-10-28,399,562
3,2024-10-29,353,562
3,2024-10-30,302,562
3,2024-10-31,251,562
3,2024-11-01,194,562
3,2024-11-02,570,562
3,2024-11-03,547,562
3,2024-11-04,503,562
3,2024-11-05,450,562
3,2024-11-06,403,562
3,2024-11-07,356,562
3,2024-11-08,296,562
3,2024-11-09,258,562
3,2024-11-10,228,562
3,2024-11-11,555,562
3,2024-11-12,502,562
3,2024-11-13,452,562
3,2024-11-14,392,562
3,2024-11-15,339,562
3,2024-11-16,302,562
3,2024-11-17,275,562
3,2024-11-18,218,562
3,2024-11-19,546,562
3,2024-11-20,483,562
3,2024-11-21,432,562
3,2024-11-22,384,562
3,2024-11-23,340,562
3,2024-11-24,316,565
3,2024-11-25,263,565
3,2024-11-26,613,565
3,2024-11-27,581,565
3,2024-11-28,530,565
3,2024-11-29,475,565
3,2024-11-30,432,565
3,2024-12-01,406,565
3,2024-12-02,355,565
3,2024-12-03,308,565
3,2024-12-04,236,565
3,2024-12-05,596,565
3,2024-12-06,530,565
3,2024-12-07,479,565
3,2024-12-08,453,565
3,2024-12-09,398,565
3,2024-12-10,343,565
3,2024-12-11,267,565
3,2024-12-12,180,565
3,2024-12-13,528,565
3,2024-12-14,476,565
3,2024-12-15,455,565
3,2024-12-16,399,565
3,2024-12-17,330,565
3,2024-12-18,268,565
3,2024-12-19,201,565
3,2024-12-20,143,565
3,2024-12-21,499,565
3,2024-12-22,470,565
3,2024-12-23,411,565
3,2024-12-24,341,590
3,2024-12-25,279,590
3,2024-12-26,224,590
3,2024-12-27,163,590
3,2024-12-28,107,590
3,2024-12-29,465,590
3,2024-12-30,411,590
3,2024-12-31,362,590
3,2025-01-01,324,590
3,2025-01-02,289,590
3,2025-01-03,251,590
3,2025-01-04,192,590
3,2025-01-05,151,590
3,2025-01-06,94,590
3,2025-01-07,487,590
3,2025-01-08,445,590
3,2025-01-09,400,590
3,2025-01-10,352,590
3,2025-01-11,311,590
3,2025-01-12,289,590
3,2025-01-13,221,590
3,2025-01-14,615,590
3,2025-01-15,557,590
3,2025-01-16,507,590
3,2025-01-17,464,590
3,2025-01-18,420,590
3,2025-01-19,391,590
3,2025-01-20,338,590
3,2025-01-21,295,590
3,2025-01-22,268,590
3,2025-01-23,221,597
3,2025-01-24,594,597
3,2025-01-25,552,597
3,2025-01-26,536,597
3,2025-01-27,490,597
3,2025-01-28,444,597
3,2025-01-29,399,597
3,2025-01-30,355,597
3,2025-01-31,292,597
3,2025-02-01,235,597
3,2025-02-02,608,597
3,2025-02-03,557,597
3,2025-02-04,516,597
3,2025-02-05,456,597
3,2025-02-06,417,597
3,2025-02-07,372,597
3,2025-02-08,333,597
3,2025-02-09,304,597
3,2025-02-10,248,597
3,2025-02-11,196,597
3,2025-02-12,133,597
3,2025-02-13,500,597
3,2025-02-14,453,597
3,2025-02-15,400,597
3,2025-02-16,374,597
3,2025-02-17,325,597
3,2025-02-18,280,597
3,2025-02-19,226,597
3,2025-02-20,178,597
3,2025-02-21,571,597
3,2025-02-22,527,560
3,2025-02-23,505,560
3,2025-02-24,451,560
3,2025-02-25,405,560
3,2025-02-26,353,560
3,2025-02-27,307,560
3,2025-02-28,263,560
3,2025-03-01,213,560
3,2025-03-02,193,560
3,2025-03-03,117,560
3,2025-03-04,486,560
3,2025-03-05,423,560
3,2025-03-06,380,560
3,2025-03-07,327,560
3,2025-03-08,287,560
3,2025-03-09,260,560
3,2025-03-10,208,560
3,2025-03-11,538,560
3,2025-03-12,495,560
3,2025-03-13,423,560
3,2025-03-14,359,560
3,2025-03-15,290,560
3,2025-03-16,265,560
3,2025-03-17,216,560
3,2025-03-18,168,560
3,2025-03-19,505,560
3,2025-03-20,448,560
3,2025-03-21,372,560
3,2025-03-22,332,560
3,2025-03-23,299,560
3,2025-03-24,234,569
3,2025-03-25,176,569
3,2025-03-26,125,569
3,2025-03-27,506,569
3,2025-03-28,462,569
3,2025-03-29,419,569
3,2025-03-30,399,569
3,2025-03-31,345,569
3,2025-04-01,273,569
3,2025-04-02,200,569
3,2025-04-03,124,569
3,2025-04-04,42,569
3,2025-04-05,391,569
3,2025-04-06,365,569
3,2025-04-07,322,569
3,2025-04-08,262,569
3,2025-04-09,185,569
3,2025-04-10,114,569
3,2025-04-11,543,569
3,2025-04-12,483,569
3,2025-04-13,460,569
3,2025-04-14,399,569
3,2025-04-15,332,569
3,2025-04-16,268,569
3,2025-04-17,201,569
3,2025-04-18,542,569
3,2025-04-19,477,569
3,2025-04-20,438,569
3,2025-04-21,347,569
3,2025-04-22,280,569
3,2025-04-23,199,645
3,2025-04-24,127,645
3,2025-04-25,64,645
3,2025-04-26,0,645
3,2025-04-27,383,645
3,2025-04-28,321,645
3,2025-04-29,245,645
3,2025-04-30,162,645
3,2025-05-01,25,645
3,2025-05-02,0,645
3,2025-05-03,0,645
3,2025-05-04,0,645
3,2025-05-05,0,645
3,2025-05-06,560,645
3,2025-05-07,503,645
3,2025-05-08,421,645
3,2025-05-09,355,645
3,2025-05-10,296,645
3,2025-05-11,263,645
3,2025-05-12,184,645
3,2025-05-13,564,645
3,2025-05-14,496,645
3,2025-05-15,435,645
3,2025-05-16,377,645
3,2025-05-17,311,645
3,2025-05-18,279,645
3,2025-05-19,684,645
3,2025-05-20,609,645
3,2025-05-21,538,645
3,2025-05-22,458,645
3,2025-05-23,388,746
3,2025-05-24,329,746
3,2025-05-25,294,746
3,2025-05-26,216,746
3,2025-05-27,154,746
3,2025-05-28,84,746
3,2025-05-29,494,746
3,2025-05-30,405,746
3,2025-05-31,360,746
3,2025-06-01,326,746
3,2025-06-02,254,746
3,2025-06-03,171,746
3,2025-06-04,87,746
3,2025-06-05,32,746
3,2025-06-06,0,746
3,2025-06-07,630,746
3,2025-06-08,597,746
3,2025-06-09,523,746
3,2025-06-10,461,746
3,2025-06-11,388,746
3,2025-06-12,331,746
3,2025-06-13,278,746
3,2025-06-14,207,746
3,2025-06-15,710,746
3,2025-06-16,651,746
3,2025-06-17,570,746
3,2025-06-18,507,746
3,2025-06-19,430,746
3,2025-06-20,360,746
3,2025-06-21,300,746
3,2025-06-22,779,775
3,2025-06-23,726,775
3,2025-06-24,681,775
3,2025-06-25,626,775
3,2025-06-26,552,775
3,2025-06-27,496,775
3,2025-06-28,428,775
3,2025-06-29,396,775
3,2025-06-30,863,775
3,2025-07-01,787,775
3,2025-07-02,731,775
3,2025-07-03,660,775
3,2025-07-04,605,775
3,2025-07-05,553,775
3,2025-07-06,532,775
3,2025-07-07,469,775
3,2025-07-08,409,775
3,2025-07-09,898,775
3,2025-07-10,855,775
3,2025-07-11,796,775
3,2025-07-12,739,775
3,2025-07-13,699,775
3,2025-07-14,643,775
3,2025-07-15,582,775
3,2025-07-16,511,775
3,2025-07-17,442,775
3,2025-07-18,387,775
3,2025-07-19,331,775
3,2025-07-20,298,775
3,2025-07-21,797,775
3,2025-07-22,728,716
3,2025-07-23,687,716
3,2025-07-24,635,716
3,2025-07-25,572,716
3,2025-07-26,525,716
3,2025-07-27,492,716
3,2025-07-28,455,716
3,2025-07-29,389,716
3,2025-07-30,328,716
3,2025-07-31,274,716
3,2025-08-01,216,716
3,2025-08-02,660,716
3,2025-08-03,639,716
3,2025-08-04,573,716
3,2025-08-05,518,716
3,2025-08-06,450,716
3,2025-08-07,399,716
3,2025-08-08,335,716
3,2025-08-09,750,716
3,2025-08-10,720,716
3,2025-08-11,632,716
3,2025-08-12,586,716
3,2025-08-13,525,716
3,2025-08-14,478,716
3,2025-08-15,428,716
3,2025-08-16,378,716
3,2025-08-17,354,716
3,2025-08-18,278,716
3,2025-08-19,212,716
3,2025-08-20,636,716
3,2025-08-21,581,662
3,2025-08-22,530,662
3,2025-08-23,496,662
3,2025-08-24,476,662
3,2025-08-25,404,662
3,2025-08-26,356,662
3,2025-08-27,292,662
3,2025-08-28,712,662
3,2025-08-29,655,662
3,2025-08-30,625,662
3,2025-08-31,597,662
3,2025-09-01,548,662
3,2025-09-02,512,662
3,2025-09-03,465,662
3,2025-09-04,412,662
3,2025-09-05,341,662
3,2025-09-06,294,662
3,2025-09-07,759,662
3,2025-09-08,703,662
3,2025-09-09,659,662
3,2025-09-10,612,662
3,2025-09-11,565,662
3,2025-09-12,511,662
3,2025-09-13,452,662
3,2025-09-14,424,662
3,2025-09-15,356,662
3,2025-09-16,298,662
3,2025-09-17,710,662
3,2025-09-18,664,662
3,2025-09-19,611,662
3,2025-09-20,563,620
3,2025-09-21,531,620
3,2025-09-22,456,620
3,2025-09-23,410,620
3,2025-09-24,357,620
3,2025-09-25,303,620
3,2025-09-26,254,620
3,2025-09-27,211,620
3,2025-09-28,187,620
3,2025-09-29,140,620
3,2025-09-30,526,620
3,2025-10-01,469,620
3,2025-10-02,420,620
3,2025-10-03,369,620
3,2025-10-04,317,620
3,2025-10-05,293,620
3,2025-10-06,245,620
3,2025-10-07,171,620
3,2025-10-08,558,620
3,2025-10-09,493,620
3,2025-10-10,441,620
3,2025-10-11,391,620
3,2025-10-12,359,620
3,2025-10-13,294,620
3,2025-10-14,640,620
3,2025-10-15,579,620
3,2025-10-16,528,620
3,2025-10-17,456,620
3,2025-10-18,409,620
3,2025-10-19,388,620
3,2025-10-20,314,599
3,2025-10-21,247,599
3,2025-10-22,183,599
3,2025-10-23,120,599
3,2025-10-24,45,599
3,2025-10-25,431,599
3,2025-10-26,403,599
3,2025-10-27,348,599
3,2025-10-28,308,599
3,2025-10-29,244,599
3,2025-10-30,190,599
3,2025-10-31,131,599
3,2025-11-01,83,599
3,2025-11-02,556,599
3,2025-11-03,504,599
3,2025-11-04,457,599
3,2025-11-05,409,599
3,2025-11-06,362,599
3,2025-11-07,306,599
3,2025-11-08,246,599
3,2025-11-09,216,599
3,2025-11-10,602,599
3,2025-11-11,546,599
3,2025-11-12,490,599
3,2025-11-13,436,599
3,2025-11-14,391,599
3,2025-11-15,334,599
3,2025-11-16,305,599
3,2025-11-17,248,599
3,2025-11-18,168,599
3,2025-11-19,101,626
3,2025-11-20,508,626
3,2025-11-21,458,626
3,2025-11-22,419,626
3,2025-11-23,393,626
3,2025-11-24,331,626
3,2025-11-25,258,626
3,2025-11-26,192,626
3,2025-11-27,137,626
3,2025-11-28,537,626
3,2025-11-29,482,626
3,2025-11-30,452,626
3,2025-12-01,376,626
3,2025-12-02,321,626
3,2025-12-03,263,626
3,2025-12-04,618,626
3,2025-12-05,545,626
3,2025-12-06,469,626
3,2025-12-07,441,626
3,2025-12-08,367,626
3,2025-12-09,315,626
3,2025-12-10,258,626
3,2025-12-11,195,626
3,2025-12-12,112,626
3,2025-12-13,480,626
3,2025-12-14,453,626
3,2025-12-15,380,626
3,2025-12-16,329,626
3,2025-12-17,270,626
3,2025-12-18,195,626
3,2025-12-19,123,678
3,2025-12-20,558,678
3,2025-12-21,529,678
3,2025-12-22,466,678
3,2025-12-23,405,678
3,2025-12-24,313,678
3,2025-12-25,246,678
3,2025-12-26,686,678
3,2025-12-27,628,678
3,2025-12-28,590,678
3,2025-12-29,503,678
3,2025-12-30,453,678
3,2025-12-31,397,678
3,2026-01-01,348,678
3,2026-01-02,303,678
3,2026-01-03,262,678
3,2026-01-04,237,678
3,2026-01-05,644,678
3,2026-01-06,581,678
3,2026-01-07,523,678
3,2026-01-08,461,678
3,2026-01-09,408,678
3,2026-01-10,360,678
3,2026-01-11,334,678
3,2026-01-12,259,678
3,2026-01-13,690,678
3,2026-01-14,645,678
3,2026-01-15,601,678
3,2026-01-16,540,678
3,2026-01-17,498,678
3,2026-01-18,461,688
3,2026-01-19,400,688
3,2026-01-20,343,688
3,2026-01-21,759,688
3,2026-01-22,698,688
3,2026-01-23,640,688
3,2026-01-24,588,688
3,2026-01-25,530,688
3,2026-01-26,489,688
3,2026-01-27,418,688
3,2026-01-28,368,688
3,2026-01-29,306,688
3,2026-01-30,260,688
3,2026-01-31,702,688
3,2026-02-01,678,688
3,2026-02-02,630,688
3,2026-02-03,571,688
3,2026-02-04,513,688
3,2026-02-05,455,688
3,2026-02-06,402,688
3,2026-02-07,357,688
3,2026-02-08,330,688
3,2026-02-09,257,688
3,2026-02-10,220,688
3,2026-02-11,681,688
3,2026-02-12,632,688
3,2026-02-13,582,688
3,2026-02-14,541,688
3,2026-02-15,515,688
3,2026-02-16,448,688
3,2026-02-17,386,634
3,2026-02-18,327,634
3,2026-02-19,777,634
3,2026-02-20,721,634
3,2026-02-21,679,634
3,2026-02-22,653,634
3,2026-02-23,605,634
3,2026-02-24,546,634
3,2026-02-25,491,634
3,2026-02-26,424,634
3,2026-02-27,339,634
3,2026-02-28,284,634
3,2026-03-01,259,634
3,2026-03-02,632,634
3,2026-03-03,564,634
3,2026-03-04,467,634
3,2026-03-05,408,634
3,2026-03-06,330,634
3,2026-03-07,264,634
3,2026-03-08,224,634
3,2026-03-09,153,634
3,2026-03-10,87,634
3,2026-03-11,36,634
3,2026-03-12,384,634
3,2026-03-13,307,634
3,2026-03-14,239,634
3,2026-03-15,207,634
3,2026-03-16,147,634
3,2026-03-17,71,634
3,2026-03-18,4,634
3,2026-03-19,0,666
3,2026-03-20,0,666
3,2026-03-21,552,666
3,2026-03-22,516,666
3,2026-03-23,470,666
3,2026-03-24,403,666
3,2026-03-25,328,666
3,2026-03-26,271,666
3,2026-03-27,198,666
3,2026-03-28,123,666
3,2026-03-29,88,666
3,2026-03-30,504,666
3,2026-03-31,443,666
3,2026-04-01,375,666
3,2026-04-02,287,666
3,2026-04-03,200,666
3,2026-04-04,150,666
3,2026-04-05,99,666
3,2026-04-06,573,666
3,2026-04-07,475,666
3,2026-04-08,420,666
3,2026-04-09,345,666
3,2026-04-10,268,666
3,2026-04-11,212,666
3,2026-04-12,635,666
3,2026-04-13,523,666
3,2026-04-14,445,666
3,2026-04-15,371,666
3,2026-04-16,293,666
3,2026-04-17,214,666
3,2026-04-18,144,771
3,2026-04-19,109,771
3,2026-04-20,36,771
3,2026-04-21,0,771
3,2026-04-22,455,771
3,2026-04-23,393,771
3,2026-04-24,340,771
3,2026-04-25,256,771
3,2026-04-26,219,771
3,2026-04-27,144,771
3,2026-04-28,55,771
3,2026-04-29,0,771
3,2026-04-30,660,771
3,2026-05-01,563,771
3,2026-05-02,450,771
3,2026-05-03,404,771
3,2026-05-04,325,771
3,2026-05-05,249,771
3,2026-05-06,188,771
3,2026-05-07,647,771
3,2026-05-08,584,771
3,2026-05-09,517,771
3,2026-05-10,482,771
3,2026-05-11,383,771
3,2026-05-12,308,771
3,2026-05-13,211,771
3,2026-05-14,678,771
3,2026-05-15,602,771
3,2026-05-16,528,771
3,2026-05-17,491,771
3,2026-05-18,418,839
3,2026-05-19,342,839
3,2026-05-20,271,839
3,2026-05-21,204,839
3,2026-05-22,109,839
3,2026-05-23,569,839
3,2026-05-24,531,839
3,2026-05-25,442,839
3,2026-05-26,347,839
3,2026-05-27,282,839
3,2026-05-28,208,839
3,2026-05-29,158,839
3,2026-05-30,841,839
3,2026-05-31,793,839
3,2026-06-01,711,839
3,2026-06-02,642,839
3,2026-06-03,576,839
3,2026-06-04,493,839
3,2026-06-05,410,839
3,2026-06-06,336,839
3,2026-06-07,314,839
3,2026-06-08,235,839
3,2026-06-09,728,839
3,2026-06-10,659,839
3,2026-06-11,572,839
3,2026-06-12,502,839
3,2026-06-13,444,839
3,2026-06-14,416,839
3,2026-06-15,323,839
3,2026-06-16,253,839
3,2026-06-17,170,856
3,2026-06-18,673,856
3,2026-06-19,615,856
3,2026-06-20,548,856
3,2026-06-21,512,856
3,2026-06-22,449,856
3,2026-06-23,363,856
3,2026-06-24,950,856
3,2026-06-25,880,856
3,2026-06-26,798,856
3,2026-06-27,736,856
3,2026-06-28,688,856
3,2026-06-29,600,856
3,2026-06-30,523,856
3,2026-07-01,434,856
3,2026-07-02,353,856
3,2026-07-03,880,856
3,2026-07-04,826,856
3,2026-07-05,787,856
3,2026-07-06,724,856
3,2026-07-07,667,856
3,2026-07-08,608,856
3,2026-07-09,532,856
3,2026-07-10,441,856
3,2026-07-11,372,856
3,2026-07-12,957,856
3,2026-07-13,891,856
3,2026-07-14,817,856
3,2026-07-15,760,856
3,2026-07-16,693,856
3,2026-07-17,616,833
3,2026-07-18,544,833
3,2026-07-19,507,833
3,2026-07-20,436,833
3,2026-07-21,378,833
3,2026-07-22,899,833
3,2026-07-23,827,833
3,2026-07-24,748,833
3,2026-07-25,686,833
3,2026-07-26,649,833
3,2026-07-27,590,833
3,2026-07-28,508,833
3,2026-07-29,446,833
3,2026-07-30,356,833
3,2026-07-31,291,833
3,2026-08-01,785,833
3,2026-08-02,756,833
3,2026-08-03,696,833
3,2026-08-04,630,833
3,2026-08-05,566,833
3,2026-08-06,494,833
3,2026-08-07,422,833
3,2026-08-08,373,833
3,2026-08-09,328,833
3,2026-08-10,240,833
3,2026-08-11,175,833
3,2026-08-12,701,833
3,2026-08-13,644,833
3,2026-08-14,577,833
3,2026-08-15,527,833
3,2026-08-16,507,791
3,2026-08-17,435,791
3,2026-08-18,385,791
3,2026-08-19,923,791
3,2026-08-20,815,791
3,2026-08-21,759,791
3,2026-08-22,719,791
3,2026-08-23,695,791
3,2026-08-24,612,791
3,2026-08-25,533,791
3,2026-08-26,444,791
3,2026-08-27,376,791
3,2026-08-28,323,791
3,2026-08-29,288,791
3,2026-08-30,796,791
3,2026-08-31,724,791
3,2026-09-01,641,791
3,2026-09-02,582,791
3,2026-09-03,518,791
3,2026-09-04,455,791
3,2026-09-05,420,791
3,2026-09-06,400,791
3,2026-09-07,339,791
3,2026-09-08,287,791
3,2026-09-09,840,791
3,2026-09-10,777,791
3,2026-09-11,708,791
3,2026-09-12,648,791
3,2026-09-13,614,791
3,2026-09-14,553,791
3,2026-09-15,490,728
3,2026-09-16,413,728
3,2026-09-17,356,728
3,2026-09-18,292,728
3,2026-09-19,248,728
3,2026-09-20,746,728
3,2026-09-21,674,728
3,2026-09-22,617,728
3,2026-09-23,531,728
3,2026-09-24,458,728
3,2026-09-25,392,728
3,2026-09-26,360,728
3,2026-09-27,329,728
3,2026-09-28,809,728
3,2026-09-29,750,728
3,2026-09-30,688,728
4,2023-10-01,1470,487
4,2023-10-02,1445,487
4,2023-10-03,1404,487
4,2023-10-04,1370,487
4,2023-10-05,1320,487
4,2023-10-06,1272,487
4,2023-10-07,1237,487
4,2023-10-08,1219,487
4,2023-10-09,1185,487
4,2023-10-10,1151,487
4,2023-10-11,1116,487
4,2023-10-12,1043,487
4,2023-10-13,1010,487
4,2023-10-14,983,487
4,2023-10-15,968,487
4,2023-10-16,921,487
4,2023-10-17,897,487
4,2023-10-18,859,487
4,2023-10-19,824,487
4,2023-10-20,791,487
4,2023-10-21,750,487
4,2023-10-22,730,487
4,2023-10-23,700,487
4,2023-10-24,665,487
4,2023-10-25,635,487
4,2023-10-26,596,487
4,2023-10-27,1174,487
4,2023-10-28,1117,487
4,2023-10-29,1104,487
4,2023-10-30,1058,487
4,2023-10-31,1028,487
4,2023-11-01,984,487
4,2023-11-02,939,487
4,2023-11-03,892,487
4,2023-11-04,842,487
4,2023-11-05,816,487
4,2023-11-06,775,487
4,2023-11-07,734,487
4,2023-11-08,630,487
4,2023-11-09,598,487
4,2023-11-10,548,487
4,2023-11-11,499,487
4,2023-11-12,1127,487
4,2023-11-13,1080,487
4,2023-11-14,1037,487
4,2023-11-15,991,487
4,2023-11-16,947,487
4,2023-11-17,914,487
4,2023-11-18,878,487
4,2023-11-19,862,487
4,2023-11-20,817,487
4,2023-11-21,779,487
4,2023-11-22,732,487
4,2023-11-23,704,487
4,2023-11-24,672,487
4,2023-11-25,634,487
4,2023-11-26,1236,487
4,2023-11-27,1188,487
4,2023-11-28,1137,487
4,2023-11-29,1106,487
4,2023-11-30,1061,455
4,2023-12-01,1011,455
4,2023-12-02,968,455
4,2023-12-03,946,455
4,2023-12-04,902,455
4,2023-12-05,853,455
4,2023-12-06,805,455
4,2023-12-07,751,455
4,2023-12-08,707,455
4,2023-12-09,674,455
4,2023-12-10,641,455
4,2023-12-11,600,455
4,2023-12-12,559,455
4,2023-12-13,1111,455
4,2023-12-14,1071,455
4,2023-12-15,1026,455
4,2023-12-16,983,455
4,2023-12-17,957,455
4,2023-12-18,899,455
4,2023-12-19,850,455
4,2023-12-20,803,455
4,2023-12-21,746,455
4,2023-12-22,708,455
4,2023-12-23,673,455
4,2023-12-24,650,455
4,2023-12-25,600,455
4,2023-12-26,554,455
4,2023-12-27,500,455
4,2023-12-28,1046,455
4,2023-12-29,1009,455
4,2023-12-30,955,497
4,2023-12-31,927,497
4,2024-01-01,896,497
4,2024-01-02,860,497
4,2024-01-03,823,497
4,2024-01-04,773,497
4,2024-01-05,747,497
4,2024-01-06,701,497
4,2024-01-07,689,497
4,2024-01-08,1310,497
4,2024-01-09,1279,497
4,2024-01-10,1247,497
4,2024-01-11,1210,497
4,2024-01-12,1169,497
4,2024-01-13,1125,497
4,2024-01-14,1107,497
4,2024-01-15,1070,497
4,2024-01-16,1036,497
4,2024-01-17,990,497
4,2024-01-18,953,497
4,2024-01-19,911,497
4,2024-01-20,887,497
4,2024-01-21,862,497
4,2024-01-22,818,497
4,2024-01-23,783,497
4,2024-01-24,743,497
4,2024-01-25,705,497
4,2024-01-26,1297,497
4,2024-01-27,1272,497
4,2024-01-28,1247,497
4,2024-01-29,1205,463
4,2024-01-30,1174,463
4,2024-01-31,1136,463
4,2024-02-01,1097,463
4,2024-02-02,1052,463
4,2024-02-03,1013,463
4,2024-02-04,988,463
4,2024-02-05,949,463
4,2024-02-06,920,463
4,2024-02-07,868,463
4,2024-02-08,829,463
4,2024-02-09,794,463
4,2024-02-10,759,463
4,2024-02-11,744,463
4,2024-02-12,691,463
4,2024-02-13,649,463
4,2024-02-14,604,463
4,2024-02-15,1143,463
4,2024-02-16,1104,463
4,2024-02-17,1067,463
4,2024-02-18,1052,463
4,2024-02-19,1016,463
4,2024-02-20,988,463
4,2024-02-21,948,463
4,2024-02-22,923,463
4,2024-02-23,860,463
4,2024-02-24,832,463
4,2024-02-25,811,463
4,2024-02-26,771,463
4,2024-02-27,725,463
4,2024-02-28,691,431
4,2024-02-29,651,431
4,2024-03-01,621,431
4,2024-03-02,579,431
4,2024-03-03,1148,431
4,2024-03-04,1102,431
4,2024-03-05,1056,431
4,2024-03-06,1009,431
4,2024-03-07,974,431
4,2024-03-08,939,431
4,2024-03-09,861,431
4,2024-03-10,851,431
4,2024-03-11,796,431
4,2024-03-12,745,431
4,2024-03-13,707,431
4,2024-03-14,677,431
4,2024-03-15,608,431
4,2024-03-16,568,431
4,2024-03-17,533,431
4,2024-03-18,480,431
4,2024-03-19,439,431
4,2024-03-20,398,431
4,2024-03-21,926,431
4,2024-03-22,885,431
4,2024-03-23,844,431
4,2024-03-24,812,431
4,2024-03-25,774,431
4,2024-03-26,741,431
4,2024-03-27,694,431
4,2024-03-28,661,431
4,2024-03-29,617,465
4,2024-03-30,583,465
4,2024-03-31,1105,465
4,2024-04-01,1054,465
4,2024-04-02,1019,465
4,2024-04-03,974,465
4,2024-04-04,921,465
4,2024-04-05,859,465
4,2024-04-06,803,465
4,2024-04-07,777,465
4,2024-04-08,725,465
4,2024-04-09,674,465
4,2024-04-10,632,465
4,2024-04-11,581,465
4,2024-04-12,526,465
4,2024-04-13,480,465
4,2024-04-14,1071,465
4,2024-04-15,1008,465
4,2024-04-16,959,465
4,2024-04-17,895,465
4,2024-04-18,839,465
4,2024-04-19,792,465
4,2024-04-20,755,465
4,2024-04-21,725,465
4,2024-04-22,683,465
4,2024-04-23,616,465
4,2024-04-24,558,465
4,2024-04-25,502,465
4,2024-04-26,1055,465
4,2024-04-27,1027,465
4,2024-04-28,995,527
4,2024-04-29,943,527
4,2024-04-30,904,527
4,2024-05-01,838,527
4,2024-05-02,771,527
4,2024-05-03,712,527
4,2024-05-04,672,527
4,2024-05-05,654,527
4,2024-05-06,589,527
4,2024-05-07,528,527
4,2024-05-08,1143,527
4,2024-05-09,1099,527
4,2024-05-10,1054,527
4,2024-05-11,1017,527
4,2024-05-12,989,527
4,2024-05-13,931,527
4,2024-05-14,888,527
4,2024-05-15,842,527
4,2024-05-16,796,527
4,2024-05-17,743,527
4,2024-05-18,709,527
4,2024-05-19,696,527
4,2024-05-20,644,527
4,2024-05-21,1264,527
4,2024-05-22,1207,527
4,2024-05-23,1147,527
4,2024-05-24,1103,527
4,2024-05-25,1050,527
4,2024-05-26,1021,527
4,2024-05-27,948,527
4,2024-05-28,894,567
4,2024-05-29,824,567
4,2024-05-30,767,567
4,2024-05-31,723,567
4,2024-06-01,678,567
4,2024-06-02,637,567
4,2024-06-03,1242,567
4,2024-06-04,1188,567
4,2024-06-05,1130,567
4,2024-06-06,1074,567
4,2024-06-07,1017,567
4,2024-06-08,976,567
4,2024-06-09,935,567
4,2024-06-10,877,567
4,2024-06-11,831,567
4,2024-06-12,771,567
4,2024-06-13,666,567
4,2024-06-14,604,567
4,2024-06-15,1269,567
4,2024-06-16,1251,567
4,2024-06-17,1207,567
4,2024-06-18,1165,567
4,2024-06-19,1121,567
4,2024-06-20,1066,567
4,2024-06-21,1019,567
4,2024-06-22,966,567
4,2024-06-23,941,567
4,2024-06-24,889,567
4,2024-06-25,825,567
4,2024-06-26,781,567
4,2024-06-27,731,592
4,2024-06-28,679,592
4,2024-06-29,1338,592
4,2024-06-30,1309,592
4,2024-07-01,1263,592
4,2024-07-02,1230,592
4,2024-07-03,1186,592
4,2024-07-04,1141,592
4,2024-07-05,1105,592
4,2024-07-06,1059,592
4,2024-07-07,1044,592
4,2024-07-08,1007,592
4,2024-07-09,973,592
4,2024-07-10,930,592
4,2024-07-11,883,592
4,2024-07-12,840,592
4,2024-07-13,1557,592
4,2024-07-14,1533,592
4,2024-07-15,1483,592
4,2024-07-16,1438,592
4,2024-07-17,1402,592
4,2024-07-18,1358,592
4,2024-07-19,1320,592
4,2024-07-20,1277,592
4,2024-07-21,1246,592
4,2024-07-22,1199,592
4,2024-07-23,1161,592
4,2024-07-24,1111,592
4,2024-07-25,1069,592
4,2024-07-26,1024,592
4,2024-07-27,994,551
4,2024-07-28,966,551
4,2024-07-29,927,551
4,2024-07-30,882,551
4,2024-07-31,850,551
4,2024-08-01,823,551
4,2024-08-02,1560,551
4,2024-08-03,1522,551
4,2024-08-04,1502,551
4,2024-08-05,1454,551
4,2024-08-06,1398,551
4,2024-08-07,1344,551
4,2024-08-08,1320,551
4,2024-08-09,1272,551
4,2024-08-10,1242,551
4,2024-08-11,1218,551
4,2024-08-12,1190,551
4,2024-08-13,1148,551
4,2024-08-14,1118,551
4,2024-08-15,1077,551
4,2024-08-16,1034,551
4,2024-08-17,1005,551
4,2024-08-18,990,551
4,2024-08-19,944,551
4,2024-08-20,911,551
4,2024-08-21,872,551
4,2024-08-22,835,551
4,2024-08-23,799,551
4,2024-08-24,769,551
4,2024-08-25,750,551
4,2024-08-26,1393,455
4,2024-08-27,1359,455
4,2024-08-28,1319,455
4,2024-08-29,1268,455
4,2024-08-30,1227,455
4,2024-08-31,1188,455
4,2024-09-01,1168,455
4,2024-09-02,1133,455
4,2024-09-03,1100,455
4,2024-09-04,1059,455
4,2024-09-05,1022,455
4,2024-09-06,990,455
4,2024-09-07,950,455
4,2024-09-08,936,455
4,2024-09-09,886,455
4,2024-09-10,850,455
4,2024-09-11,792,455
4,2024-09-12,749,455
4,2024-09-13,715,455
4,2024-09-14,675,455
4,2024-09-15,660,455
4,2024-09-16,616,455
4,2024-09-17,1167,455
4,2024-09-18,1130,455
4,2024-09-19,1092,455
4,2024-09-20,1053,455
4,2024-09-21,1025,455
4,2024-09-22,1006,455
4,2024-09-23,968,455
4,2024-09-24,928,455
4,2024-09-25,889,433
4,2024-09-26,846,433
4,2024-09-27,798,433
4,2024-09-28,769,433
4,2024-09-29,741,433
4,2024-09-30,705,433
4,2024-10-01,671,433
4,2024-10-02,634,433
4,2024-10-03,592,433
4,2024-10-04,539,433
4,2024-10-05,1068,433
4,2024-10-06,1052,433
4,2024-10-07,1021,433
4,2024-10-08,974,433
4,2024-10-09,933,433
4,2024-10-10,878,433
4,2024-10-11,839,433
4,2024-10-12,823,433
4,2024-10-13,802,433
4,2024-10-14,764,433
4,2024-10-15,719,433
4,2024-10-16,674,433
4,2024-10-17,643,433
4,2024-10-18,591,433
4,2024-10-19,546,433
4,2024-10-20,1087,433
4,2024-10-21,1048,433
4,2024-10-22,1011,433
4,2024-10-23,978,433
4,2024-10-24,944,433
4,2024-10-25,903,441
4,2024-10-26,872,441
4,2024-10-27,851,441
4,2024-10-28,810,441
4,2024-10-29,780,441
4,2024-10-30,739,441
4,2024-10-31,705,441
4,2024-11-01,667,441
4,2024-11-02,633,441
4,2024-11-03,616,441
4,2024-11-04,567,441
4,2024-11-05,525,441
4,2024-11-06,1059,441
4,2024-11-07,1011,441
4,2024-11-08,964,441
4,2024-11-09,921,441
4,2024-11-10,909,441
4,2024-11-11,863,441
4,2024-11-12,821,441
4,2024-11-13,781,441
4,2024-11-14,737,441
4,2024-11-15,703,441
4,2024-11-16,649,441
4,2024-11-17,628,441
4,2024-11-18,588,441
4,2024-11-19,1108,441
4,2024-11-20,1077,441
4,2024-11-21,1043,441
4,2024-11-22,1006,441
4,2024-11-23,977,441
4,2024-11-24,956,438
4,2024-11-25,913,438
4,2024-11-26,866,438
4,2024-11-27,819,438
4,2024-11-28,793,438
4,2024-11-29,731,438
4,2024-11-30,682,438
4,2024-12-01,659,438
4,2024-12-02,616,438
4,2024-12-03,550,438
4,2024-12-04,502,438
4,2024-12-05,455,438
4,2024-12-06,414,438
4,2024-12-07,369,438
4,2024-12-08,954,438
4,2024-12-09,913,438
4,2024-12-10,884,438
4,2024-12-11,820,438
4,2024-12-12,754,438
4,2024-12-13,710,438
4,2024-12-14,665,438
4,2024-12-15,643,438
4,2024-12-16,603,438
4,2024-12-17,569,438
4,2024-12-18,1111,438
4,2024-12-19,1063,438
4,2024-12-20,1005,438
4,2024-12-21,970,438
4,2024-12-22,953,438
4,2024-12-23,861,438
4,2024-12-24,814,481
4,2024-12-25,757,481
4,2024-12-26,704,481
4,2024-12-27,589,481
4,2024-12-28,558,481
4,2024-12-29,525,481
4,2024-12-30,472,481
4,2024-12-31,417,481
4,2025-01-01,1038,481
4,2025-01-02,995,481
4,2025-01-03,969,481
4,2025-01-04,932,481
4,2025-01-05,911,481
4,2025-01-06,872,481
4,2025-01-07,823,481
4,2025-01-08,761,481
4,2025-01-09,736,481
4,2025-01-10,691,481
4,2025-01-11,674,481
4,2025-01-12,648,481
4,2025-01-13,1254,481
4,2025-01-14,1209,481
4,2025-01-15,1179,481
4,2025-01-16,1143,481
4,2025-01-17,1109,481
4,2025-01-18,1079,481
4,2025-01-19,1060,481
4,2025-01-20,1007,481
4,2025-01-21,966,481
4,2025-01-22,912,481
4,2025-01-23,889,511
4,2025-01-24,850,511
4,2025-01-25,803,511
4,2025-01-26,790,511
4,2025-01-27,766,511
4,2025-01-28,715,511
4,2025-01-29,674,511
4,2025-01-30,1300,511
4,2025-01-31,1255,511
4,2025-02-01,1228,511
4,2025-02-02,1203,511
4,2025-02-03,1170,511
4,2025-02-04,1137,511
4,2025-02-05,1101,511
4,2025-02-06,1047,511
4,2025-02-07,992,511
4,2025-02-08,960,511
4,2025-02-09,942,511
4,2025-02-10,902,511
4,2025-02-11,873,511
4,2025-02-12,840,511
4,2025-02-13,810,511
4,2025-02-14,770,511
4,2025-02-15,735,511
4,2025-02-16,1376,511
4,2025-02-17,1333,511
4,2025-02-18,1306,511
4,2025-02-19,1257,511
4,2025-02-20,1207,511
4,2025-02-21,1175,511
4,2025-02-22,1144,462
4,2025-02-23,1125,462
4,2025-02-24,1083,462
4,2025-02-25,1045,462
4,2025-02-26,1009,462
4,2025-02-27,983,462
4,2025-02-28,943,462
4,2025-03-01,916,462
4,2025-03-02,886,462
4,2025-03-03,841,462
4,2025-03-04,803,462
4,2025-03-05,739,462
4,2025-03-06,687,462
4,2025-03-07,642,462
4,2025-03-08,619,462
4,2025-03-09,601,462
4,2025-03-10,549,462
4,2025-03-11,499,462
4,2025-03-12,459,462
4,2025-03-13,1013,462
4,2025-03-14,969,462
4,2025-03-15,941,462
4,2025-03-16,920,462
4,2025-03-17,873,462
4,2025-03-18,830,462
4,2025-03-19,788,462
4,2025-03-20,738,462
4,2025-03-21,676,462
4,2025-03-22,647,462
4,2025-03-23,633,462
4,2025-03-24,612,442
4,2025-03-25,563,442
4,2025-03-26,1083,442
4,2025-03-27,1047,442
4,2025-03-28,1020,442
4,2025-03-29,993,442
4,2025-03-30,978,442
4,2025-03-31,932,442
4,2025-04-01,892,442
4,2025-04-02,832,442
4,2025-04-03,792,442
4,2025-04-04,727,442
4,2025-04-05,704,442
4,2025-04-06,685,442
4,2025-04-07,620,442
4,2025-04-08,570,442
4,2025-04-09,520,442
4,2025-04-10,1036,442
4,2025-04-11,993,442
4,2025-04-12,951,442
4,2025-04-13,933,442
4,2025-04-14,888,442
4,2025-04-15,809,442
4,2025-04-16,766,442
4,2025-04-17,716,442
4,2025-04-18,662,442
4,2025-04-19,621,442
4,2025-04-20,601,442
4,2025-04-21,548,442
4,2025-04-22,497,442
4,2025-04-23,444,484
4,2025-04-24,979,484
4,2025-04-25,934,484
4,2025-04-26,900,484
4,2025-04-27,880,484
4,2025-04-28,836,484
4,2025-04-29,789,484
4,2025-04-30,749,484
4,2025-05-01,682,484
4,2025-05-02,623,484
4,2025-05-03,579,484
4,2025-05-04,1195,484
4,2025-05-05,1130,484
4,2025-05-06,1085,484
4,2025-05-07,1019,484
4,2025-05-08,954,484
4,2025-05-09,895,484
4,2025-05-10,847,484
4,2025-05-11,818,484
4,2025-05-12,777,484
4,2025-05-13,723,484
4,2025-05-14,676,484
4,2025-05-15,632,484
4,2025-05-16,566,484
4,2025-05-17,517,484
4,2025-05-18,496,484
4,2025-05-19,1078,484
4,2025-05-20,1025,484
4,2025-05-21,989,484
4,2025-05-22,939,484
4,2025-05-23,893,537
4,2025-05-24,847,537
4,2025-05-25,813,537
4,2025-05-26,773,537
4,2025-05-27,720,537
4,2025-05-28,665,537
4,2025-05-29,607,537
4,2025-05-30,569,537
4,2025-05-31,523,537
4,2025-06-01,1235,537
4,2025-06-02,1189,537
4,2025-06-03,1152,537
4,2025-06-04,1102,537
4,2025-06-05,1069,537
4,2025-06-06,1007,537
4,2025-06-07,945,537
4,2025-06-08,922,537
4,2025-06-09,887,537
4,2025-06-10,842,537
4,2025-06-11,785,537
4,2025-06-12,727,537
4,2025-06-13,1375,537
4,2025-06-14,1336,537
4,2025-06-15,1315,537
4,2025-06-16,1258,537
4,2025-06-17,1191,537
4,2025-06-18,1159,537
4,2025-06-19,1120,537
4,2025-06-20,1068,537
4,2025-06-21,1035,537
4,2025-06-22,1009,551
4,2025-06-23,959,551
4,2025-06-24,896,551
4,2025-06-25,833,551
4,2025-06-26,783,551
4,2025-06-27,733,551
4,2025-06-28,689,551
4,2025-06-29,667,551
4,2025-06-30,608,551
4,2025-07-01,547,551
4,2025-07-02,1233,551
4,2025-07-03,1199,551
4,2025-07-04,1142,551
4,2025-07-05,1096,551
4,2025-07-06,1073,551
4,2025-07-07,1036,551
4,2025-07-08,990,551
4,2025-07-09,937,551
4,2025-07-10,901,551
4,2025-07-11,852,551
4,2025-07-12,801,551
4,2025-07-13,786,551
4,2025-07-14,736,551
4,2025-07-15,698,551
4,2025-07-16,648,551
4,2025-07-17,1295,551
4,2025-07-18,1234,551
4,2025-07-19,1197,551
4,2025-07-20,1181,551
4,2025-07-21,1147,551
4,2025-07-22,1103,529
4,2025-07-23,1055,529
4,2025-07-24,1010,529
4,2025-07-25,976,529
4,2025-07-26,947,529
4,2025-07-27,936,529
4,2025-07-28,889,529
4,2025-07-29,852,529
4,2025-07-30,808,529
4,2025-07-31,758,529
4,2025-08-01,717,529
4,2025-08-02,1352,529
4,2025-08-03,1333,529
4,2025-08-04,1290,529
4,2025-08-05,1247,529
4,2025-08-06,1203,529
4,2025-08-07,1157,529
4,2025-08-08,1116,529
4,2025-08-09,1091,529
4,2025-08-10,1073,529
4,2025-08-11,1043,529
4,2025-08-12,997,529
4,2025-08-13,964,529
4,2025-08-14,921,529
4,2025-08-15,882,529
4,2025-08-16,849,529
4,2025-08-17,827,529
4,2025-08-18,797,529
4,2025-08-19,762,529
4,2025-08-20,1412,529
4,2025-08-21,1385,480
4,2025-08-22,1345,480
4,2025-08-23,1311,480
4,2025-08-24,1296,480
4,2025-08-25,1261,480
4,2025-08-26,1217,480
4,2025-08-27,1178,480
4,2025-08-28,1129,480
4,2025-08-29,1090,480
4,2025-08-30,1053,480
4,2025-08-31,1032,480
4,2025-09-01,990,480
4,2025-09-02,935,480
4,2025-09-03,903,480
4,2025-09-04,869,480
4,2025-09-05,837,480
4,2025-09-06,806,480
4,2025-09-07,791,480
4,2025-09-08,754,480
4,2025-09-09,723,480
4,2025-09-10,691,480
4,2025-09-11,657,480
4,2025-09-12,603,480
4,2025-09-13,578,480
4,2025-09-14,1185,480
4,2025-09-15,1141,480
4,2025-09-16,1106,480
4,2025-09-17,1073,480
4,2025-09-18,1036,480
4,2025-09-19,992,480
4,2025-09-20,961,429
4,2025-09-21,942,429
4,2025-09-22,903,429
4,2025-09-23,869,429
4,2025-09-24,835,429
4,2025-09-25,790,429
4,2025-09-26,756,429
4,2025-09-27,725,429
4,2025-09-28,707,429
4,2025-09-29,676,429
4,2025-09-30,640,429
4,2025-10-01,590,429
4,2025-10-02,554,429
4,2025-10-03,1051,429
4,2025-10-04,1011,429
4,2025-10-05,992,429
4,2025-10-06,950,429
4,2025-10-07,903,429
4,2025-10-08,866,429
4,2025-10-09,837,429
4,2025-10-10,797,429
4,2025-10-11,749,429
4,2025-10-12,734,429
4,2025-10-13,675,429
4,2025-10-14,634,429
4,2025-10-15,592,429
4,2025-10-16,547,429
4,2025-10-17,501,429
4,2025-10-18,477,429
4,2025-10-19,463,429
4,2025-10-20,992,426
4,2025-10-21,959,426
4,2025-10-22,923,426
4,2025-10-23,883,426
4,2025-10-24,852,426
4,2025-10-25,815,426
4,2025-10-26,778,426
4,2025-10-27,742,426
4,2025-10-28,702,426
4,2025-10-29,650,426
4,2025-10-30,617,426
4,2025-10-31,584,426
4,2025-11-01,549,426
4,2025-11-02,534,426
4,2025-11-03,1031,426
4,2025-11-04,1003,426
4,2025-11-05,957,426
4,2025-11-06,916,426
4,2025-11-07,866,426
4,2025-11-08,821,426
4,2025-11-09,807,426
4,2025-11-10,768,426
4,2025-11-11,721,426
4,2025-11-12,683,426
4,2025-11-13,640,426
4,2025-11-14,596,426
4,2025-11-15,567,426
4,2025-11-16,552,426
4,2025-11-17,1078,426
4,2025-11-18,1051,426
4,2025-11-19,1010,438
4,2025-11-20,978,438
4,2025-11-21,930,438
4,2025-11-22,887,438
4,2025-11-23,866,438
4,2025-11-24,826,438
4,2025-11-25,783,438
4,2025-11-26,745,438
4,2025-11-27,701,438
4,2025-11-28,659,438
4,2025-11-29,636,438
4,2025-11-30,619,438
4,2025-12-01,577,438
4,2025-12-02,1073,438
4,2025-12-03,1027,438
4,2025-12-04,989,438
4,2025-12-05,921,438
4,2025-12-06,894,438
4,2025-12-07,880,438
4,2025-12-08,841,438
4,2025-12-09,800,438
4,2025-12-10,742,438
4,2025-12-11,695,438
4,2025-12-12,634,438
4,2025-12-13,592,438
4,2025-12-14,566,438
4,2025-12-15,521,438
4,2025-12-16,484,438
4,2025-12-17,431,438
4,2025-12-18,388,438
4,2025-12-19,937,465
4,2025-12-20,898,465
4,2025-12-21,874,465
4,2025-12-22,821,465
4,2025-12-23,785,465
4,2025-12-24,753,465
4,2025-12-25,724,465
4,2025-12-26,678,465
4,2025-12-27,640,465
4,2025-12-28,1217,465
4,2025-12-29,1142,465
4,2025-12-30,1097,465
4,2025-12-31,1039,465
4,2026-01-01,999,465
4,2026-01-02,972,465
4,2026-01-03,935,465
4,2026-01-04,907,465
4,2026-01-05,859,465
4,2026-01-06,823,465
4,2026-01-07,802,465
4,2026-01-08,759,465
4,2026-01-09,715,465
4,2026-01-10,697,465
4,2026-01-11,687,465
4,2026-01-12,648,465
4,2026-01-13,611,465
4,2026-01-14,1165,465
4,2026-01-15,1127,465
4,2026-01-16,1093,465
4,2026-01-17,1057,465
4,2026-01-18,1049,467
4,2026-01-19,1001,467
4,2026-01-20,945,467
4,2026-01-21,908,467
4,2026-01-22,876,467
4,2026-01-23,843,467
4,2026-01-24,824,467
4,2026-01-25,810,467
4,2026-01-26,784,467
4,2026-01-27,737,467
4,2026-01-28,696,467
4,2026-01-29,640,467
4,2026-01-30,597,467
4,2026-01-31,1165,467
4,2026-02-01,1134,467
4,2026-02-02,1082,467
4,2026-02-03,1036,467
4,2026-02-04,999,467
4,2026-02-05,960,467
4,2026-02-06,934,467
4,2026-02-07,903,467
4,2026-02-08,885,467
4,2026-02-09,842,467
4,2026-02-10,802,467
4,2026-02-11,763,467
4,2026-02-12,716,467
4,2026-02-13,670,467
4,2026-02-14,631,467
4,2026-02-15,613,467
4,2026-02-16,1193,467
4,2026-02-17,1160,442
4,2026-02-18,1113,442
4,2026-02-19,1066,442
4,2026-02-20,1031,442
4,2026-02-21,995,442
4,2026-02-22,983,442
4,2026-02-23,944,442
4,2026-02-24,913,442
4,2026-02-25,874,442
4,2026-02-26,854,442
4,2026-02-27,814,442
4,2026-02-28,787,442
4,2026-03-01,766,442
4,2026-03-02,725,442
4,2026-03-03,683,442
4,2026-03-04,647,442
4,2026-03-05,613,442
4,2026-03-06,563,442
4,2026-03-07,502,442
4,2026-03-08,485,442
4,2026-03-09,997,442
4,2026-03-10,961,442
4,2026-03-11,917,442
4,2026-03-12,877,442
4,2026-03-13,832,442
4,2026-03-14,804,442
4,2026-03-15,779,442
4,2026-03-16,744,442
4,2026-03-17,700,442
4,2026-03-18,663,442
4,2026-03-19,610,436
4,2026-03-20,555,436
4,2026-03-21,521,436
4,2026-03-22,504,436
4,2026-03-23,1032,436
4,2026-03-24,977,436
4,2026-03-25,930,436
4,2026-03-26,878,436
4,2026-03-27,840,436
4,2026-03-28,810,436
4,2026-03-29,788,436
4,2026-03-30,744,436
4,2026-03-31,696,436
4,2026-04-01,646,436
4,2026-04-02,599,436
4,2026-04-03,548,436
4,2026-04-04,494,436
4,2026-04-05,1055,436
4,2026-04-06,1018,436
4,2026-04-07,976,436
4,2026-04-08,932,436
4,2026-04-09,890,436
4,2026-04-10,824,436
4,2026-04-11,784,436
4,2026-04-12,761,436
4,2026-04-13,710,436
4,2026-04-14,652,436
4,2026-04-15,617,436
4,2026-04-16,566,436
4,2026-04-17,532,436
4,2026-04-18,489,476
4,2026-04-19,1022,476
4,2026-04-20,969,476
4,2026-04-21,915,476
4,2026-04-22,860,476
4,2026-04-23,809,476
4,2026-04-24,772,476
4,2026-04-25,729,476
4,2026-04-26,697,476
4,2026-04-27,660,476
4,2026-04-28,618,476
4,2026-04-29,579,476
4,2026-04-30,1185,476
4,2026-05-01,1138,476
4,2026-05-02,1085,476
4,2026-05-03,1066,476
4,2026-05-04,1016,476
4,2026-05-05,945,476
4,2026-05-06,893,476
4,2026-05-07,851,476
4,2026-05-08,812,476
4,2026-05-09,764,476
4,2026-05-10,747,476
4,2026-05-11,692,476
4,2026-05-12,641,476
4,2026-05-13,570,476
4,2026-05-14,508,476
4,2026-05-15,453,476
4,2026-05-16,995,476
4,2026-05-17,969,476
4,2026-05-18,903,528
4,2026-05-19,847,528
4,2026-05-20,783,528
4,2026-05-21,729,528
4,2026-05-22,693,528
4,2026-05-23,634,528
4,2026-05-24,603,528
4,2026-05-25,523,528
4,2026-05-26,1184,528
4,2026-05-27,1114,528
4,2026-05-28,1068,528
4,2026-05-29,1008,528
4,2026-05-30,956,528
4,2026-05-31,933,528
4,2026-06-01,885,528
4,2026-06-02,835,528
4,2026-06-03,772,528
4,2026-06-04,727,528
4,2026-06-05,667,528
4,2026-06-06,632,528
4,2026-06-07,612,528
4,2026-06-08,575,528
4,2026-06-09,1220,528
4,2026-06-10,1162,528
4,2026-06-11,1109,528
4,2026-06-12,1058,528
4,2026-06-13,998,528
4,2026-06-14,967,528
4,2026-06-15,922,528
4,2026-06-16,875,528
4,2026-06-17,822,567
4,2026-06-18,758,567
4,2026-06-19,711,567
4,2026-06-20,667,567
4,2026-06-21,1328,567
4,2026-06-22,1297,567
4,2026-06-23,1249,567
4,2026-06-24,1183,567
4,2026-06-25,1135,567
4,2026-06-26,1086,567
4,2026-06-27,1056,567
4,2026-06-28,1023,567
4,2026-06-29,974,567
4,2026-06-30,943,567
4,2026-07-01,897,567
4,2026-07-02,855,567
4,2026-07-03,817,567
4,2026-07-04,788,567
4,2026-07-05,1517,567
4,2026-07-06,1480,567
4,2026-07-07,1435,567
4,2026-07-08,1397,567
4,2026-07-09,1351,567
4,2026-07-10,1318,567
4,2026-07-11,1284,567
4,2026-07-12,1267,567
4,2026-07-13,1232,567
4,2026-07-14,1197,567
4,2026-07-15,1159,567
4,2026-07-16,1111,567
4,2026-07-17,1066,538
4,2026-07-18,1027,538
4,2026-07-19,986,538
4,2026-07-20,948,538
4,2026-07-21,901,538
4,2026-07-22,846,538
4,2026-07-23,799,538
4,2026-07-24,752,538
4,2026-07-25,714,538
4,2026-07-26,685,538
4,2026-07-27,632,538
4,2026-07-28,590,538
4,2026-07-29,1244,538
4,2026-07-30,1197,538
4,2026-07-31,1148,538
4,2026-08-01,1106,538
4,2026-08-02,1090,538
4,2026-08-03,1052,538
4,2026-08-04,1025,538
4,2026-08-05,980,538
4,2026-08-06,934,538
4,2026-08-07,900,538
4,2026-08-08,851,538
4,2026-08-09,828,538
4,2026-08-10,781,538
4,2026-08-11,736,538
4,2026-08-12,687,538
4,2026-08-13,653,538
4,2026-08-14,1317,538
4,2026-08-15,1280,538
4,2026-08-16,1263,489
4,2026-08-17,1220,489
4,2026-08-18,1187,489
4,2026-08-19,1137,489
4,2026-08-20,1093,489
4,2026-08-21,1056,489
4,2026-08-22,1022,489
4,2026-08-23,1003,489
4,2026-08-24,965,489
4,2026-08-25,902,489
4,2026-08-26,864,489
4,2026-08-27,834,489
4,2026-08-28,794,489
4,2026-08-29,765,489
4,2026-08-30,744,489
4,2026-08-31,701,489
4,2026-09-01,663,489
4,2026-09-02,1260,489
4,2026-09-03,1205,489
4,2026-09-04,1156,489
4,2026-09-05,1121,489
4,2026-09-06,1107,489
4,2026-09-07,1074,489
4,2026-09-08,1047,489
4,2026-09-09,1016,489
4,2026-09-10,962,489
4,2026-09-11,922,489
4,2026-09-12,895,489
4,2026-09-13,876,489
4,2026-09-14,843,489
4,2026-09-15,806,460
4,2026-09-16,765,460
4,2026-09-17,723,460
4,2026-09-18,689,460
4,2026-09-19,1274,460
4,2026-09-20,1255,460
4,2026-09-21,1219,460
4,2026-09-22,1176,460
4,2026-09-23,1142,460
4,2026-09-24,1096,460
4,2026-09-25,1055,460
4,2026-09-26,1026,460
4,2026-09-27,1012,460
4,2026-09-28,954,460
4,2026-09-29,901,460
4,2026-09-30,861,460
5,2023-10-01,1043,348
5,2023-10-02,1020,348
5,2023-10-03,998,348
5,2023-10-04,973,348
5,2023-10-05,957,348
5,2023-10-06,918,348
5,2023-10-07,891,348
5,2023-10-08,874,348
5,2023-10-09,839,348
5,2023-10-10,803,348
5,2023-10-11,778,348
5,2023-10-12,740,348
5,2023-10-13,712,348
5,2023-10-14,682,348
5,2023-10-15,659,348
5,2023-10-16,642,348
5,2023-10-17,618,348
5,2023-10-18,598,348
5,2023-10-19,581,348
5,2023-10-20,564,348
5,2023-10-21,541,348
5,2023-10-22,530,348
5,2023-10-23,506,348
5,2023-10-24,468,348
5,2023-10-25,431,348
5,2023-10-26,852,348
5,2023-10-27,815,348
5,2023-10-28,790,348
5,2023-10-29,776,348
5,2023-10-30,754,348
5,2023-10-31,724,348
5,2023-11-01,698,348
5,2023-11-02,660,348
5,2023-11-03,633,348
5,2023-11-04,609,348
5,2023-11-05,594,348
5,2023-11-06,561,348
5,2023-11-07,528,348
5,2023-11-08,502,348
5,2023-11-09,470,348
5,2023-11-10,894,348
5,2023-11-11,871,348
5,2023-11-12,851,348
5,2023-11-13,822,348
5,2023-11-14,788,348
5,2023-11-15,756,348
5,2023-11-16,724,348
5,2023-11-17,691,348
5,2023-11-18,675,348
5,2023-11-19,663,348
5,2023-11-20,633,348
5,2023-11-21,607,348
5,2023-11-22,584,348
5,2023-11-23,548,348
5,2023-11-24,519,348
5,2023-11-25,496,348
5,2023-11-26,480,348
5,2023-11-27,442,348
5,2023-11-28,393,348
5,2023-11-29,815,348
5,2023-11-30,766,320
5,2023-12-01,737,320
5,2023-12-02,708,320
5,2023-12-03,698,320
5,2023-12-04,656,320
5,2023-12-05,621,320
5,2023-12-06,579,320
5,2023-12-07,542,320
5,2023-12-08,509,320
5,2023-12-09,477,320
5,2023-12-10,464,320
5,2023-12-11,424,320
5,2023-12-12,394,320
5,2023-12-13,367,320
5,2023-12-14,332,320
5,2023-12-15,730,320
5,2023-12-16,711,320
5,2023-12-17,696,320
5,2023-12-18,650,320
5,2023-12-19,612,320
5,2023-12-20,571,320
5,2023-12-21,545,320
5,2023-12-22,507,320
5,2023-12-23,484,320
5,2023-12-24,469,320
5,2023-12-25,426,320
5,2023-12-26,398,320
5,2023-12-27,780,320
5,2023-12-28,748,320
5,2023-12-29,720,320
5,2023-12-30,687,357
5,2023-12-31,665,357
5,2024-01-01,641,357
5,2024-01-02,616,357
5,2024-01-03,581,357
5,2024-01-04,550,357
5,2024-01-05,502,357
5,2024-01-06,482,357
5,2024-01-07,919,357
5,2024-01-08,898,357
5,2024-01-09,872,357
5,2024-01-10,847,357
5,2024-01-11,809,357
5,2024-01-12,789,357
5,2024-01-13,769,357
5,2024-01-14,751,357
5,2024-01-15,724,357
5,2024-01-16,699,357
5,2024-01-17,680,357
5,2024-01-18,664,357
5,2024-01-19,635,357
5,2024-01-20,615,357
5,2024-01-21,602,357
5,2024-01-22,577,357
5,2024-01-23,551,357
5,2024-01-24,510,357
5,2024-01-25,465,357
5,2024-01-26,892,357
5,2024-01-27,870,357
5,2024-01-28,852,357
5,2024-01-29,825,341
5,2024-01-30,799,341
5,2024-01-31,757,341
5,2024-02-01,733,341
5,2024-02-02,703,341
5,2024-02-03,674,341
5,2024-02-04,662,341
5,2024-02-05,630,341
5,2024-02-06,605,341
5,2024-02-07,575,341
5,2024-02-08,557,341
5,2024-02-09,522,341
5,2024-02-10,494,341
5,2024-02-11,483,341
5,2024-02-12,460,341
5,2024-02-13,427,341
5,2024-02-14,825,341
5,2024-02-15,804,341
5,2024-02-16,772,341
5,2024-02-17,745,341
5,2024-02-18,730,341
5,2024-02-19,699,341
5,2024-02-20,668,341
5,2024-02-21,629,341
5,2024-02-22,604,341
5,2024-02-23,576,341
5,2024-02-24,556,341
5,2024-02-25,534,341
5,2024-02-26,499,341
5,2024-02-27,463,341
5,2024-02-28,425,319
5,2024-02-29,819,319
5,2024-03-01,795,319
5,2024-03-02,771,319
5,2024-03-03,755,319
5,2024-03-04,737,319
5,2024-03-05,708,319
5,2024-03-06,676,319
5,2024-03-07,641,319
5,2024-03-08,613,319
5,2024-03-09,580,319
5,2024-03-10,563,319
5,2024-03-11,536,319
5,2024-03-12,498,319
5,2024-03-13,456,319
5,2024-03-14,423,319
5,2024-03-15,396,319
5,2024-03-16,355,319
5,2024-03-17,338,319
5,2024-03-18,719,319
5,2024-03-19,669,319
5,2024-03-20,623,319
5,2024-03-21,590,319
5,2024-03-22,557,319
5,2024-03-23,534,319
5,2024-03-24,521,319
5,2024-03-25,499,319
5,2024-03-26,469,319
5,2024-03-27,445,319
5,2024-03-28,416,319
5,2024-03-29,371,344
5,2024-03-30,756,344
5,2024-03-31,737,344
5,2024-04-01,702,344
5,2024-04-02,642,344
5,2024-04-03,606,344
5,2024-04-04,566,344
5,2024-04-05,533,344
5,2024-04-06,502,344
5,2024-04-07,481,344
5,2024-04-08,439,344
5,2024-04-09,414,344
5,2024-04-10,381,344
5,2024-04-11,801,344
5,2024-04-12,771,344
5,2024-04-13,753,344
5,2024-04-14,728,344
5,2024-04-15,689,344
5,2024-04-16,655,344
5,2024-04-17,637,344
5,2024-04-18,602,344
5,2024-04-19,563,344
5,2024-04-20,525,344
5,2024-04-21,499,344
5,2024-04-22,463,344
5,2024-04-23,427,344
5,2024-04-24,390,344
5,2024-04-25,809,344
5,2024-04-26,769,344
5,2024-04-27,731,344
5,2024-04-28,718,378
5,2024-04-29,671,378
5,2024-04-30,639,378
5,2024-05-01,588,378
5,2024-05-02,550,378
5,2024-05-03,505,378
5,2024-05-04,484,378
5,2024-05-05,943,378
5,2024-05-06,902,378
5,2024-05-07,862,378
5,2024-05-08,833,378
5,2024-05-09,793,378
5,2024-05-10,753,378
5,2024-05-11,718,378
5,2024-05-12,702,378
5,2024-05-13,644,378
5,2024-05-14,618,378
5,2024-05-15,590,378
5,2024-05-16,554,378
5,2024-05-17,520,378
5,2024-05-18,473,378
5,2024-05-19,459,378
5,2024-05-20,412,378
5,2024-05-21,865,378
5,2024-05-22,819,378
5,2024-05-23,767,378
5,2024-05-24,718,378
5,2024-05-25,690,378
5,2024-05-26,665,378
5,2024-05-27,631,378
5,2024-05-28,587,417
5,2024-05-29,537,417
5,2024-05-30,492,417
5,2024-05-31,449,417
5,2024-06-01,905,417
5,2024-06-02,889,417
5,2024-06-03,850,417
5,2024-06-04,802,417
5,2024-06-05,773,417
5,2024-06-06,747,417
5,2024-06-07,696,417
5,2024-06-08,659,417
5,2024-06-09,638,417
5,2024-06-10,603,417
5,2024-06-11,566,417
5,2024-06-12,1052,417
5,2024-06-13,1016,417
5,2024-06-14,977,417
5,2024-06-15,951,417
5,2024-06-16,936,417
5,2024-06-17,900,417
5,2024-06-18,867,417
5,2024-06-19,834,417
5,2024-06-20,794,417
5,2024-06-21,761,417
5,2024-06-22,711,417
5,2024-06-23,692,417
5,2024-06-24,670,417
5,2024-06-25,630,417
5,2024-06-26,590,417
5,2024-06-27,546,430
5,2024-06-28,1061,430
5,2024-06-29,1021,430
5,2024-06-30,1003,430
5,2024-07-01,965,430
5,2024-07-02,932,430
5,2024-07-03,896,430
5,2024-07-04,873,430
5,2024-07-05,840,430
5,2024-07-06,787,430
5,2024-07-07,765,430
5,2024-07-08,750,430
5,2024-07-09,710,430
5,2024-07-10,684,430
5,2024-07-11,657,430
5,2024-07-12,621,430
5,2024-07-13,588,430
5,2024-07-14,1115,430
5,2024-07-15,1080,430
5,2024-07-16,1061,430
5,2024-07-17,1023,430
5,2024-07-18,980,430
5,2024-07-19,947,430
5,2024-07-20,925,430
5,2024-07-21,907,430
5,2024-07-22,881,430
5,2024-07-23,855,430
5,2024-07-24,823,430
5,2024-07-25,796,430
5,2024-07-26,771,430
5,2024-07-27,737,397
5,2024-07-28,726,397
5,2024-07-29,707,397
5,2024-07-30,673,397
5,2024-07-31,640,397
5,2024-08-01,604,397
5,2024-08-02,570,397
5,2024-08-03,1076,397
5,2024-08-04,1061,397
5,2024-08-05,1021,397
5,2024-08-06,994,397
5,2024-08-07,958,397
5,2024-08-08,917,397
5,2024-08-09,880,397
5,2024-08-10,856,397
5,2024-08-11,841,397
5,2024-08-12,809,397
5,2024-08-13,784,397
5,2024-08-14,749,397
5,2024-08-15,717,397
5,2024-08-16,676,397
5,2024-08-17,651,397
5,2024-08-18,637,397
5,2024-08-19,608,397
5,2024-08-20,582,397
5,2024-08-21,553,397
5,2024-08-22,1042,397
5,2024-08-23,1005,397
5,2024-08-24,989,397
5,2024-08-25,967,397
5,2024-08-26,936,362
5,2024-08-27,899,362
5,2024-08-28,855,362
5,2024-08-29,828,362
5,2024-08-30,783,362
5,2024-08-31,757,362
5,2024-09-01,743,362
5,2024-09-02,700,362
5,2024-09-03,665,362
5,2024-09-04,636,362
5,2024-09-05,602,362
5,2024-09-06,576,362
5,2024-09-07,549,362
5,2024-09-08,535,362
5,2024-09-09,483,362
5,2024-09-10,919,362
5,2024-09-11,887,362
5,2024-09-12,859,362
5,2024-09-13,834,362
5,2024-09-14,804,362
5,2024-09-15,789,362
5,2024-09-16,769,362
5,2024-09-17,745,362
5,2024-09-18,715,362
5,2024-09-19,684,362
5,2024-09-20,660,362
5,2024-09-21,631,362
5,2024-09-22,617,362
5,2024-09-23,584,362
5,2024-09-24,555,362
5,2024-09-25,521,352
5,2024-09-26,494,352
5,2024-09-27,464,352
5,2024-09-28,917,352
5,2024-09-29,903,352
5,2024-09-30,870,352
5,2024-10-01,845,352
5,2024-10-02,810,352
5,2024-10-03,781,352
5,2024-10-04,752,352
5,2024-10-05,728,352
5,2024-10-06,714,352
5,2024-10-07,677,352
5,2024-10-08,646,352
5,2024-10-09,614,352
5,2024-10-10,581,352
5,2024-10-11,552,352
5,2024-10-12,521,352
5,2024-10-13,502,352
5,2024-10-14,480,352
5,2024-10-15,452,352
5,2024-10-16,873,352
5,2024-10-17,837,352
5,2024-10-18,810,352
5,2024-10-19,789,352
5,2024-10-20,776,352
5,2024-10-21,757,352
5,2024-10-22,723,352
5,2024-10-23,691,352
5,2024-10-24,652,352
5,2024-10-25,611,344
5,2024-10-26,586,344
5,2024-10-27,573,344
5,2024-10-28,551,344
5,2024-10-29,528,344
5,2024-10-30,486,344
5,2024-10-31,456,344
5,2024-11-01,420,344
5,2024-11-02,394,344
5,2024-11-03,818,344
5,2024-11-04,786,344
5,2024-11-05,758,344
5,2024-11-06,740,344
5,2024-11-07,712,344
5,2024-11-08,674,344
5,2024-11-09,645,344
5,2024-11-10,629,344
5,2024-11-11,603,344
5,2024-11-12,573,344
5,2024-11-13,527,344
5,2024-11-14,497,344
5,2024-11-15,478,344
5,2024-11-16,437,344
5,2024-11-17,423,344
5,2024-11-18,836,344
5,2024-11-19,787,344
5,2024-11-20,738,344
5,2024-11-21,710,344
5,2024-11-22,676,344
5,2024-11-23,646,344
5,2024-11-24,633,346
5,2024-11-25,603,346
5,2024-11-26,576,346
5,2024-11-27,540,346
5,2024-11-28,503,346
5,2024-11-29,475,346
5,2024-11-30,445,346
5,2024-12-01,884,346
5,2024-12-02,856,346
5,2024-12-03,815,346
5,2024-12-04,775,346
5,2024-12-05,751,346
5,2024-12-06,717,346
5,2024-12-07,671,346
5,2024-12-08,658,346
5,2024-12-09,633,346
5,2024-12-10,588,346
5,2024-12-11,555,346
5,2024-12-12,532,346
5,2024-12-13,498,346
5,2024-12-14,469,346
5,2024-12-15,457,346
5,2024-12-16,886,346
5,2024-12-17,846,346
5,2024-12-18,807,346
5,2024-12-19,756,346
5,2024-12-20,716,346
5,2024-12-21,677,346
5,2024-12-22,664,346
5,2024-12-23,621,346
5,2024-12-24,593,367
5,2024-12-25,561,367
5,2024-12-26,533,367
5,2024-12-27,495,367
5,2024-12-28,464,367
5,2024-12-29,872,367
5,2024-12-30,822,367
5,2024-12-31,787,367
5,2025-01-01,755,367
5,2025-01-02,716,367
5,2025-01-03,674,367
5,2025-01-04,652,367
5,2025-01-05,637,367
5,2025-01-06,610,367
5,2025-01-07,587,367
5,2025-01-08,551,367
5,2025-01-09,510,367
5,2025-01-10,480,367
5,2025-01-11,917,367
5,2025-01-12,902,367
5,2025-01-13,857,367
5,2025-01-14,826,367
5,2025-01-15,800,367
5,2025-01-16,772,367
5,2025-01-17,739,367
5,2025-01-18,724,367
5,2025-01-19,714,367
5,2025-01-20,678,367
5,2025-01-21,650,367
5,2025-01-22,620,367
5,2025-01-23,589,370
5,2025-01-24,567,370
5,2025-01-25,548,370
5,2025-01-26,540,370
5,2025-01-27,507,370
5,2025-01-28,476,370
5,2025-01-29,913,370
5,2025-01-30,884,370
5,2025-01-31,850,370
5,2025-02-01,816,370
5,2025-02-02,798,370
5,2025-02-03,771,370
5,2025-02-04,723,370
5,2025-02-05,687,370
5,2025-02-06,656,370
5,2025-02-07,642,370
5,2025-02-08,620,370
5,2025-02-09,602,370
5,2025-02-10,566,370
5,2025-02-11,534,370
5,2025-02-12,499,370
5,2025-02-13,465,370
5,2025-02-14,426,370
5,2025-02-15,874,370
5,2025-02-16,853,370
5,2025-02-17,820,370
5,2025-02-18,793,370
5,2025-02-19,759,370
5,2025-02-20,732,370
5,2025-02-21,701,370
5,2025-02-22,673,353
5,2025-02-23,660,353
5,2025-02-24,628,353
5,2025-02-25,594,353
5,2025-02-26,562,353
5,2025-02-27,540,353
5,2025-02-28,518,353
5,2025-03-01,482,353
5,2025-03-02,462,353
5,2025-03-03,882,353
5,2025-03-04,849,353
5,2025-03-05,818,353
5,2025-03-06,780,353
5,2025-03-07,730,353
5,2025-03-08,694,353
5,2025-03-09,670,353
5,2025-03-10,645,353
5,2025-03-11,602,353
5,2025-03-12,570,353
5,2025-03-13,528,353
5,2025-03-14,502,353
5,2025-03-15,479,353
5,2025-03-16,462,353
5,2025-03-17,426,353
5,2025-03-18,380,353
5,2025-03-19,816,353
5,2025-03-20,787,353
5,2025-03-21,747,353
5,2025-03-22,723,353
5,2025-03-23,700,353
5,2025-03-24,673,358
5,2025-03-25,639,358
5,2025-03-26,608,358
5,2025-03-27,580,358
5,2025-03-28,532,358
5,2025-03-29,501,358
5,2025-03-30,486,358
5,2025-03-31,450,358
5,2025-04-01,411,358
5,2025-04-02,379,358
5,2025-04-03,798,358
5,2025-04-04,755,358
5,2025-04-05,726,358
5,2025-04-06,712,358
5,2025-04-07,684,358
5,2025-04-08,629,358
5,2025-04-09,580,358
5,2025-04-10,525,358
5,2025-04-11,497,358
5,2025-04-12,457,358
5,2025-04-13,439,358
5,2025-04-14,407,358
5,2025-04-15,357,358
5,2025-04-16,320,358
5,2025-04-17,752,358
5,2025-04-18,711,358
5,2025-04-19,666,358
5,2025-04-20,640,358
5,2025-04-21,594,358
5,2025-04-22,541,358
5,2025-04-23,481,400
5,2025-04-24,438,400
5,2025-04-25,396,400
5,2025-04-26,369,400
5,2025-04-27,346,400
5,2025-04-28,310,400
5,2025-04-29,717,400
5,2025-04-30,664,400
5,2025-05-01,623,400
5,2025-05-02,568,400
5,2025-05-03,526,400
5,2025-05-04,497,400
5,2025-05-05,451,400
5,2025-05-06,399,400
5,2025-05-07,359,400
5,2025-05-08,824,400
5,2025-05-09,783,400
5,2025-05-10,748,400
5,2025-05-11,733,400
5,2025-05-12,697,400
5,2025-05-13,654,400
5,2025-05-14,598,400
5,2025-05-15,550,400
5,2025-05-16,473,400
5,2025-05-17,436,400
5,2025-05-18,416,400
5,2025-05-19,359,400
5,2025-05-20,841,400
5,2025-05-21,791,400
5,2025-05-22,742,400
5,2025-05-23,701,471
5,2025-05-24,657,471
5,2025-05-25,635,471
5,2025-05-26,587,471
5,2025-05-27,541,471
5,2025-05-28,511,471
5,2025-05-29,1184,471
5,2025-05-30,1138,471
5,2025-05-31,1078,471
5,2025-06-01,1060,471
5,2025-06-02,1026,471
5,2025-06-03,970,471
5,2025-06-04,932,471
5,2025-06-05,902,471
5,2025-06-06,872,471
5,2025-06-07,831,471
5,2025-06-08,804,471
5,2025-06-09,770,471
5,2025-06-10,712,471
5,2025-06-11,670,471
5,2025-06-12,625,471
5,2025-06-13,1168,471
5,2025-06-14,1121,471
5,2025-06-15,1100,471
5,2025-06-16,1063,471
5,2025-06-17,1025,471
5,2025-06-18,994,471
5,2025-06-19,942,471
5,2025-06-20,878,471
5,2025-06-21,834,471
5,2025-06-22,817,506
5,2025-06-23,767,506
5,2025-06-24,719,506
5,2025-06-25,671,506
5,2025-06-26,624,506
5,2025-06-27,563,506
5,2025-06-28,526,506
5,2025-06-29,1107,506
5,2025-06-30,1060,506
5,2025-07-01,1030,506
5,2025-07-02,1008,506
5,2025-07-03,975,506
5,2025-07-04,940,506
5,2025-07-05,898,506
5,2025-07-06,881,506
5,2025-07-07,847,506
5,2025-07-08,818,506
5,2025-07-09,790,506
5,2025-07-10,751,506
5,2025-07-11,725,506
5,2025-07-12,695,506
5,2025-07-13,1317,506
5,2025-07-14,1279,506
5,2025-07-15,1253,506
5,2025-07-16,1220,506
5,2025-07-17,1180,506
5,2025-07-18,1139,506
5,2025-07-19,1112,506
5,2025-07-20,1088,506
5,2025-07-21,1043,506
5,2025-07-22,1008,458
5,2025-07-23,960,458
5,2025-07-24,936,458
5,2025-07-25,887,458
5,2025-07-26,866,458
5,2025-07-27,843,458
5,2025-07-28,805,458
5,2025-07-29,776,458
5,2025-07-30,719,458
5,2025-07-31,681,458
5,2025-08-01,656,458
5,2025-08-02,622,458
5,2025-08-03,1199,458
5,2025-08-04,1160,458
5,2025-08-05,1125,458
5,2025-08-06,1088,458
5,2025-08-07,1058,458
5,2025-08-08,1004,458
5,2025-08-09,975,458
5,2025-08-10,960,458
5,2025-08-11,922,458
5,2025-08-12,887,458
5,2025-08-13,848,458
5,2025-08-14,815,458
5,2025-08-15,778,458
5,2025-08-16,747,458
5,2025-08-17,732,458
5,2025-08-18,695,458
5,2025-08-19,658,458
5,2025-08-20,612,458
5,2025-08-21,1160,413
5,2025-08-22,1125,413
5,2025-08-23,1094,413
5,2025-08-24,1085,413
5,2025-08-25,1045,413
5,2025-08-26,997,413
5,2025-08-27,970,413
5,2025-08-28,929,413
5,2025-08-29,889,413
5,2025-08-30,851,413
5,2025-08-31,832,413
5,2025-09-01,810,413
5,2025-09-02,779,413
5,2025-09-03,750,413
5,2025-09-04,717,413
5,2025-09-05,684,413
5,2025-09-06,654,413
5,2025-09-07,633,413
5,2025-09-08,610,413
5,2025-09-09,571,413
5,2025-09-10,536,413
5,2025-09-11,1037,413
5,2025-09-12,1000,413
5,2025-09-13,965,413
5,2025-09-14,950,413
5,2025-09-15,926,413
5,2025-09-16,902,413
5,2025-09-17,872,413
5,2025-09-18,842,413
5,2025-09-19,812,413
5,2025-09-20,791,390
5,2025-09-21,774,390
5,2025-09-22,728,390
5,2025-09-23,705,390
5,2025-09-24,673,390
5,2025-09-25,634,390
5,2025-09-26,597,390
5,2025-09-27,555,390
5,2025-09-28,536,390
5,2025-09-29,495,390
5,2025-09-30,453,390
5,2025-10-01,933,390
5,2025-10-02,899,390
5,2025-10-03,864,390
5,2025-10-04,839,390
5,2025-10-05,824,390
5,2025-10-06,796,390
5,2025-10-07,751,390
5,2025-10-08,713,390
5,2025-10-09,670,390
5,2025-10-10,626,390
5,2025-10-11,616,390
5,2025-10-12,597,390
5,2025-10-13,542,390
5,2025-10-14,503,390
5,2025-10-15,988,390
5,2025-10-16,961,390
5,2025-10-17,929,390
5,2025-10-18,906,390
5,2025-10-19,895,390
5,2025-10-20,862,376
5,2025-10-21,841,376
5,2025-10-22,813,376
5,2025-10-23,784,376
5,2025-10-24,747,376
5,2025-10-25,729,376
5,2025-10-26,711,376
5,2025-10-27,675,376
5,2025-10-28,644,376
5,2025-10-29,608,376
5,2025-10-30,572,376
5,2025-10-31,540,376
5,2025-11-01,505,376
5,2025-11-02,482,376
5,2025-11-03,443,376
5,2025-11-04,399,376
5,2025-11-05,822,376
5,2025-11-06,789,376
5,2025-11-07,747,376
5,2025-11-08,718,376
5,2025-11-09,695,376
5,2025-11-10,643,376
5,2025-11-11,602,376
5,2025-11-12,565,376
5,2025-11-13,537,376
5,2025-11-14,498,376
5,2025-11-15,475,376
5,2025-11-16,458,376
5,2025-11-17,423,376
5,2025-11-18,887,376
5,2025-11-19,856,388
5,2025-11-20,832,388
5,2025-11-21,796,388
5,2025-11-22,751,388
5,2025-11-23,738,388
5,2025-11-24,708,388
5,2025-11-25,669,388
5,2025-11-26,627,388
5,2025-11-27,588,388
5,2025-11-28,543,388
5,2025-11-29,510,388
5,2025-11-30,490,388
5,2025-12-01,449,388
5,2025-12-02,421,388
5,2025-12-03,896,388
5,2025-12-04,848,388
5,2025-12-05,811,388
5,2025-12-06,767,388
5,2025-12-07,750,388
5,2025-12-08,703,388
5,2025-12-09,644,388
5,2025-12-10,587,388
5,2025-12-11,550,388
5,2025-12-12,516,388
5,2025-12-13,475,388
5,2025-12-14,455,388
5,2025-12-15,404,388
5,2025-12-16,367,388
5,2025-12-17,325,388
5,2025-12-18,831,388
5,2025-12-19,799,419
5,2025-12-20,760,419
5,2025-12-21,737,419
5,2025-12-22,699,419
5,2025-12-23,664,419
5,2025-12-24,618,419
5,2025-12-25,576,419
5,2025-12-26,518,419
5,2025-12-27,474,419
5,2025-12-28,460,419
5,2025-12-29,409,419
5,2025-12-30,907,419
5,2025-12-31,857,419
5,2026-01-01,798,419
5,2026-01-02,780,419
5,2026-01-03,745,419
5,2026-01-04,729,419
5,2026-01-05,699,419
5,2026-01-06,665,419
5,2026-01-07,625,419
5,2026-01-08,585,419
5,2026-01-09,1087,419
5,2026-01-10,1061,419
5,2026-01-11,1041,419
5,2026-01-12,1003,419
5,2026-01-13,974,419
5,2026-01-14,939,419
5,2026-01-15,911,419
5,2026-01-16,885,419
5,2026-01-17,859,419
5,2026-01-18,848,432
5,2026-01-19,819,432
5,2026-01-20,788,432
5,2026-01-21,749,432
5,2026-01-22,716,432
5,2026-01-23,682,432
5,2026-01-24,649,432
5,2026-01-25,631,432
5,2026-01-26,599,432
5,2026-01-27,1130,432
5,2026-01-28,1104,432
5,2026-01-29,1060,432
5,2026-01-30,1017,432
5,2026-01-31,986,432
5,2026-02-01,965,432
5,2026-02-02,939,432
5,2026-02-03,889,432
5,2026-02-04,854,432
5,2026-02-05,814,432
5,2026-02-06,776,432
5,2026-02-07,749,432
5,2026-02-08,725,432
5,2026-02-09,690,432
5,2026-02-10,655,432
5,2026-02-11,625,432
5,2026-02-12,582,432
5,2026-02-13,1083,432
5,2026-02-14,1052,432
5,2026-02-15,1033,432
5,2026-02-16,984,432
5,2026-02-17,952,407
5,2026-02-18,926,407
5,2026-02-19,902,407
5,2026-02-20,865,407
5,2026-02-21,835,407
5,2026-02-22,820,407
5,2026-02-23,770,407
5,2026-02-24,734,407
5,2026-02-25,704,407
5,2026-02-26,668,407
5,2026-02-27,627,407
5,2026-02-28,594,407
5,2026-03-01,577,407
5,2026-03-02,542,407
5,2026-03-03,1031,407
5,2026-03-04,987,407
5,2026-03-05,940,407
5,2026-03-06,903,407
5,2026-03-07,862,407
5,2026-03-08,842,407
5,2026-03-09,808,407
5,2026-03-10,775,407
5,2026-03-11,728,407
5,2026-03-12,682,407
5,2026-03-13,648,407
5,2026-03-14,597,407
5,2026-03-15,576,407
5,2026-03-16,542,407
5,2026-03-17,509,407
5,2026-03-18,469,407
5,2026-03-19,948,408
5,2026-03-20,901,408
5,2026-03-21,861,408
5,2026-03-22,844,408
5,2026-03-23,805,408
5,2026-03-24,762,408
5,2026-03-25,716,408
5,2026-03-26,675,408
5,2026-03-27,636,408
5,2026-03-28,604,408
5,2026-03-29,596,408
5,2026-03-30,551,408
5,2026-03-31,1037,408
5,2026-04-01,994,408
5,2026-04-02,942,408
5,2026-04-03,912,408
5,2026-04-04,859,408
5,2026-04-05,835,408
5,2026-04-06,776,408
5,2026-04-07,732,408
5,2026-04-08,680,408
5,2026-04-09,630,408
5,2026-04-10,574,408
5,2026-04-11,524,408
5,2026-04-12,505,408
5,2026-04-13,463,408
5,2026-04-14,932,408
5,2026-04-15,878,408
5,2026-04-16,837,408
5,2026-04-17,794,408
5,2026-04-18,750,457
5,2026-04-19,718,457
5,2026-04-20,663,457
5,2026-04-21,616,457
5,2026-04-22,555,457
5,2026-04-23,513,457
5,2026-04-24,469,457
5,2026-04-25,1069,457
5,2026-04-26,1053,457
5,2026-04-27,989,457
5,2026-04-28,938,457
5,2026-04-29,892,457
5,2026-04-30,838,457
5,2026-05-01,783,457
5,2026-05-02,740,457
5,2026-05-03,716,457
5,2026-05-04,663,457
5,2026-05-05,603,457
5,2026-05-06,548,457
5,2026-05-07,494,457
5,2026-05-08,440,457
5,2026-05-09,404,457
5,2026-05-10,982,457
5,2026-05-11,914,457
5,2026-05-12,864,457
5,2026-05-13,811,457
5,2026-05-14,767,457
5,2026-05-15,727,457
5,2026-05-16,684,457
5,2026-05-17,657,457
5,2026-05-18,609,525
5,2026-05-19,558,525
5,2026-05-20,508,525
5,2026-05-21,467,525
5,2026-05-22,996,525
5,2026-05-23,959,525
5,2026-05-24,937,525
5,2026-05-25,881,525
5,2026-05-26,841,525
5,2026-05-27,795,525
5,2026-05-28,734,525
5,2026-05-29,687,525
5,2026-05-30,1300,525
5,2026-05-31,1272,525
5,2026-06-01,1236,525
5,2026-06-02,1184,525
5,2026-06-03,1134,525
5,2026-06-04,1087,525
5,2026-06-05,1036,525
5,2026-06-06,979,525
5,2026-06-07,953,525
5,2026-06-08,916,525
5,2026-06-09,876,525
5,2026-06-10,830,525
5,2026-06-11,786,525
5,2026-06-12,737,525
5,2026-06-13,704,525
5,2026-06-14,1367,525
5,2026-06-15,1302,525
5,2026-06-16,1253,525
5,2026-06-17,1201,546
5,2026-06-18,1148,546
5,2026-06-19,1094,546
5,2026-06-20,1054,546
5,2026-06-21,1031,546
5,2026-06-22,996,546
5,2026-06-23,957,546
5,2026-06-24,916,546
5,2026-06-25,856,546
5,2026-06-26,800,546
5,2026-06-27,760,546
5,2026-06-28,747,546
5,2026-06-29,1399,546
5,2026-06-30,1337,546
5,2026-07-01,1299,546
5,2026-07-02,1255,546
5,2026-07-03,1203,546
5,2026-07-04,1173,546
5,2026-07-05,1159,546
5,2026-07-06,1115,546
5,2026-07-07,1080,546
5,2026-07-08,1028,546
5,2026-07-09,981,546
5,2026-07-10,927,546
5,2026-07-11,900,546
5,2026-07-12,885,546
5,2026-07-13,834,546
5,2026-07-14,793,546
5,2026-07-15,757,546
5,2026-07-16,1405,546
5,2026-07-17,1362,516
5,2026-07-18,1333,516
5,2026-07-19,1307,516
5,2026-07-20,1266,516
5,2026-07-21,1215,516
5,2026-07-22,1184,516
5,2026-07-23,1159,516
5,2026-07-24,1116,516
5,2026-07-25,1075,516
5,2026-07-26,1057,516
5,2026-07-27,1012,516
5,2026-07-28,970,516
5,2026-07-29,937,516
5,2026-07-30,896,516
5,2026-07-31,857,516
5,2026-08-01,827,516
5,2026-08-02,811,516
5,2026-08-03,780,516
5,2026-08-04,738,516
5,2026-08-05,700,516
5,2026-08-06,664,516
5,2026-08-07,1303,516
5,2026-08-08,1267,516
5,2026-08-09,1248,516
5,2026-08-10,1191,516
5,2026-08-11,1160,516
5,2026-08-12,1124,516
5,2026-08-13,1069,516
5,2026-08-14,1028,516
5,2026-08-15,984,516
5,2026-08-16,970,468
5,2026-08-17,932,468
5,2026-08-18,889,468
5,2026-08-19,845,468
5,2026-08-20,815,468
5,2026-08-21,771,468
5,2026-08-22,720,468
5,2026-08-23,707,468
5,2026-08-24,647,468
5,2026-08-25,608,468
5,2026-08-26,582,468
5,2026-08-27,551,468
5,2026-08-28,488,468
5,2026-08-29,1067,468
5,2026-08-30,1045,468
5,2026-08-31,1002,468
5,2026-09-01,967,468
5,2026-09-02,926,468
5,2026-09-03,891,468
5,2026-09-04,853,468
5,2026-09-05,826,468
5,2026-09-06,800,468
5,2026-09-07,760,468
5,2026-09-08,733,468
5,2026-09-09,683,468
5,2026-09-10,642,468
5,2026-09-11,620,468
5,2026-09-12,585,468
5,2026-09-13,572,468
5,2026-09-14,1137,468
5,2026-09-15,1105,432
5,2026-09-16,1035,432
5,2026-09-17,982,432
5,2026-09-18,935,432
5,2026-09-19,890,432
5,2026-09-20,866,432
5,2026-09-21,820,432
5,2026-09-22,794,432
5,2026-09-23,748,432
5,2026-09-24,717,432
5,2026-09-25,680,432
5,2026-09-26,635,432
5,2026-09-27,625,432
5,2026-09-28,593,432
5,2026-09-29,550,432
5,2026-09-30,507,432
6,2023-10-01,1796,593
6,2023-10-02,1738,593
6,2023-10-03,1689,593
6,2023-10-04,1597,593
6,2023-10-05,1543,593
6,2023-10-06,1466,593
6,2023-10-07,1424,593
6,2023-10-08,1400,593
6,2023-10-09,1337,593
6,2023-10-10,1295,593
6,2023-10-11,1258,593
6,2023-10-12,1209,593
6,2023-10-13,1155,593
6,2023-10-14,1118,593
6,2023-10-15,1101,593
6,2023-10-16,1046,593
6,2023-10-17,984,593
6,2023-10-18,950,593
6,2023-10-19,900,593
6,2023-10-20,841,593
6,2023-10-21,805,593
6,2023-10-22,1541,593
6,2023-10-23,1497,593
6,2023-10-24,1455,593
6,2023-10-25,1416,593
6,2023-10-26,1368,593
6,2023-10-27,1312,593
6,2023-10-28,1277,593
6,2023-10-29,1254,593
6,2023-10-30,1209,593
6,2023-10-31,1148,593
6,2023-11-01,1105,593
6,2023-11-02,1040,593
6,2023-11-03,991,593
6,2023-11-04,952,593
6,2023-11-05,923,593
6,2023-11-06,880,593
6,2023-11-07,823,593
6,2023-11-08,1542,593
6,2023-11-09,1490,593
6,2023-11-10,1438,593
6,2023-11-11,1396,593
6,2023-11-12,1364,593
6,2023-11-13,1310,593
6,2023-11-14,1248,593
6,2023-11-15,1205,593
6,2023-11-16,1160,593
6,2023-11-17,1107,593
6,2023-11-18,1052,593
6,2023-11-19,1023,593
6,2023-11-20,984,593
6,2023-11-21,947,593
6,2023-11-22,891,593
6,2023-11-23,847,593
6,2023-11-24,1559,593
6,2023-11-25,1505,593
6,2023-11-26,1477,593
6,2023-11-27,1428,593
6,2023-11-28,1398,593
6,2023-11-29,1328,593
6,2023-11-30,1284,555
6,2023-12-01,1240,555
6,2023-12-02,1185,555
6,2023-12-03,1166,555
6,2023-12-04,1100,555
6,2023-12-05,1056,555
6,2023-12-06,995,555
6,2023-12-07,923,555
6,2023-12-08,877,555
6,2023-12-09,822,555
6,2023-12-10,797,555
6,2023-12-11,737,555
6,2023-12-12,689,555
6,2023-12-13,613,555
6,2023-12-14,562,555
6,2023-12-15,1215,555
6,2023-12-16,1179,555
6,2023-12-17,1160,555
6,2023-12-18,1124,555
6,2023-12-19,1068,555
6,2023-12-20,1014,555
6,2023-12-21,952,555
6,2023-12-22,895,555
6,2023-12-23,843,555
6,2023-12-24,811,555
6,2023-12-25,751,555
6,2023-12-26,667,555
6,2023-12-27,629,555
6,2023-12-28,576,555
6,2023-12-29,1260,555
6,2023-12-30,1220,584
6,2023-12-31,1187,584
6,2024-01-01,1136,584
6,2024-01-02,1093,584
6,2024-01-03,1059,584
6,2024-01-04,957,584
6,2024-01-05,908,584
6,2024-01-06,866,584
6,2024-01-07,849,584
6,2024-01-08,778,584
6,2024-01-09,734,584
6,2024-01-10,688,584
6,2024-01-11,636,584
6,2024-01-12,574,584
6,2024-01-13,1363,584
6,2024-01-14,1345,584
6,2024-01-15,1300,584
6,2024-01-16,1255,584
6,2024-01-17,1207,584
6,2024-01-18,1164,584
6,2024-01-19,1115,584
6,2024-01-20,1086,584
6,2024-01-21,1058,584
6,2024-01-22,991,584
6,2024-01-23,935,584
6,2024-01-24,884,584
6,2024-01-25,840,584
6,2024-01-26,803,584
6,2024-01-27,762,584
6,2024-01-28,1533,584
6,2024-01-29,1493,570
6,2024-01-30,1442,570
6,2024-01-31,1391,570
6,2024-02-01,1343,570
6,2024-02-02,1283,570
6,2024-02-03,1258,570
6,2024-02-04,1235,570
6,2024-02-05,1181,570
6,2024-02-06,1130,570
6,2024-02-07,1063,570
6,2024-02-08,1005,570
6,2024-02-09,954,570
6,2024-02-10,916,570
6,2024-02-11,894,570
6,2024-02-12,851,570
6,2024-02-13,792,570
6,2024-02-14,738,570
6,2024-02-15,1418,570
6,2024-02-16,1381,570
6,2024-02-17,1325,570
6,2024-02-18,1300,570
6,2024-02-19,1247,570
6,2024-02-20,1208,570
6,2024-02-21,1162,570
6,2024-02-22,1102,570
6,2024-02-23,1055,570
6,2024-02-24,1024,570
6,2024-02-25,1004,570
6,2024-02-26,979,570
6,2024-02-27,925,570
6,2024-02-28,876,537
6,2024-02-29,816,537
6,2024-03-01,773,537
6,2024-03-02,1443,537
6,2024-03-03,1421,537
6,2024-03-04,1385,537
6,2024-03-05,1327,537
6,2024-03-06,1281,537
6,2024-03-07,1218,537
6,2024-03-08,1160,537
6,2024-03-09,1114,537
6,2024-03-10,1092,537
6,2024-03-11,1040,537
6,2024-03-12,998,537
6,2024-03-13,944,537
6,2024-03-14,889,537
6,2024-03-15,835,537
6,2024-03-16,778,537
6,2024-03-17,757,537
6,2024-03-18,705,537
6,2024-03-19,1346,537
6,2024-03-20,1301,537
6,2024-03-21,1254,537
6,2024-03-22,1197,537
6,2024-03-23,1164,537
6,2024-03-24,1140,537
6,2024-03-25,1101,537
6,2024-03-26,1057,537
6,2024-03-27,986,537
6,2024-03-28,925,537
6,2024-03-29,874,550
6,2024-03-30,830,550
6,2024-03-31,804,550
6,2024-04-01,755,550
6,2024-04-02,698,550
6,2024-04-03,635,550
6,2024-04-04,583,550
6,2024-04-05,1245,550
6,2024-04-06,1191,550
6,2024-04-07,1160,550
6,2024-04-08,1079,550
6,2024-04-09,1015,550
6,2024-04-10,971,550
6,2024-04-11,911,550
6,2024-04-12,846,550
6,2024-04-13,782,550
6,2024-04-14,759,550
6,2024-04-15,702,550
6,2024-04-16,653,550
6,2024-04-17,1321,550
6,2024-04-18,1266,550
6,2024-04-19,1216,550
6,2024-04-20,1175,550
6,2024-04-21,1157,550
6,2024-04-22,1087,550
6,2024-04-23,1036,550
6,2024-04-24,972,550
6,2024-04-25,916,550
6,2024-04-26,858,550
6,2024-04-27,808,550
6,2024-04-28,775,589
6,2024-04-29,727,589
6,2024-04-30,665,589
6,2024-05-01,1313,589
6,2024-05-02,1250,589
6,2024-05-03,1202,589
6,2024-05-04,1131,589
6,2024-05-05,1097,589
6,2024-05-06,1022,589
6,2024-05-07,961,589
6,2024-05-08,894,589
6,2024-05-09,839,589
6,2024-05-10,782,589
6,2024-05-11,736,589
6,2024-05-12,703,589
6,2024-05-13,606,589
6,2024-05-14,1302,589
6,2024-05-15,1222,589
6,2024-05-16,1171,589
6,2024-05-17,1104,589
6,2024-05-18,1044,589
6,2024-05-19,1011,589
6,2024-05-20,938,589
6,2024-05-21,878,589
6,2024-05-22,830,589
6,2024-05-23,785,589
6,2024-05-24,697,589
6,2024-05-25,653,589
6,2024-05-26,1373,589
6,2024-05-27,1306,589
6,2024-05-28,1262,655
6,2024-05-29,1208,655
6,2024-05-30,1156,655
6,2024-05-31,1105,655
6,2024-06-01,1058,655
6,2024-06-02,1023,655
6,2024-06-03,948,655
6,2024-06-04,874,655
6,2024-06-05,813,655
6,2024-06-06,748,655
6,2024-06-07,1531,655
6,2024-06-08,1491,655
6,2024-06-09,1453,655
6,2024-06-10,1394,655
6,2024-06-11,1342,655
6,2024-06-12,1277,655
6,2024-06-13,1212,655
6,2024-06-14,1155,655
6,2024-06-15,1109,655
6,2024-06-16,1087,655
6,2024-06-17,1034,655
6,2024-06-18,984,655
6,2024-06-19,913,655
6,2024-06-20,1687,655
6,2024-06-21,1631,655
6,2024-06-22,1582,655
6,2024-06-23,1566,655
6,2024-06-24,1512,655
6,2024-06-25,1459,655
6,2024-06-26,1393,655
6,2024-06-27,1324,668
6,2024-06-28,1264,668
6,2024-06-29,1229,668
6,2024-06-30,1208,668
6,2024-07-01,1145,668
6,2024-07-02,1098,668
6,2024-07-03,1052,668
6,2024-07-04,987,668
6,2024-07-05,933,668
6,2024-07-06,885,668
6,2024-07-07,1741,668
6,2024-07-08,1694,668
6,2024-07-09,1640,668
6,2024-07-10,1597,668
6,2024-07-11,1549,668
6,2024-07-12,1508,668
6,2024-07-13,1469,668
6,2024-07-14,1448,668
6,2024-07-15,1405,668
6,2024-07-16,1355,668
6,2024-07-17,1301,668
6,2024-07-18,1262,668
6,2024-07-19,1196,668
6,2024-07-20,1154,668
6,2024-07-21,1138,668
6,2024-07-22,1081,668
6,2024-07-23,1028,668
6,2024-07-24,975,668
6,2024-07-25,1776,668
6,2024-07-26,1714,668
6,2024-07-27,1666,602
6,2024-07-28,1646,602
6,2024-07-29,1602,602
6,2024-07-30,1555,602
6,2024-07-31,1522,602
6,2024-08-01,1461,602
6,2024-08-02,1417,602
6,2024-08-03,1372,602
6,2024-08-04,1351,602
6,2024-08-05,1297,602
6,2024-08-06,1245,602
6,2024-08-07,1174,602
6,2024-08-08,1109,602
6,2024-08-09,1053,602
6,2024-08-10,1016,602
6,2024-08-11,986,602
6,2024-08-12,935,602
6,2024-08-13,870,602
6,2024-08-14,827,602
6,2024-08-15,767,602
6,2024-08-16,1500,602
6,2024-08-17,1456,602
6,2024-08-18,1440,602
6,2024-08-19,1389,602
6,2024-08-20,1327,602
6,2024-08-21,1284,602
6,2024-08-22,1222,602
6,2024-08-23,1188,602
6,2024-08-24,1142,602
6,2024-08-25,1118,602
6,2024-08-26,1062,559
6,2024-08-27,1006,559
6,2024-08-28,955,559
6,2024-08-29,907,559
6,2024-08-30,851,559
6,2024-08-31,806,559
6,2024-09-01,781,559
6,2024-09-02,724,559
6,2024-09-03,1395,559
6,2024-09-04,1329,559
6,2024-09-05,1289,559
6,2024-09-06,1233,559
6,2024-09-07,1192,559
6,2024-09-08,1173,559
6,2024-09-09,1133,559
6,2024-09-10,1084,559
6,2024-09-11,1035,559
6,2024-09-12,995,559
6,2024-09-13,951,559
6,2024-09-14,910,559
6,2024-09-15,881,559
6,2024-09-16,828,559
6,2024-09-17,779,559
6,2024-09-18,740,559
6,2024-09-19,696,559
6,2024-09-20,641,559
6,2024-09-21,1312,559
6,2024-09-22,1288,559
6,2024-09-23,1240,559
6,2024-09-24,1208,559
6,2024-09-25,1152,540
6,2024-09-26,1095,540
6,2024-09-27,1058,540
6,2024-09-28,1031,540
6,2024-09-29,1012,540
6,2024-09-30,974,540
6,2024-10-01,934,540
6,2024-10-02,896,540
6,2024-10-03,840,540
6,2024-10-04,793,540
6,2024-10-05,758,540
6,2024-10-06,732,540
6,2024-10-07,1401,540
6,2024-10-08,1345,540
6,2024-10-09,1307,540
6,2024-10-10,1240,540
6,2024-10-11,1197,540
6,2024-10-12,1158,540
6,2024-10-13,1142,540
6,2024-10-14,1093,540
6,2024-10-15,1052,540
6,2024-10-16,1026,540
6,2024-10-17,973,540
6,2024-10-18,918,540
6,2024-10-19,875,540
6,2024-10-20,849,540
6,2024-10-21,810,540
6,2024-10-22,764,540
6,2024-10-23,713,540
6,2024-10-24,1399,540
6,2024-10-25,1348,514
6,2024-10-26,1297,514
6,2024-10-27,1267,514
6,2024-10-28,1224,514
6,2024-10-29,1178,514
6,2024-10-30,1142,514
6,2024-10-31,1100,514
6,2024-11-01,1042,514
6,2024-11-02,1004,514
6,2024-11-03,980,514
6,2024-11-04,935,514
6,2024-11-05,880,514
6,2024-11-06,828,514
6,2024-11-07,790,514
6,2024-11-08,747,514
6,2024-11-09,700,514
6,2024-11-10,676,514
6,2024-11-11,614,514
6,2024-11-12,550,514
6,2024-11-13,508,514
6,2024-11-14,1153,514
6,2024-11-15,1098,514
6,2024-11-16,1054,514
6,2024-11-17,1025,514
6,2024-11-18,955,514
6,2024-11-19,907,514
6,2024-11-20,861,514
6,2024-11-21,813,514
6,2024-11-22,781,514
6,2024-11-23,729,514
6,2024-11-24,698,522
6,2024-11-25,639,522
6,2024-11-26,602,522
6,2024-11-27,1224,522
6,2024-11-28,1179,522
6,2024-11-29,1139,522
6,2024-11-30,1111,522
6,2024-12-01,1079,522
6,2024-12-02,1012,522
6,2024-12-03,966,522
6,2024-12-04,891,522
6,2024-12-05,815,522
6,2024-12-06,766,522
6,2024-12-07,722,522
6,2024-12-08,686,522
6,2024-12-09,646,522
6,2024-12-10,588,522
6,2024-12-11,519,522
6,2024-12-12,1163,522
6,2024-12-13,1111,522
6,2024-12-14,1060,522
6,2024-12-15,1035,522
6,2024-12-16,985,522
6,2024-12-17,920,522
6,2024-12-18,874,522
6,2024-12-19,798,522
6,2024-12-20,748,522
6,2024-12-21,692,522
6,2024-12-22,659,522
6,2024-12-23,601,522
6,2024-12-24,1214,571
6,2024-12-25,1174,571
6,2024-12-26,1130,571
6,2024-12-27,1074,571
6,2024-12-28,1012,571
6,2024-12-29,988,571
6,2024-12-30,922,571
6,2024-12-31,861,571
6,2025-01-01,806,571
6,2025-01-02,763,571
6,2025-01-03,1454,571
6,2025-01-04,1410,571
6,2025-01-05,1394,571
6,2025-01-06,1349,571
6,2025-01-07,1298,571
6,2025-01-08,1244,571
6,2025-01-09,1185,571
6,2025-01-10,1122,571
6,2025-01-11,1079,571
6,2025-01-12,1060,571
6,2025-01-13,998,571
6,2025-01-14,951,571
6,2025-01-15,896,571
6,2025-01-16,848,571
6,2025-01-17,787,571
6,2025-01-18,748,571
6,2025-01-19,723,571
6,2025-01-20,665,571
6,2025-01-21,1356,571
6,2025-01-22,1305,571
6,2025-01-23,1262,587
6,2025-01-24,1187,587
6,2025-01-25,1152,587
6,2025-01-26,1138,587
6,2025-01-27,1093,587
6,2025-01-28,1036,587
6,2025-01-29,981,587
6,2025-01-30,928,587
6,2025-01-31,884,587
6,2025-02-01,840,587
6,2025-02-02,813,587
6,2025-02-03,773,587
6,2025-02-04,739,587
6,2025-02-05,701,587
6,2025-02-06,1406,587
6,2025-02-07,1354,587
6,2025-02-08,1312,587
6,2025-02-09,1287,587
6,2025-02-10,1245,587
6,2025-02-11,1189,587
6,2025-02-12,1139,587
6,2025-02-13,1074,587
6,2025-02-14,1027,587
6,2025-02-15,986,587
6,2025-02-16,961,587
6,2025-02-17,917,587
6,2025-02-18,876,587
6,2025-02-19,828,587
6,2025-02-20,787,587
6,2025-02-21,742,587
6,2025-02-22,709,552
6,2025-02-23,1460,552
6,2025-02-24,1424,552
6,2025-02-25,1386,552
6,2025-02-26,1345,552
6,2025-02-27,1299,552
6,2025-02-28,1240,552
6,2025-03-01,1193,552
6,2025-03-02,1163,552
6,2025-03-03,1097,552
6,2025-03-04,1033,552
6,2025-03-05,964,552
6,2025-03-06,906,552
6,2025-03-07,859,552
6,2025-03-08,815,552
6,2025-03-09,797,552
6,2025-03-10,748,552
6,2025-03-11,1421,552
6,2025-03-12,1364,552
6,2025-03-13,1317,552
6,2025-03-14,1259,552
6,2025-03-15,1211,552
6,2025-03-16,1180,552
6,2025-03-17,1124,552
6,2025-03-18,1080,552
6,2025-03-19,1021,552
6,2025-03-20,969,552
6,2025-03-21,928,552
6,2025-03-22,876,552
6,2025-03-23,853,552
6,2025-03-24,787,539
6,2025-03-25,744,539
6,2025-03-26,701,539
6,2025-03-27,655,539
6,2025-03-28,597,539
6,2025-03-29,1254,539
6,2025-03-30,1229,539
6,2025-03-31,1175,539
6,2025-04-01,1111,539
6,2025-04-02,1060,539
6,2025-04-03,982,539
6,2025-04-04,943,539
6,2025-04-05,907,539
6,2025-04-06,870,539
6,2025-04-07,823,539
6,2025-04-08,776,539
6,2025-04-09,728,539
6,2025-04-10,683,539
6,2025-04-11,1327,539
6,2025-04-12,1288,539
6,2025-04-13,1263,539
6,2025-04-14,1203,539
6,2025-04-15,1154,539
6,2025-04-16,1104,539
6,2025-04-17,1031,539
6,2025-04-18,970,539
6,2025-04-19,930,539
6,2025-04-20,904,539
6,2025-04-21,835,539
6,2025-04-22,778,539
6,2025-04-23,724,573
6,2025-04-24,675,573
6,2025-04-25,602,573
6,2025-04-26,1223,573
6,2025-04-27,1205,573
6,2025-04-28,1149,573
6,2025-04-29,1091,573
6,2025-04-30,1020,573
6,2025-05-01,947,573
6,2025-05-02,857,573
6,2025-05-03,799,573
6,2025-05-04,765,573
6,2025-05-05,701,573
6,2025-05-06,632,573
6,2025-05-07,560,573
6,2025-05-08,1204,573
6,2025-05-09,1142,573
6,2025-05-10,1076,573
6,2025-05-11,1050,573
6,2025-05-12,974,573
6,2025-05-13,916,573
6,2025-05-14,848,573
6,2025-05-15,786,573
6,2025-05-16,723,573
6,2025-05-17,665,573
6,2025-05-18,1404,573
6,2025-05-19,1330,573
6,2025-05-20,1282,573
6,2025-05-21,1206,573
6,2025-05-22,1142,573
6,2025-05-23,1083,661
6,2025-05-24,1032,661
6,2025-05-25,1013,661
6,2025-05-26,936,661
6,2025-05-27,882,661
6,2025-05-28,809,661
6,2025-05-29,752,661
6,2025-05-30,689,661
6,2025-05-31,1566,661
6,2025-06-01,1532,661
6,2025-06-02,1470,661
6,2025-06-03,1414,661
6,2025-06-04,1344,661
6,2025-06-05,1302,661
6,2025-06-06,1238,661
6,2025-06-07,1199,661
6,2025-06-08,1172,661
6,2025-06-09,1127,661
6,2025-06-10,1066,661
6,2025-06-11,977,661
6,2025-06-12,902,661
6,2025-06-13,848,661
6,2025-06-14,1645,661
6,2025-06-15,1620,661
6,2025-06-16,1538,661
6,2025-06-17,1479,661
6,2025-06-18,1401,661
6,2025-06-19,1348,661
6,2025-06-20,1286,661
6,2025-06-21,1244,661
6,2025-06-22,1211,698
6,2025-06-23,1151,698
6,2025-06-24,1082,698
6,2025-06-25,1021,698
6,2025-06-26,952,698
6,2025-06-27,876,698
6,2025-06-28,834,698
6,2025-06-29,1728,698
6,2025-06-30,1668,698
6,2025-07-01,1614,698
6,2025-07-02,1557,698
6,2025-07-03,1512,698
6,2025-07-04,1448,698
6,2025-07-05,1395,698
6,2025-07-06,1373,698
6,2025-07-07,1303,698
6,2025-07-08,1228,698
6,2025-07-09,1173,698
6,2025-07-10,1116,698
6,2025-07-11,1072,698
6,2025-07-12,999,698
6,2025-07-13,969,698
6,2025-07-14,1835,698
6,2025-07-15,1764,698
6,2025-07-16,1708,698
6,2025-07-17,1684,698
6,2025-07-18,1620,698
6,2025-07-19,1574,698
6,2025-07-20,1549,698
6,2025-07-21,1495,698
6,2025-07-22,1467,649
6,2025-07-23,1406,649
6,2025-07-24,1339,649
6,2025-07-25,1295,649
6,2025-07-26,1260,649
6,2025-07-27,1224,649
6,2025-07-28,1175,649
6,2025-07-29,1122,649
6,2025-07-30,1084,649
6,2025-07-31,1015,649
6,2025-08-01,973,649
6,2025-08-02,923,649
6,2025-08-03,892,649
6,2025-08-04,838,649
6,2025-08-05,1650,649
6,2025-08-06,1604,649
6,2025-08-07,1549,649
6,2025-08-08,1509,649
6,2025-08-09,1478,649
6,2025-08-10,1455,649
6,2025-08-11,1410,649
6,2025-08-12,1361,649
6,2025-08-13,1306,649
6,2025-08-14,1266,649
6,2025-08-15,1231,649
6,2025-08-16,1197,649
6,2025-08-17,1181,649
6,2025-08-18,1117,649
6,2025-08-19,1073,649
6,2025-08-20,1016,649
6,2025-08-21,968,581
6,2025-08-22,919,581
6,2025-08-23,882,581
6,2025-08-24,852,581
6,2025-08-25,1669,581
6,2025-08-26,1615,581
6,2025-08-27,1565,581
6,2025-08-28,1522,581
6,2025-08-29,1468,581
6,2025-08-30,1431,581
6,2025-08-31,1417,581
6,2025-09-01,1365,581
6,2025-09-02,1310,581
6,2025-09-03,1262,581
6,2025-09-04,1221,581
6,2025-09-05,1133,581
6,2025-09-06,1085,581
6,2025-09-07,1063,581
6,2025-09-08,1027,581
6,2025-09-09,967,581
6,2025-09-10,908,581
6,2025-09-11,863,581
6,2025-09-12,826,581
6,2025-09-13,790,581
6,2025-09-14,767,581
6,2025-09-15,718,581
6,2025-09-16,1390,581
6,2025-09-17,1339,581
6,2025-09-18,1292,581
6,2025-09-19,1242,581
6,2025-09-20,1196,544
6,2025-09-21,1182,544
6,2025-09-22,1139,544
6,2025-09-23,1086,544
6,2025-09-24,1031,544
6,2025-09-25,986,544
6,2025-09-26,948,544
6,2025-09-27,909,544
6,2025-09-28,892,544
6,2025-09-29,836,544
6,2025-09-30,785,544
6,2025-10-01,729,544
6,2025-10-02,678,544
6,2025-10-03,619,544
6,2025-10-04,579,544
6,2025-10-05,1268,544
6,2025-10-06,1206,544
6,2025-10-07,1160,544
6,2025-10-08,1113,544
6,2025-10-09,1072,544
6,2025-10-10,1020,544
6,2025-10-11,963,544
6,2025-10-12,943,544
6,2025-10-13,886,544
6,2025-10-14,846,544
6,2025-10-15,801,544
6,2025-10-16,751,544
6,2025-10-17,710,544
6,2025-10-18,1363,544
6,2025-10-19,1338,544
6,2025-10-20,1299,540
6,2025-10-21,1258,540
6,2025-10-22,1218,540
6,2025-10-23,1161,540
6,2025-10-24,1118,540
6,2025-10-25,1075,540
6,2025-10-26,1054,540
6,2025-10-27,1013,540
6,2025-10-28,976,540
6,2025-10-29,926,540
6,2025-10-30,879,540
6,2025-10-31,818,540
6,2025-11-01,784,540
6,2025-11-02,767,540
6,2025-11-03,721,540
6,2025-11-04,668,540
6,2025-11-05,609,540
6,2025-11-06,1278,540
6,2025-11-07,1232,540
6,2025-11-08,1202,540
6,2025-11-09,1178,540
6,2025-11-10,1130,540
6,2025-11-11,1078,540
6,2025-11-12,1026,540
6,2025-11-13,970,540
6,2025-11-14,926,540
6,2025-11-15,890,540
6,2025-11-16,866,540
6,2025-11-17,808,540
6,2025-11-18,753,540
6,2025-11-19,692,524
6,2025-11-20,638,524
6,2025-11-21,590,524
6,2025-11-22,1226,524
6,2025-11-23,1202,524
6,2025-11-24,1156,524
6,2025-11-25,1106,524
6,2025-11-26,1071,524
6,2025-11-27,1026,524
6,2025-11-28,970,524
6,2025-11-29,936,524
6,2025-11-30,911,524
6,2025-12-01,865,524
6,2025-12-02,821,524
6,2025-12-03,758,524
6,2025-12-04,712,524
6,2025-12-05,652,524
6,2025-12-06,600,524
6,2025-12-07,579,524
6,2025-12-08,1185,524
6,2025-12-09,1121,524
6,2025-12-10,1061,524
6,2025-12-11,1001,524
6,2025-12-12,934,524
6,2025-12-13,889,524
6,2025-12-14,858,524
6,2025-12-15,797,524
6,2025-12-16,748,524
6,2025-12-17,686,524
6,2025-12-18,618,524
6,2025-12-19,574,556
6,2025-12-20,499,556
6,2025-12-21,1139,556
6,2025-12-22,1085,556
6,2025-12-23,1033,556
6,2025-12-24,962,556
6,2025-12-25,911,556
6,2025-12-26,859,556
6,2025-12-27,816,556
6,2025-12-28,789,556
6,2025-12-29,719,556
6,2025-12-30,663,556
6,2025-12-31,1353,556
6,2026-01-01,1292,556
6,2026-01-02,1251,556
6,2026-01-03,1204,556
6,2026-01-04,1186,556
6,2026-01-05,1142,556
6,2026-01-06,1074,556
6,2026-01-07,1005,556
6,2026-01-08,963,556
6,2026-01-09,907,556
6,2026-01-10,847,556
6,2026-01-11,811,556
6,2026-01-12,756,556
6,2026-01-13,710,556
6,2026-01-14,649,556
6,2026-01-15,607,556
6,2026-01-16,1300,556
6,2026-01-17,1266,556
6,2026-01-18,1244,592
6,2026-01-19,1212,592
6,2026-01-20,1164,592
6,2026-01-21,1118,592
6,2026-01-22,1072,592
6,2026-01-23,1016,592
6,2026-01-24,978,592
6,2026-01-25,955,592
6,2026-01-26,900,592
6,2026-01-27,863,592
6,2026-01-28,808,592
6,2026-01-29,753,592
6,2026-01-30,700,592
6,2026-01-31,665,592
6,2026-02-01,1425,592
6,2026-02-02,1389,592
6,2026-02-03,1356,592
6,2026-02-04,1315,592
6,2026-02-05,1264,592
6,2026-02-06,1213,592
6,2026-02-07,1170,592
6,2026-02-08,1144,592
6,2026-02-09,1102,592
6,2026-02-10,1065,592
6,2026-02-11,995,592
6,2026-02-12,956,592
6,2026-02-13,916,592
6,2026-02-14,878,592
6,2026-02-15,850,592
6,2026-02-16,799,592
6,2026-02-17,1489,549
6,2026-02-18,1458,549
6,2026-02-19,1400,549
6,2026-02-20,1362,549
6,2026-02-21,1320,549
6,2026-02-22,1293,549
6,2026-02-23,1236,549
6,2026-02-24,1191,549
6,2026-02-25,1142,549
6,2026-02-26,1100,549
6,2026-02-27,1006,549
6,2026-02-28,961,549
6,2026-03-01,936,549
6,2026-03-02,889,549
6,2026-03-03,836,549
6,2026-03-04,783,549
6,2026-03-05,719,549
6,2026-03-06,670,549
6,2026-03-07,1329,549
6,2026-03-08,1299,549
6,2026-03-09,1230,549
6,2026-03-10,1177,549
6,2026-03-11,1125,549
6,2026-03-12,1080,549
6,2026-03-13,1029,549
6,2026-03-14,973,549
6,2026-03-15,948,549
6,2026-03-16,894,549
6,2026-03-17,859,549
6,2026-03-18,787,549
6,2026-03-19,735,545
6,2026-03-20,682,545
6,2026-03-21,632,545
6,2026-03-22,1305,545
6,2026-03-23,1246,545
6,2026-03-24,1199,545
6,2026-03-25,1152,545
6,2026-03-26,1114,545
6,2026-03-27,1082,545
6,2026-03-28,1042,545
6,2026-03-29,1017,545
6,2026-03-30,974,545
6,2026-03-31,906,545
6,2026-04-01,855,545
6,2026-04-02,795,545
6,2026-04-03,754,545
6,2026-04-04,701,545
6,2026-04-05,666,545
6,2026-04-06,599,545
6,2026-04-07,550,545
6,2026-04-08,1182,545
6,2026-04-09,1126,545
6,2026-04-10,1062,545
6,2026-04-11,1014,545
6,2026-04-12,990,545
6,2026-04-13,927,545
6,2026-04-14,871,545
6,2026-04-15,802,545
6,2026-04-16,739,545
6,2026-04-17,661,545
6,2026-04-18,599,597
6,2026-04-19,566,597
6,2026-04-20,1250,597
6,2026-04-21,1195,597
6,2026-04-22,1144,597
6,2026-04-23,1070,597
6,2026-04-24,994,597
6,2026-04-25,944,597
6,2026-04-26,916,597
6,2026-04-27,877,597
6,2026-04-28,827,597
6,2026-04-29,756,597
6,2026-04-30,687,597
6,2026-05-01,627,597
6,2026-05-02,1304,597
6,2026-05-03,1264,597
6,2026-05-04,1204,597
6,2026-05-05,1140,597
6,2026-05-06,1097,597
6,2026-05-07,1038,597
6,2026-05-08,974,597
6,2026-05-09,907,597
6,2026-05-10,874,597
6,2026-05-11,792,597
6,2026-05-12,709,597
6,2026-05-13,660,597
6,2026-05-14,587,597
6,2026-05-15,523,597
6,2026-05-16,1238,597
6,2026-05-17,1201,597
6,2026-05-18,1122,649
6,2026-05-19,1066,649
6,2026-05-20,1014,649
6,2026-05-21,947,649
6,2026-05-22,872,649
6,2026-05-23,807,649
6,2026-05-24,767,649
6,2026-05-25,685,649
6,2026-05-26,622,649
6,2026-05-27,1422,649
6,2026-05-28,1358,649
6,2026-05-29,1297,649
6,2026-05-30,1247,649
6,2026-05-31,1217,649
6,2026-06-01,1141,649
6,2026-06-02,1083,649
6,2026-06-03,1027,649
6,2026-06-04,964,649
6,2026-06-05,883,649
6,2026-06-06,856,649
6,2026-06-07,836,649
6,2026-06-08,792,649
6,2026-06-09,1578,649
6,2026-06-10,1519,649
6,2026-06-11,1448,649
6,2026-06-12,1382,649
6,2026-06-13,1338,649
6,2026-06-14,1314,649
6,2026-06-15,1236,649
6,2026-06-16,1194,649
6,2026-06-17,1138,687
6,2026-06-18,1089,687
6,2026-06-19,1035,687
6,2026-06-20,976,687
6,2026-06-21,958,687
6,2026-06-22,913,687
6,2026-06-23,866,687
6,2026-06-24,808,687
6,2026-06-25,728,687
6,2026-06-26,1633,687
6,2026-06-27,1584,687
6,2026-06-28,1556,687
6,2026-06-29,1473,687
6,2026-06-30,1413,687
6,2026-07-01,1351,687
6,2026-07-02,1287,687
6,2026-07-03,1234,687
6,2026-07-04,1188,687
6,2026-07-05,1157,687
6,2026-07-06,1123,687
6,2026-07-07,1068,687
6,2026-07-08,1016,687
6,2026-07-09,961,687
6,2026-07-10,907,687
6,2026-07-11,1730,687
6,2026-07-12,1709,687
6,2026-07-13,1644,687
6,2026-07-14,1596,687
6,2026-07-15,1539,687
6,2026-07-16,1494,687
6,2026-07-17,1441,646
6,2026-07-18,1390,646
6,2026-07-19,1358,646
6,2026-07-20,1311,646
6,2026-07-21,1251,646
6,2026-07-22,1193,646
6,2026-07-23,1142,646
6,2026-07-24,1083,646
6,2026-07-25,1039,646
6,2026-07-26,1006,646
6,2026-07-27,958,646
6,2026-07-28,896,646
6,2026-07-29,829,646
6,2026-07-30,1600,646
6,2026-07-31,1545,646
6,2026-08-01,1507,646
6,2026-08-02,1487,646
6,2026-08-03,1436,646
6,2026-08-04,1379,646
6,2026-08-05,1326,646
6,2026-08-06,1285,646
6,2026-08-07,1221,646
6,2026-08-08,1160,646
6,2026-08-09,1130,646
6,2026-08-10,1087,646
6,2026-08-11,1043,646
6,2026-08-12,990,646
6,2026-08-13,954,646
6,2026-08-14,926,646
6,2026-08-15,1699,646
6,2026-08-16,1680,591
6,2026-08-17,1621,591
6,2026-08-18,1570,591
6,2026-08-19,1515,591
6,2026-08-20,1454,591
6,2026-08-21,1398,591
6,2026-08-22,1350,591
6,2026-08-23,1318,591
6,2026-08-24,1284,591
6,2026-08-25,1243,591
6,2026-08-26,1198,591
6,2026-08-27,1151,591
6,2026-08-28,1101,591
6,2026-08-29,1067,591
6,2026-08-30,1053,591
6,2026-08-31,1003,591
6,2026-09-01,945,591
6,2026-09-02,897,591
6,2026-09-03,849,591
6,2026-09-04,792,591
6,2026-09-05,759,591
6,2026-09-06,732,591
6,2026-09-07,1437,591
6,2026-09-08,1388,591
6,2026-09-09,1350,591
6,2026-09-10,1299,591
6,2026-09-11,1256,591
6,2026-09-12,1219,591
6,2026-09-13,1190,591
6,2026-09-14,1136,591
6,2026-09-15,1081,550
6,2026-09-16,1033,550
6,2026-09-17,985,550
6,2026-09-18,949,550
6,2026-09-19,905,550
6,2026-09-20,885,550
6,2026-09-21,838,550
6,2026-09-22,777,550
6,2026-09-23,725,550
6,2026-09-24,1371,550
6,2026-09-25,1337,550
6,2026-09-26,1297,550
6,2026-09-27,1283,550
6,2026-09-28,1249,550
6,2026-09-29,1200,550
6,2026-09-30,1163,550
7,2023-10-01,791,510
7,2023-10-02,762,510
7,2023-10-03,729,510
7,2023-10-04,699,510
7,2023-10-05,660,510
7,2023-10-06,631,510
7,2023-10-07,597,510
7,2023-10-08,582,510
7,2023-10-09,545,510
7,2023-10-10,504,510
7,2023-10-11,462,510
7,2023-10-12,424,510
7,2023-10-13,397,510
7,2023-10-14,346,510
7,2023-10-15,317,510
7,2023-10-16,277,510
7,2023-10-17,235,510
7,2023-10-18,196,510
7,2023-10-19,530,510
7,2023-10-20,494,510
7,2023-10-21,449,510
7,2023-10-22,429,510
7,2023-10-23,401,510
7,2023-10-24,363,510
7,2023-10-25,315,510
7,2023-10-26,265,510
7,2023-10-27,567,510
7,2023-10-28,521,510
7,2023-10-29,507,510
7,2023-10-30,458,510
7,2023-10-31,415,510
7,2023-11-01,363,510
7,2023-11-02,324,510
7,2023-11-03,264,510
7,2023-11-04,226,510
7,2023-11-05,203,510
7,2023-11-06,495,510
7,2023-11-07,445,510
7,2023-11-08,398,510
7,2023-11-09,346,510
7,2023-11-10,306,510
7,2023-11-11,268,510
7,2023-11-12,249,510
7,2023-11-13,215,510
7,2023-11-14,530,510
7,2023-11-15,498,510
7,2023-11-16,444,510
7,2023-11-17,407,510
7,2023-11-18,377,510
7,2023-11-19,359,510
7,2023-11-20,315,510
7,2023-11-21,262,510
7,2023-11-22,227,510
7,2023-11-23,172,510
7,2023-11-24,137,510
7,2023-11-25,463,510
7,2023-11-26,443,510
7,2023-11-27,384,510
7,2023-11-28,343,510
7,2023-11-29,310,510
7,2023-11-30,259,453
7,2023-12-01,202,453
7,2023-12-02,162,453
7,2023-12-03,144,453
7,2023-12-04,107,453
7,2023-12-05,413,453
7,2023-12-06,379,453
7,2023-12-07,307,453
7,2023-12-08,268,453
7,2023-12-09,209,453
7,2023-12-10,195,453
7,2023-12-11,134,453
7,2023-12-12,76,453
7,2023-12-13,36,453
7,2023-12-14,319,453
7,2023-12-15,281,453
7,2023-12-16,247,453
7,2023-12-17,223,453
7,2023-12-18,185,453
7,2023-12-19,130,453
7,2023-12-20,469,453
7,2023-12-21,406,453
7,2023-12-22,343,453
7,2023-12-23,315,453
7,2023-12-24,283,453
7,2023-12-25,250,453
7,2023-12-26,206,453
7,2023-12-27,160,453
7,2023-12-28,423,453
7,2023-12-29,385,453
7,2023-12-30,346,501
7,2023-12-31,318,501
7,2024-01-01,298,501
7,2024-01-02,253,501
7,2024-01-03,211,501
7,2024-01-04,161,501
7,2024-01-05,458,501
7,2024-01-06,423,501
7,2024-01-07,399,501
7,2024-01-08,353,501
7,2024-01-09,305,501
7,2024-01-10,267,501
7,2024-01-11,229,501
7,2024-01-12,186,501
7,2024-01-13,506,501
7,2024-01-14,486,501
7,2024-01-15,464,501
7,2024-01-16,438,501
7,2024-01-17,383,501
7,2024-01-18,351,501
7,2024-01-19,300,501
7,2024-01-20,265,501
7,2024-01-21,249,501
7,2024-01-22,197,501
7,2024-01-23,152,501
7,2024-01-24,464,501
7,2024-01-25,425,501
7,2024-01-26,385,501
7,2024-01-27,348,501
7,2024-01-28,334,501
7,2024-01-29,303,479
7,2024-01-30,256,479
7,2024-01-31,211,479
7,2024-02-01,166,479
7,2024-02-02,484,479
7,2024-02-03,448,479
7,2024-02-04,433,479
7,2024-02-05,395,479
7,2024-02-06,367,479
7,2024-02-07,328,479
7,2024-02-08,294,479
7,2024-02-09,257,479
7,2024-02-10,217,479
7,2024-02-11,204,479
7,2024-02-12,528,479
7,2024-02-13,481,479
7,2024-02-14,451,479
7,2024-02-15,414,479
7,2024-02-16,374,479
7,2024-02-17,342,479
7,2024-02-18,318,479
7,2024-02-19,278,479
7,2024-02-20,240,479
7,2024-02-21,196,479
7,2024-02-22,494,479
7,2024-02-23,457,479
7,2024-02-24,422,479
7,2024-02-25,399,479
7,2024-02-26,357,479
7,2024-02-27,316,479
7,2024-02-28,280,432
7,2024-02-29,235,432
7,2024-03-01,178,432
7,2024-03-02,133,432
7,2024-03-03,450,432
7,2024-03-04,404,432
7,2024-03-05,360,432
7,2024-03-06,315,432
7,2024-03-07,274,432
7,2024-03-08,224,432
7,2024-03-09,184,432
7,2024-03-10,161,432
7,2024-03-11,121,432
7,2024-03-12,385,432
7,2024-03-13,351,432
7,2024-03-14,317,432
7,2024-03-15,277,432
7,2024-03-16,242,432
7,2024-03-17,213,432
7,2024-03-18,179,432
7,2024-03-19,128,432
7,2024-03-20,370,432
7,2024-03-21,332,432
7,2024-03-22,285,432
7,2024-03-23,237,432
7,2024-03-24,212,432
7,2024-03-25,181,432
7,2024-03-26,139,432
7,2024-03-27,101,432
7,2024-03-28,361,432
7,2024-03-29,331,455
7,2024-03-30,293,455
7,2024-03-31,261,455
7,2024-04-01,208,455
7,2024-04-02,162,455
7,2024-04-03,108,455
7,2024-04-04,63,455
7,2024-04-05,25,455
7,2024-04-06,293,455
7,2024-04-07,269,455
7,2024-04-08,202,455
7,2024-04-09,153,455
7,2024-04-10,93,455
7,2024-04-11,56,455
7,2024-04-12,12,455
7,2024-04-13,0,455
7,2024-04-14,0,455
7,2024-04-15,377,455
7,2024-04-16,332,455
7,2024-04-17,284,455
7,2024-04-18,231,455
7,2024-04-19,185,455
7,2024-04-20,146,455
7,2024-04-21,116,455
7,2024-04-22,404,455
7,2024-04-23,346,455
7,2024-04-24,298,455
7,2024-04-25,249,455
7,2024-04-26,208,455
7,2024-04-27,169,455
7,2024-04-28,139,505
7,2024-04-29,92,505
7,2024-04-30,49,505
7,2024-05-01,309,505
7,2024-05-02,244,505
7,2024-05-03,192,505
7,2024-05-04,150,505
7,2024-05-05,124,505
7,2024-05-06,79,505
7,2024-05-07,0,505
7,2024-05-08,422,505
7,2024-05-09,378,505
7,2024-05-10,328,505
7,2024-05-11,280,505
7,2024-05-12,253,505
7,2024-05-13,198,505
7,2024-05-14,143,505
7,2024-05-15,76,505
7,2024-05-16,23,505
7,2024-05-17,343,505
7,2024-05-18,297,505
7,2024-05-19,275,505
7,2024-05-20,211,505
7,2024-05-21,161,505
7,2024-05-22,129,505
7,2024-05-23,71,505
7,2024-05-24,14,505
7,2024-05-25,0,505
7,2024-05-26,430,505
7,2024-05-27,374,505
7,2024-05-28,324,554
7,2024-05-29,264,554
7,2024-05-30,220,554
7,2024-05-31,166,554
7,2024-06-01,129,554
7,2024-06-02,459,554
7,2024-06-03,412,554
7,2024-06-04,369,554
7,2024-06-05,333,554
7,2024-06-06,291,554
7,2024-06-07,245,554
7,2024-06-08,209,554
7,2024-06-09,177,554
7,2024-06-10,125,554
7,2024-06-11,484,554
7,2024-06-12,419,554
7,2024-06-13,371,554
7,2024-06-14,313,554
7,2024-06-15,275,554
7,2024-06-16,253,554
7,2024-06-17,593,554
7,2024-06-18,546,554
7,2024-06-19,489,554
7,2024-06-20,446,554
7,2024-06-21,397,554
7,2024-06-22,357,554
7,2024-06-23,332,554
7,2024-06-24,280,554
7,2024-06-25,616,554
7,2024-06-26,579,554
7,2024-06-27,530,555
7,2024-06-28,475,555
7,2024-06-29,443,555
7,2024-06-30,421,555
7,2024-07-01,388,555
7,2024-07-02,359,555
7,2024-07-03,321,555
7,2024-07-04,672,555
7,2024-07-05,642,555
7,2024-07-06,617,555
7,2024-07-07,597,555
7,2024-07-08,559,555
7,2024-07-09,531,555
7,2024-07-10,484,555
7,2024-07-11,444,555
7,2024-07-12,391,555
7,2024-07-13,339,555
7,2024-07-14,318,555
7,2024-07-15,273,555
7,2024-07-16,613,555
7,2024-07-17,566,555
7,2024-07-18,532,555
7,2024-07-19,483,555
7,2024-07-20,448,555
7,2024-07-21,427,555
7,2024-07-22,384,555
7,2024-07-23,343,555
7,2024-07-24,303,555
7,2024-07-25,645,555
7,2024-07-26,599,555
7,2024-07-27,551,496
7,2024-07-28,525,496
7,2024-07-29,495,496
7,2024-07-30,444,496
7,2024-07-31,393,496
7,2024-08-01,354,496
7,2024-08-02,324,496
7,2024-08-03,298,496
7,2024-08-04,275,496
7,2024-08-05,564,496
7,2024-08-06,525,496
7,2024-08-07,478,496
7,2024-08-08,439,496
7,2024-08-09,400,496
7,2024-08-10,369,496
7,2024-08-11,344,496
7,2024-08-12,304,496
7,2024-08-13,274,496
7,2024-08-14,231,496
7,2024-08-15,198,496
7,2024-08-16,158,496
7,2024-08-17,463,496
7,2024-08-18,440,496
7,2024-08-19,402,496
7,2024-08-20,359,496
7,2024-08-21,316,496
7,2024-08-22,278,496
7,2024-08-23,219,496
7,2024-08-24,189,496
7,2024-08-25,173,496
7,2024-08-26,121,450
7,2024-08-27,415,450
7,2024-08-28,373,450
7,2024-08-29,324,450
7,2024-08-30,282,450
7,2024-08-31,254,450
7,2024-09-01,228,450
7,2024-09-02,195,450
7,2024-09-03,157,450
7,2024-09-04,419,450
7,2024-09-05,377,450
7,2024-09-06,327,450
7,2024-09-07,302,450
7,2024-09-08,283,450
7,2024-09-09,252,450
7,2024-09-10,224,450
7,2024-09-11,186,450
7,2024-09-12,123,450
7,2024-09-13,86,450
7,2024-09-14,390,450
7,2024-09-15,377,450
7,2024-09-16,342,450
7,2024-09-17,288,450
7,2024-09-18,273,450
7,2024-09-19,242,450
7,2024-09-20,502,450
7,2024-09-21,469,450
7,2024-09-22,446,450
7,2024-09-23,405,450
7,2024-09-24,367,450
7,2024-09-25,325,444
7,2024-09-26,278,444
7,2024-09-27,238,444
7,2024-09-28,198,444
7,2024-09-29,182,444
7,2024-09-30,146,444
7,2024-10-01,400,444
7,2024-10-02,363,444
7,2024-10-03,316,444
7,2024-10-04,270,444
7,2024-10-05,234,444
7,2024-10-06,222,444
7,2024-10-07,180,444
7,2024-10-08,138,444
7,2024-10-09,415,444
7,2024-10-10,387,444
7,2024-10-11,363,444
7,2024-10-12,328,444
7,2024-10-13,312,444
7,2024-10-14,263,444
7,2024-10-15,216,444
7,2024-10-16,186,444
7,2024-10-17,459,444
7,2024-10-18,417,444
7,2024-10-19,391,444
7,2024-10-20,373,444
7,2024-10-21,338,444
7,2024-10-22,307,444
7,2024-10-23,276,444
7,2024-10-24,227,444
7,2024-10-25,193,433
7,2024-10-26,168,433
7,2024-10-27,149,433
7,2024-10-28,422,433
7,2024-10-29,371,433
7,2024-10-30,331,433
7,2024-10-31,298,433
7,2024-11-01,250,433
7,2024-11-02,218,433
7,2024-11-03,196,433
7,2024-11-04,166,433
7,2024-11-05,121,433
7,2024-11-06,387,433
7,2024-11-07,336,433
7,2024-11-08,286,433
7,2024-11-09,249,433
7,2024-11-10,230,433
7,2024-11-11,178,433
7,2024-11-12,134,433
7,2024-11-13,394,433
7,2024-11-14,356,433
7,2024-11-15,328,433
7,2024-11-16,294,433
7,2024-11-17,281,433
7,2024-11-18,233,433
7,2024-11-19,206,433
7,2024-11-20,165,433
7,2024-11-21,451,433
7,2024-11-22,407,433
7,2024-11-23,378,433
7,2024-11-24,357,425
7,2024-11-25,308,425
7,2024-11-26,273,425
7,2024-11-27,238,425
7,2024-11-28,195,425
7,2024-11-29,144,425
7,2024-11-30,109,425
7,2024-12-01,89,425
7,2024-12-02,360,425
7,2024-12-03,322,425
7,2024-12-04,294,425
7,2024-12-05,238,425
7,2024-12-06,188,425
7,2024-12-07,145,425
7,2024-12-08,128,425
7,2024-12-09,86,425
7,2024-12-10,366,425
7,2024-12-11,340,425
7,2024-12-12,283,425
7,2024-12-13,235,425
7,2024-12-14,192,425
7,2024-12-15,165,425
7,2024-12-16,114,425
7,2024-12-17,364,425
7,2024-12-18,324,425
7,2024-12-19,288,425
7,2024-12-20,260,425
7,2024-12-21,221,425
7,2024-12-22,198,425
7,2024-12-23,152,425
7,2024-12-24,413,442
7,2024-12-25,363,442
7,2024-12-26,314,442
7,2024-12-27,281,442
7,2024-12-28,233,442
7,2024-12-29,201,442
7,2024-12-30,154,442
7,2024-12-31,451,442
7,2025-01-01,421,442
7,2025-01-02,373,442
7,2025-01-03,334,442
7,2025-01-04,295,442
7,2025-01-05,274,442
7,2025-01-06,234,442
7,2025-01-07,187,442
7,2025-01-08,455,442
7,2025-01-09,424,442
7,2025-01-10,375,442
7,2025-01-11,329,442
7,2025-01-12,311,442
7,2025-01-13,283,442
7,2025-01-14,250,442
7,2025-01-15,207,442
7,2025-01-16,177,442
7,2025-01-17,143,442
7,2025-01-18,99,442
7,2025-01-19,398,442
7,2025-01-20,377,442
7,2025-01-21,339,442
7,2025-01-22,297,442
7,2025-01-23,257,452
7,2025-01-24,225,452
7,2025-01-25,197,452
7,2025-01-26,468,452
7,2025-01-27,435,452
7,2025-01-28,394,452
7,2025-01-29,366,452
7,2025-01-30,324,452
7,2025-01-31,280,452
7,2025-02-01,255,452
7,2025-02-02,223,452
7,2025-02-03,187,452
7,2025-02-04,170,452
7,2025-02-05,444,452
7,2025-02-06,398,452
7,2025-02-07,363,452
7,2025-02-08,331,452
7,2025-02-09,314,452
7,2025-02-10,269,452
7,2025-02-11,232,452
7,2025-02-12,509,452
7,2025-02-13,482,452
7,2025-02-14,434,452
7,2025-02-15,406,452
7,2025-02-16,390,452
7,2025-02-17,353,452
7,2025-02-18,319,452
7,2025-02-19,293,452
7,2025-02-20,250,452
7,2025-02-21,218,452
7,2025-02-22,490,425
7,2025-02-23,473,425
7,2025-02-24,435,425
7,2025-02-25,403,425
7,2025-02-26,367,425
7,2025-02-27,311,425
7,2025-02-28,263,425
7,2025-03-01,225,425
7,2025-03-02,194,425
7,2025-03-03,152,425
7,2025-03-04,414,425
7,2025-03-05,370,425
7,2025-03-06,328,425
7,2025-03-07,281,425
7,2025-03-08,246,425
7,2025-03-09,221,425
7,2025-03-10,178,425
7,2025-03-11,141,425
7,2025-03-12,104,425
7,2025-03-13,362,425
7,2025-03-14,318,425
7,2025-03-15,292,425
7,2025-03-16,276,425
7,2025-03-17,223,425
7,2025-03-18,171,425
7,2025-03-19,136,425
7,2025-03-20,390,425
7,2025-03-21,351,425
7,2025-03-22,306,425
7,2025-03-23,286,425
7,2025-03-24,249,428
7,2025-03-25,201,428
7,2025-03-26,162,428
7,2025-03-27,121,428
7,2025-03-28,76,428
7,2025-03-29,36,428
7,2025-03-30,331,428
7,2025-03-31,296,428
7,2025-04-01,236,428
7,2025-04-02,189,428
7,2025-04-03,133,428
7,2025-04-04,77,428
7,2025-04-05,363,428
7,2025-04-06,347,428
7,2025-04-07,298,428
7,2025-04-08,257,428
7,2025-04-09,206,428
7,2025-04-10,151,428
7,2025-04-11,107,428
7,2025-04-12,60,428
7,2025-04-13,36,428
7,2025-04-14,283,428
7,2025-04-15,217,428
7,2025-04-16,157,428
7,2025-04-17,111,428
7,2025-04-18,48,428
7,2025-04-19,0,428
7,2025-04-20,0,428
7,2025-04-21,335,428
7,2025-04-22,274,428
7,2025-04-23,234,509
7,2025-04-24,178,509
7,2025-04-25,123,509
7,2025-04-26,90,509
7,2025-04-27,63,509
7,2025-04-28,348,509
7,2025-04-29,307,509
7,2025-04-30,255,509
7,2025-05-01,194,509
7,2025-05-02,138,509
7,2025-05-03,77,509
7,2025-05-04,490,509
7,2025-05-05,423,509
7,2025-05-06,374,509
7,2025-05-07,310,509
7,2025-05-08,252,509
7,2025-05-09,200,509
7,2025-05-10,162,509
7,2025-05-11,141,509
7,2025-05-12,91,509
7,2025-05-13,421,509
7,2025-05-14,369,509
7,2025-05-15,304,509
7,2025-05-16,255,509
7,2025-05-17,213,509
7,2025-05-18,191,509
7,2025-05-19,154,509
7,2025-05-20,107,509
7,2025-05-21,55,509
7,2025-05-22,373,509
7,2025-05-23,278,569
7,2025-05-24,224,569
7,2025-05-25,206,569
7,2025-05-26,129,569
7,2025-05-27,81,569
7,2025-05-28,12,569
7,2025-05-29,378,569
7,2025-05-30,315,569
7,2025-05-31,274,569
7,2025-06-01,253,569
7,2025-06-02,191,569
7,2025-06-03,150,569
7,2025-06-04,101,569
7,2025-06-05,61,569
7,2025-06-06,532,569
7,2025-06-07,473,569
7,2025-06-08,443,569
7,2025-06-09,395,569
7,2025-06-10,349,569
7,2025-06-11,285,569
7,2025-06-12,231,569
7,2025-06-13,194,569
7,2025-06-14,156,569
7,2025-06-15,547,569
7,2025-06-16,503,569
7,2025-06-17,466,569
7,2025-06-18,424,569
7,2025-06-19,370,569
7,2025-06-20,303,569
7,2025-06-21,249,569
7,2025-06-22,231,585
7,2025-06-23,576,585
7,2025-06-24,530,585
7,2025-06-25,473,585
7,2025-06-26,418,585
7,2025-06-27,373,585
7,2025-06-28,333,585
7,2025-06-29,310,585
7,2025-06-30,266,585
7,2025-07-01,681,585
7,2025-07-02,634,585
7,2025-07-03,582,585
7,2025-07-04,535,585
7,2025-07-05,504,585
7,2025-07-06,491,585
7,2025-07-07,445,585
7,2025-07-08,395,585
7,2025-07-09,354,585
7,2025-07-10,311,585
7,2025-07-11,688,585
7,2025-07-12,650,585
7,2025-07-13,620,585
7,2025-07-14,579,585
7,2025-07-15,525,585
7,2025-07-16,493,585
7,2025-07-17,456,585
7,2025-07-18,422,585
7,2025-07-19,380,585
7,2025-07-20,369,585
7,2025-07-21,332,585
7,2025-07-22,293,530
7,2025-07-23,639,530
7,2025-07-24,592,530
7,2025-07-25,567,530
7,2025-07-26,545,530
7,2025-07-27,527,530
7,2025-07-28,480,530
7,2025-07-29,448,530
7,2025-07-30,418,530
7,2025-07-31,382,530
7,2025-08-01,351,530
7,2025-08-02,315,530
7,2025-08-03,295,530
7,2025-08-04,262,530
7,2025-08-05,231,530
7,2025-08-06,561,530
7,2025-08-07,523,530
7,2025-08-08,486,530
7,2025-08-09,450,530
7,2025-08-10,428,530
7,2025-08-11,400,530
7,2025-08-12,363,530
7,2025-08-13,328,530
7,2025-08-14,293,530
7,2025-08-15,249,530
7,2025-08-16,205,530
7,2025-08-17,189,530
7,2025-08-18,533,530
7,2025-08-19,486,530
7,2025-08-20,440,530
7,2025-08-21,402,443
7,2025-08-22,348,443
7,2025-08-23,312,443
7,2025-08-24,297,443
7,2025-08-25,264,443
7,2025-08-26,205,443
7,2025-08-27,166,443
7,2025-08-28,119,443
7,2025-08-29,478,443
7,2025-08-30,448,443
7,2025-08-31,435,443
7,2025-09-01,391,443
7,2025-09-02,344,443
7,2025-09-03,312,443
7,2025-09-04,281,443
7,2025-09-05,235,443
7,2025-09-06,208,443
7,2025-09-07,182,443
7,2025-09-08,451,443
7,2025-09-09,409,443
7,2025-09-10,392,443
7,2025-09-11,354,443
7,2025-09-12,323,443
7,2025-09-13,284,443
7,2025-09-14,271,443
7,2025-09-15,212,443
7,2025-09-16,177,443
7,2025-09-17,143,443
7,2025-09-18,104,443
7,2025-09-19,369,443
7,2025-09-20,342,423
7,2025-09-21,326,423
7,2025-09-22,290,423
7,2025-09-23,250,423
7,2025-09-24,198,423
7,2025-09-25,151,423
7,2025-09-26,124,423
7,2025-09-27,90,423
7,2025-09-28,401,423
7,2025-09-29,362,423
7,2025-09-30,323,423
7,2025-10-01,287,423
7,2025-10-02,262,423
7,2025-10-03,233,423
7,2025-10-04,197,423
7,2025-10-05,479,423
7,2025-10-06,444,423
7,2025-10-07,367,423
7,2025-10-08,343,423
7,2025-10-09,307,423
7,2025-10-10,266,423
7,2025-10-11,241,423
7,2025-10-12,224,423
7,2025-10-13,173,423
7,2025-10-14,129,423
7,2025-10-15,87,423
7,2025-10-16,348,423
7,2025-10-17,319,423
7,2025-10-18,291,423
7,2025-10-19,272,423
7,2025-10-20,246,418
7,2025-10-21,205,418
7,2025-10-22,174,418
7,2025-10-23,455,418
7,2025-10-24,420,418
7,2025-10-25,377,418
7,2025-10-26,362,418
7,2025-10-27,327,418
7,2025-10-28,278,418
7,2025-10-29,250,418
7,2025-10-30,215,418
7,2025-10-31,456,418
7,2025-11-01,424,418
7,2025-11-02,401,418
7,2025-11-03,367,418
7,2025-11-04,311,418
7,2025-11-05,265,418
7,2025-11-06,226,418
7,2025-11-07,165,418
7,2025-11-08,145,418
7,2025-11-09,132,418
7,2025-11-10,90,418
7,2025-11-11,343,418
7,2025-11-12,300,418
7,2025-11-13,265,418
7,2025-11-14,225,418
7,2025-11-15,188,418
7,2025-11-16,163,418
7,2025-11-17,128,418
7,2025-11-18,94,418
7,2025-11-19,31,416
7,2025-11-20,324,416
7,2025-11-21,284,416
7,2025-11-22,249,416
7,2025-11-23,240,416
7,2025-11-24,204,416
7,2025-11-25,165,416
7,2025-11-26,445,416
7,2025-11-27,403,416
7,2025-11-28,346,416
7,2025-11-29,309,416
7,2025-11-30,290,416
7,2025-12-01,253,416
7,2025-12-02,207,416
7,2025-12-03,162,416
7,2025-12-04,437,416
7,2025-12-05,377,416
7,2025-12-06,348,416
7,2025-12-07,326,416
7,2025-12-08,297,416
7,2025-12-09,266,416
7,2025-12-10,226,416
7,2025-12-11,190,416
7,2025-12-12,137,416
7,2025-12-13,100,416
7,2025-12-14,395,416
7,2025-12-15,356,416
7,2025-12-16,317,416
7,2025-12-17,256,416
7,2025-12-18,203,416
7,2025-12-19,165,442
7,2025-12-20,112,442
7,2025-12-21,99,442
7,2025-12-22,60,442
7,2025-12-23,314,442
7,2025-12-24,269,442
7,2025-12-25,240,442
7,2025-12-26,153,442
7,2025-12-27,112,442
7,2025-12-28,79,442
7,2025-12-29,48,442
7,2025-12-30,13,442
7,2025-12-31,369,442
7,2026-01-01,334,442
7,2026-01-02,277,442
7,2026-01-03,265,442
7,2026-01-04,251,442
7,2026-01-05,222,442
7,2026-01-06,511,442
7,2026-01-07,469,442
7,2026-01-08,437,442
7,2026-01-09,405,442
7,2026-01-10,382,442
7,2026-01-11,359,442
7,2026-01-12,320,442
7,2026-01-13,280,442
7,2026-01-14,238,442
7,2026-01-15,207,442
7,2026-01-16,464,442
7,2026-01-17,433,442
7,2026-01-18,409,446
7,2026-01-19,363,446
7,2026-01-20,316,446
7,2026-01-21,289,446
7,2026-01-22,260,446
7,2026-01-23,232,446
7,2026-01-24,197,446
7,2026-01-25,179,446
7,2026-01-26,480,446
7,2026-01-27,430,446
7,2026-01-28,379,446
7,2026-01-29,336,446
7,2026-01-30,310,446
7,2026-01-31,282,446
7,2026-02-01,262,446
7,2026-02-02,231,446
7,2026-02-03,187,446
7,2026-02-04,468,446
7,2026-02-05,436,446
7,2026-02-06,399,446
7,2026-02-07,370,446
7,2026-02-08,358,446
7,2026-02-09,314,446
7,2026-02-10,275,446
7,2026-02-11,230,446
7,2026-02-12,196,446
7,2026-02-13,164,446
7,2026-02-14,127,446
7,2026-02-15,409,446
7,2026-02-16,375,446
7,2026-02-17,348,419
7,2026-02-18,308,419
7,2026-02-19,279,419
7,2026-02-20,255,419
7,2026-02-21,223,419
7,2026-02-22,194,419
7,2026-02-23,483,419
7,2026-02-24,448,419
7,2026-02-25,407,419
7,2026-02-26,384,419
7,2026-02-27,341,419
7,2026-02-28,314,419
7,2026-03-01,292,419
7,2026-03-02,252,419
7,2026-03-03,213,419
7,2026-03-04,172,419
7,2026-03-05,446,419
7,2026-03-06,403,419
7,2026-03-07,365,419
7,2026-03-08,347,419
7,2026-03-09,317,419
7,2026-03-10,280,419
7,2026-03-11,242,419
7,2026-03-12,197,419
7,2026-03-13,157,419
7,2026-03-14,414,419
7,2026-03-15,389,419
7,2026-03-16,350,419
7,2026-03-17,299,419
7,2026-03-18,258,419
7,2026-03-19,212,413
7,2026-03-20,181,413
7,2026-03-21,143,413
7,2026-03-22,129,413
7,2026-03-23,92,413
7,2026-03-24,356,413
7,2026-03-25,308,413
7,2026-03-26,246,413
7,2026-03-27,213,413
7,2026-03-28,184,413
7,2026-03-29,169,413
7,2026-03-30,125,413
7,2026-03-31,85,413
7,2026-04-01,325,413
7,2026-04-02,269,413
7,2026-04-03,212,413
7,2026-04-04,170,413
7,2026-04-05,147,413
7,2026-04-06,89,413
7,2026-04-07,50,413
7,2026-04-08,331,413
7,2026-04-09,288,413
7,2026-04-10,250,413
7,2026-04-11,204,413
7,2026-04-12,185,413
7,2026-04-13,131,413
7,2026-04-14,93,413
7,2026-04-15,45,413
7,2026-04-16,0,413
7,2026-04-17,251,413
7,2026-04-18,219,461
7,2026-04-19,190,461
7,2026-04-20,130,461
7,2026-04-21,85,461
7,2026-04-22,17,461
7,2026-04-23,364,461
7,2026-04-24,331,461
7,2026-04-25,289,461
7,2026-04-26,266,461
7,2026-04-27,224,461
7,2026-04-28,174,461
7,2026-04-29,117,461
7,2026-04-30,81,461
7,2026-05-01,393,461
7,2026-05-02,350,461
7,2026-05-03,324,461
7,2026-05-04,285,461
7,2026-05-05,234,461
7,2026-05-06,181,461
7,2026-05-07,454,461
7,2026-05-08,396,461
7,2026-05-09,351,461
7,2026-05-10,323,461
7,2026-05-11,248,461
7,2026-05-12,218,461
7,2026-05-13,177,461
7,2026-05-14,131,461
7,2026-05-15,411,461
7,2026-05-16,369,461
7,2026-05-17,350,461
7,2026-05-18,293,513
7,2026-05-19,231,513
7,2026-05-20,179,513
7,2026-05-21,128,513
7,2026-05-22,67,513
7,2026-05-23,28,513
7,2026-05-24,324,513
7,2026-05-25,273,513
7,2026-05-26,238,513
7,2026-05-27,189,513
7,2026-05-28,142,513
7,2026-05-29,86,513
7,2026-05-30,30,513
7,2026-05-31,10,513
7,2026-06-01,438,513
7,2026-06-02,384,513
7,2026-06-03,342,513
7,2026-06-04,292,513
7,2026-06-05,230,513
7,2026-06-06,194,513
7,2026-06-07,169,513
7,2026-06-08,112,513
7,2026-06-09,63,513
7,2026-06-10,383,513
7,2026-06-11,329,513
7,2026-06-12,292,513
7,2026-06-13,263,513
7,2026-06-14,245,513
7,2026-06-15,180,513
7,2026-06-16,123,513
7,2026-06-17,81,539
7,2026-06-18,443,539
7,2026-06-19,394,539
7,2026-06-20,355,539
7,2026-06-21,341,539
7,2026-06-22,287,539
7,2026-06-23,245,539
7,2026-06-24,175,539
7,2026-06-25,143,539
7,2026-06-26,486,539
7,2026-06-27,447,539
7,2026-06-28,426,539
7,2026-06-29,377,539
7,2026-06-30,318,539
7,2026-07-01,279,539
7,2026-07-02,226,539
7,2026-07-03,187,539
7,2026-07-04,161,539
7,2026-07-05,500,539
7,2026-07-06,472,539
7,2026-07-07,427,539
7,2026-07-08,381,539
7,2026-07-09,338,539
7,2026-07-10,297,539
7,2026-07-11,267,539
7,2026-07-12,617,539
7,2026-07-13,580,539
7,2026-07-14,540,539
7,2026-07-15,484,539
7,2026-07-16,437,539
7,2026-07-17,407,526
7,2026-07-18,373,526
7,2026-07-19,360,526
7,2026-07-20,314,526
7,2026-07-21,284,526
7,2026-07-22,236,526
7,2026-07-23,206,526
7,2026-07-24,531,526
7,2026-07-25,491,526
7,2026-07-26,474,526
7,2026-07-27,438,526
7,2026-07-28,402,526
7,2026-07-29,367,526
7,2026-07-30,329,526
7,2026-07-31,295,526
7,2026-08-01,261,526
7,2026-08-02,593,526
7,2026-08-03,548,526
7,2026-08-04,508,526
7,2026-08-05,472,526
7,2026-08-06,436,526
7,2026-08-07,405,526
7,2026-08-08,379,526
7,2026-08-09,362,526
7,2026-08-10,323,526
7,2026-08-11,652,526
7,2026-08-12,612,526
7,2026-08-13,583,526
7,2026-08-14,556,526
7,2026-08-15,534,526
7,2026-08-16,512,443
7,2026-08-17,494,443
7,2026-08-18,448,443
7,2026-08-19,412,443
7,2026-08-20,370,443
7,2026-08-21,333,443
7,2026-08-22,295,443
7,2026-08-23,268,443
7,2026-08-24,233,443
7,2026-08-25,178,443
7,2026-08-26,442,443
7,2026-08-27,420,443
7,2026-08-28,376,443
7,2026-08-29,344,443
7,2026-08-30,326,443
7,2026-08-31,299,443
7,2026-09-01,256,443
7,2026-09-02,219,443
7,2026-09-03,491,443
7,2026-09-04,455,443
7,2026-09-05,419,443
7,2026-09-06,402,443
7,2026-09-07,372,443
7,2026-09-08,336,443
7,2026-09-09,311,443
7,2026-09-10,275,443
7,2026-09-11,255,443
7,2026-09-12,241,443
7,2026-09-13,545,443
7,2026-09-14,508,443
7,2026-09-15,471,393
7,2026-09-16,444,393
7,2026-09-17,401,393
7,2026-09-18,362,393
7,2026-09-19,329,393
7,2026-09-20,307,393
7,2026-09-21,269,393
7,2026-09-22,232,393
7,2026-09-23,201,393
7,2026-09-24,157,393
7,2026-09-25,118,393
7,2026-09-26,93,393
7,2026-09-27,364,393
7,2026-09-28,333,393
7,2026-09-29,290,393
7,2026-09-30,259,393
8,2023-10-01,1956,651
8,2023-10-02,1907,651
8,2023-10-03,1863,651
8,2023-10-04,1814,651
8,2023-10-05,1756,651
8,2023-10-06,1710,651
8,2023-10-07,1677,651
8,2023-10-08,1663,651
8,2023-10-09,1616,651
8,2023-10-10,1552,651
8,2023-10-11,1498,651
8,2023-10-12,1457,651
8,2023-10-13,1420,651
8,2023-10-14,1372,651
8,2023-10-15,1345,651
8,2023-10-16,1303,651
8,2023-10-17,1232,651
8,2023-10-18,1185,651
8,2023-10-19,1129,651
8,2023-10-20,1075,651
8,2023-10-21,1034,651
8,2023-10-22,1010,651
8,2023-10-23,959,651
8,2023-10-24,914,651
8,2023-10-25,860,651
8,2023-10-26,799,651
8,2023-10-27,1597,651
8,2023-10-28,1552,651
8,2023-10-29,1536,651
8,2023-10-30,1483,651
8,2023-10-31,1432,651
8,2023-11-01,1389,651
8,2023-11-02,1347,651
8,2023-11-03,1292,651
8,2023-11-04,1238,651
8,2023-11-05,1221,651
8,2023-11-06,1153,651
8,2023-11-07,1104,651
8,2023-11-08,1063,651
8,2023-11-09,1008,651
8,2023-11-10,964,651
8,2023-11-11,917,651
8,2023-11-12,1712,651
8,2023-11-13,1657,651
8,2023-11-14,1604,651
8,2023-11-15,1549,651
8,2023-11-16,1486,651
8,2023-11-17,1420,651
8,2023-11-18,1370,651
8,2023-11-19,1340,651
8,2023-11-20,1293,651
8,2023-11-21,1234,651
8,2023-11-22,1176,651
8,2023-11-23,1138,651
8,2023-11-24,1082,651
8,2023-11-25,1026,651
8,2023-11-26,1007,651
8,2023-11-27,928,651
8,2023-11-28,872,651
8,2023-11-29,810,651
8,2023-11-30,756,573
8,2023-12-01,681,573
8,2023-12-02,1483,573
8,2023-12-03,1463,573
8,2023-12-04,1384,573
8,2023-12-05,1324,573
8,2023-12-06,1255,573
8,2023-12-07,1200,573
8,2023-12-08,1145,573
8,2023-12-09,1101,573
8,2023-12-10,1074,573
8,2023-12-11,1007,573
8,2023-12-12,938,573
8,2023-12-13,882,573
8,2023-12-14,816,573
8,2023-12-15,749,573
8,2023-12-16,690,573
8,2023-12-17,674,573
8,2023-12-18,609,573
8,2023-12-19,1234,573
8,2023-12-20,1184,573
8,2023-12-21,1114,573
8,2023-12-22,1069,573
8,2023-12-23,1022,573
8,2023-12-24,1006,573
8,2023-12-25,955,573
8,2023-12-26,885,573
8,2023-12-27,826,573
8,2023-12-28,773,573
8,2023-12-29,1423,573
8,2023-12-30,1377,642
8,2023-12-31,1352,642
8,2024-01-01,1286,642
8,2024-01-02,1221,642
8,2024-01-03,1140,642
8,2024-01-04,1101,642
8,2024-01-05,1053,642
8,2024-01-06,1023,642
8,2024-01-07,995,642
8,2024-01-08,960,642
8,2024-01-09,912,642
8,2024-01-10,866,642
8,2024-01-11,812,642
8,2024-01-12,1576,642
8,2024-01-13,1527,642
8,2024-01-14,1497,642
8,2024-01-15,1444,642
8,2024-01-16,1402,642
8,2024-01-17,1337,642
8,2024-01-18,1270,642
8,2024-01-19,1215,642
8,2024-01-20,1173,642
8,2024-01-21,1155,642
8,2024-01-22,1105,642
8,2024-01-23,1033,642
8,2024-01-24,991,642
8,2024-01-25,956,642
8,2024-01-26,916,642
8,2024-01-27,878,642
8,2024-01-28,856,642
8,2024-01-29,1588,618
8,2024-01-30,1546,618
8,2024-01-31,1493,618
8,2024-02-01,1467,618
8,2024-02-02,1413,618
8,2024-02-03,1370,618
8,2024-02-04,1350,618
8,2024-02-05,1309,618
8,2024-02-06,1263,618
8,2024-02-07,1200,618
8,2024-02-08,1124,618
8,2024-02-09,1080,618
8,2024-02-10,1034,618
8,2024-02-11,1013,618
8,2024-02-12,955,618
8,2024-02-13,905,618
8,2024-02-14,862,618
8,2024-02-15,807,618
8,2024-02-16,772,618
8,2024-02-17,732,618
8,2024-02-18,1514,618
8,2024-02-19,1466,618
8,2024-02-20,1412,618
8,2024-02-21,1368,618
8,2024-02-22,1313,618
8,2024-02-23,1265,618
8,2024-02-24,1207,618
8,2024-02-25,1180,618
8,2024-02-26,1140,618
8,2024-02-27,1080,618
8,2024-02-28,1005,554
8,2024-02-29,959,554
8,2024-03-01,907,554
8,2024-03-02,865,554
8,2024-03-03,836,554
8,2024-03-04,780,554
8,2024-03-05,702,554
8,2024-03-06,1475,554
8,2024-03-07,1406,554
8,2024-03-08,1356,554
8,2024-03-09,1318,554
8,2024-03-10,1285,554
8,2024-03-11,1242,554
8,2024-03-12,1191,554
8,2024-03-13,1149,554
8,2024-03-14,1092,554
8,2024-03-15,1043,554
8,2024-03-16,991,554
8,2024-03-17,951,554
8,2024-03-18,881,554
8,2024-03-19,826,554
8,2024-03-20,767,554
8,2024-03-21,729,554
8,2024-03-22,672,554
8,2024-03-23,624,554
8,2024-03-24,595,554
8,2024-03-25,1251,554
8,2024-03-26,1189,554
8,2024-03-27,1155,554
8,2024-03-28,1087,554
8,2024-03-29,1042,577
8,2024-03-30,973,577
8,2024-03-31,941,577
8,2024-04-01,883,577
8,2024-04-02,806,577
8,2024-04-03,747,577
8,2024-04-04,691,577
8,2024-04-05,1420,577
8,2024-04-06,1357,577
8,2024-04-07,1327,577
8,2024-04-08,1267,577
8,2024-04-09,1206,577
8,2024-04-10,1140,577
8,2024-04-11,1056,577
8,2024-04-12,984,577
8,2024-04-13,930,577
8,2024-04-14,904,577
8,2024-04-15,835,577
8,2024-04-16,764,577
8,2024-04-17,696,577
8,2024-04-18,610,577
8,2024-04-19,551,577
8,2024-04-20,503,577
8,2024-04-21,1246,577
8,2024-04-22,1191,577
8,2024-04-23,1120,577
8,2024-04-24,1059,577
8,2024-04-25,1010,577
8,2024-04-26,934,577
8,2024-04-27,853,577
8,2024-04-28,825,659
8,2024-04-29,769,659
8,2024-04-30,709,659
8,2024-05-01,1402,659
8,2024-05-02,1331,659
8,2024-05-03,1238,659
8,2024-05-04,1184,659
8,2024-05-05,1140,659
8,2024-05-06,1072,659
8,2024-05-07,969,659
8,2024-05-08,916,659
8,2024-05-09,863,659
8,2024-05-10,780,659
8,2024-05-11,1543,659
8,2024-05-12,1503,659
8,2024-05-13,1428,659
8,2024-05-14,1357,659
8,2024-05-15,1293,659
8,2024-05-16,1208,659
8,2024-05-17,1144,659
8,2024-05-18,1095,659
8,2024-05-19,1070,659
8,2024-05-20,962,659
8,2024-05-21,903,659
8,2024-05-22,848,659
8,2024-05-23,782,659
8,2024-05-24,1563,659
8,2024-05-25,1519,659
8,2024-05-26,1482,659
8,2024-05-27,1415,659
8,2024-05-28,1346,736
8,2024-05-29,1270,736
8,2024-05-30,1208,736
8,2024-05-31,1150,736
8,2024-06-01,1078,736
8,2024-06-02,1041,736
8,2024-06-03,979,736
8,2024-06-04,922,736
8,2024-06-05,866,736
8,2024-06-06,1771,736
8,2024-06-07,1680,736
8,2024-06-08,1624,736
8,2024-06-09,1593,736
8,2024-06-10,1531,736
8,2024-06-11,1479,736
8,2024-06-12,1418,736
8,2024-06-13,1362,736
8,2024-06-14,1317,736
8,2024-06-15,1235,736
8,2024-06-16,1207,736
8,2024-06-17,1144,736
8,2024-06-18,1069,736
8,2024-06-19,1000,736
8,2024-06-20,1862,736
8,2024-06-21,1803,736
8,2024-06-22,1752,736
8,2024-06-23,1739,736
8,2024-06-24,1668,736
8,2024-06-25,1587,736
8,2024-06-26,1531,736
8,2024-06-27,1479,734
8,2024-06-28,1420,734
8,2024-06-29,1362,734
8,2024-06-30,1324,734
8,2024-07-01,1252,734
8,2024-07-02,1186,734
8,2024-07-03,1129,734
8,2024-07-04,1070,734
8,2024-07-05,1027,734
8,2024-07-06,985,734
8,2024-07-07,959,734
8,2024-07-08,920,734
8,2024-07-09,1872,734
8,2024-07-10,1787,734
8,2024-07-11,1745,734
8,2024-07-12,1683,734
8,2024-07-13,1650,734
8,2024-07-14,1627,734
8,2024-07-15,1581,734
8,2024-07-16,1535,734
8,2024-07-17,1460,734
8,2024-07-18,1417,734
8,2024-07-19,1365,734
8,2024-07-20,1330,734
8,2024-07-21,1311,734
8,2024-07-22,1249,734
8,2024-07-23,1192,734
8,2024-07-24,1143,734
8,2024-07-25,1087,734
8,2024-07-26,1023,734
8,2024-07-27,1887,657
8,2024-07-28,1852,657
8,2024-07-29,1804,657
8,2024-07-30,1748,657
8,2024-07-31,1684,657
8,2024-08-01,1644,657
8,2024-08-02,1605,657
8,2024-08-03,1547,657
8,2024-08-04,1523,657
8,2024-08-05,1485,657
8,2024-08-06,1432,657
8,2024-08-07,1385,657
8,2024-08-08,1353,657
8,2024-08-09,1307,657
8,2024-08-10,1256,657
8,2024-08-11,1234,657
8,2024-08-12,1184,657
8,2024-08-13,1139,657
8,2024-08-14,1103,657
8,2024-08-15,1049,657
8,2024-08-16,997,657
8,2024-08-17,969,657
8,2024-08-18,943,657
8,2024-08-19,882,657
8,2024-08-20,827,657
8,2024-08-21,1583,657
8,2024-08-22,1530,657
8,2024-08-23,1495,657
8,2024-08-24,1442,657
8,2024-08-25,1409,657
8,2024-08-26,1333,581
8,2024-08-27,1277,581
8,2024-08-28,1228,581
8,2024-08-29,1166,581
8,2024-08-30,1119,581
8,2024-08-31,1080,581
8,2024-09-01,1065,581
8,2024-09-02,1014,581
8,2024-09-03,969,581
8,2024-09-04,925,581
8,2024-09-05,874,581
8,2024-09-06,792,581
8,2024-09-07,734,581
8,2024-09-08,718,581
8,2024-09-09,1432,581
8,2024-09-10,1387,581
8,2024-09-11,1335,581
8,2024-09-12,1285,581
8,2024-09-13,1206,581
8,2024-09-14,1169,581
8,2024-09-15,1145,581
8,2024-09-16,1093,581
8,2024-09-17,1052,581
8,2024-09-18,1000,581
8,2024-09-19,951,581
8,2024-09-20,909,581
8,2024-09-21,872,581
8,2024-09-22,842,581
8,2024-09-23,805,581
8,2024-09-24,768,581
8,2024-09-25,713,562
8,2024-09-26,1425,562
8,2024-09-27,1378,562
8,2024-09-28,1341,562
8,2024-09-29,1320,562
8,2024-09-30,1268,562
8,2024-10-01,1222,562
8,2024-10-02,1160,562
8,2024-10-03,1101,562
8,2024-10-04,1061,562
8,2024-10-05,1034,562
8,2024-10-06,1012,562
8,2024-10-07,964,562
8,2024-10-08,915,562
8,2024-10-09,870,562
8,2024-10-10,820,562
8,2024-10-11,781,562
8,2024-10-12,741,562
8,2024-10-13,727,562
8,2024-10-14,1380,562
8,2024-10-15,1322,562
8,2024-10-16,1259,562
8,2024-10-17,1202,562
8,2024-10-18,1149,562
8,2024-10-19,1090,562
8,2024-10-20,1058,562
8,2024-10-21,1016,562
8,2024-10-22,970,562
8,2024-10-23,913,562
8,2024-10-24,882,562
8,2024-10-25,824,552
8,2024-10-26,784,552
8,2024-10-27,764,552
8,2024-10-28,722,552
8,2024-10-29,679,552
8,2024-10-30,1366,552
8,2024-10-31,1312,552
8,2024-11-01,1247,552
8,2024-11-02,1210,552
8,2024-11-03,1175,552
8,2024-11-04,1131,552
8,2024-11-05,1071,552
8,2024-11-06,1028,552
8,2024-11-07,990,552
8,2024-11-08,934,552
8,2024-11-09,890,552
8,2024-11-10,867,552
8,2024-11-11,818,552
8,2024-11-12,764,552
8,2024-11-13,715,552
8,2024-11-14,652,552
8,2024-11-15,1271,552
8,2024-11-16,1239,552
8,2024-11-17,1212,552
8,2024-11-18,1143,552
8,2024-11-19,1081,552
8,2024-11-20,1029,552
8,2024-11-21,989,552
8,2024-11-22,943,552
8,2024-11-23,901,552
8,2024-11-24,869,556
8,2024-11-25,824,556
8,2024-11-26,772,556
8,2024-11-27,694,556
8,2024-11-28,635,556
8,2024-11-29,1275,556
8,2024-11-30,1230,556
8,2024-12-01,1210,556
8,2024-12-02,1148,556
8,2024-12-03,1079,556
8,2024-12-04,1021,556
8,2024-12-05,962,556
8,2024-12-06,916,556
8,2024-12-07,867,556
8,2024-12-08,835,556
8,2024-12-09,782,556
8,2024-12-10,737,556
8,2024-12-11,680,556
8,2024-12-12,612,556
8,2024-12-13,567,556
8,2024-12-14,1263,556
8,2024-12-15,1237,556
8,2024-12-16,1189,556
8,2024-12-17,1122,556
8,2024-12-18,1063,556
8,2024-12-19,1019,556
8,2024-12-20,967,556
8,2024-12-21,917,556
8,2024-12-22,892,556
8,2024-12-23,816,556
8,2024-12-24,754,587
8,2024-12-25,683,587
8,2024-12-26,627,587
8,2024-12-27,572,587
8,2024-12-28,526,587
8,2024-12-29,1226,587
8,2024-12-30,1168,587
8,2024-12-31,1125,587
8,2025-01-01,1084,587
8,2025-01-02,1023,587
8,2025-01-03,980,587
8,2025-01-04,938,587
8,2025-01-05,910,587
8,2025-01-06,862,587
8,2025-01-07,821,587
8,2025-01-08,787,587
8,2025-01-09,739,587
8,2025-01-10,1465,587
8,2025-01-11,1423,587
8,2025-01-12,1399,587
8,2025-01-13,1356,587
8,2025-01-14,1330,587
8,2025-01-15,1291,587
8,2025-01-16,1245,587
8,2025-01-17,1200,587
8,2025-01-18,1163,587
8,2025-01-19,1138,587
8,2025-01-20,1080,587
8,2025-01-21,1040,587
8,2025-01-22,992,587
8,2025-01-23,944,567
8,2025-01-24,897,567
8,2025-01-25,851,567
8,2025-01-26,828,567
8,2025-01-27,771,567
8,2025-01-28,1481,567
8,2025-01-29,1433,567
8,2025-01-30,1389,567
8,2025-01-31,1337,567
8,2025-02-01,1300,567
8,2025-02-02,1279,567
8,2025-02-03,1243,567
8,2025-02-04,1208,567
8,2025-02-05,1156,567
8,2025-02-06,1093,567
8,2025-02-07,1057,567
8,2025-02-08,1019,567
8,2025-02-09,994,567
8,2025-02-10,936,567
8,2025-02-11,871,567
8,2025-02-12,826,567
8,2025-02-13,773,567
8,2025-02-14,736,567
8,2025-02-15,690,567
8,2025-02-16,669,567
8,2025-02-17,1341,567
8,2025-02-18,1288,567
8,2025-02-19,1230,567
8,2025-02-20,1194,567
8,2025-02-21,1139,567
8,2025-02-22,1104,528
8,2025-02-23,1077,528
8,2025-02-24,1013,528
8,2025-02-25,948,528
8,2025-02-26,923,528
8,2025-02-27,871,528
8,2025-02-28,822,528
8,2025-03-01,777,528
8,2025-03-02,759,528
8,2025-03-03,709,528
8,2025-03-04,1338,528
8,2025-03-05,1290,528
8,2025-03-06,1241,528
8,2025-03-07,1186,528
8,2025-03-08,1125,528
8,2025-03-09,1099,528
8,2025-03-10,1055,528
8,2025-03-11,1002,528
8,2025-03-12,959,528
8,2025-03-13,923,528
8,2025-03-14,874,528
8,2025-03-15,818,528
8,2025-03-16,797,528
8,2025-03-17,752,528
8,2025-03-18,704,528
8,2025-03-19,1341,528
8,2025-03-20,1290,528
8,2025-03-21,1235,528
8,2025-03-22,1183,528
8,2025-03-23,1164,528
8,2025-03-24,1110,528
8,2025-03-25,1060,528
8,2025-03-26,1007,528
8,2025-03-27,957,528
8,2025-03-28,905,528
8,2025-03-29,852,528
8,2025-03-30,830,528
8,2025-03-31,776,528
8,2025-04-01,713,528
8,2025-04-02,650,528
8,2025-04-03,520,528
8,2025-04-04,455,528
8,2025-04-05,398,528
8,2025-04-06,1085,528
8,2025-04-07,1022,528
8,2025-04-08,943,528
8,2025-04-09,885,528
8,2025-04-10,838,528
8,2025-04-11,774,528
8,2025-04-12,730,528
8,2025-04-13,706,528
8,2025-04-14,1301,528
8,2025-04-15,1254,528
8,2025-04-16,1200,528
8,2025-04-17,1138,528
8,2025-04-18,1065,528
8,2025-04-19,1000,528
8,2025-04-20,957,528
8,2025-04-21,887,528
8,2025-04-22,832,528
8,2025-04-23,766,606
8,2025-04-24,700,606
8,2025-04-25,655,606
8,2025-04-26,596,606
8,2025-04-27,554,606
8,2025-04-28,450,606
8,2025-04-29,1093,606
8,2025-04-30,1038,606
8,2025-05-01,970,606
8,2025-05-02,897,606
8,2025-05-03,836,606
8,2025-05-04,817,606
8,2025-05-05,754,606
8,2025-05-06,1519,606
8,2025-05-07,1442,606
8,2025-05-08,1356,606
8,2025-05-09,1308,606
8,2025-05-10,1259,606
8,2025-05-11,1215,606
8,2025-05-12,1146,606
8,2025-05-13,1090,606
8,2025-05-14,1038,606
8,2025-05-15,990,606
8,2025-05-16,906,606
8,2025-05-17,855,606
8,2025-05-18,831,606
8,2025-05-19,779,606
8,2025-05-20,1486,606
8,2025-05-21,1422,606
8,2025-05-22,1359,606
8,2025-05-23,1290,695
8,2025-05-24,1226,695
8,2025-05-25,1197,695
8,2025-05-26,1125,695
8,2025-05-27,1048,695
8,2025-05-28,982,695
8,2025-05-29,917,695
8,2025-05-30,866,695
8,2025-05-31,808,695
8,2025-06-01,778,695
8,2025-06-02,1602,695
8,2025-06-03,1540,695
8,2025-06-04,1483,695
8,2025-06-05,1435,695
8,2025-06-06,1332,695
8,2025-06-07,1289,695
8,2025-06-08,1257,695
8,2025-06-09,1195,695
8,2025-06-10,1138,695
8,2025-06-11,1080,695
8,2025-06-12,1024,695
8,2025-06-13,960,695
8,2025-06-14,900,695
8,2025-06-15,870,695
8,2025-06-16,798,695
8,2025-06-17,1663,695
8,2025-06-18,1613,695
8,2025-06-19,1547,695
8,2025-06-20,1478,695
8,2025-06-21,1428,695
8,2025-06-22,1389,704
8,2025-06-23,1338,704
8,2025-06-24,1278,704
8,2025-06-25,1233,704
8,2025-06-26,1181,704
8,2025-06-27,1108,704
8,2025-06-28,1067,704
8,2025-06-29,1035,704
8,2025-06-30,985,704
8,2025-07-01,917,704
8,2025-07-02,1783,704
8,2025-07-03,1732,704
8,2025-07-04,1687,704
8,2025-07-05,1627,704
8,2025-07-06,1594,704
8,2025-07-07,1549,704
8,2025-07-08,1495,704
8,2025-07-09,1454,704
8,2025-07-10,1396,704
8,2025-07-11,1333,704
8,2025-07-12,1289,704
8,2025-07-13,1263,704
8,2025-07-14,1205,704
8,2025-07-15,1146,704
8,2025-07-16,1085,704
8,2025-07-17,1006,704
8,2025-07-18,956,704
8,2025-07-19,901,704
8,2025-07-20,867,704
8,2025-07-21,1689,704
8,2025-07-22,1630,658
8,2025-07-23,1572,658
8,2025-07-24,1525,658
8,2025-07-25,1476,658
8,2025-07-26,1443,658
8,2025-07-27,1413,658
8,2025-07-28,1357,658
8,2025-07-29,1327,658
8,2025-07-30,1275,658
8,2025-07-31,1210,658
8,2025-08-01,1165,658
8,2025-08-02,1136,658
8,2025-08-03,1110,658
8,2025-08-04,1071,658
8,2025-08-05,1033,658
8,2025-08-06,981,658
8,2025-08-07,920,658
8,2025-08-08,1723,658
8,2025-08-09,1681,658
8,2025-08-10,1657,658
8,2025-08-11,1603,658
8,2025-08-12,1549,658
8,2025-08-13,1515,658
8,2025-08-14,1461,658
8,2025-08-15,1421,658
8,2025-08-16,1369,658
8,2025-08-17,1346,658
8,2025-08-18,1303,658
8,2025-08-19,1261,658
8,2025-08-20,1223,658
8,2025-08-21,1183,570
8,2025-08-22,1132,570
8,2025-08-23,1089,570
8,2025-08-24,1064,570
8,2025-08-25,1013,570
8,2025-08-26,982,570
8,2025-08-27,936,570
8,2025-08-28,876,570
8,2025-08-29,829,570
8,2025-08-30,794,570
8,2025-08-31,767,570
8,2025-09-01,718,570
8,2025-09-02,680,570
8,2025-09-03,1370,570
8,2025-09-04,1334,570
8,2025-09-05,1285,570
8,2025-09-06,1255,570
8,2025-09-07,1237,570
8,2025-09-08,1177,570
8,2025-09-09,1118,570
8,2025-09-10,1071,570
8,2025-09-11,1035,570
8,2025-09-12,995,570
8,2025-09-13,957,570
8,2025-09-14,934,570
8,2025-09-15,889,570
8,2025-09-16,851,570
8,2025-09-17,803,570
8,2025-09-18,759,570
8,2025-09-19,1463,570
8,2025-09-20,1415,508
8,2025-09-21,1400,508
8,2025-09-22,1358,508
8,2025-09-23,1320,508
8,2025-09-24,1289,508
8,2025-09-25,1245,508
8,2025-09-26,1205,508
8,2025-09-27,1172,508
8,2025-09-28,1151,508
8,2025-09-29,1101,508
8,2025-09-30,1054,508
8,2025-10-01,993,508
8,2025-10-02,946,508
8,2025-10-03,905,508
8,2025-10-04,861,508
8,2025-10-05,834,508
8,2025-10-06,799,508
8,2025-10-07,749,508
8,2025-10-08,703,508
8,2025-10-09,656,508
8,2025-10-10,616,508
8,2025-10-11,580,508
8,2025-10-12,1213,508
8,2025-10-13,1167,508
8,2025-10-14,1128,508
8,2025-10-15,1085,508
8,2025-10-16,1045,508
8,2025-10-17,1002,508
8,2025-10-18,965,508
8,2025-10-19,943,508
8,2025-10-20,897,479
8,2025-10-21,835,479
8,2025-10-22,783,479
8,2025-10-23,735,479
8,2025-10-24,700,479
8,2025-10-25,656,479
8,2025-10-26,627,479
8,2025-10-27,566,479
8,2025-10-28,520,479
8,2025-10-29,486,479
8,2025-10-30,1053,479
8,2025-10-31,998,479
8,2025-11-01,951,479
8,2025-11-02,924,479
8,2025-11-03,860,479
8,2025-11-04,807,479
8,2025-11-05,751,479
8,2025-11-06,714,479
8,2025-11-07,665,479
8,2025-11-08,622,479
8,2025-11-09,1204,479
8,2025-11-10,1152,479
8,2025-11-11,1116,479
8,2025-11-12,1070,479
8,2025-11-13,1016,479
8,2025-11-14,966,479
8,2025-11-15,916,479
8,2025-11-16,886,479
8,2025-11-17,822,479
8,2025-11-18,784,479
8,2025-11-19,748,511
8,2025-11-20,683,511
8,2025-11-21,642,511
8,2025-11-22,593,511
8,2025-11-23,559,511
8,2025-11-24,517,511
8,2025-11-25,1105,511
8,2025-11-26,1056,511
8,2025-11-27,1024,511
8,2025-11-28,977,511
8,2025-11-29,940,511
8,2025-11-30,920,511
8,2025-12-01,856,511
8,2025-12-02,807,511
8,2025-12-03,755,511
8,2025-12-04,712,511
8,2025-12-05,647,511
8,2025-12-06,589,511
8,2025-12-07,1205,511
8,2025-12-08,1147,511
8,2025-12-09,1098,511
8,2025-12-10,1033,511
8,2025-12-11,981,511
8,2025-12-12,927,511
8,2025-12-13,880,511
8,2025-12-14,835,511
8,2025-12-15,800,511
8,2025-12-16,747,511
8,2025-12-17,697,511
8,2025-12-18,646,511
8,2025-12-19,1263,561
8,2025-12-20,1217,561
8,2025-12-21,1195,561
8,2025-12-22,1153,561
8,2025-12-23,1101,561
8,2025-12-24,1042,561
8,2025-12-25,978,561
8,2025-12-26,927,561
8,2025-12-27,879,561
8,2025-12-28,863,561
8,2025-12-29,815,561
8,2025-12-30,749,561
8,2025-12-31,704,561
8,2026-01-01,1398,561
8,2026-01-02,1363,561
8,2026-01-03,1316,561
8,2026-01-04,1299,561
8,2026-01-05,1251,561
8,2026-01-06,1211,561
8,2026-01-07,1159,561
8,2026-01-08,1124,561
8,2026-01-09,1070,561
8,2026-01-10,1029,561
8,2026-01-11,1010,561
8,2026-01-12,944,561
8,2026-01-13,878,561
8,2026-01-14,836,561
8,2026-01-15,793,561
8,2026-01-16,748,561
8,2026-01-17,1409,561
8,2026-01-18,1391,554
8,2026-01-19,1334,554
8,2026-01-20,1296,554
8,2026-01-21,1259,554
8,2026-01-22,1211,554
8,2026-01-23,1166,554
8,2026-01-24,1109,554
8,2026-01-25,1089,554
8,2026-01-26,1044,554
8,2026-01-27,988,554
8,2026-01-28,928,554
8,2026-01-29,887,554
8,2026-01-30,848,554
8,2026-01-31,813,554
8,2026-02-01,801,554
8,2026-02-02,766,554
8,2026-02-03,712,554
8,2026-02-04,626,554
8,2026-02-05,1285,554
8,2026-02-06,1235,554
8,2026-02-07,1188,554
8,2026-02-08,1168,554
8,2026-02-09,1115,554
8,2026-02-10,1078,554
8,2026-02-11,1033,554
8,2026-02-12,982,554
8,2026-02-13,928,554
8,2026-02-14,900,554
8,2026-02-15,873,554
8,2026-02-16,825,554
8,2026-02-17,766,528
8,2026-02-18,718,528
8,2026-02-19,665,528
8,2026-02-20,603,528
8,2026-02-21,1281,528
8,2026-02-22,1261,528
8,2026-02-23,1219,528
8,2026-02-24,1171,528
8,2026-02-25,1126,528
8,2026-02-26,1074,528
8,2026-02-27,1036,528
8,2026-02-28,999,528
8,2026-03-01,985,528
8,2026-03-02,930,528
8,2026-03-03,882,528
8,2026-03-04,846,528
8,2026-03-05,808,528
8,2026-03-06,758,528
8,2026-03-07,713,528
8,2026-03-08,1371,528
8,2026-03-09,1318,528
8,2026-03-10,1273,528
8,2026-03-11,1218,528
8,2026-03-12,1175,528
8,2026-03-13,1130,528
8,2026-03-14,1086,528
8,2026-03-15,1059,528
8,2026-03-16,984,528
8,2026-03-17,939,528
8,2026-03-18,896,528
8,2026-03-19,845,522
8,2026-03-20,796,522
8,2026-03-21,742,522
8,2026-03-22,722,522
8,2026-03-23,1346,522
8,2026-03-24,1292,522
8,2026-03-25,1234,522
8,2026-03-26,1186,522
8,2026-03-27,1133,522
8,2026-03-28,1101,522
8,2026-03-29,1088,522
8,2026-03-30,1055,522
8,2026-03-31,1007,522
8,2026-04-01,954,522
8,2026-04-02,906,522
8,2026-04-03,845,522
8,2026-04-04,787,522
8,2026-04-05,761,522
8,2026-04-06,714,522
8,2026-04-07,666,522
8,2026-04-08,1299,522
8,2026-04-09,1233,522
8,2026-04-10,1175,522
8,2026-04-11,1135,522
8,2026-04-12,1103,522
8,2026-04-13,1054,522
8,2026-04-14,993,522
8,2026-04-15,953,522
8,2026-04-16,897,522
8,2026-04-17,820,522
8,2026-04-18,755,551
8,2026-04-19,729,551
8,2026-04-20,680,551
8,2026-04-21,625,551
8,2026-04-22,1248,551
8,2026-04-23,1184,551
8,2026-04-24,1127,551
8,2026-04-25,1088,551
8,2026-04-26,1056,551
8,2026-04-27,986,551
8,2026-04-28,941,551
8,2026-04-29,862,551
8,2026-04-30,814,551
8,2026-05-01,746,551
8,2026-05-02,699,551
8,2026-05-03,664,551
8,2026-05-04,597,551
8,2026-05-05,522,551
8,2026-05-06,1162,551
8,2026-05-07,1097,551
8,2026-05-08,1030,551
8,2026-05-09,975,551
8,2026-05-10,958,551
8,2026-05-11,895,551
8,2026-05-12,819,551
8,2026-05-13,746,551
8,2026-05-14,671,551
8,2026-05-15,606,551
8,2026-05-16,544,551
8,2026-05-17,517,551
8,2026-05-18,1161,626
8,2026-05-19,1104,626
8,2026-05-20,1042,626
8,2026-05-21,984,626
8,2026-05-22,917,626
8,2026-05-23,856,626
8,2026-05-24,831,626
8,2026-05-25,783,626
8,2026-05-26,726,626
8,2026-05-27,1449,626
8,2026-05-28,1389,626
8,2026-05-29,1330,626
8,2026-05-30,1275,626
8,2026-05-31,1231,626
8,2026-06-01,1176,626
8,2026-06-02,1125,626
8,2026-06-03,1054,626
8,2026-06-04,995,626
8,2026-06-05,949,626
8,2026-06-06,900,626
8,2026-06-07,874,626
8,2026-06-08,822,626
8,2026-06-09,763,626
8,2026-06-10,1496,626
8,2026-06-11,1434,626
8,2026-06-12,1381,626
8,2026-06-13,1332,626
8,2026-06-14,1310,626
8,2026-06-15,1242,626
8,2026-06-16,1166,626
8,2026-06-17,1123,668
8,2026-06-18,1060,668
8,2026-06-19,985,668
8,2026-06-20,933,668
8,2026-06-21,917,668
8,2026-06-22,851,668
8,2026-06-23,793,668
8,2026-06-24,747,668
8,2026-06-25,705,668
8,2026-06-26,1563,668
8,2026-06-27,1512,668
8,2026-06-28,1491,668
8,2026-06-29,1422,668
8,2026-06-30,1367,668
8,2026-07-01,1316,668
8,2026-07-02,1255,668
8,2026-07-03,1201,668
8,2026-07-04,1156,668
8,2026-07-05,1137,668
8,2026-07-06,1094,668
8,2026-07-07,1037,668
8,2026-07-08,1005,668
8,2026-07-09,965,668
8,2026-07-10,908,668
8,2026-07-11,1714,668
8,2026-07-12,1689,668
8,2026-07-13,1630,668
8,2026-07-14,1582,668
8,2026-07-15,1532,668
8,2026-07-16,1487,668
8,2026-07-17,1438,616
8,2026-07-18,1403,616
8,2026-07-19,1369,616
8,2026-07-20,1307,616
8,2026-07-21,1261,616
8,2026-07-22,1219,616
8,2026-07-23,1174,616
8,2026-07-24,1118,616
8,2026-07-25,1089,616
8,2026-07-26,1071,616
8,2026-07-27,1032,616
8,2026-07-28,986,616
8,2026-07-29,923,616
8,2026-07-30,887,616
8,2026-07-31,1645,616
8,2026-08-01,1610,616
8,2026-08-02,1588,616
8,2026-08-03,1543,616
8,2026-08-04,1482,616
8,2026-08-05,1431,616
8,2026-08-06,1383,616
8,2026-08-07,1339,616
8,2026-08-08,1307,616
8,2026-08-09,1278,616
8,2026-08-10,1222,616
8,2026-08-11,1174,616
8,2026-08-12,1145,616
8,2026-08-13,1108,616
8,2026-08-14,1055,616
8,2026-08-15,1000,616
8,2026-08-16,968,542
8,2026-08-17,906,542
8,2026-08-18,856,542
8,2026-08-19,1585,542
8,2026-08-20,1525,542
8,2026-08-21,1478,542
8,2026-08-22,1436,542
8,2026-08-23,1411,542
8,2026-08-24,1381,542
8,2026-08-25,1335,542
8,2026-08-26,1292,542
8,2026-08-27,1248,542
8,2026-08-28,1214,542
8,2026-08-29,1173,542
8,2026-08-30,1141,542
8,2026-08-31,1101,542
8,2026-09-01,1069,542
8,2026-09-02,1033,542
8,2026-09-03,986,542
8,2026-09-04,955,542
8,2026-09-05,911,542
8,2026-09-06,879,542
8,2026-09-07,849,542
8,2026-09-08,804,542
8,2026-09-09,749,542
8,2026-09-10,685,542
8,2026-09-11,627,542
8,2026-09-12,593,542
8,2026-09-13,1260,542
8,2026-09-14,1225,542
8,2026-09-15,1185,505
8,2026-09-16,1139,505
8,2026-09-17,1089,505
8,2026-09-18,1035,505
8,2026-09-19,994,505
8,2026-09-20,975,505
8,2026-09-21,918,505
8,2026-09-22,870,505
8,2026-09-23,831,505
8,2026-09-24,785,505
8,2026-09-25,749,505
8,2026-09-26,715,505
8,2026-09-27,683,505
8,2026-09-28,1321,505
8,2026-09-29,1288,505
8,2026-09-30,1244,505
9,2023-10-01,988,330
9,2023-10-02,961,330
9,2023-10-03,929,330
9,2023-10-04,909,330
9,2023-10-05,885,330
9,2023-10-06,855,330
9,2023-10-07,825,330
9,2023-10-08,811,330
9,2023-10-09,782,330
9,2023-10-10,757,330
9,2023-10-11,725,330
9,2023-10-12,708,330
9,2023-10-13,677,330
9,2023-10-14,655,330
9,2023-10-15,639,330
9,2023-10-16,619,330
9,2023-10-17,599,330
9,2023-10-18,578,330
9,2023-10-19,552,330
9,2023-10-20,522,330
9,2023-10-21,498,330
9,2023-10-22,484,330
9,2023-10-23,464,330
9,2023-10-24,447,330
9,2023-10-25,424,330
9,2023-10-26,395,330
9,2023-10-27,809,330
9,2023-10-28,791,330
9,2023-10-29,777,330
9,2023-10-30,748,330
9,2023-10-31,733,330
9,2023-11-01,705,330
9,2023-11-02,690,330
9,2023-11-03,661,330
9,2023-11-04,637,330
9,2023-11-05,621,330
9,2023-11-06,583,330
9,2023-11-07,560,330
9,2023-11-08,536,330
9,2023-11-09,519,330
9,2023-11-10,501,330
9,2023-11-11,482,330
9,2023-11-12,471,330
9,2023-11-13,436,330
9,2023-11-14,834,330
9,2023-11-15,801,330
9,2023-11-16,784,330
9,2023-11-17,748,330
9,2023-11-18,713,330
9,2023-11-19,701,330
9,2023-11-20,678,330
9,2023-11-21,644,330
9,2023-11-22,631,330
9,2023-11-23,601,330
9,2023-11-24,571,330
9,2023-11-25,539,330
9,2023-11-26,523,330
9,2023-11-27,502,330
9,2023-11-28,477,330
9,2023-11-29,449,330
9,2023-11-30,420,282
9,2023-12-01,828,282
9,2023-12-02,787,282
9,2023-12-03,777,282
9,2023-12-04,754,282
9,2023-12-05,727,282
9,2023-12-06,689,282
9,2023-12-07,649,282
9,2023-12-08,611,282
9,2023-12-09,594,282
9,2023-12-10,577,282
9,2023-12-11,542,282
9,2023-12-12,522,282
9,2023-12-13,475,282
9,2023-12-14,434,282
9,2023-12-15,399,282
9,2023-12-16,379,282
9,2023-12-17,362,282
9,2023-12-18,346,282
9,2023-12-19,318,282
9,2023-12-20,294,282
9,2023-12-21,271,282
9,2023-12-22,619,282
9,2023-12-23,585,282
9,2023-12-24,565,282
9,2023-12-25,532,282
9,2023-12-26,511,282
9,2023-12-27,468,282
9,2023-12-28,433,282
9,2023-12-29,399,282
9,2023-12-30,373,319
9,2023-12-31,359,319
9,2024-01-01,333,319
9,2024-01-02,303,319
9,2024-01-03,283,319
9,2024-01-04,260,319
9,2024-01-05,628,319
9,2024-01-06,607,319
9,2024-01-07,590,319
9,2024-01-08,567,319
9,2024-01-09,544,319
9,2024-01-10,520,319
9,2024-01-11,490,319
9,2024-01-12,470,319
9,2024-01-13,455,319
9,2024-01-14,443,319
9,2024-01-15,419,319
9,2024-01-16,380,319
9,2024-01-17,760,319
9,2024-01-18,732,319
9,2024-01-19,702,319
9,2024-01-20,664,319
9,2024-01-21,649,319
9,2024-01-22,622,319
9,2024-01-23,590,319
9,2024-01-24,554,319
9,2024-01-25,525,319
9,2024-01-26,505,319
9,2024-01-27,493,319
9,2024-01-28,484,319
9,2024-01-29,446,317
9,2024-01-30,408,317
9,2024-01-31,385,317
9,2024-02-01,784,317
9,2024-02-02,760,317
9,2024-02-03,742,317
9,2024-02-04,730,317
9,2024-02-05,687,317
9,2024-02-06,650,317
9,2024-02-07,628,317
9,2024-02-08,600,317
9,2024-02-09,569,317
9,2024-02-10,546,317
9,2024-02-11,532,317
9,2024-02-12,510,317
9,2024-02-13,486,317
9,2024-02-14,455,317
9,2024-02-15,427,317
9,2024-02-16,802,317
9,2024-02-17,777,317
9,2024-02-18,764,317
9,2024-02-19,726,317
9,2024-02-20,708,317
9,2024-02-21,673,317
9,2024-02-22,632,317
9,2024-02-23,610,317
9,2024-02-24,583,317
9,2024-02-25,573,317
9,2024-02-26,537,317
9,2024-02-27,498,317
9,2024-02-28,457,304
9,2024-02-29,431,304
9,2024-03-01,401,304
9,2024-03-02,372,304
9,2024-03-03,358,304
9,2024-03-04,341,304
9,2024-03-05,747,304
9,2024-03-06,716,304
9,2024-03-07,670,304
9,2024-03-08,652,304
9,2024-03-09,624,304
9,2024-03-10,613,304
9,2024-03-11,586,304
9,2024-03-12,553,304
9,2024-03-13,540,304
9,2024-03-14,511,304
9,2024-03-15,488,304
9,2024-03-16,448,304
9,2024-03-17,437,304
9,2024-03-18,394,304
9,2024-03-19,357,304
9,2024-03-20,336,304
9,2024-03-21,693,304
9,2024-03-22,669,304
9,2024-03-23,644,304
9,2024-03-24,631,304
9,2024-03-25,600,304
9,2024-03-26,571,304
9,2024-03-27,542,304
9,2024-03-28,521,304
9,2024-03-29,490,320
9,2024-03-30,476,320
9,2024-03-31,455,320
9,2024-04-01,426,320
9,2024-04-02,384,320
9,2024-04-03,338,320
9,2024-04-04,314,320
9,2024-04-05,665,320
9,2024-04-06,637,320
9,2024-04-07,627,320
9,2024-04-08,596,320
9,2024-04-09,563,320
9,2024-04-10,526,320
9,2024-04-11,496,320
9,2024-04-12,458,320
9,2024-04-13,427,320
9,2024-04-14,415,320
9,2024-04-15,384,320
9,2024-04-16,355,320
9,2024-04-17,730,320
9,2024-04-18,689,320
9,2024-04-19,656,320
9,2024-04-20,631,320
9,2024-04-21,616,320
9,2024-04-22,584,320
9,2024-04-23,541,320
9,2024-04-24,500,320
9,2024-04-25,463,320
9,2024-04-26,433,320
9,2024-04-27,411,320
9,2024-04-28,395,341
9,2024-04-29,368,341
9,2024-04-30,775,341
9,2024-05-01,730,341
9,2024-05-02,706,341
9,2024-05-03,677,341
9,2024-05-04,638,341
9,2024-05-05,621,341
9,2024-05-06,590,341
9,2024-05-07,560,341
9,2024-05-08,524,341
9,2024-05-09,493,341
9,2024-05-10,451,341
9,2024-05-11,418,341
9,2024-05-12,401,341
9,2024-05-13,817,341
9,2024-05-14,797,341
9,2024-05-15,760,341
9,2024-05-16,723,341
9,2024-05-17,695,341
9,2024-05-18,667,341
9,2024-05-19,652,341
9,2024-05-20,606,341
9,2024-05-21,564,341
9,2024-05-22,525,341
9,2024-05-23,497,341
9,2024-05-24,459,341
9,2024-05-25,422,341
9,2024-05-26,839,341
9,2024-05-27,792,341
9,2024-05-28,755,370
9,2024-05-29,713,370
9,2024-05-30,662,370
9,2024-05-31,611,370
9,2024-06-01,584,370
9,2024-06-02,567,370
9,2024-06-03,534,370
9,2024-06-04,499,370
9,2024-06-05,936,370
9,2024-06-06,896,370
9,2024-06-07,864,370
9,2024-06-08,827,370
9,2024-06-09,810,370
9,2024-06-10,778,370
9,2024-06-11,742,370
9,2024-06-12,719,370
9,2024-06-13,682,370
9,2024-06-14,652,370
9,2024-06-15,625,370
9,2024-06-16,610,370
9,2024-06-17,572,370
9,2024-06-18,547,370
9,2024-06-19,513,370
9,2024-06-20,473,370
9,2024-06-21,915,370
9,2024-06-22,900,370
9,2024-06-23,882,370
9,2024-06-24,861,370
9,2024-06-25,823,370
9,2024-06-26,796,370
9,2024-06-27,760,376
9,2024-06-28,711,376
9,2024-06-29,682,376
9,2024-06-30,664,376
9,2024-07-01,640,376
9,2024-07-02,602,376
9,2024-07-03,556,376
9,2024-07-04,526,376
9,2024-07-05,506,376
9,2024-07-06,473,376
9,2024-07-07,942,376
9,2024-07-08,910,376
9,2024-07-09,872,376
9,2024-07-10,846,376
9,2024-07-11,830,376
9,2024-07-12,801,376
9,2024-07-13,773,376
9,2024-07-14,753,376
9,2024-07-15,722,376
9,2024-07-16,685,376
9,2024-07-17,655,376
9,2024-07-18,620,376
9,2024-07-19,592,376
9,2024-07-20,566,376
9,2024-07-21,552,376
9,2024-07-22,525,376
9,2024-07-23,500,376
9,2024-07-24,965,376
9,2024-07-25,939,376
9,2024-07-26,912,376
9,2024-07-27,893,359
9,2024-07-28,879,359
9,2024-07-29,849,359
9,2024-07-30,826,359
9,2024-07-31,795,359
9,2024-08-01,779,359
9,2024-08-02,742,359
9,2024-08-03,722,359
9,2024-08-04,709,359
9,2024-08-05,676,359
9,2024-08-06,656,359
9,2024-08-07,629,359
9,2024-08-08,600,359
9,2024-08-09,579,359
9,2024-08-10,556,359
9,2024-08-11,539,359
9,2024-08-12,509,359
9,2024-08-13,491,359
9,2024-08-14,453,359
9,2024-08-15,432,359
9,2024-08-16,871,359
9,2024-08-17,846,359
9,2024-08-18,836,359
9,2024-08-19,815,359
9,2024-08-20,790,359
9,2024-08-21,766,359
9,2024-08-22,744,359
9,2024-08-23,718,359
9,2024-08-24,694,359
9,2024-08-25,684,359
9,2024-08-26,651,311
9,2024-08-27,626,311
9,2024-08-28,605,311
9,2024-08-29,585,311
9,2024-08-30,551,311
9,2024-08-31,525,311
9,2024-09-01,500,311
9,2024-09-02,469,311
9,2024-09-03,444,311
9,2024-09-04,410,311
9,2024-09-05,777,311
9,2024-09-06,755,311
9,2024-09-07,724,311
9,2024-09-08,711,311
9,2024-09-09,683,311
9,2024-09-10,648,311
9,2024-09-11,634,311
9,2024-09-12,615,311
9,2024-09-13,584,311
9,2024-09-14,554,311
9,2024-09-15,547,311
9,2024-09-16,510,311
9,2024-09-17,482,311
9,2024-09-18,457,311
9,2024-09-19,428,311
9,2024-09-20,783,311
9,2024-09-21,751,311
9,2024-09-22,742,311
9,2024-09-23,717,311
9,2024-09-24,699,311
9,2024-09-25,670,295
9,2024-09-26,645,295
9,2024-09-27,615,295
9,2024-09-28,588,295
9,2024-09-29,572,295
9,2024-09-30,545,295
9,2024-10-01,517,295
9,2024-10-02,488,295
9,2024-10-03,469,295
9,2024-10-04,447,295
9,2024-10-05,425,295
9,2024-10-06,416,295
9,2024-10-07,765,295
9,2024-10-08,731,295
9,2024-10-09,706,295
9,2024-10-10,672,295
9,2024-10-11,649,295
9,2024-10-12,626,295
9,2024-10-13,622,295
9,2024-10-14,597,295
9,2024-10-15,575,295
9,2024-10-16,543,295
9,2024-10-17,509,295
9,2024-10-18,469,295
9,2024-10-19,448,295
9,2024-10-20,432,295
9,2024-10-21,409,295
9,2024-10-22,377,295
9,2024-10-23,354,295
9,2024-10-24,715,295
9,2024-10-25,687,307
9,2024-10-26,662,307
9,2024-10-27,655,307
9,2024-10-28,632,307
9,2024-10-29,609,307
9,2024-10-30,593,307
9,2024-10-31,562,307
9,2024-11-01,537,307
9,2024-11-02,515,307
9,2024-11-03,503,307
9,2024-11-04,473,307
9,2024-11-05,439,307
9,2024-11-06,422,307
9,2024-11-07,789,307
9,2024-11-08,747,307
9,2024-11-09,717,307
9,2024-11-10,702,307
9,2024-11-11,666,307
9,2024-11-12,644,307
9,2024-11-13,621,307
9,2024-11-14,589,307
9,2024-11-15,561,307
9,2024-11-16,534,307
9,2024-11-17,525,307
9,2024-11-18,503,307
9,2024-11-19,477,307
9,2024-11-20,450,307
9,2024-11-21,412,307
9,2024-11-22,382,307
9,2024-11-23,354,307
9,2024-11-24,742,304
9,2024-11-25,720,304
9,2024-11-26,701,304
9,2024-11-27,670,304
9,2024-11-28,628,304
9,2024-11-29,595,304
9,2024-11-30,569,304
9,2024-12-01,558,304
9,2024-12-02,540,304
9,2024-12-03,514,304
9,2024-12-04,486,304
9,2024-12-05,454,304
9,2024-12-06,418,304
9,2024-12-07,384,304
9,2024-12-08,367,304
9,2024-12-09,332,304
9,2024-12-10,313,304
9,2024-12-11,678,304
9,2024-12-12,637,304
9,2024-12-13,613,304
9,2024-12-14,588,304
9,2024-12-15,572,304
9,2024-12-16,541,304
9,2024-12-17,521,304
9,2024-12-18,488,304
9,2024-12-19,446,304
9,2024-12-20,423,304
9,2024-12-21,387,304
9,2024-12-22,765,304
9,2024-12-23,734,304
9,2024-12-24,701,311
9,2024-12-25,664,311
9,2024-12-26,622,311
9,2024-12-27,586,311
9,2024-12-28,564,311
9,2024-12-29,538,311
9,2024-12-30,510,311
9,2024-12-31,480,311
9,2025-01-01,460,311
9,2025-01-02,406,311
9,2025-01-03,381,311
9,2025-01-04,763,311
9,2025-01-05,742,311
9,2025-01-06,718,311
9,2025-01-07,698,311
9,2025-01-08,665,311
9,2025-01-09,643,311
9,2025-01-10,606,311
9,2025-01-11,588,311
9,2025-01-12,569,311
9,2025-01-13,548,311
9,2025-01-14,519,311
9,2025-01-15,486,311
9,2025-01-16,448,311
9,2025-01-17,423,311
9,2025-01-18,385,311
9,2025-01-19,374,311
9,2025-01-20,354,311
9,2025-01-21,331,311
9,2025-01-22,714,311
9,2025-01-23,684,326
9,2025-01-24,649,326
9,2025-01-25,621,326
9,2025-01-26,606,326
9,2025-01-27,574,326
9,2025-01-28,549,326
9,2025-01-29,524,326
9,2025-01-30,496,326
9,2025-01-31,458,326
9,2025-02-01,443,326
9,2025-02-02,852,326
9,2025-02-03,827,326
9,2025-02-04,803,326
9,2025-02-05,757,326
9,2025-02-06,736,326
9,2025-02-07,710,326
9,2025-02-08,693,326
9,2025-02-09,687,326
9,2025-02-10,662,326
9,2025-02-11,634,326
9,2025-02-12,611,326
9,2025-02-13,582,326
9,2025-02-14,561,326
9,2025-02-15,540,326
9,2025-02-16,524,326
9,2025-02-17,504,326
9,2025-02-18,483,326
9,2025-02-19,460,326
9,2025-02-20,442,326
9,2025-02-21,798,326
9,2025-02-22,784,316
9,2025-02-23,772,316
9,2025-02-24,748,316
9,2025-02-25,730,316
9,2025-02-26,699,316
9,2025-02-27,667,316
9,2025-02-28,643,316
9,2025-03-01,621,316
9,2025-03-02,610,316
9,2025-03-03,572,316
9,2025-03-04,549,316
9,2025-03-05,518,316
9,2025-03-06,498,316
9,2025-03-07,454,316
9,2025-03-08,425,316
9,2025-03-09,414,316
9,2025-03-10,801,316
9,2025-03-11,777,316
9,2025-03-12,747,316
9,2025-03-13,716,316
9,2025-03-14,681,316
9,2025-03-15,661,316
9,2025-03-16,647,316
9,2025-03-17,621,316
9,2025-03-18,580,316
9,2025-03-19,556,316
9,2025-03-20,529,316
9,2025-03-21,501,316
9,2025-03-22,482,316
9,2025-03-23,472,316
9,2025-03-24,456,298
9,2025-03-25,424,298
9,2025-03-26,799,298
9,2025-03-27,772,298
9,2025-03-28,744,298
9,2025-03-29,717,298
9,2025-03-30,695,298
9,2025-03-31,665,298
9,2025-04-01,616,298
9,2025-04-02,594,298
9,2025-04-03,563,298
9,2025-04-04,537,298
9,2025-04-05,500,298
9,2025-04-06,475,298
9,2025-04-07,426,298
9,2025-04-08,388,298
9,2025-04-09,339,298
9,2025-04-10,306,298
9,2025-04-11,639,298
9,2025-04-12,613,298
9,2025-04-13,600,298
9,2025-04-14,576,298
9,2025-04-15,536,298
9,2025-04-16,506,298
9,2025-04-17,479,298
9,2025-04-18,444,298
9,2025-04-19,415,298
9,2025-04-20,409,298
9,2025-04-21,762,298
9,2025-04-22,743,298
9,2025-04-23,700,325
9,2025-04-24,657,325
9,2025-04-25,626,325
9,2025-04-26,597,325
9,2025-04-27,582,325
9,2025-04-28,557,325
9,2025-04-29,493,325
9,2025-04-30,425,325
9,2025-05-01,374,325
9,2025-05-02,328,325
9,2025-05-03,700,325
9,2025-05-04,685,325
9,2025-05-05,654,325
9,2025-05-06,632,325
9,2025-05-07,593,325
9,2025-05-08,545,325
9,2025-05-09,511,325
9,2025-05-10,477,325
9,2025-05-11,447,325
9,2025-05-12,394,325
9,2025-05-13,351,325
9,2025-05-14,326,325
9,2025-05-15,293,325
9,2025-05-16,707,325
9,2025-05-17,682,325
9,2025-05-18,663,325
9,2025-05-19,616,325
9,2025-05-20,582,325
9,2025-05-21,545,325
9,2025-05-22,509,325
9,2025-05-23,469,395
9,2025-05-24,447,395
9,2025-05-25,422,395
9,2025-05-26,395,395
9,2025-05-27,784,395
9,2025-05-28,754,395
9,2025-05-29,727,395
9,2025-05-30,692,395
9,2025-05-31,659,395
9,2025-06-01,647,395
9,2025-06-02,602,395
9,2025-06-03,579,395
9,2025-06-04,545,395
9,2025-06-05,1001,395
9,2025-06-06,973,395
9,2025-06-07,937,395
9,2025-06-08,920,395
9,2025-06-09,897,395
9,2025-06-10,850,395
9,2025-06-11,811,395
9,2025-06-12,776,395
9,2025-06-13,742,395
9,2025-06-14,717,395
9,2025-06-15,689,395
9,2025-06-16,658,395
9,2025-06-17,618,395
9,2025-06-18,577,395
9,2025-06-19,553,395
9,2025-06-20,524,395
9,2025-06-21,499,395
9,2025-06-22,990,405
9,2025-06-23,963,405
9,2025-06-24,923,405
9,2025-06-25,885,405
9,2025-06-26,864,405
9,2025-06-27,821,405
9,2025-06-28,797,405
9,2025-06-29,782,405
9,2025-06-30,746,405
9,2025-07-01,721,405
9,2025-07-02,699,405
9,2025-07-03,672,405
9,2025-07-04,656,405
9,2025-07-05,625,405
9,2025-07-06,616,405
9,2025-07-07,580,405
9,2025-07-08,1057,405
9,2025-07-09,1027,405
9,2025-07-10,996,405
9,2025-07-11,961,405
9,2025-07-12,932,405
9,2025-07-13,915,405
9,2025-07-14,880,405
9,2025-07-15,855,405
9,2025-07-16,821,405
9,2025-07-17,792,405
9,2025-07-18,758,405
9,2025-07-19,734,405
9,2025-07-20,726,405
9,2025-07-21,703,405
9,2025-07-22,677,352
9,2025-07-23,648,352
9,2025-07-24,624,352
9,2025-07-25,595,352
9,2025-07-26,1080,352
9,2025-07-27,1061,352
9,2025-07-28,1016,352
9,2025-07-29,989,352
9,2025-07-30,970,352
9,2025-07-31,943,352
9,2025-08-01,905,352
9,2025-08-02,882,352
9,2025-08-03,867,352
9,2025-08-04,833,352
9,2025-08-05,808,352
9,2025-08-06,781,352
9,2025-08-07,758,352
9,2025-08-08,721,352
9,2025-08-09,686,352
9,2025-08-10,677,352
9,2025-08-11,634,352
9,2025-08-12,609,352
9,2025-08-13,594,352
9,2025-08-14,574,352
9,2025-08-15,539,352
9,2025-08-16,521,352
9,2025-08-17,949,352
9,2025-08-18,926,352
9,2025-08-19,899,352
9,2025-08-20,859,352
9,2025-08-21,833,324
9,2025-08-22,797,324
9,2025-08-23,779,324
9,2025-08-24,765,324
9,2025-08-25,736,324
9,2025-08-26,702,324
9,2025-08-27,671,324
9,2025-08-28,628,324
9,2025-08-29,604,324
9,2025-08-30,573,324
9,2025-08-31,558,324
9,2025-09-01,531,324
9,2025-09-02,515,324
9,2025-09-03,499,324
9,2025-09-04,477,324
9,2025-09-05,445,324
9,2025-09-06,839,324
9,2025-09-07,822,324
9,2025-09-08,793,324
9,2025-09-09,773,324
9,2025-09-10,751,324
9,2025-09-11,719,324
9,2025-09-12,687,324
9,2025-09-13,670,324
9,2025-09-14,656,324
9,2025-09-15,634,324
9,2025-09-16,606,324
9,2025-09-17,591,324
9,2025-09-18,568,324
9,2025-09-19,549,324
9,2025-09-20,526,304
9,2025-09-21,517,304
9,2025-09-22,486,304
9,2025-09-23,457,304
9,2025-09-24,442,304
9,2025-09-25,415,304
9,2025-09-26,810,304
9,2025-09-27,786,304
9,2025-09-28,776,304
9,2025-09-29,739,304
9,2025-09-30,702,304
9,2025-10-01,670,304
9,2025-10-02,648,304
9,2025-10-03,628,304
9,2025-10-04,607,304
9,2025-10-05,599,304
9,2025-10-06,581,304
9,2025-10-07,545,304
9,2025-10-08,495,304
9,2025-10-09,463,304
9,2025-10-10,437,304
9,2025-10-11,416,304
9,2025-10-12,404,304
9,2025-10-13,382,304
9,2025-10-14,730,304
9,2025-10-15,708,304
9,2025-10-16,683,304
9,2025-10-17,658,304
9,2025-10-18,632,304
9,2025-10-19,616,304
9,2025-10-20,594,293
9,2025-10-21,564,293
9,2025-10-22,510,293
9,2025-10-23,494,293
9,2025-10-24,469,293
9,2025-10-25,435,293
9,2025-10-26,421,293
9,2025-10-27,386,293
9,2025-10-28,351,293
9,2025-10-29,706,293
9,2025-10-30,680,293
9,2025-10-31,658,293
9,2025-11-01,632,293
9,2025-11-02,623,293
9,2025-11-03,590,293
9,2025-11-04,568,293
9,2025-11-05,531,293
9,2025-11-06,505,293
9,2025-11-07,475,293
9,2025-11-08,449,293
9,2025-11-09,435,293
9,2025-11-10,408,293
9,2025-11-11,368,293
9,2025-11-12,341,293
9,2025-11-13,307,293
9,2025-11-14,656,293
9,2025-11-15,628,293
9,2025-11-16,614,293
9,2025-11-17,590,293
9,2025-11-18,559,293
9,2025-11-19,528,314
9,2025-11-20,497,314
9,2025-11-21,459,314
9,2025-11-22,442,314
9,2025-11-23,427,314
9,2025-11-24,389,314
9,2025-11-25,360,314
9,2025-11-26,757,314
9,2025-11-27,734,314
9,2025-11-28,702,314
9,2025-11-29,680,314
9,2025-11-30,661,314
9,2025-12-01,635,314
9,2025-12-02,593,314
9,2025-12-03,564,314
9,2025-12-04,517,314
9,2025-12-05,476,314
9,2025-12-06,451,314
9,2025-12-07,440,314
9,2025-12-08,402,314
9,2025-12-09,377,314
9,2025-12-10,734,314
9,2025-12-11,693,314
9,2025-12-12,657,314
9,2025-12-13,638,314
9,2025-12-14,616,314
9,2025-12-15,576,314
9,2025-12-16,547,314
9,2025-12-17,523,314
9,2025-12-18,487,314
9,2025-12-19,461,346
9,2025-12-20,430,346
9,2025-12-21,417,346
9,2025-12-22,377,346
9,2025-12-23,761,346
9,2025-12-24,729,346
9,2025-12-25,692,346
9,2025-12-26,652,346
9,2025-12-27,633,346
9,2025-12-28,619,346
9,2025-12-29,593,346
9,2025-12-30,569,346
9,2025-12-31,549,346
9,2026-01-01,533,346
9,2026-01-02,505,346
9,2026-01-03,924,346
9,2026-01-04,907,346
9,2026-01-05,875,346
9,2026-01-06,842,346
9,2026-01-07,813,346
9,2026-01-08,789,346
9,2026-01-09,755,346
9,2026-01-10,735,346
9,2026-01-11,724,346
9,2026-01-12,685,346
9,2026-01-13,657,346
9,2026-01-14,633,346
9,2026-01-15,568,346
9,2026-01-16,552,346
9,2026-01-17,525,346
9,2026-01-18,512,341
9,2026-01-19,492,341
9,2026-01-20,455,341
9,2026-01-21,428,341
9,2026-01-22,404,341
9,2026-01-23,876,341
9,2026-01-24,858,341
9,2026-01-25,846,341
9,2026-01-26,818,341
9,2026-01-27,795,341
9,2026-01-28,770,341
9,2026-01-29,752,341
9,2026-01-30,738,341
9,2026-01-31,728,341
9,2026-02-01,713,341
9,2026-02-02,687,341
9,2026-02-03,662,341
9,2026-02-04,631,341
9,2026-02-05,599,341
9,2026-02-06,573,341
9,2026-02-07,545,341
9,2026-02-08,531,341
9,2026-02-09,501,341
9,2026-02-10,472,341
9,2026-02-11,451,341
9,2026-02-12,424,341
9,2026-02-13,388,341
9,2026-02-14,809,341
9,2026-02-15,796,341
9,2026-02-16,754,341
9,2026-02-17,717,302
9,2026-02-18,686,302
9,2026-02-19,659,302
9,2026-02-20,624,302
9,2026-02-21,585,302
9,2026-02-22,572,302
9,2026-02-23,546,302
9,2026-02-24,522,302
9,2026-02-25,502,302
9,2026-02-26,464,302
9,2026-02-27,439,302
9,2026-02-28,412,302
9,2026-03-01,396,302
9,2026-03-02,371,302
9,2026-03-03,343,302
9,2026-03-04,317,302
9,2026-03-05,675,302
9,2026-03-06,640,302
9,2026-03-07,608,302
9,2026-03-08,590,302
9,2026-03-09,556,302
9,2026-03-10,527,302
9,2026-03-11,503,302
9,2026-03-12,463,302
9,2026-03-13,434,302
9,2026-03-14,409,302
9,2026-03-15,389,302
9,2026-03-16,356,302
9,2026-03-17,720,302
9,2026-03-18,697,302
9,2026-03-19,658,311
9,2026-03-20,629,311
9,2026-03-21,594,311
9,2026-03-22,577,311
9,2026-03-23,543,311
9,2026-03-24,507,311
9,2026-03-25,489,311
9,2026-03-26,463,311
9,2026-03-27,441,311
9,2026-03-28,418,311
9,2026-03-29,402,311
9,2026-03-30,373,311
9,2026-03-31,345,311
9,2026-04-01,717,311
9,2026-04-02,670,311
9,2026-04-03,638,311
9,2026-04-04,597,311
9,2026-04-05,583,311
9,2026-04-06,562,311
9,2026-04-07,531,311
9,2026-04-08,499,311
9,2026-04-09,457,311
9,2026-04-10,417,311
9,2026-04-11,388,311
9,2026-04-12,366,311
9,2026-04-13,754,311
9,2026-04-14,706,311
9,2026-04-15,679,311
9,2026-04-16,617,311
9,2026-04-17,583,311
9,2026-04-18,558,358
9,2026-04-19,550,358
9,2026-04-20,512,358
9,2026-04-21,465,358
9,2026-04-22,429,358
9,2026-04-23,390,358
9,2026-04-24,359,358
9,2026-04-25,870,358
9,2026-04-26,856,358
9,2026-04-27,830,358
9,2026-04-28,802,358
9,2026-04-29,769,358
9,2026-04-30,726,358
9,2026-05-01,690,358
9,2026-05-02,639,358
9,2026-05-03,618,358
9,2026-05-04,564,358
9,2026-05-05,526,358
9,2026-05-06,480,358
9,2026-05-07,445,358
9,2026-05-08,393,358
9,2026-05-09,353,358
9,2026-05-10,796,358
9,2026-05-11,757,358
9,2026-05-12,728,358
9,2026-05-13,701,358
9,2026-05-14,671,358
9,2026-05-15,625,358
9,2026-05-16,600,358
9,2026-05-17,575,358
9,2026-05-18,534,387
9,2026-05-19,499,387
9,2026-05-20,461,387
9,2026-05-21,423,387
9,2026-05-22,859,387
9,2026-05-23,826,387
9,2026-05-24,808,387
9,2026-05-25,771,387
9,2026-05-26,730,387
9,2026-05-27,689,387
9,2026-05-28,650,387
9,2026-05-29,614,387
9,2026-05-30,571,387
9,2026-05-31,558,387
9,2026-06-01,524,387
9,2026-06-02,486,387
9,2026-06-03,455,387
9,2026-06-04,419,387
9,2026-06-05,874,387
9,2026-06-06,844,387
9,2026-06-07,828,387
9,2026-06-08,803,387
9,2026-06-09,764,387
9,2026-06-10,707,387
9,2026-06-11,681,387
9,2026-06-12,652,387
9,2026-06-13,614,387
9,2026-06-14,585,387
9,2026-06-15,546,387
9,2026-06-16,501,387
9,2026-06-17,466,406
9,2026-06-18,931,406
9,2026-06-19,896,406
9,2026-06-20,870,406
9,2026-06-21,863,406
9,2026-06-22,840,406
9,2026-06-23,794,406
9,2026-06-24,754,406
9,2026-06-25,714,406
9,2026-06-26,675,406
9,2026-06-27,654,406
9,2026-06-28,635,406
9,2026-06-29,613,406
9,2026-06-30,572,406
9,2026-07-01,1065,406
9,2026-07-02,1036,406
9,2026-07-03,1004,406
9,2026-07-04,977,406
9,2026-07-05,965,406
9,2026-07-06,918,406
9,2026-07-07,885,406
9,2026-07-08,852,406
9,2026-07-09,831,406
9,2026-07-10,805,406
9,2026-07-11,782,406
9,2026-07-12,771,406
9,2026-07-13,741,406
9,2026-07-14,706,406
9,2026-07-15,648,406
9,2026-07-16,615,406
9,2026-07-17,588,389
9,2026-07-18,556,389
9,2026-07-19,536,389
9,2026-07-20,493,389
9,2026-07-21,466,389
9,2026-07-22,965,389
9,2026-07-23,930,389
9,2026-07-24,905,389
9,2026-07-25,879,389
9,2026-07-26,858,389
9,2026-07-27,828,389
9,2026-07-28,785,389
9,2026-07-29,753,389
9,2026-07-30,725,389
9,2026-07-31,698,389
9,2026-08-01,666,389
9,2026-08-02,652,389
9,2026-08-03,626,389
9,2026-08-04,594,389
9,2026-08-05,578,389
9,2026-08-06,549,389
9,2026-08-07,517,389
9,2026-08-08,990,389
9,2026-08-09,969,389
9,2026-08-10,946,389
9,2026-08-11,926,389
9,2026-08-12,894,389
9,2026-08-13,870,389
9,2026-08-14,833,389
9,2026-08-15,807,389
9,2026-08-16,786,348
9,2026-08-17,759,348
9,2026-08-18,726,348
9,2026-08-19,702,348
9,2026-08-20,677,348
9,2026-08-21,640,348
9,2026-08-22,619,348
9,2026-08-23,604,348
9,2026-08-24,570,348
9,2026-08-25,544,348
9,2026-08-26,517,348
9,2026-08-27,485,348
9,2026-08-28,903,348
9,2026-08-29,878,348
9,2026-08-30,863,348
9,2026-08-31,836,348
9,2026-09-01,808,348
9,2026-09-02,779,348
9,2026-09-03,752,348
9,2026-09-04,726,348
9,2026-09-05,699,348
9,2026-09-06,689,348
9,2026-09-07,676,348
9,2026-09-08,652,348
9,2026-09-09,621,348
9,2026-09-10,590,348
9,2026-09-11,545,348
9,2026-09-12,525,348
9,2026-09-13,509,348
9,2026-09-14,482,348
9,2026-09-15,456,320
9,2026-09-16,438,320
9,2026-09-17,860,320
9,2026-09-18,825,320
9,2026-09-19,805,320
9,2026-09-20,795,320
9,2026-09-21,758,320
9,2026-09-22,726,320
9,2026-09-23,692,320
9,2026-09-24,673,320
9,2026-09-25,651,320
9,2026-09-26,629,320
9,2026-09-27,620,320
9,2026-09-28,589,320
9,2026-09-29,561,320
9,2026-09-30,532,320
10,2023-10-01,369,283
10,2023-10-02,358,283
10,2023-10-03,345,283
10,2023-10-04,322,283
10,2023-10-05,307,283
10,2023-10-06,296,283
10,2023-10-07,288,283
10,2023-10-08,272,283
10,2023-10-09,255,283
10,2023-10-10,237,283
10,2023-10-11,227,283
10,2023-10-12,216,283
10,2023-10-13,199,283
10,2023-10-14,187,283
10,2023-10-15,180,283
10,2023-10-16,164,283
10,2023-10-17,146,283
10,2023-10-18,130,283
10,2023-10-19,110,283
10,2023-10-20,98,283
10,2023-10-21,87,283
10,2023-10-22,80,283
10,2023-10-23,71,283
10,2023-10-24,176,283
10,2023-10-25,155,283
10,2023-10-26,144,283
10,2023-10-27,130,283
10,2023-10-28,118,283
10,2023-10-29,111,283
10,2023-10-30,87,283
10,2023-10-31,72,283
10,2023-11-01,58,283
10,2023-11-02,45,283
10,2023-11-03,26,283
10,2023-11-04,16,283
10,2023-11-05,2,283
10,2023-11-06,0,283
10,2023-11-07,0,283
10,2023-11-08,0,283
10,2023-11-09,181,283
10,2023-11-10,169,283
10,2023-11-11,157,283
10,2023-11-12,151,283
10,2023-11-13,140,283
10,2023-11-14,125,283
10,2023-11-15,115,283
10,2023-11-16,98,283
10,2023-11-17,80,283
10,2023-11-18,73,283
10,2023-11-19,65,283
10,2023-11-20,46,283
10,2023-11-21,33,283
10,2023-11-22,19,283
10,2023-11-23,3,283
10,2023-11-24,185,283
10,2023-11-25,163,283
10,2023-11-26,158,283
10,2023-11-27,133,283
10,2023-11-28,118,283
10,2023-11-29,103,283
10,2023-11-30,84,260
10,2023-12-01,66,260
10,2023-12-02,51,260
10,2023-12-03,33,260
10,2023-12-04,22,260
10,2023-12-05,4,260
10,2023-12-06,0,260
10,2023-12-07,0,260
10,2023-12-08,0,260
10,2023-12-09,173,260
10,2023-12-10,167,260
10,2023-12-11,156,260
10,2023-12-12,140,260
10,2023-12-13,106,260
10,2023-12-14,87,260
10,2023-12-15,68,260
10,2023-12-16,53,260
10,2023-12-17,47,260
10,2023-12-18,30,260
10,2023-12-19,14,260
10,2023-12-20,0,260
10,2023-12-21,0,260
10,2023-12-22,0,260
10,2023-12-23,0,260
10,2023-12-24,162,260
10,2023-12-25,145,260
10,2023-12-26,131,260
10,2023-12-27,115,260
10,2023-12-28,93,260
10,2023-12-29,72,260
10,2023-12-30,60,286
10,2023-12-31,52,286
10,2024-01-01,34,286
10,2024-01-02,20,286
10,2024-01-03,12,286
10,2024-01-04,0,286
10,2024-01-05,0,286
10,2024-01-06,0,286
10,2024-01-07,0,286
10,2024-01-08,0,286
10,2024-01-09,172,286
10,2024-01-10,157,286
10,2024-01-11,146,286
10,2024-01-12,128,286
10,2024-01-13,121,286
10,2024-01-14,114,286
10,2024-01-15,101,286
10,2024-01-16,91,286
10,2024-01-17,77,286
10,2024-01-18,67,286
10,2024-01-19,59,286
10,2024-01-20,46,286
10,2024-01-21,41,286
10,2024-01-22,28,286
10,2024-01-23,17,286
10,2024-01-24,214,286
10,2024-01-25,205,286
10,2024-01-26,194,286
10,2024-01-27,181,286
10,2024-01-28,176,286
10,2024-01-29,170,260
10,2024-01-30,158,260
10,2024-01-31,144,260
10,2024-02-01,118,260
10,2024-02-02,105,260
10,2024-02-03,94,260
10,2024-02-04,85,260
10,2024-02-05,72,260
10,2024-02-06,56,260
10,2024-02-07,44,260
10,2024-02-08,31,260
10,2024-02-09,178,260
10,2024-02-10,164,260
10,2024-02-11,158,260
10,2024-02-12,149,260
10,2024-02-13,140,260
10,2024-02-14,131,260
10,2024-02-15,124,260
10,2024-02-16,110,260
10,2024-02-17,104,260
10,2024-02-18,98,260
10,2024-02-19,86,260
10,2024-02-20,75,260
10,2024-02-21,66,260
10,2024-02-22,59,260
10,2024-02-23,46,260
10,2024-02-24,36,260
10,2024-02-25,196,260
10,2024-02-26,186,260
10,2024-02-27,175,260
10,2024-02-28,160,210
10,2024-02-29,146,210
10,2024-03-01,134,210
10,2024-03-02,124,210
10,2024-03-03,117,210
10,2024-03-04,107,210
10,2024-03-05,97,210
10,2024-03-06,88,210
10,2024-03-07,67,210
10,2024-03-08,56,210
10,2024-03-09,46,210
10,2024-03-10,41,210
10,2024-03-11,19,210
10,2024-03-12,156,210
10,2024-03-13,142,210
10,2024-03-14,126,210
10,2024-03-15,118,210
10,2024-03-16,106,210
10,2024-03-17,95,210
10,2024-03-18,80,210
10,2024-03-19,66,210
10,2024-03-20,54,210
10,2024-03-21,42,210
10,2024-03-22,30,210
10,2024-03-23,16,210
10,2024-03-24,14,210
10,2024-03-25,6,210
10,2024-03-26,0,210
10,2024-03-27,0,210
10,2024-03-28,105,210
10,2024-03-29,96,221
10,2024-03-30,81,221
10,2024-03-31,67,221
10,2024-04-01,50,221
10,2024-04-02,40,221
10,2024-04-03,33,221
10,2024-04-04,17,221
10,2024-04-05,1,221
10,2024-04-06,0,221
10,2024-04-07,0,221
10,2024-04-08,0,221
10,2024-04-09,0,221
10,2024-04-10,0,221
10,2024-04-11,157,221
10,2024-04-12,141,221
10,2024-04-13,135,221
10,2024-04-14,126,221
10,2024-04-15,118,221
10,2024-04-16,108,221
10,2024-04-17,84,221
10,2024-04-18,72,221
10,2024-04-19,48,221
10,2024-04-20,35,221
10,2024-04-21,29,221
10,2024-04-22,19,221
10,2024-04-23,0,221
10,2024-04-24,0,221
10,2024-04-25,0,221
10,2024-04-26,128,221
10,2024-04-27,120,221
10,2024-04-28,109,239
10,2024-04-29,88,239
10,2024-04-30,79,239
10,2024-05-01,63,239
10,2024-05-02,51,239
10,2024-05-03,36,239
10,2024-05-04,22,239
10,2024-05-05,3,239
10,2024-05-06,0,239
10,2024-05-07,0,239
10,2024-05-08,0,239
10,2024-05-09,0,239
10,2024-05-10,0,239
10,2024-05-11,0,239
10,2024-05-12,163,239
10,2024-05-13,142,239
10,2024-05-14,121,239
10,2024-05-15,100,239
10,2024-05-16,82,239
10,2024-05-17,62,239
10,2024-05-18,44,239
10,2024-05-19,37,239
10,2024-05-20,20,239
10,2024-05-21,4,239
10,2024-05-22,0,239
10,2024-05-23,0,239
10,2024-05-24,0,239
10,2024-05-25,144,239
10,2024-05-26,131,239
10,2024-05-27,116,239
10,2024-05-28,105,271
10,2024-05-29,86,271
10,2024-05-30,62,271
10,2024-05-31,44,271
10,2024-06-01,25,271
10,2024-06-02,14,271
10,2024-06-03,0,271
10,2024-06-04,0,271
10,2024-06-05,0,271
10,2024-06-06,0,271
10,2024-06-07,152,271
10,2024-06-08,137,271
10,2024-06-09,126,271
10,2024-06-10,102,271
10,2024-06-11,85,271
10,2024-06-12,69,271
10,2024-06-13,52,271
10,2024-06-14,24,271
10,2024-06-15,14,271
10,2024-06-16,7,271
10,2024-06-17,0,271
10,2024-06-18,0,271
10,2024-06-19,0,271
10,2024-06-20,188,271
10,2024-06-21,165,271
10,2024-06-22,144,271
10,2024-06-23,134,271
10,2024-06-24,121,271
10,2024-06-25,102,271
10,2024-06-26,85,271
10,2024-06-27,65,319
10,2024-06-28,37,319
10,2024-06-29,31,319
10,2024-06-30,20,319
10,2024-07-01,0,319
10,2024-07-02,0,319
10,2024-07-03,0,319
10,2024-07-04,155,319
10,2024-07-05,135,319
10,2024-07-06,115,319
10,2024-07-07,106,319
10,2024-07-08,85,319
10,2024-07-09,69,319
10,2024-07-10,53,319
10,2024-07-11,35,319
10,2024-07-12,11,319
10,2024-07-13,5,319
10,2024-07-14,0,319
10,2024-07-15,0,319
10,2024-07-16,0,319
10,2024-07-17,0,319
10,2024-07-18,0,319
10,2024-07-19,0,319
10,2024-07-20,254,319
10,2024-07-21,248,319
10,2024-07-22,227,319
10,2024-07-23,211,319
10,2024-07-24,195,319
10,2024-07-25,166,319
10,2024-07-26,139,319
10,2024-07-27,118,339
10,2024-07-28,108,339
10,2024-07-29,88,339
10,2024-07-30,60,339
10,2024-07-31,38,339
10,2024-08-01,16,339
10,2024-08-02,159,339
10,2024-08-03,143,339
10,2024-08-04,133,339
10,2024-08-05,112,339
10,2024-08-06,97,339
10,2024-08-07,75,339
10,2024-08-08,56,339
10,2024-08-09,30,339
10,2024-08-10,16,339
10,2024-08-11,8,339
10,2024-08-12,0,339
10,2024-08-13,0,339
10,2024-08-14,0,339
10,2024-08-15,0,339
10,2024-08-16,0,339
10,2024-08-17,0,339
10,2024-08-18,282,339
10,2024-08-19,262,339
10,2024-08-20,243,339
10,2024-08-21,224,339
10,2024-08-22,204,339
10,2024-08-23,186,339
10,2024-08-24,171,339
10,2024-08-25,159,339
10,2024-08-26,136,343
10,2024-08-27,113,343
10,2024-08-28,89,343
10,2024-08-29,83,343
10,2024-08-30,70,343
10,2024-08-31,55,343
10,2024-09-01,48,343
10,2024-09-02,34,343
10,2024-09-03,175,343
10,2024-09-04,163,343
10,2024-09-05,151,343
10,2024-09-06,140,343
10,2024-09-07,131,343
10,2024-09-08,127,343
10,2024-09-09,114,343
10,2024-09-10,97,343
10,2024-09-11,82,343
10,2024-09-12,67,343
10,2024-09-13,48,343
10,2024-09-14,31,343
10,2024-09-15,22,343
10,2024-09-16,0,343
10,2024-09-17,0,343
10,2024-09-18,268,343
10,2024-09-19,254,343
10,2024-09-20,242,343
10,2024-09-21,229,343
10,2024-09-22,220,343
10,2024-09-23,202,343
10,2024-09-24,176,343
10,2024-09-25,163,316
10,2024-09-26,147,316
10,2024-09-27,127,316
10,2024-09-28,113,316
10,2024-09-29,106,316
10,2024-09-30,94,316
10,2024-10-01,83,316
10,2024-10-02,65,316
10,2024-10-03,54,316
10,2024-10-04,223,316
10,2024-10-05,211,316
10,2024-10-06,204,316
10,2024-10-07,186,316
10,2024-10-08,167,316
10,2024-10-09,155,316
10,2024-10-10,138,316
10,2024-10-11,130,316
10,2024-10-12,121,316
10,2024-10-13,117,316
10,2024-10-14,95,316
10,2024-10-15,80,316
10,2024-10-16,71,316
10,2024-10-17,49,316
10,2024-10-18,32,316
10,2024-10-19,220,316
10,2024-10-20,216,316
10,2024-10-21,202,316
10,2024-10-22,191,316
10,2024-10-23,181,316
10,2024-10-24,165,316
10,2024-10-25,153,265
10,2024-10-26,135,265
10,2024-10-27,127,265
10,2024-10-28,118,265
10,2024-10-29,105,265
10,2024-10-30,90,265
10,2024-10-31,72,265
10,2024-11-01,57,265
10,2024-11-02,241,265
10,2024-11-03,233,265
10,2024-11-04,224,265
10,2024-11-05,204,265
10,2024-11-06,190,265
10,2024-11-07,180,265
10,2024-11-08,170,265
10,2024-11-09,158,265
10,2024-11-10,147,265
10,2024-11-11,133,265
10,2024-11-12,128,265
10,2024-11-13,112,265
10,2024-11-14,100,265
10,2024-11-15,89,265
10,2024-11-16,78,265
10,2024-11-17,73,265
10,2024-11-18,58,265
10,2024-11-19,153,265
10,2024-11-20,130,265
10,2024-11-21,119,265
10,2024-11-22,101,265
10,2024-11-23,91,265
10,2024-11-24,87,248
10,2024-11-25,71,248
10,2024-11-26,54,248
10,2024-11-27,41,248
10,2024-11-28,26,248
10,2024-11-29,13,248
10,2024-11-30,4,248
10,2024-12-01,0,248
10,2024-12-02,0,248
10,2024-12-03,0,248
10,2024-12-04,181,248
10,2024-12-05,166,248
10,2024-12-06,147,248
10,2024-12-07,138,248
10,2024-12-08,132,248
10,2024-12-09,105,248
10,2024-12-10,86,248
10,2024-12-11,68,248
10,2024-12-12,48,248
10,2024-12-13,36,248
10,2024-12-14,23,248
10,2024-12-15,18,248
10,2024-12-16,0,248
10,2024-12-17,129,248
10,2024-12-18,117,248
10,2024-12-19,100,248
10,2024-12-20,82,248
10,2024-12-21,65,248
10,2024-12-22,63,248
10,2024-12-23,44,248
10,2024-12-24,29,258
10,2024-12-25,21,258
10,2024-12-26,4,258
10,2024-12-27,0,258
10,2024-12-28,0,258
10,2024-12-29,0,258
10,2024-12-30,0,258
10,2024-12-31,0,258
10,2025-01-01,188,258
10,2025-01-02,172,258
10,2025-01-03,161,258
10,2025-01-04,146,258
10,2025-01-05,141,258
10,2025-01-06,128,258
10,2025-01-07,115,258
10,2025-01-08,93,258
10,2025-01-09,79,258
10,2025-01-10,67,258
10,2025-01-11,61,258
10,2025-01-12,56,258
10,2025-01-13,43,258
10,2025-01-14,35,258
10,2025-01-15,30,258
10,2025-01-16,168,258
10,2025-01-17,155,258
10,2025-01-18,137,258
10,2025-01-19,131,258
10,2025-01-20,111,258
10,2025-01-21,102,258
10,2025-01-22,90,258
10,2025-01-23,86,261
10,2025-01-24,73,261
10,2025-01-25,65,261
10,2025-01-26,61,261
10,2025-01-27,49,261
10,2025-01-28,37,261
10,2025-01-29,28,261
10,2025-01-30,15,261
10,2025-01-31,3,261
10,2025-02-01,165,261
10,2025-02-02,159,261
10,2025-02-03,145,261
10,2025-02-04,137,261
10,2025-02-05,126,261
10,2025-02-06,116,261
10,2025-02-07,105,261
10,2025-02-08,96,261
10,2025-02-09,94,261
10,2025-02-10,81,261
10,2025-02-11,70,261
10,2025-02-12,57,261
10,2025-02-13,48,261
10,2025-02-14,36,261
10,2025-02-15,203,261
10,2025-02-16,200,261
10,2025-02-17,189,261
10,2025-02-18,177,261
10,2025-02-19,172,261
10,2025-02-20,164,261
10,2025-02-21,146,261
10,2025-02-22,129,222
10,2025-02-23,119,222
10,2025-02-24,98,222
10,2025-02-25,84,222
10,2025-02-26,76,222
10,2025-02-27,61,222
10,2025-02-28,52,222
10,2025-03-01,38,222
10,2025-03-02,176,222
10,2025-03-03,160,222
10,2025-03-04,144,222
10,2025-03-05,134,222
10,2025-03-06,121,222
10,2025-03-07,110,222
10,2025-03-08,104,222
10,2025-03-09,102,222
10,2025-03-10,94,222
10,2025-03-11,81,222
10,2025-03-12,68,222
10,2025-03-13,47,222
10,2025-03-14,30,222
10,2025-03-15,21,222
10,2025-03-16,133,222
10,2025-03-17,117,222
10,2025-03-18,108,222
10,2025-03-19,95,222
10,2025-03-20,82,222
10,2025-03-21,73,222
10,2025-03-22,62,222
10,2025-03-23,59,222
10,2025-03-24,49,205
10,2025-03-25,30,205
10,2025-03-26,19,205
10,2025-03-27,3,205
10,2025-03-28,0,205
10,2025-03-29,0,205
10,2025-03-30,149,205
10,2025-03-31,139,205
10,2025-04-01,126,205
10,2025-04-02,112,205
10,2025-04-03,96,205
10,2025-04-04,80,205
10,2025-04-05,66,205
10,2025-04-06,61,205
10,2025-04-07,43,205
10,2025-04-08,31,205
10,2025-04-09,19,205
10,2025-04-10,6,205
10,2025-04-11,0,205
10,2025-04-12,0,205
10,2025-04-13,115,205
10,2025-04-14,101,205
10,2025-04-15,79,205
10,2025-04-16,68,205
10,2025-04-17,56,205
10,2025-04-18,46,205
10,2025-04-19,38,205
10,2025-04-20,28,205
10,2025-04-21,12,205
10,2025-04-22,0,205
10,2025-04-23,0,234
10,2025-04-24,0,234
10,2025-04-25,0,234
10,2025-04-26,0,234
10,2025-04-27,0,234
10,2025-04-28,0,234
10,2025-04-29,145,234
10,2025-04-30,128,234
10,2025-05-01,108,234
10,2025-05-02,91,234
10,2025-05-03,80,234
10,2025-05-04,72,234
10,2025-05-05,63,234
10,2025-05-06,49,234
10,2025-05-07,34,234
10,2025-05-08,16,234
10,2025-05-09,7,234
10,2025-05-10,0,234
10,2025-05-11,0,234
10,2025-05-12,0,234
10,2025-05-13,146,234
10,2025-05-14,133,234
10,2025-05-15,120,234
10,2025-05-16,106,234
10,2025-05-17,95,234
10,2025-05-18,91,234
10,2025-05-19,74,234
10,2025-05-20,58,234
10,2025-05-21,36,234
10,2025-05-22,13,234
10,2025-05-23,0,262
10,2025-05-24,0,262
10,2025-05-25,0,262
10,2025-05-26,150,262
10,2025-05-27,138,262
10,2025-05-28,114,262
10,2025-05-29,97,262
10,2025-05-30,86,262
10,2025-05-31,70,262
10,2025-06-01,58,262
10,2025-06-02,38,262
10,2025-06-03,23,262
10,2025-06-04,7,262
10,2025-06-05,0,262
10,2025-06-06,0,262
10,2025-06-07,0,262
10,2025-06-08,0,262
10,2025-06-09,178,262
10,2025-06-10,162,262
10,2025-06-11,151,262
10,2025-06-12,136,262
10,2025-06-13,120,262
10,2025-06-14,93,262
10,2025-06-15,81,262
10,2025-06-16,65,262
10,2025-06-17,50,262
10,2025-06-18,30,262
10,2025-06-19,11,262
10,2025-06-20,0,262
10,2025-06-21,0,262
10,2025-06-22,0,292
10,2025-06-23,0,292
10,2025-06-24,0,292
10,2025-06-25,154,292
10,2025-06-26,126,292
10,2025-06-27,110,292
10,2025-06-28,89,292
10,2025-06-29,82,292
10,2025-06-30,66,292
10,2025-07-01,39,292
10,2025-07-02,18,292
10,2025-07-03,0,292
10,2025-07-04,0,292
10,2025-07-05,0,292
10,2025-07-06,0,292
10,2025-07-07,0,292
10,2025-07-08,0,292
10,2025-07-09,210,292
10,2025-07-10,192,292
10,2025-07-11,174,292
10,2025-07-12,161,292
10,2025-07-13,151,292
10,2025-07-14,134,292
10,2025-07-15,114,292
10,2025-07-16,97,292
10,2025-07-17,84,292
10,2025-07-18,59,292
10,2025-07-19,40,292
10,2025-07-20,30,292
10,2025-07-21,9,292
10,2025-07-22,0,327
10,2025-07-23,161,327
10,2025-07-24,145,327
10,2025-07-25,126,327
10,2025-07-26,105,327
10,2025-07-27,91,327
10,2025-07-28,68,327
10,2025-07-29,44,327
10,2025-07-30,15,327
10,2025-07-31,0,327
10,2025-08-01,0,327
10,2025-08-02,0,327
10,2025-08-03,0,327
10,2025-08-04,0,327
10,2025-08-05,0,327
10,2025-08-06,0,327
10,2025-08-07,265,327
10,2025-08-08,249,327
10,2025-08-09,228,327
10,2025-08-10,220,327
10,2025-08-11,200,327
10,2025-08-12,179,327
10,2025-08-13,153,327
10,2025-08-14,142,327
10,2025-08-15,122,327
10,2025-08-16,95,327
10,2025-08-17,85,327
10,2025-08-18,68,327
10,2025-08-19,42,327
10,2025-08-20,197,327
10,2025-08-21,182,349
10,2025-08-22,161,349
10,2025-08-23,145,349
10,2025-08-24,134,349
10,2025-08-25,126,349
10,2025-08-26,109,349
10,2025-08-27,97,349
10,2025-08-28,76,349
10,2025-08-29,55,349
10,2025-08-30,39,349
10,2025-08-31,36,349
10,2025-09-01,23,349
10,2025-09-02,11,349
10,2025-09-03,234,349
10,2025-09-04,219,349
10,2025-09-05,204,349
10,2025-09-06,194,349
10,2025-09-07,185,349
10,2025-09-08,167,349
10,2025-09-09,149,349
10,2025-09-10,133,349
10,2025-09-11,123,349
10,2025-09-12,109,349
10,2025-09-13,93,349
10,2025-09-14,85,349
10,2025-09-15,69,349
10,2025-09-16,54,349
10,2025-09-17,268,349
10,2025-09-18,256,349
10,2025-09-19,241,349
10,2025-09-20,227,308
10,2025-09-21,213,308
10,2025-09-22,187,308
10,2025-09-23,174,308
10,2025-09-24,158,308
10,2025-09-25,141,308
10,2025-09-26,126,308
10,2025-09-27,114,308
10,2025-09-28,108,308
10,2025-09-29,91,308
10,2025-09-30,79,308
10,2025-10-01,73,308
10,2025-10-02,61,308
10,2025-10-03,245,308
10,2025-10-04,232,308
10,2025-10-05,228,308
10,2025-10-06,213,308
10,2025-10-07,200,308
10,2025-10-08,185,308
10,2025-10-09,166,308
10,2025-10-10,150,308
10,2025-10-11,138,308
10,2025-10-12,132,308
10,2025-10-13,119,308
10,2025-10-14,99,308
10,2025-10-15,84,308
10,2025-10-16,237,308
10,2025-10-17,217,308
10,2025-10-18,203,308
10,2025-10-19,201,308
10,2025-10-20,191,259
10,2025-10-21,181,259
10,2025-10-22,167,259
10,2025-10-23,149,259
10,2025-10-24,133,259
10,2025-10-25,119,259
10,2025-10-26,109,259
10,2025-10-27,98,259
10,2025-10-28,88,259
10,2025-10-29,76,259
10,2025-10-30,61,259
10,2025-10-31,49,259
10,2025-11-01,205,259
10,2025-11-02,198,259
10,2025-11-03,177,259
10,2025-11-04,168,259
10,2025-11-05,156,259
10,2025-11-06,141,259
10,2025-11-07,128,259
10,2025-11-08,105,259
10,2025-11-09,102,259
10,2025-11-10,88,259
10,2025-11-11,75,259
10,2025-11-12,50,259
10,2025-11-13,33,259
10,2025-11-14,153,259
10,2025-11-15,132,259
10,2025-11-16,125,259
10,2025-11-17,115,259
10,2025-11-18,103,259
10,2025-11-19,97,255
10,2025-11-20,82,255
10,2025-11-21,67,255
10,2025-11-22,56,255
10,2025-11-23,46,255
10,2025-11-24,27,255
10,2025-11-25,15,255
10,2025-11-26,7,255
10,2025-11-27,0,255
10,2025-11-28,0,255
10,2025-11-29,179,255
10,2025-11-30,175,255
10,2025-12-01,163,255
10,2025-12-02,152,255
10,2025-12-03,139,255
10,2025-12-04,122,255
10,2025-12-05,94,255
10,2025-12-06,86,255
10,2025-12-07,80,255
10,2025-12-08,56,255
10,2025-12-09,43,255
10,2025-12-10,23,255
10,2025-12-11,5,255
10,2025-12-12,0,255
10,2025-12-13,148,255
10,2025-12-14,144,255
10,2025-12-15,132,255
10,2025-12-16,115,255
10,2025-12-17,96,255
10,2025-12-18,79,255
10,2025-12-19,71,260
10,2025-12-20,57,260
10,2025-12-21,46,260
10,2025-12-22,36,260
10,2025-12-23,18,260
10,2025-12-24,2,260
10,2025-12-25,0,260
10,2025-12-26,0,260
10,2025-12-27,179,260
10,2025-12-28,168,260
10,2025-12-29,154,260
10,2025-12-30,135,260
10,2025-12-31,110,260
10,2026-01-01,95,260
10,2026-01-02,81,260
10,2026-01-03,73,260
10,2026-01-04,67,260
10,2026-01-05,55,260
10,2026-01-06,42,260
10,2026-01-07,28,260
10,2026-01-08,19,260
10,2026-01-09,174,260
10,2026-01-10,167,260
10,2026-01-11,162,260
10,2026-01-12,153,260
10,2026-01-13,138,260
10,2026-01-14,130,260
10,2026-01-15,103,260
10,2026-01-16,93,260
10,2026-01-17,84,260
10,2026-01-18,76,252
10,2026-01-19,56,252
10,2026-01-20,43,252
10,2026-01-21,32,252
10,2026-01-22,193,252
10,2026-01-23,178,252
10,2026-01-24,160,252
10,2026-01-25,158,252
10,2026-01-26,147,252
10,2026-01-27,135,252
10,2026-01-28,117,252
10,2026-01-29,96,252
10,2026-01-30,88,252
10,2026-01-31,79,252
10,2026-02-01,74,252
10,2026-02-02,61,252
10,2026-02-03,48,252
10,2026-02-04,181,252
10,2026-02-05,165,252
10,2026-02-06,148,252
10,2026-02-07,137,252
10,2026-02-08,136,252
10,2026-02-09,127,252
10,2026-02-10,117,252
10,2026-02-11,97,252
10,2026-02-12,89,252
10,2026-02-13,76,252
10,2026-02-14,72,252
10,2026-02-15,64,252
10,2026-02-16,55,252
10,2026-02-17,44,228
10,2026-02-18,17,228
10,2026-02-19,155,228
10,2026-02-20,145,228
10,2026-02-21,135,228
10,2026-02-22,134,228
10,2026-02-23,122,228
10,2026-02-24,110,228
10,2026-02-25,99,228
10,2026-02-26,83,228
10,2026-02-27,77,228
10,2026-02-28,70,228
10,2026-03-01,67,228
10,2026-03-02,61,228
10,2026-03-03,48,228
10,2026-03-04,36,228
10,2026-03-05,165,228
10,2026-03-06,147,228
10,2026-03-07,140,228
10,2026-03-08,136,228
10,2026-03-09,125,228
10,2026-03-10,112,228
10,2026-03-11,100,228
10,2026-03-12,95,228
10,2026-03-13,87,228
10,2026-03-14,71,228
10,2026-03-15,61,228
10,2026-03-16,42,228
10,2026-03-17,24,228
10,2026-03-18,9,228
10,2026-03-19,0,217
10,2026-03-20,0,217
10,2026-03-21,123,217
10,2026-03-22,117,217
10,2026-03-23,106,217
10,2026-03-24,95,217
10,2026-03-25,77,217
10,2026-03-26,66,217
10,2026-03-27,55,217
10,2026-03-28,37,217
10,2026-03-29,32,217
10,2026-03-30,25,217
10,2026-03-31,11,217
10,2026-04-01,2,217
10,2026-04-02,0,217
10,2026-04-03,148,217
10,2026-04-04,134,217
10,2026-04-05,129,217
10,2026-04-06,111,217
10,2026-04-07,101,217
10,2026-04-08,92,217
10,2026-04-09,78,217
10,2026-04-10,52,217
10,2026-04-11,40,217
10,2026-04-12,35,217
10,2026-04-13,19,217
10,2026-04-14,1,217
10,2026-04-15,0,217
10,2026-04-16,120,217
10,2026-04-17,110,217
10,2026-04-18,95,228
10,2026-04-19,93,228
10,2026-04-20,74,228
10,2026-04-21,65,228
10,2026-04-22,57,228
10,2026-04-23,43,228
10,2026-04-24,33,228
10,2026-04-25,21,228
10,2026-04-26,18,228
10,2026-04-27,5,228
10,2026-04-28,0,228
10,2026-04-29,0,228
10,2026-04-30,141,228
10,2026-05-01,126,228
10,2026-05-02,114,228
10,2026-05-03,108,228
10,2026-05-04,93,228
10,2026-05-05,76,228
10,2026-05-06,59,228
10,2026-05-07,47,228
10,2026-05-08,35,228
10,2026-05-09,24,228
10,2026-05-10,16,228
10,2026-05-11,3,228
10,2026-05-12,0,228
10,2026-05-13,146,228
10,2026-05-14,130,228
10,2026-05-15,113,228
10,2026-05-16,99,228
10,2026-05-17,94,228
10,2026-05-18,78,241
10,2026-05-19,61,241
10,2026-05-20,40,241
10,2026-05-21,24,241
10,2026-05-22,7,241
10,2026-05-23,0,241
10,2026-05-24,0,241
10,2026-05-25,0,241
10,2026-05-26,134,241
10,2026-05-27,120,241
10,2026-05-28,110,241
10,2026-05-29,93,241
10,2026-05-30,82,241
10,2026-05-31,76,241
10,2026-06-01,65,241
10,2026-06-02,40,241
10,2026-06-03,21,241
10,2026-06-04,8,241
10,2026-06-05,0,241
10,2026-06-06,0,241
10,2026-06-07,0,241
10,2026-06-08,0,241
10,2026-06-09,0,241
10,2026-06-10,169,241
10,2026-06-11,153,241
10,2026-06-12,118,241
10,2026-06-13,99,241
10,2026-06-14,91,241
10,2026-06-15,63,241
10,2026-06-16,35,241
10,2026-06-17,15,286
10,2026-06-18,1,286
10,2026-06-19,0,286
10,2026-06-20,0,286
10,2026-06-21,0,286
10,2026-06-22,0,286
10,2026-06-23,0,286
10,2026-06-24,126,286
10,2026-06-25,106,286
10,2026-06-26,92,286
10,2026-06-27,77,286
10,2026-06-28,67,286
10,2026-06-29,50,286
10,2026-06-30,30,286
10,2026-07-01,13,286
10,2026-07-02,0,286
10,2026-07-03,0,286
10,2026-07-04,0,286
10,2026-07-05,0,286
10,2026-07-06,0,286
10,2026-07-07,240,286
10,2026-07-08,216,286
10,2026-07-09,201,286
10,2026-07-10,185,286
10,2026-07-11,161,286
10,2026-07-12,151,286
10,2026-07-13,131,286
10,2026-07-14,111,286
10,2026-07-15,94,286
10,2026-07-16,75,286
10,2026-07-17,53,330
10,2026-07-18,36,330
10,2026-07-19,26,330
10,2026-07-20,151,330
10,2026-07-21,130,330
10,2026-07-22,113,330
10,2026-07-23,97,330
10,2026-07-24,78,330
10,2026-07-25,60,330
10,2026-07-26,48,330
10,2026-07-27,26,330
10,2026-07-28,0,330
10,2026-07-29,0,330
10,2026-07-30,0,330
10,2026-07-31,0,330
10,2026-08-01,0,330
10,2026-08-02,0,330
10,2026-08-03,0,330
10,2026-08-04,0,330
10,2026-08-05,269,330
10,2026-08-06,249,330
10,2026-08-07,230,330
10,2026-08-08,217,330
10,2026-08-09,208,330
10,2026-08-10,180,330
10,2026-08-11,161,330
10,2026-08-12,145,330
10,2026-08-13,121,330
10,2026-08-14,96,330
10,2026-08-15,85,330
10,2026-08-16,74,337
10,2026-08-17,56,337
10,2026-08-18,46,337
10,2026-08-19,31,337
10,2026-08-20,187,337
10,2026-08-21,170,337
10,2026-08-22,151,337
10,2026-08-23,144,337
10,2026-08-24,124,337
10,2026-08-25,98,337
10,2026-08-26,80,337
10,2026-08-27,71,337
10,2026-08-28,44,337
10,2026-08-29,30,337
10,2026-08-30,27,337
10,2026-08-31,18,337
10,2026-09-01,0,337
10,2026-09-02,0,337
10,2026-09-03,0,337
10,2026-09-04,240,337
10,2026-09-05,231,337
10,2026-09-06,221,337
10,2026-09-07,200,337
10,2026-09-08,173,337
10,2026-09-09,166,337
10,2026-09-10,153,337
10,2026-09-11,136,337
10,2026-09-12,117,337
10,2026-09-13,110,337
10,2026-09-14,99,337
10,2026-09-15,77,315
10,2026-09-16,59,315
10,2026-09-17,255,315
10,2026-09-18,238,315
10,2026-09-19,222,315
10,2026-09-20,215,315
10,2026-09-21,199,315
10,2026-09-22,191,315
10,2026-09-23,180,315
10,2026-09-24,164,315
10,2026-09-25,147,315
10,2026-09-26,131,315
10,2026-09-27,123,315
10,2026-09-28,110,315
10,2026-09-29,97,315
10,2026-09-30,82,315
11,2023-10-01,719,553
11,2023-10-02,685,553
11,2023-10-03,661,553
11,2023-10-04,623,553
11,2023-10-05,596,553
11,2023-10-06,572,553
11,2023-10-07,542,553
11,2023-10-08,527,553
11,2023-10-09,504,553
11,2023-10-10,480,553
11,2023-10-11,461,553
11,2023-10-12,434,553
11,2023-10-13,406,553
11,2023-10-14,384,553
11,2023-10-15,375,553
11,2023-10-16,339,553
11,2023-10-17,300,553
11,2023-10-18,271,553
11,2023-10-19,252,553
11,2023-10-20,222,553
11,2023-10-21,199,553
11,2023-10-22,182,553
11,2023-10-23,153,553
11,2023-10-24,360,553
11,2023-10-25,329,553
11,2023-10-26,302,553
11,2023-10-27,276,553
11,2023-10-28,257,553
11,2023-10-29,244,553
11,2023-10-30,220,553
11,2023-10-31,190,553
11,2023-11-01,171,553
11,2023-11-02,106,553
11,2023-11-03,86,553
11,2023-11-04,58,553
11,2023-11-05,44,553
11,2023-11-06,395,553
11,2023-11-07,362,553
11,2023-11-08,332,553
11,2023-11-09,303,553
11,2023-11-10,287,553
11,2023-11-11,257,553
11,2023-11-12,239,553
11,2023-11-13,216,553
11,2023-11-14,192,553
11,2023-11-15,159,553
11,2023-11-16,144,553
11,2023-11-17,104,553
11,2023-11-18,70,553
11,2023-11-19,50,553
11,2023-11-20,3,553
11,2023-11-21,0,553
11,2023-11-22,309,553
11,2023-11-23,280,553
11,2023-11-24,244,553
11,2023-11-25,225,553
11,2023-11-26,214,553
11,2023-11-27,198,553
11,2023-11-28,171,553
11,2023-11-29,150,553
11,2023-11-30,110,497
11,2023-12-01,76,497
11,2023-12-02,42,497
11,2023-12-03,28,497
11,2023-12-04,0,497
11,2023-12-05,395,497
11,2023-12-06,322,497
11,2023-12-07,277,497
11,2023-12-08,249,497
11,2023-12-09,219,497
11,2023-12-10,203,497
11,2023-12-11,174,497
11,2023-12-12,145,497
11,2023-12-13,105,497
11,2023-12-14,70,497
11,2023-12-15,27,497
11,2023-12-16,0,497
11,2023-12-17,0,497
11,2023-12-18,227,497
11,2023-12-19,197,497
11,2023-12-20,158,497
11,2023-12-21,130,497
11,2023-12-22,112,497
11,2023-12-23,73,497
11,2023-12-24,54,497
11,2023-12-25,18,497
11,2023-12-26,0,497
11,2023-12-27,0,497
11,2023-12-28,0,497
11,2023-12-29,0,497
11,2023-12-30,0,562
11,2023-12-31,0,562
11,2024-01-01,0,562
11,2024-01-02,398,562
11,2024-01-03,367,562
11,2024-01-04,345,562
11,2024-01-05,318,562
11,2024-01-06,295,562
11,2024-01-07,284,562
11,2024-01-08,252,562
11,2024-01-09,216,562
11,2024-01-10,190,562
11,2024-01-11,166,562
11,2024-01-12,148,562
11,2024-01-13,128,562
11,2024-01-14,121,562
11,2024-01-15,92,562
11,2024-01-16,426,562
11,2024-01-17,398,562
11,2024-01-18,388,562
11,2024-01-19,369,562
11,2024-01-20,345,562
11,2024-01-21,337,562
11,2024-01-22,317,562
11,2024-01-23,303,562
11,2024-01-24,281,562
11,2024-01-25,255,562
11,2024-01-26,231,562
11,2024-01-27,204,562
11,2024-01-28,194,562
11,2024-01-29,173,510
11,2024-01-30,141,510
11,2024-01-31,116,510
11,2024-02-01,402,510
11,2024-02-02,368,510
11,2024-02-03,341,510
11,2024-02-04,327,510
11,2024-02-05,295,510
11,2024-02-06,269,510
11,2024-02-07,233,510
11,2024-02-08,216,510
11,2024-02-09,189,510
11,2024-02-10,158,510
11,2024-02-11,145,510
11,2024-02-12,118,510
11,2024-02-13,101,510
11,2024-02-14,80,510
11,2024-02-15,53,510
11,2024-02-16,23,510
11,2024-02-17,275,510
11,2024-02-18,264,510
11,2024-02-19,240,510
11,2024-02-20,215,510
11,2024-02-21,190,510
11,2024-02-22,161,510
11,2024-02-23,139,510
11,2024-02-24,116,510
11,2024-02-25,105,510
11,2024-02-26,85,510
11,2024-02-27,56,510
11,2024-02-28,29,434
11,2024-02-29,0,434
11,2024-03-01,0,434
11,2024-03-02,0,434
11,2024-03-03,0,434
11,2024-03-04,376,434
11,2024-03-05,351,434
11,2024-03-06,333,434
11,2024-03-07,302,434
11,2024-03-08,271,434
11,2024-03-09,254,434
11,2024-03-10,244,434
11,2024-03-11,225,434
11,2024-03-12,202,434
11,2024-03-13,179,434
11,2024-03-14,153,434
11,2024-03-15,130,434
11,2024-03-16,99,434
11,2024-03-17,281,434
11,2024-03-18,261,434
11,2024-03-19,236,434
11,2024-03-20,210,434
11,2024-03-21,185,434
11,2024-03-22,153,434
11,2024-03-23,124,434
11,2024-03-24,114,434
11,2024-03-25,85,434
11,2024-03-26,63,434
11,2024-03-27,25,434
11,2024-03-28,6,434
11,2024-03-29,0,461
11,2024-03-30,0,461
11,2024-03-31,0,461
11,2024-04-01,0,461
11,2024-04-02,264,461
11,2024-04-03,238,461
11,2024-04-04,203,461
11,2024-04-05,173,461
11,2024-04-06,150,461
11,2024-04-07,134,461
11,2024-04-08,106,461
11,2024-04-09,84,461
11,2024-04-10,66,461
11,2024-04-11,38,461
11,2024-04-12,10,461
11,2024-04-13,0,461
11,2024-04-14,0,461
11,2024-04-15,0,461
11,2024-04-16,0,461
11,2024-04-17,316,461
11,2024-04-18,286,461
11,2024-04-19,262,461
11,2024-04-20,240,461
11,2024-04-21,222,461
11,2024-04-22,196,461
11,2024-04-23,162,461
11,2024-04-24,136,461
11,2024-04-25,108,461
11,2024-04-26,59,461
11,2024-04-27,18,461
11,2024-04-28,12,479
11,2024-04-29,0,479
11,2024-04-30,0,479
11,2024-05-01,0,479
11,2024-05-02,248,479
11,2024-05-03,208,479
11,2024-05-04,185,479
11,2024-05-05,170,479
11,2024-05-06,132,479
11,2024-05-07,101,479
11,2024-05-08,70,479
11,2024-05-09,30,479
11,2024-05-10,0,479
11,2024-05-11,0,479
11,2024-05-12,0,479
11,2024-05-13,0,479
11,2024-05-14,0,479
11,2024-05-15,0,479
11,2024-05-16,339,479
11,2024-05-17,308,479
11,2024-05-18,281,479
11,2024-05-19,263,479
11,2024-05-20,227,479
11,2024-05-21,189,479
11,2024-05-22,158,479
11,2024-05-23,121,479
11,2024-05-24,79,479
11,2024-05-25,40,479
11,2024-05-26,27,479
11,2024-05-27,0,479
11,2024-05-28,0,534
11,2024-05-29,0,534
11,2024-05-30,252,534
11,2024-05-31,205,534
11,2024-06-01,174,534
11,2024-06-02,149,534
11,2024-06-03,104,534
11,2024-06-04,53,534
11,2024-06-05,23,534
11,2024-06-06,0,534
11,2024-06-07,0,534
11,2024-06-08,0,534
11,2024-06-09,0,534
11,2024-06-10,0,534
11,2024-06-11,0,534
11,2024-06-12,412,534
11,2024-06-13,360,534
11,2024-06-14,337,534
11,2024-06-15,306,534
11,2024-06-16,277,534
11,2024-06-17,244,534
11,2024-06-18,210,534
11,2024-06-19,170,534
11,2024-06-20,114,534
11,2024-06-21,69,534
11,2024-06-22,50,534
11,2024-06-23,31,534
11,2024-06-24,3,534
11,2024-06-25,0,534
11,2024-06-26,0,534
11,2024-06-27,255,627
11,2024-06-28,211,627
11,2024-06-29,191,627
11,2024-06-30,167,627
11,2024-07-01,123,627
11,2024-07-02,84,627
11,2024-07-03,58,627
11,2024-07-04,22,627
11,2024-07-05,0,627
11,2024-07-06,0,627
11,2024-07-07,0,627
11,2024-07-08,0,627
11,2024-07-09,0,627
11,2024-07-10,0,627
11,2024-07-11,544,627
11,2024-07-12,503,627
11,2024-07-13,474,627
11,2024-07-14,457,627
11,2024-07-15,416,627
11,2024-07-16,375,627
11,2024-07-17,346,627
11,2024-07-18,306,627
11,2024-07-19,283,627
11,2024-07-20,242,627
11,2024-07-21,225,627
11,2024-07-22,179,627
11,2024-07-23,139,627
11,2024-07-24,100,627
11,2024-07-25,51,627
11,2024-07-26,284,627
11,2024-07-27,242,699
11,2024-07-28,231,699
11,2024-07-29,181,699
11,2024-07-30,143,699
11,2024-07-31,79,699
11,2024-08-01,50,699
11,2024-08-02,16,699
11,2024-08-03,0,699
11,2024-08-04,0,699
11,2024-08-05,0,699
11,2024-08-06,0,699
11,2024-08-07,0,699
11,2024-08-08,506,699
11,2024-08-09,465,699
11,2024-08-10,428,699
11,2024-08-11,418,699
11,2024-08-12,389,699
11,2024-08-13,349,699
11,2024-08-14,300,699
11,2024-08-15,253,699
11,2024-08-16,202,699
11,2024-08-17,174,699
11,2024-08-18,162,699
11,2024-08-19,119,699
11,2024-08-20,78,699
11,2024-08-21,40,699
11,2024-08-22,4,699
11,2024-08-23,390,699
11,2024-08-24,356,699
11,2024-08-25,339,699
11,2024-08-26,300,698
11,2024-08-27,265,698
11,2024-08-28,237,698
11,2024-08-29,202,698
11,2024-08-30,168,698
11,2024-08-31,139,698
11,2024-09-01,124,698
11,2024-09-02,92,698
11,2024-09-03,56,698
11,2024-09-04,28,698
11,2024-09-05,0,698
11,2024-09-06,0,698
11,2024-09-07,0,698
11,2024-09-08,519,698
11,2024-09-09,493,698
11,2024-09-10,463,698
11,2024-09-11,429,698
11,2024-09-12,395,698
11,2024-09-13,373,698
11,2024-09-14,345,698
11,2024-09-15,332,698
11,2024-09-16,295,698
11,2024-09-17,269,698
11,2024-09-18,231,698
11,2024-09-19,199,698
11,2024-09-20,164,698
11,2024-09-21,528,698
11,2024-09-22,517,698
11,2024-09-23,489,698
11,2024-09-24,461,698
11,2024-09-25,434,619
11,2024-09-26,392,619
11,2024-09-27,353,619
11,2024-09-28,338,619
11,2024-09-29,319,619
11,2024-09-30,294,619
11,2024-10-01,273,619
11,2024-10-02,241,619
11,2024-10-03,216,619
11,2024-10-04,196,619
11,2024-10-05,178,619
11,2024-10-06,166,619
11,2024-10-07,543,619
11,2024-10-08,531,619
11,2024-10-09,516,619
11,2024-10-10,494,619
11,2024-10-11,469,619
11,2024-10-12,442,619
11,2024-10-13,429,619
11,2024-10-14,402,619
11,2024-10-15,378,619
11,2024-10-16,353,619
11,2024-10-17,327,619
11,2024-10-18,302,619
11,2024-10-19,274,619
11,2024-10-20,539,619
11,2024-10-21,516,619
11,2024-10-22,490,619
11,2024-10-23,466,619
11,2024-10-24,445,619
11,2024-10-25,417,497
11,2024-10-26,392,497
11,2024-10-27,379,497
11,2024-10-28,349,497
11,2024-10-29,328,497
11,2024-10-30,301,497
11,2024-10-31,261,497
11,2024-11-01,240,497
11,2024-11-02,220,497
11,2024-11-03,206,497
11,2024-11-04,178,497
11,2024-11-05,437,497
11,2024-11-06,404,497
11,2024-11-07,377,497
11,2024-11-08,340,497
11,2024-11-09,316,497
11,2024-11-10,304,497
11,2024-11-11,270,497
11,2024-11-12,241,497
11,2024-11-13,221,497
11,2024-11-14,199,497
11,2024-11-15,161,497
11,2024-11-16,140,497
11,2024-11-17,121,497
11,2024-11-18,295,497
11,2024-11-19,262,497
11,2024-11-20,233,497
11,2024-11-21,208,497
11,2024-11-22,177,497
11,2024-11-23,149,497
11,2024-11-24,142,470
11,2024-11-25,119,470
11,2024-11-26,98,470
11,2024-11-27,69,470
11,2024-11-28,34,470
11,2024-11-29,14,470
11,2024-11-30,0,470
11,2024-12-01,350,470
11,2024-12-02,316,470
11,2024-12-03,295,470
11,2024-12-04,216,470
11,2024-12-05,189,470
11,2024-12-06,163,470
11,2024-12-07,135,470
11,2024-12-08,119,470
11,2024-12-09,85,470
11,2024-12-10,45,470
11,2024-12-11,21,470
11,2024-12-12,0,470
11,2024-12-13,0,470
11,2024-12-14,0,470
11,2024-12-15,256,470
11,2024-12-16,212,470
11,2024-12-17,156,470
11,2024-12-18,127,470
11,2024-12-19,93,470
11,2024-12-20,63,470
11,2024-12-21,36,470
11,2024-12-22,20,470
11,2024-12-23,0,470
11,2024-12-24,0,536
11,2024-12-25,0,536
11,2024-12-26,0,536
11,2024-12-27,0,536
11,2024-12-28,0,536
11,2024-12-29,0,536
11,2024-12-30,324,536
11,2024-12-31,292,536
11,2025-01-01,274,536
11,2025-01-02,250,536
11,2025-01-03,220,536
11,2025-01-04,205,536
11,2025-01-05,193,536
11,2025-01-06,166,536
11,2025-01-07,134,536
11,2025-01-08,107,536
11,2025-01-09,81,536
11,2025-01-10,69,536
11,2025-01-11,52,536
11,2025-01-12,44,536
11,2025-01-13,18,536
11,2025-01-14,383,536
11,2025-01-15,358,536
11,2025-01-16,336,536
11,2025-01-17,313,536
11,2025-01-18,297,536
11,2025-01-19,284,536
11,2025-01-20,265,536
11,2025-01-21,248,536
11,2025-01-22,231,536
11,2025-01-23,197,502
11,2025-01-24,164,502
11,2025-01-25,143,502
11,2025-01-26,135,502
11,2025-01-27,112,502
11,2025-01-28,417,502
11,2025-01-29,389,502
11,2025-01-30,363,502
11,2025-01-31,345,502
11,2025-02-01,323,502
11,2025-02-02,312,502
11,2025-02-03,293,502
11,2025-02-04,263,502
11,2025-02-05,240,502
11,2025-02-06,209,502
11,2025-02-07,185,502
11,2025-02-08,165,502
11,2025-02-09,151,502
11,2025-02-10,117,502
11,2025-02-11,348,502
11,2025-02-12,335,502
11,2025-02-13,310,502
11,2025-02-14,291,502
11,2025-02-15,277,502
11,2025-02-16,262,502
11,2025-02-17,242,502
11,2025-02-18,224,502
11,2025-02-19,202,502
11,2025-02-20,175,502
11,2025-02-21,156,502
11,2025-02-22,138,424
11,2025-02-23,134,424
11,2025-02-24,114,424
11,2025-02-25,84,424
11,2025-02-26,60,424
11,2025-02-27,352,424
11,2025-02-28,329,424
11,2025-03-01,318,424
11,2025-03-02,309,424
11,2025-03-03,284,424
11,2025-03-04,258,424
11,2025-03-05,242,424
11,2025-03-06,222,424
11,2025-03-07,191,424
11,2025-03-08,172,424
11,2025-03-09,165,424
11,2025-03-10,135,424
11,2025-03-11,111,424
11,2025-03-12,78,424
11,2025-03-13,54,424
11,2025-03-14,239,424
11,2025-03-15,220,424
11,2025-03-16,212,424
11,2025-03-17,189,424
11,2025-03-18,161,424
11,2025-03-19,134,424
11,2025-03-20,103,424
11,2025-03-21,72,424
11,2025-03-22,54,424
11,2025-03-23,41,424
11,2025-03-24,17,408
11,2025-03-25,0,408
11,2025-03-26,0,408
11,2025-03-27,0,408
11,2025-03-28,0,408
11,2025-03-29,309,408
11,2025-03-30,289,408
11,2025-03-31,256,408
11,2025-04-01,234,408
11,2025-04-02,199,408
11,2025-04-03,165,408
11,2025-04-04,122,408
11,2025-04-05,97,408
11,2025-04-06,74,408
11,2025-04-07,36,408
11,2025-04-08,11,408
11,2025-04-09,0,408
11,2025-04-10,0,408
11,2025-04-11,0,408
11,2025-04-12,0,408
11,2025-04-13,215,408
11,2025-04-14,183,408
11,2025-04-15,150,408
11,2025-04-16,109,408
11,2025-04-17,86,408
11,2025-04-18,64,408
11,2025-04-19,41,408
11,2025-04-20,31,408
11,2025-04-21,0,408
11,2025-04-22,0,408
11,2025-04-23,0,452
11,2025-04-24,0,452
11,2025-04-25,0,452
11,2025-04-26,0,452
11,2025-04-27,309,452
11,2025-04-28,292,452
11,2025-04-29,258,452
11,2025-04-30,231,452
11,2025-05-01,196,452
11,2025-05-02,153,452
11,2025-05-03,134,452
11,2025-05-04,121,452
11,2025-05-05,90,452
11,2025-05-06,56,452
11,2025-05-07,26,452
11,2025-05-08,0,452
11,2025-05-09,0,452
11,2025-05-10,0,452
11,2025-05-11,0,452
11,2025-05-12,0,452
11,2025-05-13,258,452
11,2025-05-14,216,452
11,2025-05-15,183,452
11,2025-05-16,151,452
11,2025-05-17,118,452
11,2025-05-18,99,452
11,2025-05-19,63,452
11,2025-05-20,35,452
11,2025-05-21,4,452
11,2025-05-22,0,452
11,2025-05-23,0,525
11,2025-05-24,0,525
11,2025-05-25,0,525
11,2025-05-26,0,525
11,2025-05-27,300,525
11,2025-05-28,270,525
11,2025-05-29,222,525
11,2025-05-30,200,525
11,2025-05-31,165,525
11,2025-06-01,146,525
11,2025-06-02,100,525
11,2025-06-03,54,525
11,2025-06-04,6,525
11,2025-06-05,0,525
11,2025-06-06,0,525
11,2025-06-07,0,525
11,2025-06-08,0,525
11,2025-06-09,0,525
11,2025-06-10,0,525
11,2025-06-11,339,525
11,2025-06-12,299,525
11,2025-06-13,265,525
11,2025-06-14,229,525
11,2025-06-15,208,525
11,2025-06-16,164,525
11,2025-06-17,130,525
11,2025-06-18,99,525
11,2025-06-19,53,525
11,2025-06-20,10,525
11,2025-06-21,0,525
11,2025-06-22,0,614
11,2025-06-23,0,614
11,2025-06-24,0,614
11,2025-06-25,0,614
11,2025-06-26,315,614
11,2025-06-27,279,614
11,2025-06-28,246,614
11,2025-06-29,220,614
11,2025-06-30,169,614
11,2025-07-01,121,614
11,2025-07-02,76,614
11,2025-07-03,40,614
11,2025-07-04,2,614
11,2025-07-05,0,614
11,2025-07-06,0,614
11,2025-07-07,0,614
11,2025-07-08,0,614
11,2025-07-09,0,614
11,2025-07-10,448,614
11,2025-07-11,409,614
11,2025-07-12,369,614
11,2025-07-13,345,614
11,2025-07-14,299,614
11,2025-07-15,265,614
11,2025-07-16,222,614
11,2025-07-17,178,614
11,2025-07-18,148,614
11,2025-07-19,107,614
11,2025-07-20,88,614
11,2025-07-21,52,614
11,2025-07-22,0,681
11,2025-07-23,284,681
11,2025-07-24,224,681
11,2025-07-25,176,681
11,2025-07-26,144,681
11,2025-07-27,130,681
11,2025-07-28,99,681
11,2025-07-29,49,681
11,2025-07-30,2,681
11,2025-07-31,0,681
11,2025-08-01,0,681
11,2025-08-02,0,681
11,2025-08-03,0,681
11,2025-08-04,0,681
11,2025-08-05,592,681
11,2025-08-06,553,681
11,2025-08-07,516,681
11,2025-08-08,488,681
11,2025-08-09,457,681
11,2025-08-10,442,681
11,2025-08-11,408,681
11,2025-08-12,378,681
11,2025-08-13,346,681
11,2025-08-14,308,681
11,2025-08-15,272,681
11,2025-08-16,244,681
11,2025-08-17,216,681
11,2025-08-18,507,681
11,2025-08-19,467,681
11,2025-08-20,419,681
11,2025-08-21,376,686
11,2025-08-22,337,686
11,2025-08-23,313,686
11,2025-08-24,288,686
11,2025-08-25,247,686
11,2025-08-26,196,686
11,2025-08-27,171,686
11,2025-08-28,129,686
11,2025-08-29,98,686
11,2025-08-30,62,686
11,2025-08-31,46,686
11,2025-09-01,406,686
11,2025-09-02,388,686
11,2025-09-03,362,686
11,2025-09-04,336,686
11,2025-09-05,303,686
11,2025-09-06,269,686
11,2025-09-07,256,686
11,2025-09-08,221,686
11,2025-09-09,194,686
11,2025-09-10,164,686
11,2025-09-11,139,686
11,2025-09-12,125,686
11,2025-09-13,96,686
11,2025-09-14,88,686
11,2025-09-15,56,686
11,2025-09-16,31,686
11,2025-09-17,512,686
11,2025-09-18,475,686
11,2025-09-19,445,686
11,2025-09-20,416,618
11,2025-09-21,399,618
11,2025-09-22,348,618
11,2025-09-23,322,618
11,2025-09-24,289,618
11,2025-09-25,266,618
11,2025-09-26,225,618
11,2025-09-27,204,618
11,2025-09-28,191,618
11,2025-09-29,154,618
11,2025-09-30,115,618
11,2025-10-01,91,618
11,2025-10-02,63,618
11,2025-10-03,429,618
11,2025-10-04,402,618
11,2025-10-05,398,618
11,2025-10-06,355,618
11,2025-10-07,331,618
11,2025-10-08,298,618
11,2025-10-09,271,618
11,2025-10-10,256,618
11,2025-10-11,238,618
11,2025-10-12,225,618
11,2025-10-13,194,618
11,2025-10-14,157,618
11,2025-10-15,124,618
11,2025-10-16,84,618
11,2025-10-17,440,618
11,2025-10-18,418,618
11,2025-10-19,402,618
11,2025-10-20,382,537
11,2025-10-21,358,537
11,2025-10-22,326,537
11,2025-10-23,295,537
11,2025-10-24,247,537
11,2025-10-25,237,537
11,2025-10-26,224,537
11,2025-10-27,189,537
11,2025-10-28,171,537
11,2025-10-29,153,537
11,2025-10-30,134,537
11,2025-10-31,106,537
11,2025-11-01,84,537
11,2025-11-02,450,537
11,2025-11-03,416,537
11,2025-11-04,385,537
11,2025-11-05,367,537
11,2025-11-06,349,537
11,2025-11-07,293,537
11,2025-11-08,274,537
11,2025-11-09,258,537
11,2025-11-10,239,537
11,2025-11-11,214,537
11,2025-11-12,178,537
11,2025-11-13,143,537
11,2025-11-14,114,537
11,2025-11-15,79,537
11,2025-11-16,64,537
11,2025-11-17,33,537
11,2025-11-18,261,537
11,2025-11-19,226,508
11,2025-11-20,185,508
11,2025-11-21,155,508
11,2025-11-22,136,508
11,2025-11-23,125,508
11,2025-11-24,89,508
11,2025-11-25,64,508
11,2025-11-26,41,508
11,2025-11-27,14,508
11,2025-11-28,0,508
11,2025-11-29,0,508
11,2025-11-30,0,508
11,2025-12-01,0,508
11,2025-12-02,416,508
11,2025-12-03,382,508
11,2025-12-04,340,508
11,2025-12-05,311,508
11,2025-12-06,277,508
11,2025-12-07,258,508
11,2025-12-08,225,508
11,2025-12-09,182,508
11,2025-12-10,159,508
11,2025-12-11,117,508
11,2025-12-12,69,508
11,2025-12-13,42,508
11,2025-12-14,23,508
11,2025-12-15,0,508
11,2025-12-16,218,508
11,2025-12-17,191,508
11,2025-12-18,144,508
11,2025-12-19,107,541
11,2025-12-20,79,541
11,2025-12-21,63,541
11,2025-12-22,32,541
11,2025-12-23,0,541
11,2025-12-24,0,541
11,2025-12-25,0,541
11,2025-12-26,0,541
11,2025-12-27,0,541
11,2025-12-28,0,541
11,2025-12-29,0,541
11,2025-12-30,0,541
11,2025-12-31,421,541
11,2026-01-01,402,541
11,2026-01-02,372,541
11,2026-01-03,336,541
11,2026-01-04,320,541
11,2026-01-05,290,541
11,2026-01-06,271,541
11,2026-01-07,237,541
11,2026-01-08,211,541
11,2026-01-09,188,541
11,2026-01-10,151,541
11,2026-01-11,141,541
11,2026-01-12,120,541
11,2026-01-13,93,541
11,2026-01-14,66,541
11,2026-01-15,339,541
11,2026-01-16,321,541
11,2026-01-17,304,541
11,2026-01-18,291,539
11,2026-01-19,260,539
11,2026-01-20,234,539
11,2026-01-21,206,539
11,2026-01-22,189,539
11,2026-01-23,169,539
11,2026-01-24,151,539
11,2026-01-25,142,539
11,2026-01-26,123,539
11,2026-01-27,101,539
11,2026-01-28,465,539
11,2026-01-29,439,539
11,2026-01-30,422,539
11,2026-01-31,399,539
11,2026-02-01,389,539
11,2026-02-02,363,539
11,2026-02-03,345,539
11,2026-02-04,328,539
11,2026-02-05,319,539
11,2026-02-06,303,539
11,2026-02-07,281,539
11,2026-02-08,270,539
11,2026-02-09,246,539
11,2026-02-10,475,539
11,2026-02-11,456,539
11,2026-02-12,434,539
11,2026-02-13,415,539
11,2026-02-14,390,539
11,2026-02-15,379,539
11,2026-02-16,352,539
11,2026-02-17,316,428
11,2026-02-18,294,428
11,2026-02-19,275,428
11,2026-02-20,249,428
11,2026-02-21,227,428
11,2026-02-22,217,428
11,2026-02-23,194,428
11,2026-02-24,174,428
11,2026-02-25,145,428
11,2026-02-26,360,428
11,2026-02-27,334,428
11,2026-02-28,310,428
11,2026-03-01,299,428
11,2026-03-02,280,428
11,2026-03-03,262,428
11,2026-03-04,241,428
11,2026-03-05,220,428
11,2026-03-06,210,428
11,2026-03-07,189,428
11,2026-03-08,173,428
11,2026-03-09,149,428
11,2026-03-10,120,428
11,2026-03-11,86,428
11,2026-03-12,261,428
11,2026-03-13,223,428
11,2026-03-14,204,428
11,2026-03-15,193,428
11,2026-03-16,170,428
11,2026-03-17,139,428
11,2026-03-18,116,428
11,2026-03-19,98,398
11,2026-03-20,82,398
11,2026-03-21,64,398
11,2026-03-22,54,398
11,2026-03-23,35,398
11,2026-03-24,4,398
11,2026-03-25,0,398
11,2026-03-26,0,398
11,2026-03-27,279,398
11,2026-03-28,255,398
11,2026-03-29,242,398
11,2026-03-30,212,398
11,2026-03-31,186,398
11,2026-04-01,151,398
11,2026-04-02,129,398
11,2026-04-03,115,398
11,2026-04-04,89,398
11,2026-04-05,77,398
11,2026-04-06,47,398
11,2026-04-07,23,398
11,2026-04-08,0,398
11,2026-04-09,0,398
11,2026-04-10,0,398
11,2026-04-11,0,398
11,2026-04-12,237,398
11,2026-04-13,205,398
11,2026-04-14,186,398
11,2026-04-15,159,398
11,2026-04-16,120,398
11,2026-04-17,101,398
11,2026-04-18,73,439
11,2026-04-19,54,439
11,2026-04-20,30,439
11,2026-04-21,2,439
11,2026-04-22,0,439
11,2026-04-23,0,439
11,2026-04-24,0,439
11,2026-04-25,260,439
11,2026-04-26,247,439
11,2026-04-27,226,439
11,2026-04-28,190,439
11,2026-04-29,157,439
11,2026-04-30,130,439
11,2026-05-01,108,439
11,2026-05-02,85,439
11,2026-05-03,73,439
11,2026-05-04,50,439
11,2026-05-05,19,439
11,2026-05-06,0,439
11,2026-05-07,0,439
11,2026-05-08,287,439
11,2026-05-09,249,439
11,2026-05-10,234,439
11,2026-05-11,198,439
11,2026-05-12,162,439
11,2026-05-13,128,439
11,2026-05-14,96,439
11,2026-05-15,74,439
11,2026-05-16,51,439
11,2026-05-17,39,439
11,2026-05-18,0,479
11,2026-05-19,0,479
11,2026-05-20,0,479
11,2026-05-21,0,479
11,2026-05-22,0,479
11,2026-05-23,271,479
11,2026-05-24,263,479
11,2026-05-25,226,479
11,2026-05-26,188,479
11,2026-05-27,160,479
11,2026-05-28,122,479
11,2026-05-29,87,479
11,2026-05-30,57,479
11,2026-05-31,43,479
11,2026-06-01,4,479
11,2026-06-02,0,479
11,2026-06-03,0,479
11,2026-06-04,0,479
11,2026-06-05,0,479
11,2026-06-06,334,479
11,2026-06-07,311,479
11,2026-06-08,267,479
11,2026-06-09,232,479
11,2026-06-10,167,479
11,2026-06-11,131,479
11,2026-06-12,98,479
11,2026-06-13,49,479
11,2026-06-14,36,479
11,2026-06-15,0,479
11,2026-06-16,0,479
11,2026-06-17,0,584
11,2026-06-18,0,584
11,2026-06-19,0,584
11,2026-06-20,254,584
11,2026-06-21,237,584
11,2026-06-22,199,584
11,2026-06-23,165,584
11,2026-06-24,114,584
11,2026-06-25,59,584
11,2026-06-26,18,584
11,2026-06-27,0,584
11,2026-06-28,0,584
11,2026-06-29,0,584
11,2026-06-30,0,584
11,2026-07-01,0,584
11,2026-07-02,0,584
11,2026-07-03,0,584
11,2026-07-04,0,584
11,2026-07-05,0,584
11,2026-07-06,481,584
11,2026-07-07,443,584
11,2026-07-08,408,584
11,2026-07-09,373,584
11,2026-07-10,343,584
11,2026-07-11,306,584
11,2026-07-12,292,584
11,2026-07-13,256,584
11,2026-07-14,215,584
11,2026-07-15,184,584
11,2026-07-16,151,584
11,2026-07-17,117,668
11,2026-07-18,87,668
11,2026-07-19,63,668
11,2026-07-20,14,668
11,2026-07-21,270,668
11,2026-07-22,228,668
11,2026-07-23,192,668
11,2026-07-24,148,668
11,2026-07-25,116,668
11,2026-07-26,103,668
11,2026-07-27,62,668
11,2026-07-28,25,668
11,2026-07-29,0,668
11,2026-07-30,0,668
11,2026-07-31,0,668
11,2026-08-01,0,668
11,2026-08-02,0,668
11,2026-08-03,0,668
11,2026-08-04,0,668
11,2026-08-05,0,668
11,2026-08-06,574,668
11,2026-08-07,532,668
11,2026-08-08,502,668
11,2026-08-09,484,668
11,2026-08-10,452,668
11,2026-08-11,413,668
11,2026-08-12,374,668
11,2026-08-13,327,668
11,2026-08-14,282,668
11,2026-08-15,244,668
11,2026-08-16,226,684
11,2026-08-17,194,684
11,2026-08-18,159,684
11,2026-08-19,115,684
11,2026-08-20,377,684
11,2026-08-21,351,684
11,2026-08-22,323,684
11,2026-08-23,304,684
11,2026-08-24,258,684
11,2026-08-25,222,684
11,2026-08-26,178,684
11,2026-08-27,158,684
11,2026-08-28,124,684
11,2026-08-29,103,684
11,2026-08-30,81,684
11,2026-08-31,41,684
11,2026-09-01,15,684
11,2026-09-02,506,684
11,2026-09-03,477,684
11,2026-09-04,447,684
11,2026-09-05,424,684
11,2026-09-06,394,684
11,2026-09-07,367,684
11,2026-09-08,333,684
11,2026-09-09,304,684
11,2026-09-10,269,684
11,2026-09-11,235,684
11,2026-09-12,199,684
11,2026-09-13,187,684
11,2026-09-14,155,684
11,2026-09-15,131,638
11,2026-09-16,502,638
11,2026-09-17,482,638
11,2026-09-18,452,638
11,2026-09-19,429,638
11,2026-09-20,422,638
11,2026-09-21,400,638
11,2026-09-22,368,638
11,2026-09-23,340,638
11,2026-09-24,308,638
11,2026-09-25,277,638
11,2026-09-26,256,638
11,2026-09-27,242,638
11,2026-09-28,211,638
11,2026-09-29,169,638
11,2026-09-30,488,638
12,2023-10-01,334,238
12,2023-10-02,326,238
12,2023-10-03,316,238
12,2023-10-04,302,238
12,2023-10-05,283,238
12,2023-10-06,271,238
12,2023-10-07,259,238
12,2023-10-08,253,238
12,2023-10-09,239,238
12,2023-10-10,218,238
12,2023-10-11,202,238
12,2023-10-12,178,238
12,2023-10-13,156,238
12,2023-10-14,140,238
12,2023-10-15,136,238
12,2023-10-16,126,238
12,2023-10-17,113,238
12,2023-10-18,95,238
12,2023-10-19,79,238
12,2023-10-20,204,238
12,2023-10-21,191,238
12,2023-10-22,186,238
12,2023-10-23,172,238
12,2023-10-24,157,238
12,2023-10-25,145,238
12,2023-10-26,126,238
12,2023-10-27,112,238
12,2023-10-28,103,238
12,2023-10-29,91,238
12,2023-10-30,72,238
12,2023-10-31,196,238
12,2023-11-01,177,238
12,2023-11-02,145,238
12,2023-11-03,130,238
12,2023-11-04,114,238
12,2023-11-05,106,238
12,2023-11-06,90,238
12,2023-11-07,77,238
12,2023-11-08,73,238
12,2023-11-09,58,238
12,2023-11-10,189,238
12,2023-11-11,178,238
12,2023-11-12,167,238
12,2023-11-13,153,238
12,2023-11-14,141,238
12,2023-11-15,127,238
12,2023-11-16,107,238
12,2023-11-17,89,238
12,2023-11-18,73,238
12,2023-11-19,59,238
12,2023-11-20,47,238
12,2023-11-21,33,238
12,2023-11-22,163,238
12,2023-11-23,147,238
12,2023-11-24,127,238
12,2023-11-25,115,238
12,2023-11-26,101,238
12,2023-11-27,81,238
12,2023-11-28,64,238
12,2023-11-29,45,238
12,2023-11-30,29,219
12,2023-12-01,18,219
12,2023-12-02,2,219
12,2023-12-03,174,219
12,2023-12-04,163,219
12,2023-12-05,141,219
12,2023-12-06,119,219
12,2023-12-07,94,219
12,2023-12-08,78,219
12,2023-12-09,70,219
12,2023-12-10,65,219
12,2023-12-11,52,219
12,2023-12-12,36,219
12,2023-12-13,7,219
12,2023-12-14,128,219
12,2023-12-15,111,219
12,2023-12-16,96,219
12,2023-12-17,84,219
12,2023-12-18,76,219
12,2023-12-19,56,219
12,2023-12-20,36,219
12,2023-12-21,15,219
12,2023-12-22,0,219
12,2023-12-23,169,219
12,2023-12-24,163,219
12,2023-12-25,138,219
12,2023-12-26,125,219
12,2023-12-27,101,219
12,2023-12-28,84,219
12,2023-12-29,66,219
12,2023-12-30,57,239
12,2023-12-31,46,239
12,2024-01-01,37,239
12,2024-01-02,24,239
12,2024-01-03,159,239
12,2024-01-04,137,239
12,2024-01-05,124,239
12,2024-01-06,108,239
12,2024-01-07,100,239
12,2024-01-08,94,239
12,2024-01-09,82,239
12,2024-01-10,62,239
12,2024-01-11,47,239
12,2024-01-12,215,239
12,2024-01-13,201,239
12,2024-01-14,195,239
12,2024-01-15,186,239
12,2024-01-16,162,239
12,2024-01-17,156,239
12,2024-01-18,141,239
12,2024-01-19,122,239
12,2024-01-20,110,239
12,2024-01-21,234,239
12,2024-01-22,224,239
12,2024-01-23,208,239
12,2024-01-24,195,239
12,2024-01-25,179,239
12,2024-01-26,156,239
12,2024-01-27,140,239
12,2024-01-28,127,239
12,2024-01-29,111,223
12,2024-01-30,98,223
12,2024-01-31,82,223
12,2024-02-01,191,223
12,2024-02-02,175,223
12,2024-02-03,160,223
12,2024-02-04,155,223
12,2024-02-05,139,223
12,2024-02-06,125,223
12,2024-02-07,116,223
12,2024-02-08,105,223
12,2024-02-09,87,223
12,2024-02-10,75,223
12,2024-02-11,67,223
12,2024-02-12,56,223
12,2024-02-13,170,223
12,2024-02-14,152,223
12,2024-02-15,137,223
12,2024-02-16,127,223
12,2024-02-17,115,223
12,2024-02-18,107,223
12,2024-02-19,102,223
12,2024-02-20,90,223
12,2024-02-21,72,223
12,2024-02-22,56,223
12,2024-02-23,43,223
12,2024-02-24,24,223
12,2024-02-25,169,223
12,2024-02-26,158,223
12,2024-02-27,146,223
12,2024-02-28,136,199
12,2024-02-29,124,199
12,2024-03-01,102,199
12,2024-03-02,88,199
12,2024-03-03,80,199
12,2024-03-04,68,199
12,2024-03-05,45,199
12,2024-03-06,34,199
12,2024-03-07,13,199
12,2024-03-08,149,199
12,2024-03-09,134,199
12,2024-03-10,124,199
12,2024-03-11,103,199
12,2024-03-12,83,199
12,2024-03-13,72,199
12,2024-03-14,60,199
12,2024-03-15,44,199
12,2024-03-16,31,199
12,2024-03-17,161,199
12,2024-03-18,136,199
12,2024-03-19,126,199
12,2024-03-20,111,199
12,2024-03-21,92,199
12,2024-03-22,75,199
12,2024-03-23,51,199
12,2024-03-24,46,199
12,2024-03-25,31,199
12,2024-03-26,13,199
12,2024-03-27,0,199
12,2024-03-28,0,199
12,2024-03-29,101,212
12,2024-03-30,88,212
12,2024-03-31,82,212
12,2024-04-01,62,212
12,2024-04-02,43,212
12,2024-04-03,25,212
12,2024-04-04,8,212
12,2024-04-05,0,212
12,2024-04-06,0,212
12,2024-04-07,0,212
12,2024-04-08,0,212
12,2024-04-09,0,212
12,2024-04-10,187,212
12,2024-04-11,168,212
12,2024-04-12,156,212
12,2024-04-13,144,212
12,2024-04-14,136,212
12,2024-04-15,118,212
12,2024-04-16,101,212
12,2024-04-17,87,212
12,2024-04-18,62,212
12,2024-04-19,40,212
12,2024-04-20,145,212
12,2024-04-21,140,212
12,2024-04-22,130,212
12,2024-04-23,112,212
12,2024-04-24,94,212
12,2024-04-25,78,212
12,2024-04-26,54,212
12,2024-04-27,46,212
12,2024-04-28,44,230
12,2024-04-29,27,230
12,2024-04-30,165,230
12,2024-05-01,144,230
12,2024-05-02,115,230
12,2024-05-03,92,230
12,2024-05-04,76,230
12,2024-05-05,59,230
12,2024-05-06,43,230
12,2024-05-07,25,230
12,2024-05-08,0,230
12,2024-05-09,143,230
12,2024-05-10,121,230
12,2024-05-11,100,230
12,2024-05-12,91,230
12,2024-05-13,73,230
12,2024-05-14,52,230
12,2024-05-15,36,230
12,2024-05-16,19,230
12,2024-05-17,4,230
12,2024-05-18,0,230
12,2024-05-19,177,230
12,2024-05-20,162,230
12,2024-05-21,139,230
12,2024-05-22,120,230
12,2024-05-23,101,230
12,2024-05-24,75,230
12,2024-05-25,58,230
12,2024-05-26,53,230
12,2024-05-27,38,230
12,2024-05-28,17,254
12,2024-05-29,4,254
12,2024-05-30,0,254
12,2024-05-31,115,254
12,2024-06-01,92,254
12,2024-06-02,78,254
12,2024-06-03,49,254
12,2024-06-04,11,254
12,2024-06-05,0,254
12,2024-06-06,0,254
12,2024-06-07,0,254
12,2024-06-08,0,254
12,2024-06-09,0,254
12,2024-06-10,0,254
12,2024-06-11,0,254
12,2024-06-12,212,254
12,2024-06-13,188,254
12,2024-06-14,167,254
12,2024-06-15,136,254
12,2024-06-16,133,254
12,2024-06-17,118,254
12,2024-06-18,93,254
12,2024-06-19,73,254
12,2024-06-20,56,254
12,2024-06-21,184,254
12,2024-06-22,167,254
12,2024-06-23,155,254
12,2024-06-24,126,254
12,2024-06-25,105,254
12,2024-06-26,85,254
12,2024-06-27,69,306
12,2024-06-28,45,306
12,2024-06-29,31,306
12,2024-06-30,17,306
12,2024-07-01,3,306
12,2024-07-02,0,306
12,2024-07-03,159,306
12,2024-07-04,131,306
12,2024-07-05,110,306
12,2024-07-06,94,306
12,2024-07-07,78,306
12,2024-07-08,58,306
12,2024-07-09,28,306
12,2024-07-10,10,306
12,2024-07-11,0,306
12,2024-07-12,0,306
12,2024-07-13,0,306
12,2024-07-14,0,306
12,2024-07-15,261,306
12,2024-07-16,235,306
12,2024-07-17,201,306
12,2024-07-18,168,306
12,2024-07-19,138,306
12,2024-07-20,121,306
12,2024-07-21,112,306
12,2024-07-22,91,306
12,2024-07-23,70,306
12,2024-07-24,43,306
12,2024-07-25,16,306
12,2024-07-26,0,306
12,2024-07-27,162,336
12,2024-07-28,152,336
12,2024-07-29,130,336
12,2024-07-30,106,336
12,2024-07-31,68,336
12,2024-08-01,49,336
12,2024-08-02,24,336
12,2024-08-03,10,336
12,2024-08-04,0,336
12,2024-08-05,0,336
12,2024-08-06,0,336
12,2024-08-07,0,336
12,2024-08-08,296,336
12,2024-08-09,266,336
12,2024-08-10,237,336
12,2024-08-11,230,336
12,2024-08-12,213,336
12,2024-08-13,193,336
12,2024-08-14,169,336
12,2024-08-15,159,336
12,2024-08-16,141,336
12,2024-08-17,126,336
12,2024-08-18,110,336
12,2024-08-19,271,336
12,2024-08-20,251,336
12,2024-08-21,228,336
12,2024-08-22,210,336
12,2024-08-23,189,336
12,2024-08-24,169,336
12,2024-08-25,160,336
12,2024-08-26,141,317
12,2024-08-27,119,317
12,2024-08-28,97,317
12,2024-08-29,278,317
12,2024-08-30,256,317
12,2024-08-31,236,317
12,2024-09-01,225,317
12,2024-09-02,204,317
12,2024-09-03,186,317
12,2024-09-04,167,317
12,2024-09-05,153,317
12,2024-09-06,135,317
12,2024-09-07,119,317
12,2024-09-08,110,317
12,2024-09-09,277,317
12,2024-09-10,253,317
12,2024-09-11,229,317
12,2024-09-12,203,317
12,2024-09-13,188,317
12,2024-09-14,174,317
12,2024-09-15,170,317
12,2024-09-16,148,317
12,2024-09-17,126,317
12,2024-09-18,104,317
12,2024-09-19,93,317
12,2024-09-20,78,317
12,2024-09-21,240,317
12,2024-09-22,237,317
12,2024-09-23,222,317
12,2024-09-24,200,317
12,2024-09-25,177,284
12,2024-09-26,151,284
12,2024-09-27,130,284
12,2024-09-28,114,284
12,2024-09-29,108,284
12,2024-09-30,310,284
12,2024-10-01,289,284
12,2024-10-02,269,284
12,2024-10-03,251,284
12,2024-10-04,235,284
12,2024-10-05,213,284
12,2024-10-06,201,284
12,2024-10-07,179,284
12,2024-10-08,162,284
12,2024-10-09,141,284
12,2024-10-10,123,284
12,2024-10-11,100,284
12,2024-10-12,85,284
12,2024-10-13,78,284
12,2024-10-14,214,284
12,2024-10-15,192,284
12,2024-10-16,170,284
12,2024-10-17,153,284
12,2024-10-18,138,284
12,2024-10-19,119,284
12,2024-10-20,107,284
12,2024-10-21,95,284
12,2024-10-22,83,284
12,2024-10-23,262,284
12,2024-10-24,243,284
12,2024-10-25,225,263
12,2024-10-26,209,263
12,2024-10-27,202,263
12,2024-10-28,185,263
12,2024-10-29,166,263
12,2024-10-30,147,263
12,2024-10-31,139,263
12,2024-11-01,124,263
12,2024-11-02,107,263
12,2024-11-03,258,263
12,2024-11-04,244,263
12,2024-11-05,220,263
12,2024-11-06,209,263
12,2024-11-07,192,263
12,2024-11-08,181,263
12,2024-11-09,168,263
12,2024-11-10,160,263
12,2024-11-11,140,263
12,2024-11-12,123,263
12,2024-11-13,97,263
12,2024-11-14,70,263
12,2024-11-15,50,263
12,2024-11-16,31,263
12,2024-11-17,181,263
12,2024-11-18,164,263
12,2024-11-19,145,263
12,2024-11-20,123,263
12,2024-11-21,101,263
12,2024-11-22,85,263
12,2024-11-23,74,263
12,2024-11-24,70,254
12,2024-11-25,50,254
12,2024-11-26,38,254
12,2024-11-27,219,254
12,2024-11-28,198,254
12,2024-11-29,176,254
12,2024-11-30,165,254
12,2024-12-01,160,254
12,2024-12-02,142,254
12,2024-12-03,116,254
12,2024-12-04,89,254
12,2024-12-05,58,254
12,2024-12-06,185,254
12,2024-12-07,173,254
12,2024-12-08,164,254
12,2024-12-09,143,254
12,2024-12-10,119,254
12,2024-12-11,95,254
12,2024-12-12,79,254
12,2024-12-13,50,254
12,2024-12-14,28,254
12,2024-12-15,19,254
12,2024-12-16,176,254
12,2024-12-17,148,254
12,2024-12-18,119,254
12,2024-12-19,93,254
12,2024-12-20,56,254
12,2024-12-21,36,254
12,2024-12-22,23,254
12,2024-12-23,6,254
12,2024-12-24,0,271
12,2024-12-25,0,271
12,2024-12-26,0,271
12,2024-12-27,0,271
12,2024-12-28,164,271
12,2024-12-29,159,271
12,2024-12-30,137,271
12,2024-12-31,116,271
12,2025-01-01,103,271
12,2025-01-02,82,271
12,2025-01-03,69,271
12,2025-01-04,55,271
12,2025-01-05,46,271
12,2025-01-06,34,271
12,2025-01-07,254,271
12,2025-01-08,242,271
12,2025-01-09,227,271
12,2025-01-10,208,271
12,2025-01-11,193,271
12,2025-01-12,184,271
12,2025-01-13,165,271
12,2025-01-14,145,271
12,2025-01-15,125,271
12,2025-01-16,112,271
12,2025-01-17,98,271
12,2025-01-18,80,271
12,2025-01-19,221,271
12,2025-01-20,200,271
12,2025-01-21,188,271
12,2025-01-22,177,271
12,2025-01-23,165,265
12,2025-01-24,144,265
12,2025-01-25,126,265
12,2025-01-26,120,265
12,2025-01-27,99,265
12,2025-01-28,83,265
12,2025-01-29,51,265
12,2025-01-30,43,265
12,2025-01-31,197,265
12,2025-02-01,183,265
12,2025-02-02,178,265
12,2025-02-03,166,265
12,2025-02-04,147,265
12,2025-02-05,128,265
12,2025-02-06,101,265
12,2025-02-07,79,265
12,2025-02-08,66,265
12,2025-02-09,247,265
12,2025-02-10,222,265
12,2025-02-11,210,265
12,2025-02-12,197,265
12,2025-02-13,168,265
12,2025-02-14,153,265
12,2025-02-15,139,265
12,2025-02-16,131,265
12,2025-02-17,116,265
12,2025-02-18,102,265
12,2025-02-19,85,265
12,2025-02-20,69,265
12,2025-02-21,213,265
12,2025-02-22,204,236
12,2025-02-23,195,236
12,2025-02-24,184,236
12,2025-02-25,172,236
12,2025-02-26,154,236
12,2025-02-27,140,236
12,2025-02-28,127,236
12,2025-03-01,98,236
12,2025-03-02,86,236
12,2025-03-03,68,236
12,2025-03-04,45,236
12,2025-03-05,189,236
12,2025-03-06,168,236
12,2025-03-07,151,236
12,2025-03-08,139,236
12,2025-03-09,128,236
12,2025-03-10,114,236
12,2025-03-11,96,236
12,2025-03-12,79,236
12,2025-03-13,62,236
12,2025-03-14,191,236
12,2025-03-15,183,236
12,2025-03-16,173,236
12,2025-03-17,149,236
12,2025-03-18,143,236
12,2025-03-19,126,236
12,2025-03-20,104,236
12,2025-03-21,79,236
12,2025-03-22,66,236
12,2025-03-23,62,236
12,2025-03-24,190,236
12,2025-03-25,169,236
12,2025-03-26,150,236
12,2025-03-27,134,236
12,2025-03-28,109,236
12,2025-03-29,89,236
12,2025-03-30,75,236
12,2025-03-31,52,236
12,2025-04-01,26,236
12,2025-04-02,5,236
12,2025-04-03,0,236
12,2025-04-04,132,236
12,2025-04-05,115,236
12,2025-04-06,108,236
12,2025-04-07,89,236
12,2025-04-08,68,236
12,2025-04-09,48,236
12,2025-04-10,33,236
12,2025-04-11,14,236
12,2025-04-12,0,236
12,2025-04-13,0,236
12,2025-04-14,0,236
12,2025-04-15,183,236
12,2025-04-16,162,236
12,2025-04-17,146,236
12,2025-04-18,116,236
12,2025-04-19,100,236
12,2025-04-20,92,236
12,2025-04-21,78,236
12,2025-04-22,65,236
12,2025-04-23,47,255
12,2025-04-24,187,255
12,2025-04-25,169,255
12,2025-04-26,157,255
12,2025-04-27,140,255
12,2025-04-28,121,255
12,2025-04-29,110,255
12,2025-04-30,93,255
12,2025-05-01,77,255
12,2025-05-02,53,255
12,2025-05-03,36,255
12,2025-05-04,28,255
12,2025-05-05,0,255
12,2025-05-06,146,255
12,2025-05-07,124,255
12,2025-05-08,109,255
12,2025-05-09,87,255
12,2025-05-10,63,255
12,2025-05-11,56,255
12,2025-05-12,32,255
12,2025-05-13,9,255
12,2025-05-14,0,255
12,2025-05-15,0,255
12,2025-05-16,194,255
12,2025-05-17,170,255
12,2025-05-18,159,255
12,2025-05-19,138,255
12,2025-05-20,119,255
12,2025-05-21,95,255
12,2025-05-22,73,255
12,2025-05-23,51,283
12,2025-05-24,34,283
12,2025-05-25,26,283
12,2025-05-26,1,283
12,2025-05-27,116,283
12,2025-05-28,88,283
12,2025-05-29,60,283
12,2025-05-30,40,283
12,2025-05-31,21,283
12,2025-06-01,5,283
12,2025-06-02,0,283
12,2025-06-03,0,283
12,2025-06-04,0,283
12,2025-06-05,0,283
12,2025-06-06,252,283
12,2025-06-07,232,283
12,2025-06-08,222,283
12,2025-06-09,186,283
12,2025-06-10,155,283
12,2025-06-11,124,283
12,2025-06-12,97,283
12,2025-06-13,67,283
12,2025-06-14,57,283
12,2025-06-15,50,283
12,2025-06-16,172,283
12,2025-06-17,135,283
12,2025-06-18,105,283
12,2025-06-19,83,283
12,2025-06-20,43,283
12,2025-06-21,18,283
12,2025-06-22,2,340
12,2025-06-23,0,340
12,2025-06-24,0,340
12,2025-06-25,0,340
12,2025-06-26,208,340
12,2025-06-27,182,340
12,2025-06-28,148,340
12,2025-06-29,138,340
12,2025-06-30,113,340
12,2025-07-01,88,340
12,2025-07-02,63,340
12,2025-07-03,36,340
12,2025-07-04,9,340
12,2025-07-05,267,340
12,2025-07-06,251,340
12,2025-07-07,224,340
12,2025-07-08,207,340
12,2025-07-09,179,340
12,2025-07-10,146,340
12,2025-07-11,104,340
12,2025-07-12,79,340
12,2025-07-13,71,340
12,2025-07-14,36,340
12,2025-07-15,11,340
12,2025-07-16,201,340
12,2025-07-17,170,340
12,2025-07-18,115,340
12,2025-07-19,90,340
12,2025-07-20,71,340
12,2025-07-21,38,340
12,2025-07-22,15,396
12,2025-07-23,0,396
12,2025-07-24,0,396
12,2025-07-25,0,396
12,2025-07-26,265,396
12,2025-07-27,254,396
12,2025-07-28,220,396
12,2025-07-29,193,396
12,2025-07-30,162,396
12,2025-07-31,129,396
12,2025-08-01,109,396
12,2025-08-02,69,396
12,2025-08-03,57,396
12,2025-08-04,44,396
12,2025-08-05,324,396
12,2025-08-06,291,396
12,2025-08-07,263,396
12,2025-08-08,240,396
12,2025-08-09,216,396
12,2025-08-10,201,396
12,2025-08-11,172,396
12,2025-08-12,150,396
12,2025-08-13,127,396
12,2025-08-14,352,396
12,2025-08-15,321,396
12,2025-08-16,305,396
12,2025-08-17,294,396
12,2025-08-18,271,396
12,2025-08-19,238,396
12,2025-08-20,209,396
12,2025-08-21,177,395
12,2025-08-22,159,395
12,2025-08-23,139,395
12,2025-08-24,126,395
12,2025-08-25,317,395
12,2025-08-26,295,395
12,2025-08-27,265,395
12,2025-08-28,244,395
12,2025-08-29,217,395
12,2025-08-30,198,395
12,2025-08-31,182,395
12,2025-09-01,156,395
12,2025-09-02,135,395
12,2025-09-03,115,395
12,2025-09-04,92,395
12,2025-09-05,325,395
12,2025-09-06,302,395
12,2025-09-07,294,395
12,2025-09-08,276,395
12,2025-09-09,262,395
12,2025-09-10,245,395
12,2025-09-11,216,395
12,2025-09-12,200,395
12,2025-09-13,183,395
12,2025-09-14,176,395
12,2025-09-15,151,395
12,2025-09-16,128,395
12,2025-09-17,351,395
12,2025-09-18,317,395
12,2025-09-19,296,395
12,2025-09-20,273,348
12,2025-09-21,261,348
12,2025-09-22,239,348
12,2025-09-23,209,348
12,2025-09-24,184,348
12,2025-09-25,156,348
12,2025-09-26,129,348
12,2025-09-27,116,348
12,2025-09-28,320,348
12,2025-09-29,301,348
12,2025-09-30,280,348
12,2025-10-01,258,348
12,2025-10-02,239,348
12,2025-10-03,225,348
12,2025-10-04,212,348
12,2025-10-05,202,348
12,2025-10-06,182,348
12,2025-10-07,164,348
12,2025-10-08,351,348
12,2025-10-09,333,348
12,2025-10-10,307,348
12,2025-10-11,292,348
12,2025-10-12,276,348
12,2025-10-13,260,348
12,2025-10-14,240,348
12,2025-10-15,207,348
12,2025-10-16,181,348
12,2025-10-17,162,348
12,2025-10-18,145,348
12,2025-10-19,133,348
12,2025-10-20,112,300
12,2025-10-21,103,300
12,2025-10-22,280,300
12,2025-10-23,254,300
12,2025-10-24,231,300
12,2025-10-25,219,300
12,2025-10-26,207,300
12,2025-10-27,190,300
12,2025-10-28,173,300
12,2025-10-29,154,300
12,2025-10-30,123,300
12,2025-10-31,96,300
12,2025-11-01,76,300
12,2025-11-02,64,300
12,2025-11-03,24,300
12,2025-11-04,169,300
12,2025-11-05,152,300
12,2025-11-06,137,300
12,2025-11-07,111,300
12,2025-11-08,93,300
12,2025-11-09,79,300
12,2025-11-10,50,300
12,2025-11-11,39,300
12,2025-11-12,8,300
12,2025-11-13,0,300
12,2025-11-14,243,300
12,2025-11-15,215,300
12,2025-11-16,211,300
12,2025-11-17,186,300
12,2025-11-18,173,300
12,2025-11-19,154,293
12,2025-11-20,130,293
12,2025-11-21,108,293
12,2025-11-22,93,293
12,2025-11-23,83,293
12,2025-11-24,64,293
12,2025-11-25,37,293
12,2025-11-26,195,293
12,2025-11-27,173,293
12,2025-11-28,156,293
12,2025-11-29,126,293
12,2025-11-30,117,293
12,2025-12-01,88,293
12,2025-12-02,65,293
12,2025-12-03,39,293
12,2025-12-04,2,293
12,2025-12-05,0,293
12,2025-12-06,0,293
12,2025-12-07,210,293
12,2025-12-08,186,293
12,2025-12-09,161,293
12,2025-12-10,123,293
12,2025-12-11,90,293
12,2025-12-12,60,293
12,2025-12-13,43,293
12,2025-12-14,38,293
12,2025-12-15,6,293
12,2025-12-16,0,293
12,2025-12-17,0,293
12,2025-12-18,191,293
12,2025-12-19,168,318
12,2025-12-20,140,318
12,2025-12-21,125,318
12,2025-12-22,98,318
12,2025-12-23,80,318
12,2025-12-24,61,318
12,2025-12-25,17,318
12,2025-12-26,0,318
12,2025-12-27,0,318
12,2025-12-28,214,318
12,2025-12-29,183,318
12,2025-12-30,157,318
12,2025-12-31,122,318
12,2026-01-01,100,318
12,2026-01-02,84,318
12,2026-01-03,67,318
12,2026-01-04,61,318
12,2026-01-05,44,318
12,2026-01-06,23,318
12,2026-01-07,10,318
12,2026-01-08,0,318
12,2026-01-09,230,318
12,2026-01-10,206,318
12,2026-01-11,202,318
12,2026-01-12,185,318
12,2026-01-13,171,318
12,2026-01-14,143,318
12,2026-01-15,123,318
12,2026-01-16,111,318
12,2026-01-17,94,318
12,2026-01-18,87,324
12,2026-01-19,68,324
12,2026-01-20,276,324
12,2026-01-21,260,324
12,2026-01-22,243,324
12,2026-01-23,224,324
12,2026-01-24,203,324
12,2026-01-25,196,324
12,2026-01-26,180,324
12,2026-01-27,167,324
12,2026-01-28,151,324
12,2026-01-29,134,324
12,2026-01-30,118,324
12,2026-01-31,289,324
12,2026-02-01,272,324
12,2026-02-02,258,324
12,2026-02-03,238,324
12,2026-02-04,215,324
12,2026-02-05,193,324
12,2026-02-06,173,324
12,2026-02-07,158,324
12,2026-02-08,155,324
12,2026-02-09,127,324
12,2026-02-10,109,324
12,2026-02-11,261,324
12,2026-02-12,242,324
12,2026-02-13,225,324
12,2026-02-14,213,324
12,2026-02-15,203,324
12,2026-02-16,184,324
12,2026-02-17,170,280
12,2026-02-18,152,280
12,2026-02-19,136,280
12,2026-02-20,115,280
12,2026-02-21,94,280
12,2026-02-22,289,280
12,2026-02-23,272,280
12,2026-02-24,253,280
12,2026-02-25,242,280
12,2026-02-26,229,280
12,2026-02-27,207,280
12,2026-02-28,190,280
12,2026-03-01,184,280
12,2026-03-02,162,280
12,2026-03-03,143,280
12,2026-03-04,122,280
12,2026-03-05,103,280
12,2026-03-06,90,280
12,2026-03-07,74,280
12,2026-03-08,68,280
12,2026-03-09,204,280
12,2026-03-10,178,280
12,2026-03-11,154,280
12,2026-03-12,135,280
12,2026-03-13,119,280
12,2026-03-14,103,280
12,2026-03-15,93,280
12,2026-03-16,75,280
12,2026-03-17,58,280
12,2026-03-18,34,280
12,2026-03-19,207,254
12,2026-03-20,188,254
12,2026-03-21,170,254
12,2026-03-22,161,254
12,2026-03-23,141,254
12,2026-03-24,120,254
12,2026-03-25,105,254
12,2026-03-26,91,254
12,2026-03-27,79,254
12,2026-03-28,220,254
12,2026-03-29,215,254
12,2026-03-30,197,254
12,2026-03-31,182,254
12,2026-04-01,152,254
12,2026-04-02,135,254
12,2026-04-03,117,254
12,2026-04-04,98,254
12,2026-04-05,84,254
12,2026-04-06,48,254
12,2026-04-07,26,254
12,2026-04-08,142,254
12,2026-04-09,116,254
12,2026-04-10,98,254
12,2026-04-11,81,254
12,2026-04-12,77,254
12,2026-04-13,59,254
12,2026-04-14,24,254
12,2026-04-15,0,254
12,2026-04-16,0,254
12,2026-04-17,199,254
12,2026-04-18,177,278
12,2026-04-19,168,278
12,2026-04-20,147,278
12,2026-04-21,124,278
12,2026-04-22,97,278
12,2026-04-23,85,278
12,2026-04-24,70,278
12,2026-04-25,54,278
12,2026-04-26,211,278
12,2026-04-27,177,278
12,2026-04-28,158,278
12,2026-04-29,138,278
12,2026-04-30,118,278
12,2026-05-01,93,278
12,2026-05-02,68,278
12,2026-05-03,53,278
12,2026-05-04,18,278
12,2026-05-05,0,278
12,2026-05-06,0,278
12,2026-05-07,170,278
12,2026-05-08,148,278
12,2026-05-09,127,278
12,2026-05-10,116,278
12,2026-05-11,85,278
12,2026-05-12,55,278
12,2026-05-13,28,278
12,2026-05-14,1,278
12,2026-05-15,0,278
12,2026-05-16,204,278
12,2026-05-17,181,278
12,2026-05-18,153,321
12,2026-05-19,129,321
12,2026-05-20,109,321
12,2026-05-21,70,321
12,2026-05-22,45,321
12,2026-05-23,15,321
12,2026-05-24,2,321
12,2026-05-25,0,321
12,2026-05-26,173,321
12,2026-05-27,142,321
12,2026-05-28,115,321
12,2026-05-29,90,321
12,2026-05-30,67,321
12,2026-05-31,49,321
12,2026-06-01,19,321
12,2026-06-02,0,321
12,2026-06-03,0,321
12,2026-06-04,0,321
12,2026-06-05,0,321
12,2026-06-06,0,321
12,2026-06-07,271,321
12,2026-06-08,228,321
12,2026-06-09,202,321
12,2026-06-10,173,321
12,2026-06-11,136,321
12,2026-06-12,102,321
12,2026-06-13,79,321
12,2026-06-14,63,321
12,2026-06-15,21,321
12,2026-06-16,181,321
12,2026-06-17,133,377
12,2026-06-18,91,377
12,2026-06-19,52,377
12,2026-06-20,14,377
12,2026-06-21,0,377
12,2026-06-22,0,377
12,2026-06-23,0,377
12,2026-06-24,0,377
12,2026-06-25,252,377
12,2026-06-26,216,377
12,2026-06-27,192,377
12,2026-06-28,183,377
12,2026-06-29,156,377
12,2026-06-30,119,377
12,2026-07-01,87,377
12,2026-07-02,45,377
12,2026-07-03,15,377
12,2026-07-04,0,377
12,2026-07-05,0,377
12,2026-07-06,253,377
12,2026-07-07,218,377
12,2026-07-08,193,377
12,2026-07-09,160,377
12,2026-07-10,132,377
12,2026-07-11,93,377
12,2026-07-12,84,377
12,2026-07-13,51,377
12,2026-07-14,19,377
12,2026-07-15,0,377
12,2026-07-16,0,377
12,2026-07-17,256,440
12,2026-07-18,224,440
12,2026-07-19,210,440
12,2026-07-20,176,440
12,2026-07-21,147,440
12,2026-07-22,105,440
12,2026-07-23,68,440
12,2026-07-24,39,440
12,2026-07-25,9,440
12,2026-07-26,372,440
12,2026-07-27,342,440
12,2026-07-28,315,440
12,2026-07-29,279,440
12,2026-07-30,256,440
12,2026-07-31,214,440
12,2026-08-01,194,440
12,2026-08-02,179,440
12,2026-08-03,143,440
12,2026-08-04,112,440
12,2026-08-05,80,440
12,2026-08-06,311,440
12,2026-08-07,285,440
12,2026-08-08,258,440
12,2026-08-09,240,440
12,2026-08-10,216,440
12,2026-08-11,192,440
12,2026-08-12,148,440
12,2026-08-13,124,440
12,2026-08-14,100,440
12,2026-08-15,402,440
12,2026-08-16,385,445
12,2026-08-17,357,445
12,2026-08-18,333,445
12,2026-08-19,308,445
12,2026-08-20,278,445
12,2026-08-21,260,445
12,2026-08-22,231,445
12,2026-08-23,213,445
12,2026-08-24,174,445
12,2026-08-25,391,445
12,2026-08-26,363,445
12,2026-08-27,328,445
12,2026-08-28,306,445
12,2026-08-29,275,445
12,2026-08-30,263,445
12,2026-08-31,232,445
12,2026-09-01,205,445
12,2026-09-02,187,445
12,2026-09-03,161,445
12,2026-09-04,133,445
12,2026-09-05,110,445
12,2026-09-06,348,445
12,2026-09-07,323,445
12,2026-09-08,300,445
12,2026-09-09,280,445
12,2026-09-10,265,445
12,2026-09-11,234,445
12,2026-09-12,210,445
12,2026-09-13,191,445
12,2026-09-14,160,445
12,2026-09-15,132,397
12,2026-09-16,392,397
12,2026-09-17,362,397
12,2026-09-18,345,397
12,2026-09-19,324,397
12,2026-09-20,313,397
12,2026-09-21,286,397
12,2026-09-22,252,397
12,2026-09-23,232,397
12,2026-09-24,213,397
12,2026-09-25,191,397
12,2026-09-26,174,397
12,2026-09-27,154,397
12,2026-09-28,134,397
12,2026-09-29,108,397
12,2026-09-30,307,397
13,2023-10-01,603,458
13,2023-10-02,576,458
13,2023-10-03,556,458
13,2023-10-04,528,458
13,2023-10-05,502,458
13,2023-10-06,478,458
13,2023-10-07,467,458
13,2023-10-08,454,458
13,2023-10-09,433,458
13,2023-10-10,409,458
13,2023-10-11,383,458
13,2023-10-12,369,458
13,2023-10-13,351,458
13,2023-10-14,334,458
13,2023-10-15,327,458
13,2023-10-16,313,458
13,2023-10-17,297,458
13,2023-10-18,277,458
13,2023-10-19,248,458
13,2023-10-20,218,458
13,2023-10-21,199,458
13,2023-10-22,191,458
13,2023-10-23,160,458
13,2023-10-24,142,458
13,2023-10-25,123,458
13,2023-10-26,300,458
13,2023-10-27,271,458
13,2023-10-28,254,458
13,2023-10-29,241,458
13,2023-10-30,229,458
13,2023-10-31,197,458
13,2023-11-01,165,458
13,2023-11-02,150,458
13,2023-11-03,118,458
13,2023-11-04,99,458
13,2023-11-05,87,458
13,2023-11-06,56,458
13,2023-11-07,30,458
13,2023-11-08,0,458
13,2023-11-09,291,458
13,2023-11-10,263,458
13,2023-11-11,237,458
13,2023-11-12,223,458
13,2023-11-13,190,458
13,2023-11-14,161,458
13,2023-11-15,142,458
13,2023-11-16,117,458
13,2023-11-17,89,458
13,2023-11-18,74,458
13,2023-11-19,70,458
13,2023-11-20,50,458
13,2023-11-21,29,458
13,2023-11-22,0,458
13,2023-11-23,0,458
13,2023-11-24,289,458
13,2023-11-25,278,458
13,2023-11-26,264,458
13,2023-11-27,235,458
13,2023-11-28,210,458
13,2023-11-29,176,458
13,2023-11-30,154,405
13,2023-12-01,137,405
13,2023-12-02,110,405
13,2023-12-03,97,405
13,2023-12-04,63,405
13,2023-12-05,26,405
13,2023-12-06,0,405
13,2023-12-07,0,405
13,2023-12-08,280,405
13,2023-12-09,259,405
13,2023-12-10,248,405
13,2023-12-11,226,405
13,2023-12-12,194,405
13,2023-12-13,170,405
13,2023-12-14,142,405
13,2023-12-15,117,405
13,2023-12-16,91,405
13,2023-12-17,72,405
13,2023-12-18,45,405
13,2023-12-19,15,405
13,2023-12-20,0,405
13,2023-12-21,218,405
13,2023-12-22,192,405
13,2023-12-23,163,405
13,2023-12-24,144,405
13,2023-12-25,122,405
13,2023-12-26,83,405
13,2023-12-27,49,405
13,2023-12-28,20,405
13,2023-12-29,0,405
13,2023-12-30,0,477
13,2023-12-31,0,477
13,2024-01-01,0,477
13,2024-01-02,0,477
13,2024-01-03,0,477
13,2024-01-04,0,477
13,2024-01-05,0,477
13,2024-01-06,302,477
13,2024-01-07,289,477
13,2024-01-08,273,477
13,2024-01-09,256,477
13,2024-01-10,227,477
13,2024-01-11,208,477
13,2024-01-12,189,477
13,2024-01-13,169,477
13,2024-01-14,158,477
13,2024-01-15,135,477
13,2024-01-16,116,477
13,2024-01-17,102,477
13,2024-01-18,85,477
13,2024-01-19,387,477
13,2024-01-20,367,477
13,2024-01-21,359,477
13,2024-01-22,344,477
13,2024-01-23,320,477
13,2024-01-24,309,477
13,2024-01-25,291,477
13,2024-01-26,250,477
13,2024-01-27,232,477
13,2024-01-28,223,477
13,2024-01-29,195,427
13,2024-01-30,177,427
13,2024-01-31,160,427
13,2024-02-01,143,427
13,2024-02-02,366,427
13,2024-02-03,356,427
13,2024-02-04,349,427
13,2024-02-05,330,427
13,2024-02-06,306,427
13,2024-02-07,285,427
13,2024-02-08,267,427
13,2024-02-09,250,427
13,2024-02-10,231,427
13,2024-02-11,224,427
13,2024-02-12,203,427
13,2024-02-13,183,427
13,2024-02-14,157,427
13,2024-02-15,134,427
13,2024-02-16,116,427
13,2024-02-17,91,427
13,2024-02-18,279,427
13,2024-02-19,256,427
13,2024-02-20,232,427
13,2024-02-21,215,427
13,2024-02-22,195,427
13,2024-02-23,170,427
13,2024-02-24,157,427
13,2024-02-25,144,427
13,2024-02-26,100,427
13,2024-02-27,80,427
13,2024-02-28,56,358
13,2024-02-29,37,358
13,2024-03-01,9,358
13,2024-03-02,1,358
13,2024-03-03,0,358
13,2024-03-04,0,358
13,2024-03-05,261,358
13,2024-03-06,244,358
13,2024-03-07,214,358
13,2024-03-08,188,358
13,2024-03-09,170,358
13,2024-03-10,160,358
13,2024-03-11,140,358
13,2024-03-12,115,358
13,2024-03-13,91,358
13,2024-03-14,77,358
13,2024-03-15,52,358
13,2024-03-16,31,358
13,2024-03-17,14,358
13,2024-03-18,207,358
13,2024-03-19,186,358
13,2024-03-20,174,358
13,2024-03-21,153,358
13,2024-03-22,130,358
13,2024-03-23,114,358
13,2024-03-24,99,358
13,2024-03-25,70,358
13,2024-03-26,37,358
13,2024-03-27,12,358
13,2024-03-28,0,358
13,2024-03-29,0,386
13,2024-03-30,0,386
13,2024-03-31,0,386
13,2024-04-01,245,386
13,2024-04-02,219,386
13,2024-04-03,208,386
13,2024-04-04,171,386
13,2024-04-05,153,386
13,2024-04-06,132,386
13,2024-04-07,125,386
13,2024-04-08,97,386
13,2024-04-09,67,386
13,2024-04-10,27,386
13,2024-04-11,1,386
13,2024-04-12,0,386
13,2024-04-13,0,386
13,2024-04-14,0,386
13,2024-04-15,0,386
13,2024-04-16,242,386
13,2024-04-17,218,386
13,2024-04-18,178,386
13,2024-04-19,156,386
13,2024-04-20,141,386
13,2024-04-21,126,386
13,2024-04-22,100,386
13,2024-04-23,66,386
13,2024-04-24,39,386
13,2024-04-25,20,386
13,2024-04-26,0,386
13,2024-04-27,0,386
13,2024-04-28,0,427
13,2024-04-29,0,427
13,2024-04-30,0,427
13,2024-05-01,0,427
13,2024-05-02,232,427
13,2024-05-03,194,427
13,2024-05-04,167,427
13,2024-05-05,151,427
13,2024-05-06,119,427
13,2024-05-07,89,427
13,2024-05-08,63,427
13,2024-05-09,43,427
13,2024-05-10,7,427
13,2024-05-11,0,427
13,2024-05-12,0,427
13,2024-05-13,0,427
13,2024-05-14,0,427
13,2024-05-15,0,427
13,2024-05-16,0,427
13,2024-05-17,301,427
13,2024-05-18,280,427
13,2024-05-19,268,427
13,2024-05-20,241,427
13,2024-05-21,216,427
13,2024-05-22,189,427
13,2024-05-23,168,427
13,2024-05-24,135,427
13,2024-05-25,112,427
13,2024-05-26,92,427
13,2024-05-27,63,427
13,2024-05-28,33,472
13,2024-05-29,11,472
13,2024-05-30,0,472
13,2024-05-31,0,472
13,2024-06-01,250,472
13,2024-06-02,238,472
13,2024-06-03,192,472
13,2024-06-04,159,472
13,2024-06-05,122,472
13,2024-06-06,87,472
13,2024-06-07,46,472
13,2024-06-08,27,472
13,2024-06-09,15,472
13,2024-06-10,0,472
13,2024-06-11,0,472
13,2024-06-12,0,472
13,2024-06-13,0,472
13,2024-06-14,0,472
13,2024-06-15,0,472
13,2024-06-16,0,472
13,2024-06-17,349,472
13,2024-06-18,309,472
13,2024-06-19,266,472
13,2024-06-20,233,472
13,2024-06-21,203,472
13,2024-06-22,152,472
13,2024-06-23,139,472
13,2024-06-24,105,472
13,2024-06-25,78,472
13,2024-06-26,48,472
13,2024-06-27,20,535
13,2024-06-28,0,535
13,2024-06-29,0,535
13,2024-06-30,0,535
13,2024-07-01,0,535
13,2024-07-02,244,535
13,2024-07-03,210,535
13,2024-07-04,185,535
13,2024-07-05,144,535
13,2024-07-06,100,535
13,2024-07-07,85,535
13,2024-07-08,41,535
13,2024-07-09,14,535
13,2024-07-10,0,535
13,2024-07-11,0,535
13,2024-07-12,0,535
13,2024-07-13,0,535
13,2024-07-14,0,535
13,2024-07-15,0,535
13,2024-07-16,0,535
13,2024-07-17,426,535
13,2024-07-18,384,535
13,2024-07-19,344,535
13,2024-07-20,307,535
13,2024-07-21,282,535
13,2024-07-22,254,535
13,2024-07-23,210,535
13,2024-07-24,174,535
13,2024-07-25,131,535
13,2024-07-26,91,535
13,2024-07-27,55,612
13,2024-07-28,38,612
13,2024-07-29,14,612
13,2024-07-30,264,612
13,2024-07-31,227,612
13,2024-08-01,188,612
13,2024-08-02,153,612
13,2024-08-03,128,612
13,2024-08-04,117,612
13,2024-08-05,86,612
13,2024-08-06,35,612
13,2024-08-07,0,612
13,2024-08-08,0,612
13,2024-08-09,0,612
13,2024-08-10,0,612
13,2024-08-11,0,612
13,2024-08-12,0,612
13,2024-08-13,514,612
13,2024-08-14,478,612
13,2024-08-15,453,612
13,2024-08-16,423,612
13,2024-08-17,390,612
13,2024-08-18,374,612
13,2024-08-19,331,612
13,2024-08-20,301,612
13,2024-08-21,268,612
13,2024-08-22,224,612
13,2024-08-23,185,612
13,2024-08-24,143,612
13,2024-08-25,125,612
13,2024-08-26,388,615
13,2024-08-27,354,615
13,2024-08-28,321,615
13,2024-08-29,300,615
13,2024-08-30,269,615
13,2024-08-31,252,615
13,2024-09-01,238,615
13,2024-09-02,211,615
13,2024-09-03,195,615
13,2024-09-04,172,615
13,2024-09-05,149,615
13,2024-09-06,133,615
13,2024-09-07,112,615
13,2024-09-08,95,615
13,2024-09-09,72,615
13,2024-09-10,472,615
13,2024-09-11,445,615
13,2024-09-12,410,615
13,2024-09-13,372,615
13,2024-09-14,352,615
13,2024-09-15,344,615
13,2024-09-16,313,615
13,2024-09-17,284,615
13,2024-09-18,250,615
13,2024-09-19,237,615
13,2024-09-20,204,615
13,2024-09-21,182,615
13,2024-09-22,161,615
13,2024-09-23,153,615
13,2024-09-24,129,615
13,2024-09-25,448,521
13,2024-09-26,425,521
13,2024-09-27,394,521
13,2024-09-28,365,521
13,2024-09-29,354,521
13,2024-09-30,325,521
13,2024-10-01,296,521
13,2024-10-02,267,521
13,2024-10-03,248,521
13,2024-10-04,224,521
13,2024-10-05,211,521
13,2024-10-06,197,521
13,2024-10-07,172,521
13,2024-10-08,135,521
13,2024-10-09,110,521
13,2024-10-10,329,521
13,2024-10-11,304,521
13,2024-10-12,291,521
13,2024-10-13,275,521
13,2024-10-14,226,521
13,2024-10-15,207,521
13,2024-10-16,180,521
13,2024-10-17,152,521
13,2024-10-18,116,521
13,2024-10-19,91,521
13,2024-10-20,79,521
13,2024-10-21,49,521
13,2024-10-22,30,521
13,2024-10-23,5,521
13,2024-10-24,342,521
13,2024-10-25,327,458
13,2024-10-26,313,458
13,2024-10-27,294,458
13,2024-10-28,266,458
13,2024-10-29,239,458
13,2024-10-30,210,458
13,2024-10-31,184,458
13,2024-11-01,168,458
13,2024-11-02,143,458
13,2024-11-03,126,458
13,2024-11-04,99,458
13,2024-11-05,74,458
13,2024-11-06,49,458
13,2024-11-07,20,458
13,2024-11-08,0,458
13,2024-11-09,331,458
13,2024-11-10,319,458
13,2024-11-11,294,458
13,2024-11-12,270,458
13,2024-11-13,247,458
13,2024-11-14,229,458
13,2024-11-15,197,458
13,2024-11-16,181,458
13,2024-11-17,165,458
13,2024-11-18,133,458
13,2024-11-19,106,458
13,2024-11-20,92,458
13,2024-11-21,75,458
13,2024-11-22,51,458
13,2024-11-23,15,458
13,2024-11-24,278,447
13,2024-11-25,245,447
13,2024-11-26,222,447
13,2024-11-27,196,447
13,2024-11-28,172,447
13,2024-11-29,144,447
13,2024-11-30,126,447
13,2024-12-01,114,447
13,2024-12-02,83,447
13,2024-12-03,37,447
13,2024-12-04,5,447
13,2024-12-05,0,447
13,2024-12-06,0,447
13,2024-12-07,297,447
13,2024-12-08,281,447
13,2024-12-09,257,447
13,2024-12-10,227,447
13,2024-12-11,191,447
13,2024-12-12,174,447
13,2024-12-13,139,447
13,2024-12-14,110,447
13,2024-12-15,93,447
13,2024-12-16,71,447
13,2024-12-17,48,447
13,2024-12-18,23,447
13,2024-12-19,0,447
13,2024-12-20,271,447
13,2024-12-21,250,447
13,2024-12-22,230,447
13,2024-12-23,203,447
13,2024-12-24,172,462
13,2024-12-25,143,462
13,2024-12-26,106,462
13,2024-12-27,79,462
13,2024-12-28,63,462
13,2024-12-29,50,462
13,2024-12-30,13,462
13,2024-12-31,0,462
13,2025-01-01,0,462
13,2025-01-02,302,462
13,2025-01-03,272,462
13,2025-01-04,255,462
13,2025-01-05,244,462
13,2025-01-06,216,462
13,2025-01-07,191,462
13,2025-01-08,154,462
13,2025-01-09,134,462
13,2025-01-10,108,462
13,2025-01-11,89,462
13,2025-01-12,75,462
13,2025-01-13,54,462
13,2025-01-14,39,462
13,2025-01-15,12,462
13,2025-01-16,0,462
13,2025-01-17,0,462
13,2025-01-18,292,462
13,2025-01-19,277,462
13,2025-01-20,245,462
13,2025-01-21,220,462
13,2025-01-22,191,462
13,2025-01-23,166,471
13,2025-01-24,147,471
13,2025-01-25,132,471
13,2025-01-26,127,471
13,2025-01-27,104,471
13,2025-01-28,79,471
13,2025-01-29,52,471
13,2025-01-30,26,471
13,2025-01-31,18,471
13,2025-02-01,0,471
13,2025-02-02,0,471
13,2025-02-03,295,471
13,2025-02-04,274,471
13,2025-02-05,252,471
13,2025-02-06,226,471
13,2025-02-07,207,471
13,2025-02-08,187,471
13,2025-02-09,176,471
13,2025-02-10,156,471
13,2025-02-11,134,471
13,2025-02-12,113,471
13,2025-02-13,93,471
13,2025-02-14,73,471
13,2025-02-15,49,471
13,2025-02-16,45,471
13,2025-02-17,357,471
13,2025-02-18,335,471
13,2025-02-19,313,471
13,2025-02-20,287,471
13,2025-02-21,278,471
13,2025-02-22,261,410
13,2025-02-23,252,410
13,2025-02-24,226,410
13,2025-02-25,198,410
13,2025-02-26,169,410
13,2025-02-27,152,410
13,2025-02-28,130,410
13,2025-03-01,94,410
13,2025-03-02,350,410
13,2025-03-03,333,410
13,2025-03-04,318,410
13,2025-03-05,298,410
13,2025-03-06,266,410
13,2025-03-07,231,410
13,2025-03-08,209,410
13,2025-03-09,200,410
13,2025-03-10,177,410
13,2025-03-11,148,410
13,2025-03-12,125,410
13,2025-03-13,87,410
13,2025-03-14,58,410
13,2025-03-15,40,410
13,2025-03-16,31,410
13,2025-03-17,1,410
13,2025-03-18,171,410
13,2025-03-19,150,410
13,2025-03-20,127,410
13,2025-03-21,104,410
13,2025-03-22,89,410
13,2025-03-23,75,410
13,2025-03-24,54,394
13,2025-03-25,40,394
13,2025-03-26,20,394
13,2025-03-27,0,394
13,2025-03-28,0,394
13,2025-03-29,0,394
13,2025-03-30,0,394
13,2025-03-31,0,394
13,2025-04-01,0,394
13,2025-04-02,0,394
13,2025-04-03,348,394
13,2025-04-04,317,394
13,2025-04-05,300,394
13,2025-04-06,290,394
13,2025-04-07,268,394
13,2025-04-08,244,394
13,2025-04-09,211,394
13,2025-04-10,184,394
13,2025-04-11,157,394
13,2025-04-12,120,394
13,2025-04-13,107,394
13,2025-04-14,73,394
13,2025-04-15,58,394
13,2025-04-16,201,394
13,2025-04-17,179,394
13,2025-04-18,152,394
13,2025-04-19,130,394
13,2025-04-20,115,394
13,2025-04-21,88,394
13,2025-04-22,40,394
13,2025-04-23,0,442
13,2025-04-24,0,442
13,2025-04-25,0,442
13,2025-04-26,0,442
13,2025-04-27,0,442
13,2025-04-28,0,442
13,2025-04-29,301,442
13,2025-04-30,272,442
13,2025-05-01,250,442
13,2025-05-02,208,442
13,2025-05-03,191,442
13,2025-05-04,172,442
13,2025-05-05,131,442
13,2025-05-06,108,442
13,2025-05-07,85,442
13,2025-05-08,60,442
13,2025-05-09,32,442
13,2025-05-10,10,442
13,2025-05-11,0,442
13,2025-05-12,0,442
13,2025-05-13,252,442
13,2025-05-14,229,442
13,2025-05-15,202,442
13,2025-05-16,173,442
13,2025-05-17,148,442
13,2025-05-18,135,442
13,2025-05-19,103,442
13,2025-05-20,74,442
13,2025-05-21,45,442
13,2025-05-22,16,442
13,2025-05-23,0,480
13,2025-05-24,0,480
13,2025-05-25,0,480
13,2025-05-26,0,480
13,2025-05-27,301,480
13,2025-05-28,281,480
13,2025-05-29,252,480
13,2025-05-30,211,480
13,2025-05-31,183,480
13,2025-06-01,168,480
13,2025-06-02,127,480
13,2025-06-03,87,480
13,2025-06-04,47,480
13,2025-06-05,12,480
13,2025-06-06,0,480
13,2025-06-07,0,480
13,2025-06-08,0,480
13,2025-06-09,0,480
13,2025-06-10,0,480
13,2025-06-11,298,480
13,2025-06-12,255,480
13,2025-06-13,216,480
13,2025-06-14,187,480
13,2025-06-15,171,480
13,2025-06-16,122,480
13,2025-06-17,74,480
13,2025-06-18,40,480
13,2025-06-19,6,480
13,2025-06-20,0,480
13,2025-06-21,0,480
13,2025-06-22,0,574
13,2025-06-23,0,574
13,2025-06-24,300,574
13,2025-06-25,264,574
13,2025-06-26,228,574
13,2025-06-27,184,574
13,2025-06-28,152,574
13,2025-06-29,142,574
13,2025-06-30,99,574
13,2025-07-01,58,574
13,2025-07-02,7,574
13,2025-07-03,0,574
13,2025-07-04,0,574
13,2025-07-05,0,574
13,2025-07-06,0,574
13,2025-07-07,0,574
13,2025-07-08,421,574
13,2025-07-09,384,574
13,2025-07-10,352,574
13,2025-07-11,275,574
13,2025-07-12,234,574
13,2025-07-13,218,574
13,2025-07-14,184,574
13,2025-07-15,128,574
13,2025-07-16,86,574
13,2025-07-17,58,574
13,2025-07-18,9,574
13,2025-07-19,0,574
13,2025-07-20,0,574
13,2025-07-21,0,574
13,2025-07-22,0,679
13,2025-07-23,293,679
13,2025-07-24,273,679
13,2025-07-25,242,679
13,2025-07-26,214,679
13,2025-07-27,193,679
13,2025-07-28,160,679
13,2025-07-29,124,679
13,2025-07-30,77,679
13,2025-07-31,45,679
13,2025-08-01,11,679
13,2025-08-02,0,679
13,2025-08-03,0,679
13,2025-08-04,0,679
13,2025-08-05,0,679
13,2025-08-06,0,679
13,2025-08-07,0,679
13,2025-08-08,566,679
13,2025-08-09,537,679
13,2025-08-10,518,679
13,2025-08-11,472,679
13,2025-08-12,432,679
13,2025-08-13,394,679
13,2025-08-14,356,679
13,2025-08-15,316,679
13,2025-08-16,274,679
13,2025-08-17,249,679
13,2025-08-18,213,679
13,2025-08-19,178,679
13,2025-08-20,141,679
13,2025-08-21,111,664
13,2025-08-22,65,664
13,2025-08-23,41,664
13,2025-08-24,354,664
13,2025-08-25,319,664
13,2025-08-26,277,664
13,2025-08-27,230,664
13,2025-08-28,194,664
13,2025-08-29,172,664
13,2025-08-30,136,664
13,2025-08-31,126,664
13,2025-09-01,93,664
13,2025-09-02,53,664
13,2025-09-03,16,664
13,2025-09-04,0,664
13,2025-09-05,0,664
13,2025-09-06,496,664
13,2025-09-07,486,664
13,2025-09-08,459,664
13,2025-09-09,412,664
13,2025-09-10,379,664
13,2025-09-11,347,664
13,2025-09-12,318,664
13,2025-09-13,287,664
13,2025-09-14,273,664
13,2025-09-15,232,664
13,2025-09-16,210,664
13,2025-09-17,182,664
13,2025-09-18,158,664
13,2025-09-19,130,664
13,2025-09-20,100,600
13,2025-09-21,476,600
13,2025-09-22,434,600
13,2025-09-23,408,600
13,2025-09-24,362,600
13,2025-09-25,341,600
13,2025-09-26,313,600
13,2025-09-27,289,600
13,2025-09-28,270,600
13,2025-09-29,240,600
13,2025-09-30,204,600
13,2025-10-01,176,600
13,2025-10-02,140,600
13,2025-10-03,119,600
13,2025-10-04,420,600
13,2025-10-05,402,600
13,2025-10-06,379,600
13,2025-10-07,360,600
13,2025-10-08,338,600
13,2025-10-09,314,600
13,2025-10-10,278,600
13,2025-10-11,248,600
13,2025-10-12,230,600
13,2025-10-13,211,600
13,2025-10-14,188,600
13,2025-10-15,157,600
13,2025-10-16,99,600
13,2025-10-17,443,600
13,2025-10-18,409,600
13,2025-10-19,394,600
13,2025-10-20,370,544
13,2025-10-21,342,544
13,2025-10-22,306,544
13,2025-10-23,281,544
13,2025-10-24,245,544
13,2025-10-25,227,544
13,2025-10-26,212,544
13,2025-10-27,176,544
13,2025-10-28,159,544
13,2025-10-29,131,544
13,2025-10-30,98,544
13,2025-10-31,72,544
13,2025-11-01,395,544
13,2025-11-02,376,544
13,2025-11-03,345,544
13,2025-11-04,312,544
13,2025-11-05,285,544
13,2025-11-06,263,544
13,2025-11-07,234,544
13,2025-11-08,208,544
13,2025-11-09,196,544
13,2025-11-10,170,544
13,2025-11-11,142,544
13,2025-11-12,112,544
13,2025-11-13,86,544
13,2025-11-14,55,544
13,2025-11-15,30,544
13,2025-11-16,13,544
13,2025-11-17,316,544
13,2025-11-18,289,544
13,2025-11-19,263,503
13,2025-11-20,235,503
13,2025-11-21,201,503
13,2025-11-22,174,503
13,2025-11-23,160,503
13,2025-11-24,137,503
13,2025-11-25,118,503
13,2025-11-26,94,503
13,2025-11-27,67,503
13,2025-11-28,38,503
13,2025-11-29,12,503
13,2025-11-30,0,503
13,2025-12-01,0,503
13,2025-12-02,349,503
13,2025-12-03,323,503
13,2025-12-04,290,503
13,2025-12-05,271,503
13,2025-12-06,245,503
13,2025-12-07,228,503
13,2025-12-08,195,503
13,2025-12-09,156,503
13,2025-12-10,129,503
13,2025-12-11,86,503
13,2025-12-12,58,503
13,2025-12-13,24,503
13,2025-12-14,8,503
13,2025-12-15,0,503
13,2025-12-16,0,503
13,2025-12-17,278,503
13,2025-12-18,248,503
13,2025-12-19,207,510
13,2025-12-20,179,510
13,2025-12-21,163,510
13,2025-12-22,128,510
13,2025-12-23,105,510
13,2025-12-24,55,510
13,2025-12-25,18,510
13,2025-12-26,0,510
13,2025-12-27,0,510
13,2025-12-28,0,510
13,2025-12-29,0,510
13,2025-12-30,0,510
13,2025-12-31,368,510
13,2026-01-01,343,510
13,2026-01-02,326,510
13,2026-01-03,299,510
13,2026-01-04,292,510
13,2026-01-05,268,510
13,2026-01-06,243,510
13,2026-01-07,209,510
13,2026-01-08,193,510
13,2026-01-09,170,510
13,2026-01-10,152,510
13,2026-01-11,146,510
13,2026-01-12,108,510
13,2026-01-13,86,510
13,2026-01-14,59,510
13,2026-01-15,349,510
13,2026-01-16,317,510
13,2026-01-17,306,510
13,2026-01-18,297,499
13,2026-01-19,280,499
13,2026-01-20,247,499
13,2026-01-21,223,499
13,2026-01-22,202,499
13,2026-01-23,168,499
13,2026-01-24,142,499
13,2026-01-25,134,499
13,2026-01-26,101,499
13,2026-01-27,80,499
13,2026-01-28,369,499
13,2026-01-29,341,499
13,2026-01-30,319,499
13,2026-01-31,289,499
13,2026-02-01,276,499
13,2026-02-02,245,499
13,2026-02-03,216,499
13,2026-02-04,191,499
13,2026-02-05,165,499
13,2026-02-06,139,499
13,2026-02-07,120,499
13,2026-02-08,115,499
13,2026-02-09,82,499
13,2026-02-10,342,499
13,2026-02-11,315,499
13,2026-02-12,293,499
13,2026-02-13,273,499
13,2026-02-14,244,499
13,2026-02-15,231,499
13,2026-02-16,207,499
13,2026-02-17,188,463
13,2026-02-18,158,463
13,2026-02-19,130,463
13,2026-02-20,100,463
13,2026-02-21,78,463
13,2026-02-22,69,463
13,2026-02-23,40,463
13,2026-02-24,331,463
13,2026-02-25,297,463
13,2026-02-26,269,463
13,2026-02-27,248,463
13,2026-02-28,223,463
13,2026-03-01,213,463
13,2026-03-02,186,463
13,2026-03-03,150,463
13,2026-03-04,127,463
13,2026-03-05,94,463
13,2026-03-06,67,463
13,2026-03-07,56,463
13,2026-03-08,33,463
13,2026-03-09,11,463
13,2026-03-10,261,463
13,2026-03-11,245,463
13,2026-03-12,221,463
13,2026-03-13,198,463
13,2026-03-14,179,463
13,2026-03-15,167,463
13,2026-03-16,140,463
13,2026-03-17,127,463
13,2026-03-18,89,463
13,2026-03-19,62,454
13,2026-03-20,45,454
13,2026-03-21,15,454
13,2026-03-22,0,454
13,2026-03-23,0,454
13,2026-03-24,329,454
13,2026-03-25,294,454
13,2026-03-26,264,454
13,2026-03-27,222,454
13,2026-03-28,199,454
13,2026-03-29,191,454
13,2026-03-30,162,454
13,2026-03-31,140,454
13,2026-04-01,116,454
13,2026-04-02,95,454
13,2026-04-03,70,454
13,2026-04-04,50,454
13,2026-04-05,41,454
13,2026-04-06,22,454
13,2026-04-07,0,454
13,2026-04-08,241,454
13,2026-04-09,215,454
13,2026-04-10,169,454
13,2026-04-11,151,454
13,2026-04-12,134,454
13,2026-04-13,95,454
13,2026-04-14,69,454
13,2026-04-15,36,454
13,2026-04-16,1,454
13,2026-04-17,0,454
13,2026-04-18,0,473
13,2026-04-19,0,473
13,2026-04-20,0,473
13,2026-04-21,0,473
13,2026-04-22,326,473
13,2026-04-23,301,473
13,2026-04-24,286,473
13,2026-04-25,255,473
13,2026-04-26,249,473
13,2026-04-27,213,473
13,2026-04-28,190,473
13,2026-04-29,156,473
13,2026-04-30,125,473
13,2026-05-01,82,473
13,2026-05-02,61,473
13,2026-05-03,37,473
13,2026-05-04,0,473
13,2026-05-05,0,473
13,2026-05-06,268,473
13,2026-05-07,237,473
13,2026-05-08,188,473
13,2026-05-09,164,473
13,2026-05-10,149,473
13,2026-05-11,107,473
13,2026-05-12,58,473
13,2026-05-13,27,473
13,2026-05-14,0,473
13,2026-05-15,0,473
13,2026-05-16,0,473
13,2026-05-17,0,473
13,2026-05-18,0,530
13,2026-05-19,327,530
13,2026-05-20,295,530
13,2026-05-21,269,530
13,2026-05-22,220,530
13,2026-05-23,185,530
13,2026-05-24,166,530
13,2026-05-25,130,530
13,2026-05-26,84,530
13,2026-05-27,62,530
13,2026-05-28,29,530
13,2026-05-29,0,530
13,2026-05-30,0,530
13,2026-05-31,0,530
13,2026-06-01,0,530
13,2026-06-02,0,530
13,2026-06-03,333,530
13,2026-06-04,290,530
13,2026-06-05,248,530
13,2026-06-06,219,530
13,2026-06-07,194,530
13,2026-06-08,160,530
13,2026-06-09,125,530
13,2026-06-10,85,530
13,2026-06-11,57,530
13,2026-06-12,30,530
13,2026-06-13,0,530
13,2026-06-14,0,530
13,2026-06-15,0,530
13,2026-06-16,0,530
13,2026-06-17,0,618
13,2026-06-18,338,618
13,2026-06-19,300,618
13,2026-06-20,264,618
13,2026-06-21,242,618
13,2026-06-22,199,618
13,2026-06-23,158,618
13,2026-06-24,111,618
13,2026-06-25,81,618
13,2026-06-26,50,618
13,2026-06-27,4,618
13,2026-06-28,0,618
13,2026-06-29,0,618
13,2026-06-30,0,618
13,2026-07-01,0,618
13,2026-07-02,0,618
13,2026-07-03,0,618
13,2026-07-04,443,618
13,2026-07-05,422,618
13,2026-07-06,396,618
13,2026-07-07,355,618
13,2026-07-08,304,618
13,2026-07-09,254,618
13,2026-07-10,215,618
13,2026-07-11,184,618
13,2026-07-12,162,618
13,2026-07-13,114,618
13,2026-07-14,63,618
13,2026-07-15,21,618
13,2026-07-16,0,618
13,2026-07-17,329,702
13,2026-07-18,298,702
13,2026-07-19,271,702
13,2026-07-20,226,702
13,2026-07-21,173,702
13,2026-07-22,132,702
13,2026-07-23,84,702
13,2026-07-24,49,702
13,2026-07-25,9,702
13,2026-07-26,0,702
13,2026-07-27,0,702
13,2026-07-28,0,702
13,2026-07-29,0,702
13,2026-07-30,0,702
13,2026-07-31,0,702
13,2026-08-01,567,702
13,2026-08-02,545,702
13,2026-08-03,508,702
13,2026-08-04,460,702
13,2026-08-05,422,702
13,2026-08-06,386,702
13,2026-08-07,343,702
13,2026-08-08,317,702
13,2026-08-09,296,702
13,2026-08-10,258,702
13,2026-08-11,225,702
13,2026-08-12,193,702
13,2026-08-13,157,702
13,2026-08-14,115,702
13,2026-08-15,74,702
13,2026-08-16,413,727
13,2026-08-17,368,727
13,2026-08-18,321,727
13,2026-08-19,280,727
13,2026-08-20,242,727
13,2026-08-21,201,727
13,2026-08-22,181,727
13,2026-08-23,156,727
13,2026-08-24,110,727
13,2026-08-25,70,727
13,2026-08-26,30,727
13,2026-08-27,0,727
13,2026-08-28,0,727
13,2026-08-29,0,727
13,2026-08-30,0,727
13,2026-08-31,0,727
13,2026-09-01,515,727
13,2026-09-02,482,727
13,2026-09-03,451,727
13,2026-09-04,419,727
13,2026-09-05,401,727
13,2026-09-06,383,727
13,2026-09-07,349,727
13,2026-09-08,323,727
13,2026-09-09,289,727
13,2026-09-10,259,727
13,2026-09-11,225,727
13,2026-09-12,185,727
13,2026-09-13,174,727
13,2026-09-14,136,727
13,2026-09-15,102,673
13,2026-09-16,72,673
13,2026-09-17,487,673
13,2026-09-18,466,673
13,2026-09-19,400,673
13,2026-09-20,376,673
13,2026-09-21,341,673
13,2026-09-22,312,673
13,2026-09-23,285,673
13,2026-09-24,252,673
13,2026-09-25,225,673
13,2026-09-26,205,673
13,2026-09-27,194,673
13,2026-09-28,167,673
13,2026-09-29,134,673
13,2026-09-30,84,673
14,2023-10-01,1513,589
14,2023-10-02,1484,589
14,2023-10-03,1460,589
14,2023-10-04,1446,589
14,2023-10-05,1424,589
14,2023-10-06,1397,589
14,2023-10-07,1368,589
14,2023-10-08,1358,589
14,2023-10-09,1333,589
14,2023-10-10,1309,589
14,2023-10-11,1269,589
14,2023-10-12,1243,589
14,2023-10-13,1222,589
14,2023-10-14,1197,589
14,2023-10-15,1183,589
14,2023-10-16,1156,589
14,2023-10-17,1133,589
14,2023-10-18,1102,589
14,2023-10-19,1087,589
14,2023-10-20,1065,589
14,2023-10-21,1048,589
14,2023-10-22,1040,589
14,2023-10-23,1015,589
14,2023-10-24,980,589
14,2023-10-25,945,589
14,2023-10-26,911,589
14,2023-10-27,889,589
14,2023-10-28,864,589
14,2023-10-29,851,589
14,2023-10-30,816,589
14,2023-10-31,792,589
14,2023-11-01,760,589
14,2023-11-02,736,589
14,2023-11-03,1185,589
14,2023-11-04,1151,589
14,2023-11-05,1138,589
14,2023-11-06,1112,589
14,2023-11-07,1072,589
14,2023-11-08,1049,589
14,2023-11-09,1021,589
14,2023-11-10,987,589
14,2023-11-11,955,589
14,2023-11-12,941,589
14,2023-11-13,906,589
14,2023-11-14,880,589
14,2023-11-15,863,589
14,2023-11-16,829,589
14,2023-11-17,794,589
14,2023-11-18,762,589
14,2023-11-19,748,589
14,2023-11-20,720,589
14,2023-11-21,699,589
14,2023-11-22,662,589
14,2023-11-23,1103,589
14,2023-11-24,1066,589
14,2023-11-25,1040,589
14,2023-11-26,1014,589
14,2023-11-27,980,589
14,2023-11-28,942,589
14,2023-11-29,921,589
14,2023-11-30,905,494
14,2023-12-01,881,494
14,2023-12-02,853,494
14,2023-12-03,835,494
14,2023-12-04,795,494
14,2023-12-05,764,494
14,2023-12-06,726,494
14,2023-12-07,686,494
14,2023-12-08,1143,494
14,2023-12-09,1112,494
14,2023-12-10,1101,494
14,2023-12-11,1063,494
14,2023-12-12,1022,494
14,2023-12-13,982,494
14,2023-12-14,954,494
14,2023-12-15,915,494
14,2023-12-16,894,494
14,2023-12-17,872,494
14,2023-12-18,843,494
14,2023-12-19,814,494
14,2023-12-20,771,494
14,2023-12-21,742,494
14,2023-12-22,710,494
14,2023-12-23,677,494
14,2023-12-24,658,494
14,2023-12-25,632,494
14,2023-12-26,603,494
14,2023-12-27,563,494
14,2023-12-28,525,494
14,2023-12-29,483,494
14,2023-12-30,466,562
14,2023-12-31,864,562
14,2024-01-01,839,562
14,2024-01-02,805,562
14,2024-01-03,776,562
14,2024-01-04,755,562
14,2024-01-05,728,562
14,2024-01-06,712,562
14,2024-01-07,702,562
14,2024-01-08,690,562
14,2024-01-09,677,562
14,2024-01-10,651,562
14,2024-01-11,626,562
14,2024-01-12,613,562
14,2024-01-13,586,562
14,2024-01-14,1164,562
14,2024-01-15,1145,562
14,2024-01-16,1114,562
14,2024-01-17,1093,562
14,2024-01-18,1074,562
14,2024-01-19,1033,562
14,2024-01-20,1020,562
14,2024-01-21,1008,562
14,2024-01-22,979,562
14,2024-01-23,948,562
14,2024-01-24,917,562
14,2024-01-25,892,562
14,2024-01-26,875,562
14,2024-01-27,860,562
14,2024-01-28,847,562
14,2024-01-29,823,494
14,2024-01-30,795,494
14,2024-01-31,759,494
14,2024-02-01,737,494
14,2024-02-02,721,494
14,2024-02-03,1146,494
14,2024-02-04,1130,494
14,2024-02-05,1114,494
14,2024-02-06,1086,494
14,2024-02-07,1068,494
14,2024-02-08,1033,494
14,2024-02-09,1009,494
14,2024-02-10,989,494
14,2024-02-11,980,494
14,2024-02-12,949,494
14,2024-02-13,926,494
14,2024-02-14,896,494
14,2024-02-15,873,494
14,2024-02-16,852,494
14,2024-02-17,830,494
14,2024-02-18,816,494
14,2024-02-19,789,494
14,2024-02-20,765,494
14,2024-02-21,736,494
14,2024-02-22,711,494
14,2024-02-23,678,494
14,2024-02-24,662,494
14,2024-02-25,652,494
14,2024-02-26,624,494
14,2024-02-27,595,494
14,2024-02-28,569,424
14,2024-02-29,547,424
14,2024-03-01,932,424
14,2024-03-02,916,424
14,2024-03-03,895,424
14,2024-03-04,854,424
14,2024-03-05,824,424
14,2024-03-06,805,424
14,2024-03-07,788,424
14,2024-03-08,769,424
14,2024-03-09,746,424
14,2024-03-10,733,424
14,2024-03-11,698,424
14,2024-03-12,673,424
14,2024-03-13,640,424
14,2024-03-14,604,424
14,2024-03-15,568,424
14,2024-03-16,540,424
14,2024-03-17,523,424
14,2024-03-18,506,424
14,2024-03-19,479,424
14,2024-03-20,449,424
14,2024-03-21,422,424
14,2024-03-22,734,424
14,2024-03-23,703,424
14,2024-03-24,684,424
14,2024-03-25,668,424
14,2024-03-26,644,424
14,2024-03-27,613,424
14,2024-03-28,582,424
14,2024-03-29,544,467
14,2024-03-30,524,467
14,2024-03-31,515,467
14,2024-04-01,464,467
14,2024-04-02,430,467
14,2024-04-03,396,467
14,2024-04-04,735,467
14,2024-04-05,701,467
14,2024-04-06,682,467
14,2024-04-07,665,467
14,2024-04-08,643,467
14,2024-04-09,616,467
14,2024-04-10,591,467
14,2024-04-11,556,467
14,2024-04-12,526,467
14,2024-04-13,486,467
14,2024-04-14,468,467
14,2024-04-15,442,467
14,2024-04-16,423,467
14,2024-04-17,864,467
14,2024-04-18,829,467
14,2024-04-19,788,467
14,2024-04-20,764,467
14,2024-04-21,758,467
14,2024-04-22,732,467
14,2024-04-23,704,467
14,2024-04-24,668,467
14,2024-04-25,625,467
14,2024-04-26,585,467
14,2024-04-27,554,467
14,2024-04-28,539,519
14,2024-04-29,520,519
14,2024-04-30,502,519
14,2024-05-01,463,519
14,2024-05-02,438,519
14,2024-05-03,406,519
14,2024-05-04,755,519
14,2024-05-05,738,519
14,2024-05-06,702,519
14,2024-05-07,651,519
14,2024-05-08,614,519
14,2024-05-09,583,519
14,2024-05-10,537,519
14,2024-05-11,501,519
14,2024-05-12,486,519
14,2024-05-13,449,519
14,2024-05-14,413,519
14,2024-05-15,364,519
14,2024-05-16,326,519
14,2024-05-17,872,519
14,2024-05-18,820,519
14,2024-05-19,801,519
14,2024-05-20,771,519
14,2024-05-21,737,519
14,2024-05-22,705,519
14,2024-05-23,670,519
14,2024-05-24,636,519
14,2024-05-25,615,519
14,2024-05-26,599,519
14,2024-05-27,574,519
14,2024-05-28,528,576
14,2024-05-29,489,576
14,2024-05-30,450,576
14,2024-05-31,879,576
14,2024-06-01,846,576
14,2024-06-02,825,576
14,2024-06-03,781,576
14,2024-06-04,714,576
14,2024-06-05,678,576
14,2024-06-06,634,576
14,2024-06-07,576,576
14,2024-06-08,528,576
14,2024-06-09,500,576
14,2024-06-10,470,576
14,2024-06-11,421,576
14,2024-06-12,361,576
14,2024-06-13,331,576
14,2024-06-14,293,576
14,2024-06-15,237,576
14,2024-06-16,830,576
14,2024-06-17,773,576
14,2024-06-18,728,576
14,2024-06-19,663,576
14,2024-06-20,621,576
14,2024-06-21,583,576
14,2024-06-22,534,576
14,2024-06-23,514,576
14,2024-06-24,461,576
14,2024-06-25,401,576
14,2024-06-26,364,576
14,2024-06-27,323,711
14,2024-06-28,269,711
14,2024-06-29,897,711
14,2024-06-30,889,711
14,2024-07-01,833,711
14,2024-07-02,792,711
14,2024-07-03,745,711
14,2024-07-04,691,711
14,2024-07-05,646,711
14,2024-07-06,618,711
14,2024-07-07,591,711
14,2024-07-08,543,711
14,2024-07-09,497,711
14,2024-07-10,438,711
14,2024-07-11,401,711
14,2024-07-12,349,711
14,2024-07-13,1255,711
14,2024-07-14,1228,711
14,2024-07-15,1168,711
14,2024-07-16,1120,711
14,2024-07-17,1073,711
14,2024-07-18,1039,711
14,2024-07-19,987,711
14,2024-07-20,950,711
14,2024-07-21,930,711
14,2024-07-22,889,711
14,2024-07-23,838,711
14,2024-07-24,793,711
14,2024-07-25,755,711
14,2024-07-26,693,711
14,2024-07-27,1236,815
14,2024-07-28,1220,815
14,2024-07-29,1187,815
14,2024-07-30,1144,815
14,2024-07-31,1094,815
14,2024-08-01,1042,815
14,2024-08-02,1007,815
14,2024-08-03,973,815
14,2024-08-04,951,815
14,2024-08-05,921,815
14,2024-08-06,870,815
14,2024-08-07,821,815
14,2024-08-08,774,815
14,2024-08-09,730,815
14,2024-08-10,690,815
14,2024-08-11,1547,815
14,2024-08-12,1506,815
14,2024-08-13,1441,815
14,2024-08-14,1401,815
14,2024-08-15,1345,815
14,2024-08-16,1292,815
14,2024-08-17,1265,815
14,2024-08-18,1242,815
14,2024-08-19,1205,815
14,2024-08-20,1152,815
14,2024-08-21,1112,815
14,2024-08-22,1053,815
14,2024-08-23,1022,815
14,2024-08-24,994,815
14,2024-08-25,972,815
14,2024-08-26,912,779
14,2024-08-27,867,779
14,2024-08-28,813,779
14,2024-08-29,1444,779
14,2024-08-30,1382,779
14,2024-08-31,1333,779
14,2024-09-01,1326,779
14,2024-09-02,1305,779
14,2024-09-03,1266,779
14,2024-09-04,1241,779
14,2024-09-05,1210,779
14,2024-09-06,1181,779
14,2024-09-07,1150,779
14,2024-09-08,1137,779
14,2024-09-09,1096,779
14,2024-09-10,1073,779
14,2024-09-11,1040,779
14,2024-09-12,1013,779
14,2024-09-13,970,779
14,2024-09-14,1577,779
14,2024-09-15,1560,779
14,2024-09-16,1534,779
14,2024-09-17,1505,779
14,2024-09-18,1473,779
14,2024-09-19,1436,779
14,2024-09-20,1392,779
14,2024-09-21,1369,779
14,2024-09-22,1354,779
14,2024-09-23,1326,779
14,2024-09-24,1286,779
14,2024-09-25,1255,689
14,2024-09-26,1221,689
14,2024-09-27,1183,689
14,2024-09-28,1151,689
14,2024-09-29,1139,689
14,2024-09-30,1116,689
14,2024-10-01,1088,689
14,2024-10-02,1063,689
14,2024-10-03,1031,689
14,2024-10-04,1620,689
14,2024-10-05,1602,689
14,2024-10-06,1590,689
14,2024-10-07,1562,689
14,2024-10-08,1520,689
14,2024-10-09,1486,689
14,2024-10-10,1454,689
14,2024-10-11,1428,689
14,2024-10-12,1406,689
14,2024-10-13,1392,689
14,2024-10-14,1359,689
14,2024-10-15,1334,689
14,2024-10-16,1305,689
14,2024-10-17,1281,689
14,2024-10-18,1258,689
14,2024-10-19,1230,689
14,2024-10-20,1213,689
14,2024-10-21,1186,689
14,2024-10-22,1158,689
14,2024-10-23,1115,689
14,2024-10-24,1086,689
14,2024-10-25,1053,576
14,2024-10-26,1036,576
14,2024-10-27,1026,576
14,2024-10-28,1004,576
14,2024-10-29,979,576
14,2024-10-30,952,576
14,2024-10-31,915,576
14,2024-11-01,1438,576
14,2024-11-02,1418,576
14,2024-11-03,1402,576
14,2024-11-04,1369,576
14,2024-11-05,1324,576
14,2024-11-06,1290,576
14,2024-11-07,1261,576
14,2024-11-08,1215,576
14,2024-11-09,1153,576
14,2024-11-10,1138,576
14,2024-11-11,1101,576
14,2024-11-12,1072,576
14,2024-11-13,1045,576
14,2024-11-14,1013,576
14,2024-11-15,969,576
14,2024-11-16,938,576
14,2024-11-17,925,576
14,2024-11-18,893,576
14,2024-11-19,865,576
14,2024-11-20,828,576
14,2024-11-21,791,576
14,2024-11-22,768,576
14,2024-11-23,742,576
14,2024-11-24,723,547
14,2024-11-25,683,547
14,2024-11-26,648,547
14,2024-11-27,1095,547
14,2024-11-28,1078,547
14,2024-11-29,1047,547
14,2024-11-30,1026,547
14,2024-12-01,1004,547
14,2024-12-02,963,547
14,2024-12-03,916,547
14,2024-12-04,887,547
14,2024-12-05,847,547
14,2024-12-06,803,547
14,2024-12-07,774,547
14,2024-12-08,755,547
14,2024-12-09,727,547
14,2024-12-10,679,547
14,2024-12-11,617,547
14,2024-12-12,582,547
14,2024-12-13,546,547
14,2024-12-14,513,547
14,2024-12-15,500,547
14,2024-12-16,447,547
14,2024-12-17,860,547
14,2024-12-18,815,547
14,2024-12-19,775,547
14,2024-12-20,732,547
14,2024-12-21,696,547
14,2024-12-22,668,547
14,2024-12-23,627,547
14,2024-12-24,592,617
14,2024-12-25,557,617
14,2024-12-26,522,617
14,2024-12-27,489,617
14,2024-12-28,455,617
14,2024-12-29,430,617
14,2024-12-30,379,617
14,2024-12-31,326,617
14,2025-01-01,289,617
14,2025-01-02,819,617
14,2025-01-03,796,617
14,2025-01-04,773,617
14,2025-01-05,755,617
14,2025-01-06,720,617
14,2025-01-07,671,617
14,2025-01-08,647,617
14,2025-01-09,620,617
14,2025-01-10,596,617
14,2025-01-11,571,617
14,2025-01-12,555,617
14,2025-01-13,524,617
14,2025-01-14,507,617
14,2025-01-15,1269,617
14,2025-01-16,1248,617
14,2025-01-17,1231,617
14,2025-01-18,1215,617
14,2025-01-19,1202,617
14,2025-01-20,1176,617
14,2025-01-21,1153,617
14,2025-01-22,1121,617
14,2025-01-23,1088,599
14,2025-01-24,1055,599
14,2025-01-25,1029,599
14,2025-01-26,1018,599
14,2025-01-27,987,599
14,2025-01-28,953,599
14,2025-01-29,927,599
14,2025-01-30,903,599
14,2025-01-31,883,599
14,2025-02-01,871,599
14,2025-02-02,855,599
14,2025-02-03,832,599
14,2025-02-04,802,599
14,2025-02-05,771,599
14,2025-02-06,736,599
14,2025-02-07,1203,599
14,2025-02-08,1178,599
14,2025-02-09,1159,599
14,2025-02-10,1134,599
14,2025-02-11,1113,599
14,2025-02-12,1085,599
14,2025-02-13,1061,599
14,2025-02-14,1033,599
14,2025-02-15,1005,599
14,2025-02-16,996,599
14,2025-02-17,963,599
14,2025-02-18,943,599
14,2025-02-19,912,599
14,2025-02-20,893,599
14,2025-02-21,858,599
14,2025-02-22,831,508
14,2025-02-23,820,508
14,2025-02-24,790,508
14,2025-02-25,766,508
14,2025-02-26,746,508
14,2025-02-27,1198,508
14,2025-02-28,1175,508
14,2025-03-01,1158,508
14,2025-03-02,1144,508
14,2025-03-03,1121,508
14,2025-03-04,1093,508
14,2025-03-05,1066,508
14,2025-03-06,1043,508
14,2025-03-07,1018,508
14,2025-03-08,997,508
14,2025-03-09,984,508
14,2025-03-10,953,508
14,2025-03-11,927,508
14,2025-03-12,903,508
14,2025-03-13,870,508
14,2025-03-14,842,508
14,2025-03-15,816,508
14,2025-03-16,807,508
14,2025-03-17,780,508
14,2025-03-18,748,508
14,2025-03-19,713,508
14,2025-03-20,693,508
14,2025-03-21,663,508
14,2025-03-22,632,508
14,2025-03-23,608,508
14,2025-03-24,573,476
14,2025-03-25,548,476
14,2025-03-26,523,476
14,2025-03-27,476,476
14,2025-03-28,849,476
14,2025-03-29,827,476
14,2025-03-30,813,476
14,2025-03-31,783,476
14,2025-04-01,743,476
14,2025-04-02,705,476
14,2025-04-03,669,476
14,2025-04-04,632,476
14,2025-04-05,604,476
14,2025-04-06,591,476
14,2025-04-07,548,476
14,2025-04-08,519,476
14,2025-04-09,482,476
14,2025-04-10,442,476
14,2025-04-11,406,476
14,2025-04-12,761,476
14,2025-04-13,746,476
14,2025-04-14,706,476
14,2025-04-15,661,476
14,2025-04-16,632,476
14,2025-04-17,606,476
14,2025-04-18,563,476
14,2025-04-19,536,476
14,2025-04-20,517,476
14,2025-04-21,476,476
14,2025-04-22,440,476
14,2025-04-23,421,541
14,2025-04-24,387,541
14,2025-04-25,823,541
14,2025-04-26,796,541
14,2025-04-27,780,541
14,2025-04-28,740,541
14,2025-04-29,707,541
14,2025-04-30,675,541
14,2025-05-01,619,541
14,2025-05-02,568,541
14,2025-05-03,523,541
14,2025-05-04,514,541
14,2025-05-05,477,541
14,2025-05-06,450,541
14,2025-05-07,397,541
14,2025-05-08,361,541
14,2025-05-09,902,541
14,2025-05-10,872,541
14,2025-05-11,853,541
14,2025-05-12,815,541
14,2025-05-13,762,541
14,2025-05-14,714,541
14,2025-05-15,676,541
14,2025-05-16,648,541
14,2025-05-17,618,541
14,2025-05-18,600,541
14,2025-05-19,560,541
14,2025-05-20,524,541
14,2025-05-21,485,541
14,2025-05-22,449,541
14,2025-05-23,910,636
14,2025-05-24,871,636
14,2025-05-25,855,636
14,2025-05-26,822,636
14,2025-05-27,788,636
14,2025-05-28,757,636
14,2025-05-29,720,636
14,2025-05-30,674,636
14,2025-05-31,643,636
14,2025-06-01,620,636
14,2025-06-02,591,636
14,2025-06-03,535,636
14,2025-06-04,490,636
14,2025-06-05,442,636
14,2025-06-06,1118,636
14,2025-06-07,1085,636
14,2025-06-08,1064,636
14,2025-06-09,994,636
14,2025-06-10,944,636
14,2025-06-11,902,636
14,2025-06-12,858,636
14,2025-06-13,806,636
14,2025-06-14,755,636
14,2025-06-15,730,636
14,2025-06-16,696,636
14,2025-06-17,650,636
14,2025-06-18,614,636
14,2025-06-19,568,636
14,2025-06-20,505,636
14,2025-06-21,470,636
14,2025-06-22,975,715
14,2025-06-23,929,715
14,2025-06-24,873,715
14,2025-06-25,821,715
14,2025-06-26,777,715
14,2025-06-27,728,715
14,2025-06-28,695,715
14,2025-06-29,675,715
14,2025-06-30,646,715
14,2025-07-01,581,715
14,2025-07-02,527,715
14,2025-07-03,483,715
14,2025-07-04,439,715
14,2025-07-05,1280,715
14,2025-07-06,1260,715
14,2025-07-07,1205,715
14,2025-07-08,1149,715
14,2025-07-09,1099,715
14,2025-07-10,1055,715
14,2025-07-11,1007,715
14,2025-07-12,964,715
14,2025-07-13,943,715
14,2025-07-14,906,715
14,2025-07-15,858,715
14,2025-07-16,808,715
14,2025-07-17,777,715
14,2025-07-18,1299,715
14,2025-07-19,1258,715
14,2025-07-20,1232,715
14,2025-07-21,1185,715
14,2025-07-22,1146,785
14,2025-07-23,1105,785
14,2025-07-24,1053,785
14,2025-07-25,1009,785
14,2025-07-26,963,785
14,2025-07-27,939,785
14,2025-07-28,889,785
14,2025-07-29,832,785
14,2025-07-30,779,785
14,2025-07-31,732,785
14,2025-08-01,683,785
14,2025-08-02,641,785
14,2025-08-03,1211,785
14,2025-08-04,1167,785
14,2025-08-05,1126,785
14,2025-08-06,1086,785
14,2025-08-07,1024,785
14,2025-08-08,988,785
14,2025-08-09,939,785
14,2025-08-10,921,785
14,2025-08-11,887,785
14,2025-08-12,860,785
14,2025-08-13,828,785
14,2025-08-14,786,785
14,2025-08-15,735,785
14,2025-08-16,701,785
14,2025-08-17,682,785
14,2025-08-18,637,785
14,2025-08-19,1419,785
14,2025-08-20,1371,785
14,2025-08-21,1324,789
14,2025-08-22,1276,789
14,2025-08-23,1237,789
14,2025-08-24,1220,789
14,2025-08-25,1187,789
14,2025-08-26,1151,789
14,2025-08-27,1106,789
14,2025-08-28,1064,789
14,2025-08-29,1022,789
14,2025-08-30,974,789
14,2025-08-31,956,789
14,2025-09-01,906,789
14,2025-09-02,867,789
14,2025-09-03,832,789
14,2025-09-04,796,789
14,2025-09-05,1420,789
14,2025-09-06,1383,789
14,2025-09-07,1363,789
14,2025-09-08,1335,789
14,2025-09-09,1295,789
14,2025-09-10,1274,789
14,2025-09-11,1243,789
14,2025-09-12,1216,789
14,2025-09-13,1183,789
14,2025-09-14,1173,789
14,2025-09-15,1122,789
14,2025-09-16,1089,789
14,2025-09-17,1055,789
14,2025-09-18,1018,789
14,2025-09-19,980,789
14,2025-09-20,942,722
14,2025-09-21,1548,722
14,2025-09-22,1503,722
14,2025-09-23,1464,722
14,2025-09-24,1409,722
14,2025-09-25,1375,722
14,2025-09-26,1324,722
14,2025-09-27,1298,722
14,2025-09-28,1292,722
14,2025-09-29,1259,722
14,2025-09-30,1226,722
14,2025-10-01,1185,722
14,2025-10-02,1156,722
14,2025-10-03,1121,722
14,2025-10-04,1095,722
14,2025-10-05,1072,722
14,2025-10-06,1039,722
14,2025-10-07,1004,722
14,2025-10-08,967,722
14,2025-10-09,938,722
14,2025-10-10,909,722
14,2025-10-11,879,722
14,2025-10-12,866,722
14,2025-10-13,1405,722
14,2025-10-14,1377,722
14,2025-10-15,1346,722
14,2025-10-16,1311,722
14,2025-10-17,1279,722
14,2025-10-18,1246,722
14,2025-10-19,1223,722
14,2025-10-20,1199,635
14,2025-10-21,1176,635
14,2025-10-22,1152,635
14,2025-10-23,1124,635
14,2025-10-24,1086,635
14,2025-10-25,1054,635
14,2025-10-26,1034,635
14,2025-10-27,998,635
14,2025-10-28,965,635
14,2025-10-29,930,635
14,2025-10-30,905,635
14,2025-10-31,864,635
14,2025-11-01,1419,635
14,2025-11-02,1399,635
14,2025-11-03,1370,635
14,2025-11-04,1342,635
14,2025-11-05,1290,635
14,2025-11-06,1250,635
14,2025-11-07,1221,635
14,2025-11-08,1196,635
14,2025-11-09,1180,635
14,2025-11-10,1143,635
14,2025-11-11,1106,635
14,2025-11-12,1061,635
14,2025-11-13,1024,635
14,2025-11-14,989,635
14,2025-11-15,948,635
14,2025-11-16,933,635
14,2025-11-17,901,635
14,2025-11-18,866,635
14,2025-11-19,837,602
14,2025-11-20,805,602
14,2025-11-21,765,602
14,2025-11-22,738,602
14,2025-11-23,727,602
14,2025-11-24,1189,602
14,2025-11-25,1145,602
14,2025-11-26,1115,602
14,2025-11-27,1080,602
14,2025-11-28,1055,602
14,2025-11-29,1027,602
14,2025-11-30,1013,602
14,2025-12-01,978,602
14,2025-12-02,936,602
14,2025-12-03,901,602
14,2025-12-04,854,602
14,2025-12-05,813,602
14,2025-12-06,773,602
14,2025-12-07,749,602
14,2025-12-08,715,602
14,2025-12-09,657,602
14,2025-12-10,617,602
14,2025-12-11,1069,602
14,2025-12-12,1036,602
14,2025-12-13,1010,602
14,2025-12-14,993,602
14,2025-12-15,952,602
14,2025-12-16,914,602
14,2025-12-17,880,602
14,2025-12-18,843,602
14,2025-12-19,805,619
14,2025-12-20,771,619
14,2025-12-21,750,619
14,2025-12-22,699,619
14,2025-12-23,667,619
14,2025-12-24,611,619
14,2025-12-25,563,619
14,2025-12-26,529,619
14,2025-12-27,982,619
14,2025-12-28,963,619
14,2025-12-29,907,619
14,2025-12-30,869,619
14,2025-12-31,830,619
14,2026-01-01,791,619
14,2026-01-02,767,619
14,2026-01-03,738,619
14,2026-01-04,729,619
14,2026-01-05,696,619
14,2026-01-06,663,619
14,2026-01-07,636,619
14,2026-01-08,619,619
14,2026-01-09,590,619
14,2026-01-10,1193,619
14,2026-01-11,1175,619
14,2026-01-12,1134,619
14,2026-01-13,1104,619
14,2026-01-14,1081,619
14,2026-01-15,1050,619
14,2026-01-16,1021,619
14,2026-01-17,996,619
14,2026-01-18,981,623
14,2026-01-19,958,623
14,2026-01-20,939,623
14,2026-01-21,920,623
14,2026-01-22,898,623
14,2026-01-23,874,623
14,2026-01-24,855,623
14,2026-01-25,839,623
14,2026-01-26,815,623
14,2026-01-27,788,623
14,2026-01-28,1261,623
14,2026-01-29,1227,623
14,2026-01-30,1189,623
14,2026-01-31,1159,623
14,2026-02-01,1150,623
14,2026-02-02,1118,623
14,2026-02-03,1088,623
14,2026-02-04,1061,623
14,2026-02-05,1032,623
14,2026-02-06,1006,623
14,2026-02-07,981,623
14,2026-02-08,966,623
14,2026-02-09,936,623
14,2026-02-10,906,623
14,2026-02-11,875,623
14,2026-02-12,846,623
14,2026-02-13,815,623
14,2026-02-14,787,623
14,2026-02-15,772,623
14,2026-02-16,744,623
14,2026-02-17,1216,543
14,2026-02-18,1184,543
14,2026-02-19,1160,543
14,2026-02-20,1144,543
14,2026-02-21,1122,543
14,2026-02-22,1110,543
14,2026-02-23,1071,543
14,2026-02-24,1049,543
14,2026-02-25,1033,543
14,2026-02-26,990,543
14,2026-02-27,959,543
14,2026-02-28,944,543
14,2026-03-01,925,543
14,2026-03-02,894,543
14,2026-03-03,866,543
14,2026-03-04,828,543
14,2026-03-05,806,543
14,2026-03-06,777,543
14,2026-03-07,749,543
14,2026-03-08,733,543
14,2026-03-09,702,543
14,2026-03-10,667,543
14,2026-03-11,638,543
14,2026-03-12,1042,543
14,2026-03-13,1009,543
14,2026-03-14,980,543
14,2026-03-15,971,543
14,2026-03-16,944,543
14,2026-03-17,912,543
14,2026-03-18,885,543
14,2026-03-19,847,493
14,2026-03-20,803,493
14,2026-03-21,768,493
14,2026-03-22,753,493
14,2026-03-23,721,493
14,2026-03-24,688,493
14,2026-03-25,659,493
14,2026-03-26,622,493
14,2026-03-27,587,493
14,2026-03-28,565,493
14,2026-03-29,553,493
14,2026-03-30,520,493
14,2026-03-31,915,493
14,2026-04-01,874,493
14,2026-04-02,849,493
14,2026-04-03,818,493
14,2026-04-04,785,493
14,2026-04-05,764,493
14,2026-04-06,719,493
14,2026-04-07,678,493
14,2026-04-08,645,493
14,2026-04-09,606,493
14,2026-04-10,560,493
14,2026-04-11,523,493
14,2026-04-12,506,493
14,2026-04-13,463,493
14,2026-04-14,422,493
14,2026-04-15,395,493
14,2026-04-16,366,493
14,2026-04-17,737,493
14,2026-04-18,710,567
14,2026-04-19,693,567
14,2026-04-20,655,567
14,2026-04-21,617,567
14,2026-04-22,579,567
14,2026-04-23,546,567
14,2026-04-24,510,567
14,2026-04-25,476,567
14,2026-04-26,460,567
14,2026-04-27,425,567
14,2026-04-28,390,567
14,2026-04-29,347,567
14,2026-04-30,321,567
14,2026-05-01,282,567
14,2026-05-02,252,567
14,2026-05-03,770,567
14,2026-05-04,740,567
14,2026-05-05,701,567
14,2026-05-06,658,567
14,2026-05-07,621,567
14,2026-05-08,577,567
14,2026-05-09,541,567
14,2026-05-10,520,567
14,2026-05-11,493,567
14,2026-05-12,452,567
14,2026-05-13,411,567
14,2026-05-14,351,567
14,2026-05-15,322,567
14,2026-05-16,286,567
14,2026-05-17,268,567
14,2026-05-18,916,632
14,2026-05-19,867,632
14,2026-05-20,818,632
14,2026-05-21,772,632
14,2026-05-22,721,632
14,2026-05-23,690,632
14,2026-05-24,668,632
14,2026-05-25,624,632
14,2026-05-26,584,632
14,2026-05-27,552,632
14,2026-05-28,507,632
14,2026-05-29,468,632
14,2026-05-30,431,632
14,2026-05-31,415,632
14,2026-06-01,374,632
14,2026-06-02,1021,632
14,2026-06-03,987,632
14,2026-06-04,931,632
14,2026-06-05,887,632
14,2026-06-06,846,632
14,2026-06-07,831,632
14,2026-06-08,783,632
14,2026-06-09,739,632
14,2026-06-10,686,632
14,2026-06-11,648,632
14,2026-06-12,610,632
14,2026-06-13,570,632
14,2026-06-14,545,632
14,2026-06-15,1111,632
14,2026-06-16,1058,632
14,2026-06-17,1029,714
14,2026-06-18,983,714
14,2026-06-19,932,714
14,2026-06-20,892,714
14,2026-06-21,864,714
14,2026-06-22,806,714
14,2026-06-23,748,714
14,2026-06-24,687,714
14,2026-06-25,626,714
14,2026-06-26,589,714
14,2026-06-27,542,714
14,2026-06-28,516,714
14,2026-06-29,466,714
14,2026-06-30,399,714
14,2026-07-01,866,714
14,2026-07-02,828,714
14,2026-07-03,791,714
14,2026-07-04,740,714
14,2026-07-05,715,714
14,2026-07-06,663,714
14,2026-07-07,614,714
14,2026-07-08,549,714
14,2026-07-09,495,714
14,2026-07-10,456,714
14,2026-07-11,405,714
14,2026-07-12,380,714
14,2026-07-13,324,714
14,2026-07-14,287,714
14,2026-07-15,243,714
14,2026-07-16,184,714
14,2026-07-17,1107,838
14,2026-07-18,1059,838
14,2026-07-19,1037,838
14,2026-07-20,989,838
14,2026-07-21,940,838
14,2026-07-22,905,838
14,2026-07-23,867,838
14,2026-07-24,808,838
14,2026-07-25,764,838
14,2026-07-26,747,838
14,2026-07-27,702,838
14,2026-07-28,651,838
14,2026-07-29,601,838
14,2026-07-30,531,838
14,2026-07-31,1527,838
14,2026-08-01,1475,838
14,2026-08-02,1449,838
14,2026-08-03,1399,838
14,2026-08-04,1351,838
14,2026-08-05,1318,838
14,2026-08-06,1269,838
14,2026-08-07,1239,838
14,2026-08-08,1212,838
14,2026-08-09,1188,838
14,2026-08-10,1136,838
14,2026-08-11,1103,838
14,2026-08-12,1054,838
14,2026-08-13,1006,838
14,2026-08-14,1661,838
14,2026-08-15,1629,838
14,2026-08-16,1609,855
14,2026-08-17,1565,855
14,2026-08-18,1520,855
14,2026-08-19,1477,855
14,2026-08-20,1439,855
14,2026-08-21,1402,855
14,2026-08-22,1355,855
14,2026-08-23,1339,855
14,2026-08-24,1302,855
14,2026-08-25,1247,855
14,2026-08-26,1210,855
14,2026-08-27,1161,855
14,2026-08-28,1120,855
14,2026-08-29,1082,855
14,2026-08-30,1067,855
14,2026-08-31,1017,855
14,2026-09-01,1668,855
14,2026-09-02,1621,855
14,2026-09-03,1584,855
14,2026-09-04,1556,855
14,2026-09-05,1526,855
14,2026-09-06,1513,855
14,2026-09-07,1472,855
14,2026-09-08,1436,855
14,2026-09-09,1385,855
14,2026-09-10,1344,855
14,2026-09-11,1308,855
14,2026-09-12,1273,855
14,2026-09-13,1247,855
14,2026-09-14,1216,855
14,2026-09-15,1171,762
14,2026-09-16,1135,762
14,2026-09-17,1092,762
14,2026-09-18,1052,762
14,2026-09-19,1018,762
14,2026-09-20,1001,762
14,2026-09-21,1652,762
14,2026-09-22,1621,762
14,2026-09-23,1592,762
14,2026-09-24,1567,762
14,2026-09-25,1520,762
14,2026-09-26,1488,762
14,2026-09-27,1467,762
14,2026-09-28,1440,762
14,2026-09-29,1414,762
14,2026-09-30,1382,762
15,2023-10-01,1053,380
15,2023-10-02,1032,380
15,2023-10-03,988,380
15,2023-10-04,970,380
15,2023-10-05,940,380
15,2023-10-06,910,380
15,2023-10-07,889,380
15,2023-10-08,881,380
15,2023-10-09,860,380
15,2023-10-10,836,380
15,2023-10-11,804,380
15,2023-10-12,777,380
15,2023-10-13,740,380
15,2023-10-14,716,380
15,2023-10-15,708,380
15,2023-10-16,676,380
15,2023-10-17,644,380
15,2023-10-18,618,380
15,2023-10-19,595,380
15,2023-10-20,581,380
15,2023-10-21,558,380
15,2023-10-22,547,380
15,2023-10-23,524,380
15,2023-10-24,506,380
15,2023-10-25,484,380
15,2023-10-26,462,380
15,2023-10-27,833,380
15,2023-10-28,814,380
15,2023-10-29,805,380
15,2023-10-30,775,380
15,2023-10-31,760,380
15,2023-11-01,744,380
15,2023-11-02,728,380
15,2023-11-03,690,380
15,2023-11-04,663,380
15,2023-11-05,641,380
15,2023-11-06,617,380
15,2023-11-07,587,380
15,2023-11-08,568,380
15,2023-11-09,542,380
15,2023-11-10,506,380
15,2023-11-11,490,380
15,2023-11-12,478,380
15,2023-11-13,851,380
15,2023-11-14,832,380
15,2023-11-15,804,380
15,2023-11-16,782,380
15,2023-11-17,764,380
15,2023-11-18,747,380
15,2023-11-19,737,380
15,2023-11-20,717,380
15,2023-11-21,686,380
15,2023-11-22,662,380
15,2023-11-23,641,380
15,2023-11-24,621,380
15,2023-11-25,605,380
15,2023-11-26,587,380
15,2023-11-27,572,380
15,2023-11-28,550,380
15,2023-11-29,527,380
15,2023-11-30,501,332
15,2023-12-01,472,332
15,2023-12-02,445,332
15,2023-12-03,422,332
15,2023-12-04,798,332
15,2023-12-05,775,332
15,2023-12-06,734,332
15,2023-12-07,701,332
15,2023-12-08,678,332
15,2023-12-09,649,332
15,2023-12-10,641,332
15,2023-12-11,606,332
15,2023-12-12,581,332
15,2023-12-13,562,332
15,2023-12-14,538,332
15,2023-12-15,506,332
15,2023-12-16,484,332
15,2023-12-17,465,332
15,2023-12-18,446,332
15,2023-12-19,412,332
15,2023-12-20,386,332
15,2023-12-21,706,332
15,2023-12-22,676,332
15,2023-12-23,648,332
15,2023-12-24,640,332
15,2023-12-25,616,332
15,2023-12-26,588,332
15,2023-12-27,550,332
15,2023-12-28,521,332
15,2023-12-29,502,332
15,2023-12-30,484,357
15,2023-12-31,471,357
15,2024-01-01,448,357
15,2024-01-02,424,357
15,2024-01-03,402,357
15,2024-01-04,722,357
15,2024-01-05,688,357
15,2024-01-06,667,357
15,2024-01-07,653,357
15,2024-01-08,634,357
15,2024-01-09,601,357
15,2024-01-10,587,357
15,2024-01-11,561,357
15,2024-01-12,539,357
15,2024-01-13,526,357
15,2024-01-14,514,357
15,2024-01-15,494,357
15,2024-01-16,480,357
15,2024-01-17,457,357
15,2024-01-18,440,357
15,2024-01-19,419,357
15,2024-01-20,759,357
15,2024-01-21,753,357
15,2024-01-22,721,357
15,2024-01-23,696,357
15,2024-01-24,673,357
15,2024-01-25,648,357
15,2024-01-26,625,357
15,2024-01-27,598,357
15,2024-01-28,585,357
15,2024-01-29,561,351
15,2024-01-30,544,351
15,2024-01-31,512,351
15,2024-02-01,489,351
15,2024-02-02,461,351
15,2024-02-03,440,351
15,2024-02-04,427,351
15,2024-02-05,407,351
15,2024-02-06,379,351
15,2024-02-07,736,351
15,2024-02-08,714,351
15,2024-02-09,692,351
15,2024-02-10,676,351
15,2024-02-11,666,351
15,2024-02-12,646,351
15,2024-02-13,616,351
15,2024-02-14,590,351
15,2024-02-15,567,351
15,2024-02-16,549,351
15,2024-02-17,531,351
15,2024-02-18,517,351
15,2024-02-19,493,351
15,2024-02-20,468,351
15,2024-02-21,446,351
15,2024-02-22,792,351
15,2024-02-23,770,351
15,2024-02-24,751,351
15,2024-02-25,739,351
15,2024-02-26,728,351
15,2024-02-27,715,351
15,2024-02-28,701,310
15,2024-02-29,674,310
15,2024-03-01,656,310
15,2024-03-02,638,310
15,2024-03-03,628,310
15,2024-03-04,606,310
15,2024-03-05,580,310
15,2024-03-06,554,310
15,2024-03-07,535,310
15,2024-03-08,510,310
15,2024-03-09,492,310
15,2024-03-10,489,310
15,2024-03-11,476,310
15,2024-03-12,453,310
15,2024-03-13,440,310
15,2024-03-14,414,310
15,2024-03-15,387,310
15,2024-03-16,366,310
15,2024-03-17,356,310
15,2024-03-18,641,310
15,2024-03-19,618,310
15,2024-03-20,602,310
15,2024-03-21,580,310
15,2024-03-22,562,310
15,2024-03-23,554,310
15,2024-03-24,547,310
15,2024-03-25,525,310
15,2024-03-26,503,310
15,2024-03-27,475,310
15,2024-03-28,448,310
15,2024-03-29,422,299
15,2024-03-30,400,299
15,2024-03-31,388,299
15,2024-04-01,356,299
15,2024-04-02,643,299
15,2024-04-03,616,299
15,2024-04-04,594,299
15,2024-04-05,577,299
15,2024-04-06,558,299
15,2024-04-07,545,299
15,2024-04-08,525,299
15,2024-04-09,485,299
15,2024-04-10,460,299
15,2024-04-11,439,299
15,2024-04-12,415,299
15,2024-04-13,392,299
15,2024-04-14,378,299
15,2024-04-15,350,299
15,2024-04-16,325,299
15,2024-04-17,297,299
15,2024-04-18,257,299
15,2024-04-19,232,299
15,2024-04-20,522,299
15,2024-04-21,514,299
15,2024-04-22,488,299
15,2024-04-23,470,299
15,2024-04-24,436,299
15,2024-04-25,410,299
15,2024-04-26,376,299
15,2024-04-27,359,299
15,2024-04-28,345,325
15,2024-04-29,325,325
15,2024-04-30,301,325
15,2024-05-01,589,325
15,2024-05-02,555,325
15,2024-05-03,525,325
15,2024-05-04,493,325
15,2024-05-05,483,325
15,2024-05-06,449,325
15,2024-05-07,421,325
15,2024-05-08,394,325
15,2024-05-09,359,325
15,2024-05-10,336,325
15,2024-05-11,661,325
15,2024-05-12,649,325
15,2024-05-13,626,325
15,2024-05-14,600,325
15,2024-05-15,578,325
15,2024-05-16,542,325
15,2024-05-17,511,325
15,2024-05-18,490,325
15,2024-05-19,473,325
15,2024-05-20,453,325
15,2024-05-21,419,325
15,2024-05-22,382,325
15,2024-05-23,364,325
15,2024-05-24,330,325
15,2024-05-25,309,325
15,2024-05-26,299,325
15,2024-05-27,603,325
15,2024-05-28,577,369
15,2024-05-29,549,369
15,2024-05-30,512,369
15,2024-05-31,482,369
15,2024-06-01,444,369
15,2024-06-02,435,369
15,2024-06-03,396,369
15,2024-06-04,359,369
15,2024-06-05,331,369
15,2024-06-06,298,369
15,2024-06-07,714,369
15,2024-06-08,675,369
15,2024-06-09,661,369
15,2024-06-10,626,369
15,2024-06-11,594,369
15,2024-06-12,568,369
15,2024-06-13,530,369
15,2024-06-14,505,369
15,2024-06-15,476,369
15,2024-06-16,459,369
15,2024-06-17,409,369
15,2024-06-18,361,369
15,2024-06-19,322,369
15,2024-06-20,289,369
15,2024-06-21,624,369
15,2024-06-22,594,369
15,2024-06-23,578,369
15,2024-06-24,538,369
15,2024-06-25,504,369
15,2024-06-26,474,369
15,2024-06-27,444,430
15,2024-06-28,396,430
15,2024-06-29,361,430
15,2024-06-30,345,430
15,2024-07-01,722,430
15,2024-07-02,693,430
15,2024-07-03,648,430
15,2024-07-04,599,430
15,2024-07-05,556,430
15,2024-07-06,530,430
15,2024-07-07,514,430
15,2024-07-08,470,430
15,2024-07-09,431,430
15,2024-07-10,884,430
15,2024-07-11,854,430
15,2024-07-12,826,430
15,2024-07-13,793,430
15,2024-07-14,774,430
15,2024-07-15,742,430
15,2024-07-16,706,430
15,2024-07-17,679,430
15,2024-07-18,650,430
15,2024-07-19,616,430
15,2024-07-20,581,430
15,2024-07-21,572,430
15,2024-07-22,531,430
15,2024-07-23,481,430
15,2024-07-24,445,430
15,2024-07-25,845,430
15,2024-07-26,803,430
15,2024-07-27,768,488
15,2024-07-28,754,488
15,2024-07-29,723,488
15,2024-07-30,691,488
15,2024-07-31,661,488
15,2024-08-01,639,488
15,2024-08-02,608,488
15,2024-08-03,585,488
15,2024-08-04,573,488
15,2024-08-05,530,488
15,2024-08-06,1087,488
15,2024-08-07,1069,488
15,2024-08-08,1032,488
15,2024-08-09,1001,488
15,2024-08-10,974,488
15,2024-08-11,962,488
15,2024-08-12,935,488
15,2024-08-13,909,488
15,2024-08-14,876,488
15,2024-08-15,850,488
15,2024-08-16,833,488
15,2024-08-17,802,488
15,2024-08-18,788,488
15,2024-08-19,758,488
15,2024-08-20,723,488
15,2024-08-21,694,488
15,2024-08-22,668,488
15,2024-08-23,640,488
15,2024-08-24,606,488
15,2024-08-25,1087,488
15,2024-08-26,1052,450
15,2024-08-27,1008,450
15,2024-08-28,979,450
15,2024-08-29,949,450
15,2024-08-30,911,450
15,2024-08-31,886,450
15,2024-09-01,875,450
15,2024-09-02,855,450
15,2024-09-03,832,450
15,2024-09-04,815,450
15,2024-09-05,795,450
15,2024-09-06,770,450
15,2024-09-07,737,450
15,2024-09-08,730,450
15,2024-09-09,707,450
15,2024-09-10,671,450
15,2024-09-11,648,450
15,2024-09-12,624,450
15,2024-09-13,594,450
15,2024-09-14,587,450
15,2024-09-15,576,450
15,2024-09-16,545,450
15,2024-09-17,982,450
15,2024-09-18,953,450
15,2024-09-19,939,450
15,2024-09-20,916,450
15,2024-09-21,899,450
15,2024-09-22,884,450
15,2024-09-23,843,450
15,2024-09-24,817,450
15,2024-09-25,785,386
15,2024-09-26,758,386
15,2024-09-27,735,386
15,2024-09-28,723,386
15,2024-09-29,714,386
15,2024-09-30,696,386
15,2024-10-01,674,386
15,2024-10-02,661,386
15,2024-10-03,634,386
15,2024-10-04,607,386
15,2024-10-05,578,386
15,2024-10-06,569,386
15,2024-10-07,543,386
15,2024-10-08,526,386
15,2024-10-09,505,386
15,2024-10-10,483,386
15,2024-10-11,858,386
15,2024-10-12,842,386
15,2024-10-13,824,386
15,2024-10-14,805,386
15,2024-10-15,782,386
15,2024-10-16,754,386
15,2024-10-17,723,386
15,2024-10-18,701,386
15,2024-10-19,684,386
15,2024-10-20,674,386
15,2024-10-21,649,386
15,2024-10-22,617,386
15,2024-10-23,593,386
15,2024-10-24,572,386
15,2024-10-25,555,347
15,2024-10-26,536,347
15,2024-10-27,520,347
15,2024-10-28,503,347
15,2024-10-29,487,347
15,2024-10-30,466,347
15,2024-10-31,843,347
15,2024-11-01,810,347
15,2024-11-02,787,347
15,2024-11-03,773,347
15,2024-11-04,742,347
15,2024-11-05,719,347
15,2024-11-06,706,347
15,2024-11-07,685,347
15,2024-11-08,646,347
15,2024-11-09,626,347
15,2024-11-10,620,347
15,2024-11-11,597,347
15,2024-11-12,581,347
15,2024-11-13,555,347
15,2024-11-14,531,347
15,2024-11-15,514,347
15,2024-11-16,503,347
15,2024-11-17,488,347
15,2024-11-18,469,347
15,2024-11-19,799,347
15,2024-11-20,778,347
15,2024-11-21,748,347
15,2024-11-22,734,347
15,2024-11-23,712,347
15,2024-11-24,699,316
15,2024-11-25,682,316
15,2024-11-26,656,316
15,2024-11-27,623,316
15,2024-11-28,597,316
15,2024-11-29,578,316
15,2024-11-30,553,316
15,2024-12-01,537,316
15,2024-12-02,508,316
15,2024-12-03,473,316
15,2024-12-04,446,316
15,2024-12-05,423,316
15,2024-12-06,388,316
15,2024-12-07,366,316
15,2024-12-08,353,316
15,2024-12-09,334,316
15,2024-12-10,635,316
15,2024-12-11,601,316
15,2024-12-12,564,316
15,2024-12-13,538,316
15,2024-12-14,502,316
15,2024-12-15,491,316
15,2024-12-16,455,316
15,2024-12-17,433,316
15,2024-12-18,401,316
15,2024-12-19,379,316
15,2024-12-20,351,316
15,2024-12-21,320,316
15,2024-12-22,634,316
15,2024-12-23,609,316
15,2024-12-24,584,342
15,2024-12-25,554,342
15,2024-12-26,514,342
15,2024-12-27,488,342
15,2024-12-28,468,342
15,2024-12-29,454,342
15,2024-12-30,424,342
15,2024-12-31,390,342
15,2025-01-01,369,342
15,2025-01-02,352,342
15,2025-01-03,337,342
15,2025-01-04,320,342
15,2025-01-05,688,342
15,2025-01-06,664,342
15,2025-01-07,640,342
15,2025-01-08,619,342
15,2025-01-09,597,342
15,2025-01-10,589,342
15,2025-01-11,577,342
15,2025-01-12,565,342
15,2025-01-13,547,342
15,2025-01-14,525,342
15,2025-01-15,497,342
15,2025-01-16,484,342
15,2025-01-17,462,342
15,2025-01-18,451,342
15,2025-01-19,439,342
15,2025-01-20,415,342
15,2025-01-21,756,342
15,2025-01-22,740,342
15,2025-01-23,723,340
15,2025-01-24,701,340
15,2025-01-25,682,340
15,2025-01-26,672,340
15,2025-01-27,649,340
15,2025-01-28,631,340
15,2025-01-29,611,340
15,2025-01-30,586,340
15,2025-01-31,569,340
15,2025-02-01,554,340
15,2025-02-02,545,340
15,2025-02-03,518,340
15,2025-02-04,502,340
15,2025-02-05,486,340
15,2025-02-06,461,340
15,2025-02-07,442,340
15,2025-02-08,426,340
15,2025-02-09,415,340
15,2025-02-10,743,340
15,2025-02-11,729,340
15,2025-02-12,715,340
15,2025-02-13,690,340
15,2025-02-14,664,340
15,2025-02-15,646,340
15,2025-02-16,635,340
15,2025-02-17,627,340
15,2025-02-18,604,340
15,2025-02-19,585,340
15,2025-02-20,566,340
15,2025-02-21,556,340
15,2025-02-22,537,283
15,2025-02-23,524,283
15,2025-02-24,500,283
15,2025-02-25,476,283
15,2025-02-26,456,283
15,2025-02-27,441,283
15,2025-02-28,421,283
15,2025-03-01,762,283
15,2025-03-02,751,283
15,2025-03-03,726,283
15,2025-03-04,703,283
15,2025-03-05,683,283
15,2025-03-06,665,283
15,2025-03-07,646,283
15,2025-03-08,616,283
15,2025-03-09,605,283
15,2025-03-10,576,283
15,2025-03-11,560,283
15,2025-03-12,533,283
15,2025-03-13,511,283
15,2025-03-14,486,283
15,2025-03-15,460,283
15,2025-03-16,452,283
15,2025-03-17,429,283
15,2025-03-18,410,283
15,2025-03-19,379,283
15,2025-03-20,362,283
15,2025-03-21,334,283
15,2025-03-22,317,283
15,2025-03-23,307,283
15,2025-03-24,296,281
15,2025-03-25,279,281
15,2025-03-26,569,281
15,2025-03-27,543,281
15,2025-03-28,521,281
15,2025-03-29,506,281
15,2025-03-30,494,281
15,2025-03-31,463,281
15,2025-04-01,442,281
15,2025-04-02,418,281
15,2025-04-03,396,281
15,2025-04-04,377,281
15,2025-04-05,354,281
15,2025-04-06,334,281
15,2025-04-07,303,281
15,2025-04-08,282,281
15,2025-04-09,255,281
15,2025-04-10,514,281
15,2025-04-11,483,281
15,2025-04-12,468,281
15,2025-04-13,458,281
15,2025-04-14,434,281
15,2025-04-15,417,281
15,2025-04-16,379,281
15,2025-04-17,356,281
15,2025-04-18,332,281
15,2025-04-19,310,281
15,2025-04-20,302,281
15,2025-04-21,269,281
15,2025-04-22,549,281
15,2025-04-23,530,312
15,2025-04-24,505,312
15,2025-04-25,483,312
15,2025-04-26,465,312
15,2025-04-27,448,312
15,2025-04-28,417,312
15,2025-04-29,397,312
15,2025-04-30,373,312
15,2025-05-01,346,312
15,2025-05-02,320,312
15,2025-05-03,297,312
15,2025-05-04,283,312
15,2025-05-05,599,312
15,2025-05-06,571,312
15,2025-05-07,551,312
15,2025-05-08,520,312
15,2025-05-09,489,312
15,2025-05-10,465,312
15,2025-05-11,452,312
15,2025-05-12,429,312
15,2025-05-13,398,312
15,2025-05-14,384,312
15,2025-05-15,346,312
15,2025-05-16,648,312
15,2025-05-17,628,312
15,2025-05-18,613,312
15,2025-05-19,578,312
15,2025-05-20,544,312
15,2025-05-21,514,312
15,2025-05-22,482,312
15,2025-05-23,450,346
15,2025-05-24,421,346
15,2025-05-25,404,346
15,2025-05-26,369,346
15,2025-05-27,332,346
15,2025-05-28,308,346
15,2025-05-29,285,346
15,2025-05-30,589,346
15,2025-05-31,576,346
15,2025-06-01,561,346
15,2025-06-02,524,346
15,2025-06-03,491,346
15,2025-06-04,471,346
15,2025-06-05,431,346
15,2025-06-06,396,346
15,2025-06-07,370,346
15,2025-06-08,355,346
15,2025-06-09,702,346
15,2025-06-10,674,346
15,2025-06-11,638,346
15,2025-06-12,611,346
15,2025-06-13,574,346
15,2025-06-14,549,346
15,2025-06-15,537,346
15,2025-06-16,503,346
15,2025-06-17,466,346
15,2025-06-18,432,346
15,2025-06-19,401,346
15,2025-06-20,372,346
15,2025-06-21,345,346
15,2025-06-22,329,396
15,2025-06-23,655,396
15,2025-06-24,625,396
15,2025-06-25,595,396
15,2025-06-26,544,396
15,2025-06-27,496,396
15,2025-06-28,472,396
15,2025-06-29,456,396
15,2025-06-30,427,396
15,2025-07-01,396,396
15,2025-07-02,354,396
15,2025-07-03,323,396
15,2025-07-04,745,396
15,2025-07-05,715,396
15,2025-07-06,693,396
15,2025-07-07,648,396
15,2025-07-08,620,396
15,2025-07-09,593,396
15,2025-07-10,566,396
15,2025-07-11,536,396
15,2025-07-12,516,396
15,2025-07-13,498,396
15,2025-07-14,458,396
15,2025-07-15,429,396
15,2025-07-16,394,396
15,2025-07-17,364,396
15,2025-07-18,739,396
15,2025-07-19,708,396
15,2025-07-20,694,396
15,2025-07-21,654,396
15,2025-07-22,617,442
15,2025-07-23,584,442
15,2025-07-24,566,442
15,2025-07-25,541,442
15,2025-07-26,508,442
15,2025-07-27,496,442
15,2025-07-28,453,442
15,2025-07-29,817,442
15,2025-07-30,787,442
15,2025-07-31,750,442
15,2025-08-01,715,442
15,2025-08-02,695,442
15,2025-08-03,673,442
15,2025-08-04,643,442
15,2025-08-05,617,442
15,2025-08-06,585,442
15,2025-08-07,558,442
15,2025-08-08,982,442
15,2025-08-09,964,442
15,2025-08-10,956,442
15,2025-08-11,925,442
15,2025-08-12,893,442
15,2025-08-13,855,442
15,2025-08-14,814,442
15,2025-08-15,774,442
15,2025-08-16,754,442
15,2025-08-17,741,442
15,2025-08-18,710,442
15,2025-08-19,672,442
15,2025-08-20,644,442
15,2025-08-21,617,446
15,2025-08-22,589,446
15,2025-08-23,563,446
15,2025-08-24,546,446
15,2025-08-25,517,446
15,2025-08-26,486,446
15,2025-08-27,926,446
15,2025-08-28,886,446
15,2025-08-29,862,446
15,2025-08-30,831,446
15,2025-08-31,819,446
15,2025-09-01,789,446
15,2025-09-02,769,446
15,2025-09-03,748,446
15,2025-09-04,731,446
15,2025-09-05,712,446
15,2025-09-06,682,446
15,2025-09-07,667,446
15,2025-09-08,647,446
15,2025-09-09,622,446
15,2025-09-10,596,446
15,2025-09-11,573,446
15,2025-09-12,1014,446
15,2025-09-13,980,446
15,2025-09-14,974,446
15,2025-09-15,953,446
15,2025-09-16,928,446
15,2025-09-17,890,446
15,2025-09-18,863,446
15,2025-09-19,832,446
15,2025-09-20,809,400
15,2025-09-21,794,400
15,2025-09-22,780,400
15,2025-09-23,757,400
15,2025-09-24,735,400
15,2025-09-25,716,400
15,2025-09-26,687,400
15,2025-09-27,662,400
15,2025-09-28,653,400
15,2025-09-29,628,400
15,2025-09-30,603,400
15,2025-10-01,586,400
15,2025-10-02,564,400
15,2025-10-03,544,400
15,2025-10-04,522,400
15,2025-10-05,512,400
15,2025-10-06,893,400
15,2025-10-07,874,400
15,2025-10-08,859,400
15,2025-10-09,827,400
15,2025-10-10,808,400
15,2025-10-11,791,400
15,2025-10-12,777,400
15,2025-10-13,757,400
15,2025-10-14,737,400
15,2025-10-15,707,400
15,2025-10-16,690,400
15,2025-10-17,663,400
15,2025-10-18,646,400
15,2025-10-19,638,400
15,2025-10-20,613,334
15,2025-10-21,592,334
15,2025-10-22,573,334
15,2025-10-23,546,334
15,2025-10-24,942,334
15,2025-10-25,921,334
15,2025-10-26,914,334
15,2025-10-27,898,334
15,2025-10-28,873,334
15,2025-10-29,854,334
15,2025-10-30,832,334
15,2025-10-31,814,334
15,2025-11-01,790,334
15,2025-11-02,781,334
15,2025-11-03,756,334
15,2025-11-04,728,334
15,2025-11-05,694,334
15,2025-11-06,670,334
15,2025-11-07,636,334
15,2025-11-08,608,334
15,2025-11-09,599,334
15,2025-11-10,585,334
15,2025-11-11,569,334
15,2025-11-12,550,334
15,2025-11-13,520,334
15,2025-11-14,501,334
15,2025-11-15,476,334
15,2025-11-16,461,334
15,2025-11-17,427,334
15,2025-11-18,403,334
15,2025-11-19,374,312
15,2025-11-20,349,312
15,2025-11-21,654,312
15,2025-11-22,644,312
15,2025-11-23,632,312
15,2025-11-24,605,312
15,2025-11-25,578,312
15,2025-11-26,555,312
15,2025-11-27,532,312
15,2025-11-28,516,312
15,2025-11-29,505,312
15,2025-11-30,491,312
15,2025-12-01,460,312
15,2025-12-02,433,312
15,2025-12-03,401,312
15,2025-12-04,374,312
15,2025-12-05,335,312
15,2025-12-06,627,312
15,2025-12-07,619,312
15,2025-12-08,592,312
15,2025-12-09,575,312
15,2025-12-10,549,312
15,2025-12-11,527,312
15,2025-12-12,503,312
15,2025-12-13,478,312
15,2025-12-14,460,312
15,2025-12-15,434,312
15,2025-12-16,399,312
15,2025-12-17,377,312
15,2025-12-18,343,312
15,2025-12-19,322,341
15,2025-12-20,631,341
15,2025-12-21,618,341
15,2025-12-22,587,341
15,2025-12-23,559,341
15,2025-12-24,522,341
15,2025-12-25,486,341
15,2025-12-26,457,341
15,2025-12-27,428,341
15,2025-12-28,417,341
15,2025-12-29,386,341
15,2025-12-30,353,341
15,2025-12-31,689,341
15,2026-01-01,667,341
15,2026-01-02,651,341
15,2026-01-03,630,341
15,2026-01-04,620,341
15,2026-01-05,613,341
15,2026-01-06,587,341
15,2026-01-07,566,341
15,2026-01-08,537,341
15,2026-01-09,525,341
15,2026-01-10,516,341
15,2026-01-11,507,341
15,2026-01-12,491,341
15,2026-01-13,472,341
15,2026-01-14,458,341
15,2026-01-15,439,341
15,2026-01-16,762,341
15,2026-01-17,737,341
15,2026-01-18,730,340
15,2026-01-19,707,340
15,2026-01-20,691,340
15,2026-01-21,682,340
15,2026-01-22,667,340
15,2026-01-23,644,340
15,2026-01-24,625,340
15,2026-01-25,617,340
15,2026-01-26,591,340
15,2026-01-27,573,340
15,2026-01-28,550,340
15,2026-01-29,525,340
15,2026-01-30,502,340
15,2026-01-31,488,340
15,2026-02-01,479,340
15,2026-02-02,464,340
15,2026-02-03,441,340
15,2026-02-04,416,340
15,2026-02-05,756,340
15,2026-02-06,743,340
15,2026-02-07,735,340
15,2026-02-08,726,340
15,2026-02-09,710,340
15,2026-02-10,679,340
15,2026-02-11,658,340
15,2026-02-12,645,340
15,2026-02-13,627,340
15,2026-02-14,613,340
15,2026-02-15,608,340
15,2026-02-16,595,340
15,2026-02-17,576,286
15,2026-02-18,551,286
15,2026-02-19,532,286
15,2026-02-20,511,286
15,2026-02-21,488,286
15,2026-02-22,477,286
15,2026-02-23,465,286
15,2026-02-24,443,286
15,2026-02-25,428,286
15,2026-02-26,748,286
15,2026-02-27,726,286
15,2026-02-28,705,286
15,2026-03-01,697,286
15,2026-03-02,680,286
15,2026-03-03,647,286
15,2026-03-04,634,286
15,2026-03-05,610,286
15,2026-03-06,587,286
15,2026-03-07,570,286
15,2026-03-08,558,286
15,2026-03-09,539,286
15,2026-03-10,519,286
15,2026-03-11,488,286
15,2026-03-12,464,286
15,2026-03-13,449,286
15,2026-03-14,431,286
15,2026-03-15,422,286
15,2026-03-16,404,286
15,2026-03-17,363,286
15,2026-03-18,343,286
15,2026-03-19,323,275
15,2026-03-20,301,275
15,2026-03-21,282,275
15,2026-03-22,582,275
15,2026-03-23,558,275
15,2026-03-24,537,275
15,2026-03-25,518,275
15,2026-03-26,497,275
15,2026-03-27,473,275
15,2026-03-28,458,275
15,2026-03-29,446,275
15,2026-03-30,421,275
15,2026-03-31,400,275
15,2026-04-01,385,275
15,2026-04-02,364,275
15,2026-04-03,333,275
15,2026-04-04,314,275
15,2026-04-05,306,275
15,2026-04-06,579,275
15,2026-04-07,563,275
15,2026-04-08,545,275
15,2026-04-09,525,275
15,2026-04-10,500,275
15,2026-04-11,482,275
15,2026-04-12,472,275
15,2026-04-13,453,275
15,2026-04-14,428,275
15,2026-04-15,399,275
15,2026-04-16,369,275
15,2026-04-17,344,275
15,2026-04-18,319,302
15,2026-04-19,312,302
15,2026-04-20,294,302
15,2026-04-21,271,302
15,2026-04-22,542,302
15,2026-04-23,521,302
15,2026-04-24,488,302
15,2026-04-25,462,302
15,2026-04-26,442,302
15,2026-04-27,422,302
15,2026-04-28,389,302
15,2026-04-29,360,302
15,2026-04-30,335,302
15,2026-05-01,308,302
15,2026-05-02,280,302
15,2026-05-03,568,302
15,2026-05-04,543,302
15,2026-05-05,523,302
15,2026-05-06,496,302
15,2026-05-07,463,302
15,2026-05-08,433,302
15,2026-05-09,415,302
15,2026-05-10,405,302
15,2026-05-11,385,302
15,2026-05-12,358,302
15,2026-05-13,329,302
15,2026-05-14,584,302
15,2026-05-15,566,302
15,2026-05-16,545,302
15,2026-05-17,533,302
15,2026-05-18,497,329
15,2026-05-19,469,329
15,2026-05-20,440,329
15,2026-05-21,417,329
15,2026-05-22,395,329
15,2026-05-23,375,329
15,2026-05-24,365,329
15,2026-05-25,342,329
15,2026-05-26,633,329
15,2026-05-27,614,329
15,2026-05-28,590,329
15,2026-05-29,564,329
15,2026-05-30,534,329
15,2026-05-31,518,329
15,2026-06-01,490,329
15,2026-06-02,457,329
15,2026-06-03,426,329
15,2026-06-04,392,329
15,2026-06-05,360,329
15,2026-06-06,666,329
15,2026-06-07,652,329
15,2026-06-08,627,329
15,2026-06-09,597,329
15,2026-06-10,557,329
15,2026-06-11,519,329
15,2026-06-12,489,329
15,2026-06-13,462,329
15,2026-06-14,455,329
15,2026-06-15,419,329
15,2026-06-16,388,329
15,2026-06-17,359,374
15,2026-06-18,333,374
15,2026-06-19,296,374
15,2026-06-20,274,374
15,2026-06-21,256,374
15,2026-06-22,594,374
15,2026-06-23,569,374
15,2026-06-24,543,374
15,2026-06-25,508,374
15,2026-06-26,474,374
15,2026-06-27,440,374
15,2026-06-28,432,374
15,2026-06-29,401,374
15,2026-06-30,367,374
15,2026-07-01,328,374
15,2026-07-02,301,374
15,2026-07-03,273,374
15,2026-07-04,688,374
15,2026-07-05,659,374
15,2026-07-06,627,374
15,2026-07-07,599,374
15,2026-07-08,562,374
15,2026-07-09,533,374
15,2026-07-10,500,374
15,2026-07-11,475,374
15,2026-07-12,461,374
15,2026-07-13,428,374
15,2026-07-14,775,374
15,2026-07-15,737,374
15,2026-07-16,698,374
15,2026-07-17,670,422
15,2026-07-18,645,422
15,2026-07-19,636,422
15,2026-07-20,612,422
15,2026-07-21,585,422
15,2026-07-22,570,422
15,2026-07-23,547,422
15,2026-07-24,510,422
15,2026-07-25,481,422
15,2026-07-26,467,422
15,2026-07-27,935,422
15,2026-07-28,907,422
15,2026-07-29,829,422
15,2026-07-30,798,422
15,2026-07-31,766,422
15,2026-08-01,741,422
15,2026-08-02,725,422
15,2026-08-03,699,422
15,2026-08-04,671,422
15,2026-08-05,642,422
15,2026-08-06,609,422
15,2026-08-07,580,422
15,2026-08-08,561,422
15,2026-08-09,545,422
15,2026-08-10,511,422
15,2026-08-11,479,422
15,2026-08-12,898,422
15,2026-08-13,873,422
15,2026-08-14,852,422
15,2026-08-15,835,422
15,2026-08-16,824,429
15,2026-08-17,795,429
15,2026-08-18,763,429
15,2026-08-19,724,429
15,2026-08-20,702,429
15,2026-08-21,682,429
15,2026-08-22,657,429
15,2026-08-23,644,429
15,2026-08-24,616,429
15,2026-08-25,584,429
15,2026-08-26,568,429
15,2026-08-27,535,429
15,2026-08-28,513,429
15,2026-08-29,932,429
15,2026-08-30,911,429
15,2026-08-31,881,429
15,2026-09-01,851,429
15,2026-09-02,828,429
15,2026-09-03,798,429
15,2026-09-04,771,429
15,2026-09-05,751,429
15,2026-09-06,733,429
15,2026-09-07,700,429
15,2026-09-08,673,429
15,2026-09-09,634,429
15,2026-09-10,610,429
15,2026-09-11,587,429
15,2026-09-12,569,429
15,2026-09-13,989,429
15,2026-09-14,966,429
15,2026-09-15,943,389
15,2026-09-16,918,389
15,2026-09-17,903,389
15,2026-09-18,886,389
15,2026-09-19,868,389
15,2026-09-20,856,389
15,2026-09-21,837,389
15,2026-09-22,816,389
15,2026-09-23,799,389
15,2026-09-24,770,389
15,2026-09-25,747,389
15,2026-09-26,726,389
15,2026-09-27,709,389
15,2026-09-28,689,389
15,2026-09-29,657,389
15,2026-09-30,624,389
16,2023-10-01,1623,631
16,2023-10-02,1579,631
16,2023-10-03,1541,631
16,2023-10-04,1496,631
16,2023-10-05,1455,631
16,2023-10-06,1421,631
16,2023-10-07,1394,631
16,2023-10-08,1381,631
16,2023-10-09,1342,631
16,2023-10-10,1307,631
16,2023-10-11,1279,631
16,2023-10-12,1253,631
16,2023-10-13,1217,631
16,2023-10-14,1187,631
16,2023-10-15,1169,631
16,2023-10-16,1138,631
16,2023-10-17,1113,631
16,2023-10-18,1082,631
16,2023-10-19,1045,631
16,2023-10-20,996,631
16,2023-10-21,971,631
16,2023-10-22,950,631
16,2023-10-23,921,631
16,2023-10-24,895,631
16,2023-10-25,863,631
16,2023-10-26,832,631
16,2023-10-27,788,631
16,2023-10-28,756,631
16,2023-10-29,741,631
16,2023-10-30,695,631
16,2023-10-31,675,631
16,2023-11-01,1150,631
16,2023-11-02,1124,631
16,2023-11-03,1090,631
16,2023-11-04,1054,631
16,2023-11-05,1050,631
16,2023-11-06,1013,631
16,2023-11-07,971,631
16,2023-11-08,939,631
16,2023-11-09,915,631
16,2023-11-10,870,631
16,2023-11-11,852,631
16,2023-11-12,839,631
16,2023-11-13,808,631
16,2023-11-14,781,631
16,2023-11-15,739,631
16,2023-11-16,702,631
16,2023-11-17,679,631
16,2023-11-18,1159,631
16,2023-11-19,1134,631
16,2023-11-20,1100,631
16,2023-11-21,1068,631
16,2023-11-22,1036,631
16,2023-11-23,1004,631
16,2023-11-24,964,631
16,2023-11-25,940,631
16,2023-11-26,915,631
16,2023-11-27,875,631
16,2023-11-28,851,631
16,2023-11-29,810,631
16,2023-11-30,779,588
16,2023-12-01,754,588
16,2023-12-02,1220,588
16,2023-12-03,1201,588
16,2023-12-04,1152,588
16,2023-12-05,1120,588
16,2023-12-06,1094,588
16,2023-12-07,1045,588
16,2023-12-08,1002,588
16,2023-12-09,965,588
16,2023-12-10,945,588
16,2023-12-11,889,588
16,2023-12-12,848,588
16,2023-12-13,819,588
16,2023-12-14,768,588
16,2023-12-15,732,588
16,2023-12-16,694,588
16,2023-12-17,678,588
16,2023-12-18,632,588
16,2023-12-19,583,588
16,2023-12-20,1018,588
16,2023-12-21,969,588
16,2023-12-22,928,588
16,2023-12-23,898,588
16,2023-12-24,879,588
16,2023-12-25,835,588
16,2023-12-26,791,588
16,2023-12-27,759,588
16,2023-12-28,711,588
16,2023-12-29,670,588
16,2023-12-30,622,645
16,2023-12-31,607,645
16,2024-01-01,584,645
16,2024-01-02,554,645
16,2024-01-03,526,645
16,2024-01-04,1011,645
16,2024-01-05,976,645
16,2024-01-06,948,645
16,2024-01-07,934,645
16,2024-01-08,903,645
16,2024-01-09,878,645
16,2024-01-10,848,645
16,2024-01-11,816,645
16,2024-01-12,785,645
16,2024-01-13,765,645
16,2024-01-14,755,645
16,2024-01-15,723,645
16,2024-01-16,695,645
16,2024-01-17,669,645
16,2024-01-18,1306,645
16,2024-01-19,1276,645
16,2024-01-20,1266,645
16,2024-01-21,1245,645
16,2024-01-22,1212,645
16,2024-01-23,1186,645
16,2024-01-24,1160,645
16,2024-01-25,1135,645
16,2024-01-26,1109,645
16,2024-01-27,1084,645
16,2024-01-28,1066,645
16,2024-01-29,1034,598
16,2024-01-30,1005,598
16,2024-01-31,976,598
16,2024-02-01,947,598
16,2024-02-02,926,598
16,2024-02-03,903,598
16,2024-02-04,888,598
16,2024-02-05,861,598
16,2024-02-06,835,598
16,2024-02-07,1308,598
16,2024-02-08,1287,598
16,2024-02-09,1262,598
16,2024-02-10,1232,598
16,2024-02-11,1214,598
16,2024-02-12,1188,598
16,2024-02-13,1155,598
16,2024-02-14,1130,598
16,2024-02-15,1104,598
16,2024-02-16,1066,598
16,2024-02-17,1043,598
16,2024-02-18,1029,598
16,2024-02-19,999,598
16,2024-02-20,963,598
16,2024-02-21,936,598
16,2024-02-22,914,598
16,2024-02-23,887,598
16,2024-02-24,867,598
16,2024-02-25,858,598
16,2024-02-26,831,598
16,2024-02-27,801,598
16,2024-02-28,763,489
16,2024-02-29,1212,489
16,2024-03-01,1180,489
16,2024-03-02,1156,489
16,2024-03-03,1138,489
16,2024-03-04,1104,489
16,2024-03-05,1067,489
16,2024-03-06,1048,489
16,2024-03-07,1014,489
16,2024-03-08,990,489
16,2024-03-09,949,489
16,2024-03-10,932,489
16,2024-03-11,893,489
16,2024-03-12,872,489
16,2024-03-13,831,489
16,2024-03-14,785,489
16,2024-03-15,746,489
16,2024-03-16,730,489
16,2024-03-17,710,489
16,2024-03-18,681,489
16,2024-03-19,644,489
16,2024-03-20,624,489
16,2024-03-21,594,489
16,2024-03-22,567,489
16,2024-03-23,545,489
16,2024-03-24,537,489
16,2024-03-25,498,489
16,2024-03-26,855,489
16,2024-03-27,821,489
16,2024-03-28,789,489
16,2024-03-29,763,528
16,2024-03-30,750,528
16,2024-03-31,740,528
16,2024-04-01,703,528
16,2024-04-02,657,528
16,2024-04-03,624,528
16,2024-04-04,601,528
16,2024-04-05,572,528
16,2024-04-06,549,528
16,2024-04-07,529,528
16,2024-04-08,480,528
16,2024-04-09,848,528
16,2024-04-10,816,528
16,2024-04-11,787,528
16,2024-04-12,747,528
16,2024-04-13,720,528
16,2024-04-14,698,528
16,2024-04-15,667,528
16,2024-04-16,625,528
16,2024-04-17,591,528
16,2024-04-18,566,528
16,2024-04-19,531,528
16,2024-04-20,511,528
16,2024-04-21,496,528
16,2024-04-22,969,528
16,2024-04-23,922,528
16,2024-04-24,876,528
16,2024-04-25,845,528
16,2024-04-26,818,528
16,2024-04-27,771,528
16,2024-04-28,758,583
16,2024-04-29,729,583
16,2024-04-30,696,583
16,2024-05-01,653,583
16,2024-05-02,604,583
16,2024-05-03,559,583
16,2024-05-04,516,583
16,2024-05-05,501,583
16,2024-05-06,466,583
16,2024-05-07,430,583
16,2024-05-08,830,583
16,2024-05-09,755,583
16,2024-05-10,719,583
16,2024-05-11,680,583
16,2024-05-12,664,583
16,2024-05-13,624,583
16,2024-05-14,581,583
16,2024-05-15,552,583
16,2024-05-16,509,583
16,2024-05-17,457,583
16,2024-05-18,430,583
16,2024-05-19,415,583
16,2024-05-20,371,583
16,2024-05-21,336,583
16,2024-05-22,293,583
16,2024-05-23,933,583
16,2024-05-24,893,583
16,2024-05-25,855,583
16,2024-05-26,824,583
16,2024-05-27,779,583
16,2024-05-28,733,655
16,2024-05-29,693,655
16,2024-05-30,650,655
16,2024-05-31,609,655
16,2024-06-01,565,655
16,2024-06-02,528,655
16,2024-06-03,487,655
16,2024-06-04,446,655
16,2024-06-05,407,655
16,2024-06-06,359,655
16,2024-06-07,305,655
16,2024-06-08,822,655
16,2024-06-09,801,655
16,2024-06-10,761,655
16,2024-06-11,708,655
16,2024-06-12,658,655
16,2024-06-13,609,655
16,2024-06-14,556,655
16,2024-06-15,524,655
16,2024-06-16,492,655
16,2024-06-17,443,655
16,2024-06-18,389,655
16,2024-06-19,340,655
16,2024-06-20,300,655
16,2024-06-21,259,655
16,2024-06-22,224,655
16,2024-06-23,1069,655
16,2024-06-24,1016,655
16,2024-06-25,953,655
16,2024-06-26,899,655
16,2024-06-27,855,776
16,2024-06-28,799,776
16,2024-06-29,738,776
16,2024-06-30,725,776
16,2024-07-01,665,776
16,2024-07-02,594,776
16,2024-07-03,533,776
16,2024-07-04,481,776
16,2024-07-05,432,776
16,2024-07-06,388,776
16,2024-07-07,992,776
16,2024-07-08,939,776
16,2024-07-09,878,776
16,2024-07-10,832,776
16,2024-07-11,757,776
16,2024-07-12,682,776
16,2024-07-13,645,776
16,2024-07-14,622,776
16,2024-07-15,575,776
16,2024-07-16,530,776
16,2024-07-17,480,776
16,2024-07-18,445,776
16,2024-07-19,387,776
16,2024-07-20,1364,776
16,2024-07-21,1340,776
16,2024-07-22,1285,776
16,2024-07-23,1236,776
16,2024-07-24,1196,776
16,2024-07-25,1144,776
16,2024-07-26,1087,776
16,2024-07-27,1038,883
16,2024-07-28,1013,883
16,2024-07-29,953,883
16,2024-07-30,904,883
16,2024-07-31,847,883
16,2024-08-01,809,883
16,2024-08-02,746,883
16,2024-08-03,699,883
16,2024-08-04,676,883
16,2024-08-05,1278,883
16,2024-08-06,1242,883
16,2024-08-07,1204,883
16,2024-08-08,1164,883
16,2024-08-09,1118,883
16,2024-08-10,1078,883
16,2024-08-11,1054,883
16,2024-08-12,1012,883
16,2024-08-13,941,883
16,2024-08-14,891,883
16,2024-08-15,826,883
16,2024-08-16,772,883
16,2024-08-17,726,883
16,2024-08-18,705,883
16,2024-08-19,655,883
16,2024-08-20,605,883
16,2024-08-21,1583,883
16,2024-08-22,1537,883
16,2024-08-23,1497,883
16,2024-08-24,1458,883
16,2024-08-25,1445,883
16,2024-08-26,1393,873
16,2024-08-27,1339,873
16,2024-08-28,1286,873
16,2024-08-29,1248,873
16,2024-08-30,1187,873
16,2024-08-31,1142,873
16,2024-09-01,1126,873
16,2024-09-02,1087,873
16,2024-09-03,1045,873
16,2024-09-04,1011,873
16,2024-09-05,972,873
16,2024-09-06,1647,873
16,2024-09-07,1606,873
16,2024-09-08,1594,873
16,2024-09-09,1557,873
16,2024-09-10,1522,873
16,2024-09-11,1493,873
16,2024-09-12,1456,873
16,2024-09-13,1418,873
16,2024-09-14,1391,873
16,2024-09-15,1374,873
16,2024-09-16,1341,873
16,2024-09-17,1296,873
16,2024-09-18,1250,873
16,2024-09-19,1219,873
16,2024-09-20,1180,873
16,2024-09-21,1136,873
16,2024-09-22,1123,873
16,2024-09-23,1788,873
16,2024-09-24,1756,873
16,2024-09-25,1708,759
16,2024-09-26,1669,759
16,2024-09-27,1617,759
16,2024-09-28,1594,759
16,2024-09-29,1579,759
16,2024-09-30,1546,759
16,2024-10-01,1497,759
16,2024-10-02,1471,759
16,2024-10-03,1431,759
16,2024-10-04,1384,759
16,2024-10-05,1358,759
16,2024-10-06,1347,759
16,2024-10-07,1311,759
16,2024-10-08,1252,759
16,2024-10-09,1213,759
16,2024-10-10,1181,759
16,2024-10-11,1150,759
16,2024-10-12,1113,759
16,2024-10-13,1090,759
16,2024-10-14,1061,759
16,2024-10-15,1027,759
16,2024-10-16,993,759
16,2024-10-17,964,759
16,2024-10-18,933,759
16,2024-10-19,1508,759
16,2024-10-20,1494,759
16,2024-10-21,1455,759
16,2024-10-22,1412,759
16,2024-10-23,1376,759
16,2024-10-24,1352,759
16,2024-10-25,1322,668
16,2024-10-26,1287,668
16,2024-10-27,1269,668
16,2024-10-28,1227,668
16,2024-10-29,1193,668
16,2024-10-30,1157,668
16,2024-10-31,1128,668
16,2024-11-01,1088,668
16,2024-11-02,1067,668
16,2024-11-03,1060,668
16,2024-11-04,1026,668
16,2024-11-05,995,668
16,2024-11-06,951,668
16,2024-11-07,1540,668
16,2024-11-08,1500,668
16,2024-11-09,1468,668
16,2024-11-10,1452,668
16,2024-11-11,1413,668
16,2024-11-12,1386,668
16,2024-11-13,1356,668
16,2024-11-14,1310,668
16,2024-11-15,1261,668
16,2024-11-16,1231,668
16,2024-11-17,1213,668
16,2024-11-18,1167,668
16,2024-11-19,1149,668
16,2024-11-20,1109,668
16,2024-11-21,1078,668
16,2024-11-22,1045,668
16,2024-11-23,1024,668
16,2024-11-24,1010,619
16,2024-11-25,973,619
16,2024-11-26,929,619
16,2024-11-27,895,619
16,2024-11-28,862,619
16,2024-11-29,826,619
16,2024-11-30,787,619
16,2024-12-01,764,619
16,2024-12-02,711,619
16,2024-12-03,684,619
16,2024-12-04,1213,619
16,2024-12-05,1171,619
16,2024-12-06,1137,619
16,2024-12-07,1098,619
16,2024-12-08,1081,619
16,2024-12-09,1035,619
16,2024-12-10,990,619
16,2024-12-11,935,619
16,2024-12-12,901,619
16,2024-12-13,857,619
16,2024-12-14,817,619
16,2024-12-15,799,619
16,2024-12-16,757,619
16,2024-12-17,716,619
16,2024-12-18,662,619
16,2024-12-19,626,619
16,2024-12-20,592,619
16,2024-12-21,556,619
16,2024-12-22,1044,619
16,2024-12-23,991,619
16,2024-12-24,944,648
16,2024-12-25,900,648
16,2024-12-26,862,648
16,2024-12-27,826,648
16,2024-12-28,782,648
16,2024-12-29,763,648
16,2024-12-30,717,648
16,2024-12-31,674,648
16,2025-01-01,644,648
16,2025-01-02,611,648
16,2025-01-03,582,648
16,2025-01-04,1118,648
16,2025-01-05,1100,648
16,2025-01-06,1073,648
16,2025-01-07,1038,648
16,2025-01-08,1005,648
16,2025-01-09,976,648
16,2025-01-10,951,648
16,2025-01-11,925,648
16,2025-01-12,905,648
16,2025-01-13,877,648
16,2025-01-14,840,648
16,2025-01-15,796,648
16,2025-01-16,762,648
16,2025-01-17,1301,648
16,2025-01-18,1266,648
16,2025-01-19,1250,648
16,2025-01-20,1214,648
16,2025-01-21,1181,648
16,2025-01-22,1146,648
16,2025-01-23,1121,656
16,2025-01-24,1093,656
16,2025-01-25,1052,656
16,2025-01-26,1030,656
16,2025-01-27,996,656
16,2025-01-28,954,656
16,2025-01-29,918,656
16,2025-01-30,887,656
16,2025-01-31,851,656
16,2025-02-01,825,656
16,2025-02-02,816,656
16,2025-02-03,793,656
16,2025-02-04,764,656
16,2025-02-05,736,656
16,2025-02-06,701,656
16,2025-02-07,1193,656
16,2025-02-08,1152,656
16,2025-02-09,1136,656
16,2025-02-10,1112,656
16,2025-02-11,1082,656
16,2025-02-12,1055,656
16,2025-02-13,1011,656
16,2025-02-14,968,656
16,2025-02-15,928,656
16,2025-02-16,913,656
16,2025-02-17,886,656
16,2025-02-18,851,656
16,2025-02-19,811,656
16,2025-02-20,766,656
16,2025-02-21,739,656
16,2025-02-22,707,604
16,2025-02-23,693,604
16,2025-02-24,1216,604
16,2025-02-25,1178,604
16,2025-02-26,1161,604
16,2025-02-27,1135,604
16,2025-02-28,1098,604
16,2025-03-01,1075,604
16,2025-03-02,1067,604
16,2025-03-03,1035,604
16,2025-03-04,1004,604
16,2025-03-05,975,604
16,2025-03-06,937,604
16,2025-03-07,902,604
16,2025-03-08,855,604
16,2025-03-09,838,604
16,2025-03-10,801,604
16,2025-03-11,773,604
16,2025-03-12,730,604
16,2025-03-13,694,604
16,2025-03-14,1142,604
16,2025-03-15,1118,604
16,2025-03-16,1104,604
16,2025-03-17,1070,604
16,2025-03-18,1037,604
16,2025-03-19,1008,604
16,2025-03-20,974,604
16,2025-03-21,934,604
16,2025-03-22,896,604
16,2025-03-23,878,604
16,2025-03-24,836,583
16,2025-03-25,797,583
16,2025-03-26,750,583
16,2025-03-27,723,583
16,2025-03-28,685,583
16,2025-03-29,671,583
16,2025-03-30,649,583
16,2025-03-31,1105,583
16,2025-04-01,1073,583
16,2025-04-02,1035,583
16,2025-04-03,1004,583
16,2025-04-04,972,583
16,2025-04-05,939,583
16,2025-04-06,928,583
16,2025-04-07,876,583
16,2025-04-08,839,583
16,2025-04-09,794,583
16,2025-04-10,765,583
16,2025-04-11,718,583
16,2025-04-12,686,583
16,2025-04-13,669,583
16,2025-04-14,619,583
16,2025-04-15,1050,583
16,2025-04-16,1008,583
16,2025-04-17,959,583
16,2025-04-18,922,583
16,2025-04-19,897,583
16,2025-04-20,889,583
16,2025-04-21,853,583
16,2025-04-22,806,583
16,2025-04-23,779,615
16,2025-04-24,744,615
16,2025-04-25,708,615
16,2025-04-26,664,615
16,2025-04-27,647,615
16,2025-04-28,1057,615
16,2025-04-29,1024,615
16,2025-04-30,981,615
16,2025-05-01,929,615
16,2025-05-02,886,615
16,2025-05-03,851,615
16,2025-05-04,831,615
16,2025-05-05,789,615
16,2025-05-06,736,615
16,2025-05-07,654,615
16,2025-05-08,595,615
16,2025-05-09,540,615
16,2025-05-10,510,615
16,2025-05-11,483,615
16,2025-05-12,986,615
16,2025-05-13,931,615
16,2025-05-14,891,615
16,2025-05-15,857,615
16,2025-05-16,824,615
16,2025-05-17,788,615
16,2025-05-18,765,615
16,2025-05-19,724,615
16,2025-05-20,680,615
16,2025-05-21,617,615
16,2025-05-22,569,615
16,2025-05-23,518,721
16,2025-05-24,478,721
16,2025-05-25,461,721
16,2025-05-26,1031,721
16,2025-05-27,977,721
16,2025-05-28,932,721
16,2025-05-29,888,721
16,2025-05-30,841,721
16,2025-05-31,799,721
16,2025-06-01,779,721
16,2025-06-02,740,721
16,2025-06-03,689,721
16,2025-06-04,627,721
16,2025-06-05,590,721
16,2025-06-06,519,721
16,2025-06-07,473,721
16,2025-06-08,1280,721
16,2025-06-09,1237,721
16,2025-06-10,1177,721
16,2025-06-11,1140,721
16,2025-06-12,1084,721
16,2025-06-13,1023,721
16,2025-06-14,979,721
16,2025-06-15,950,721
16,2025-06-16,909,721
16,2025-06-17,847,721
16,2025-06-18,805,721
16,2025-06-19,766,721
16,2025-06-20,696,721
16,2025-06-21,642,721
16,2025-06-22,1212,825
16,2025-06-23,1162,825
16,2025-06-24,1117,825
16,2025-06-25,1061,825
16,2025-06-26,1017,825
16,2025-06-27,956,825
16,2025-06-28,914,825
16,2025-06-29,877,825
16,2025-06-30,814,825
16,2025-07-01,753,825
16,2025-07-02,694,825
16,2025-07-03,633,825
16,2025-07-04,576,825
16,2025-07-05,498,825
16,2025-07-06,1382,825
16,2025-07-07,1317,825
16,2025-07-08,1266,825
16,2025-07-09,1201,825
16,2025-07-10,1138,825
16,2025-07-11,1073,825
16,2025-07-12,1021,825
16,2025-07-13,989,825
16,2025-07-14,938,825
16,2025-07-15,870,825
16,2025-07-16,807,825
16,2025-07-17,730,825
16,2025-07-18,666,825
16,2025-07-19,613,825
16,2025-07-20,589,825
16,2025-07-21,1286,825
16,2025-07-22,1236,948
16,2025-07-23,1182,948
16,2025-07-24,1111,948
16,2025-07-25,1049,948
16,2025-07-26,1006,948
16,2025-07-27,982,948
16,2025-07-28,932,948
16,2025-07-29,872,948
16,2025-07-30,819,948
16,2025-07-31,769,948
16,2025-08-01,713,948
16,2025-08-02,653,948
16,2025-08-03,624,948
16,2025-08-04,561,948
16,2025-08-05,494,948
16,2025-08-06,1294,948
16,2025-08-07,1232,948
16,2025-08-08,1184,948
16,2025-08-09,1138,948
16,2025-08-10,1115,948
16,2025-08-11,1054,948
16,2025-08-12,1020,948
16,2025-08-13,979,948
16,2025-08-14,927,948
16,2025-08-15,868,948
16,2025-08-16,826,948
16,2025-08-17,801,948
16,2025-08-18,736,948
16,2025-08-19,1859,948
16,2025-08-20,1821,948
16,2025-08-21,1780,981
16,2025-08-22,1742,981
16,2025-08-23,1700,981
16,2025-08-24,1671,981
16,2025-08-25,1624,981
16,2025-08-26,1561,981
16,2025-08-27,1523,981
16,2025-08-28,1480,981
16,2025-08-29,1430,981
16,2025-08-30,1393,981
16,2025-08-31,1362,981
16,2025-09-01,1320,981
16,2025-09-02,1279,981
16,2025-09-03,1240,981
16,2025-09-04,2000,981
16,2025-09-05,1970,981
16,2025-09-06,1926,981
16,2025-09-07,1900,981
16,2025-09-08,1850,981
16,2025-09-09,1791,981
16,2025-09-10,1735,981
16,2025-09-11,1691,981
16,2025-09-12,1642,981
16,2025-09-13,1610,981
16,2025-09-14,1587,981
16,2025-09-15,1532,981
16,2025-09-16,1493,981
16,2025-09-17,1461,981
16,2025-09-18,1426,981
16,2025-09-19,1379,981
16,2025-09-20,1346,861
16,2025-09-21,1333,861
16,2025-09-22,1296,861
16,2025-09-23,1262,861
16,2025-09-24,2026,861
16,2025-09-25,1983,861
16,2025-09-26,1937,861
16,2025-09-27,1913,861
16,2025-09-28,1892,861
16,2025-09-29,1832,861
16,2025-09-30,1783,861
16,2025-10-01,1737,861
16,2025-10-02,1679,861
16,2025-10-03,1635,861
16,2025-10-04,1596,861
16,2025-10-05,1573,861
16,2025-10-06,1549,861
16,2025-10-07,1525,861
16,2025-10-08,1488,861
16,2025-10-09,1453,861
16,2025-10-10,1421,861
16,2025-10-11,1387,861
16,2025-10-12,1370,861
16,2025-10-13,1331,861
16,2025-10-14,1280,861
16,2025-10-15,1250,861
16,2025-10-16,1211,861
16,2025-10-17,1172,861
16,2025-10-18,1125,861
16,2025-10-19,1106,861
16,2025-10-20,1748,735
16,2025-10-21,1713,735
16,2025-10-22,1679,735
16,2025-10-23,1644,735
16,2025-10-24,1602,735
16,2025-10-25,1566,735
16,2025-10-26,1544,735
16,2025-10-27,1495,735
16,2025-10-28,1452,735
16,2025-10-29,1406,735
16,2025-10-30,1359,735
16,2025-10-31,1313,735
16,2025-11-01,1275,735
16,2025-11-02,1256,735
16,2025-11-03,1206,735
16,2025-11-04,1147,735
16,2025-11-05,1091,735
16,2025-11-06,1041,735
16,2025-11-07,1006,735
16,2025-11-08,969,735
16,2025-11-09,952,735
16,2025-11-10,909,735
16,2025-11-11,877,735
16,2025-11-12,842,735
16,2025-11-13,794,735
16,2025-11-14,750,735
16,2025-11-15,1303,735
16,2025-11-16,1281,735
16,2025-11-17,1248,735
16,2025-11-18,1211,735
16,2025-11-19,1182,711
16,2025-11-20,1136,711
16,2025-11-21,1098,711
16,2025-11-22,1067,711
16,2025-11-23,1046,711
16,2025-11-24,1003,711
16,2025-11-25,956,711
16,2025-11-26,922,711
16,2025-11-27,868,711
16,2025-11-28,817,711
16,2025-11-29,1379,711
16,2025-11-30,1369,711
16,2025-12-01,1314,711
16,2025-12-02,1267,711
16,2025-12-03,1219,711
16,2025-12-04,1180,711
16,2025-12-05,1123,711
16,2025-12-06,1080,711
16,2025-12-07,1049,711
16,2025-12-08,997,711
16,2025-12-09,920,711
16,2025-12-10,869,711
16,2025-12-11,827,711
16,2025-12-12,768,711
16,2025-12-13,719,711
16,2025-12-14,698,711
16,2025-12-15,1223,711
16,2025-12-16,1171,711
16,2025-12-17,1112,711
16,2025-12-18,1069,711
16,2025-12-19,1012,787
16,2025-12-20,973,787
16,2025-12-21,947,787
16,2025-12-22,900,787
16,2025-12-23,865,787
16,2025-12-24,822,787
16,2025-12-25,787,787
16,2025-12-26,731,787
16,2025-12-27,696,787
16,2025-12-28,662,787
16,2025-12-29,616,787
16,2025-12-30,1180,787
16,2025-12-31,1138,787
16,2026-01-01,1100,787
16,2026-01-02,1072,787
16,2026-01-03,1039,787
16,2026-01-04,1022,787
16,2026-01-05,985,787
16,2026-01-06,925,787
16,2026-01-07,886,787
16,2026-01-08,846,787
16,2026-01-09,808,787
16,2026-01-10,782,787
16,2026-01-11,767,787
16,2026-01-12,738,787
16,2026-01-13,1555,787
16,2026-01-14,1513,787
16,2026-01-15,1485,787
16,2026-01-16,1453,787
16,2026-01-17,1423,787
16,2026-01-18,1413,773
16,2026-01-19,1371,773
16,2026-01-20,1341,773
16,2026-01-21,1307,773
16,2026-01-22,1284,773
16,2026-01-23,1258,773
16,2026-01-24,1239,773
16,2026-01-25,1219,773
16,2026-01-26,1170,773
16,2026-01-27,1143,773
16,2026-01-28,1107,773
16,2026-01-29,1060,773
16,2026-01-30,1024,773
16,2026-01-31,988,773
16,2026-02-01,1607,773
16,2026-02-02,1574,773
16,2026-02-03,1540,773
16,2026-02-04,1506,773
16,2026-02-05,1475,773
16,2026-02-06,1445,773
16,2026-02-07,1411,773
16,2026-02-08,1395,773
16,2026-02-09,1368,773
16,2026-02-10,1330,773
16,2026-02-11,1295,773
16,2026-02-12,1260,773
16,2026-02-13,1220,773
16,2026-02-14,1188,773
16,2026-02-15,1175,773
16,2026-02-16,1149,773
16,2026-02-17,1116,643
16,2026-02-18,1088,643
16,2026-02-19,1051,643
16,2026-02-20,1010,643
16,2026-02-21,982,643
16,2026-02-22,1590,643
16,2026-02-23,1549,643
16,2026-02-24,1529,643
16,2026-02-25,1495,643
16,2026-02-26,1457,643
16,2026-02-27,1415,643
16,2026-02-28,1374,643
16,2026-03-01,1349,643
16,2026-03-02,1299,643
16,2026-03-03,1258,643
16,2026-03-04,1212,643
16,2026-03-05,1165,643
16,2026-03-06,1125,643
16,2026-03-07,1093,643
16,2026-03-08,1073,643
16,2026-03-09,1027,643
16,2026-03-10,1002,643
16,2026-03-11,965,643
16,2026-03-12,919,643
16,2026-03-13,882,643
16,2026-03-14,842,643
16,2026-03-15,824,643
16,2026-03-16,783,643
16,2026-03-17,740,643
16,2026-03-18,712,643
16,2026-03-19,685,626
16,2026-03-20,634,626
16,2026-03-21,602,626
16,2026-03-22,1113,626
16,2026-03-23,1077,626
16,2026-03-24,1049,626
16,2026-03-25,1012,626
16,2026-03-26,969,626
16,2026-03-27,926,626
16,2026-03-28,891,626
16,2026-03-29,865,626
16,2026-03-30,836,626
16,2026-03-31,802,626
16,2026-04-01,756,626
16,2026-04-02,705,626
16,2026-04-03,663,626
16,2026-04-04,612,626
16,2026-04-05,583,626
16,2026-04-06,544,626
16,2026-04-07,1018,626
16,2026-04-08,974,626
16,2026-04-09,945,626
16,2026-04-10,887,626
16,2026-04-11,857,626
16,2026-04-12,832,626
16,2026-04-13,796,626
16,2026-04-14,758,626
16,2026-04-15,720,626
16,2026-04-16,676,626
16,2026-04-17,623,626
16,2026-04-18,584,700
16,2026-04-19,551,700
16,2026-04-20,514,700
16,2026-04-21,445,700
16,2026-04-22,402,700
16,2026-04-23,969,700
16,2026-04-24,913,700
16,2026-04-25,850,700
16,2026-04-26,831,700
16,2026-04-27,792,700
16,2026-04-28,747,700
16,2026-04-29,702,700
16,2026-04-30,655,700
16,2026-05-01,599,700
16,2026-05-02,547,700
16,2026-05-03,530,700
16,2026-05-04,467,700
16,2026-05-05,415,700
16,2026-05-06,381,700
16,2026-05-07,338,700
16,2026-05-08,1125,700
16,2026-05-09,1073,700
16,2026-05-10,1039,700
16,2026-05-11,987,700
16,2026-05-12,941,700
16,2026-05-13,899,700
16,2026-05-14,858,700
16,2026-05-15,812,700
16,2026-05-16,770,700
16,2026-05-17,744,700
16,2026-05-18,710,780
16,2026-05-19,660,780
16,2026-05-20,614,780
16,2026-05-21,570,780
16,2026-05-22,510,780
16,2026-05-23,465,780
16,2026-05-24,1124,780
16,2026-05-25,1066,780
16,2026-05-26,1019,780
16,2026-05-27,973,780
16,2026-05-28,923,780
16,2026-05-29,873,780
16,2026-05-30,818,780
16,2026-05-31,797,780
16,2026-06-01,735,780
16,2026-06-02,673,780
16,2026-06-03,613,780
16,2026-06-04,546,780
16,2026-06-05,481,780
16,2026-06-06,437,780
16,2026-06-07,411,780
16,2026-06-08,1256,780
16,2026-06-09,1200,780
16,2026-06-10,1155,780
16,2026-06-11,1107,780
16,2026-06-12,1048,780
16,2026-06-13,1006,780
16,2026-06-14,986,780
16,2026-06-15,914,780
16,2026-06-16,840,780
16,2026-06-17,761,891
16,2026-06-18,716,891
16,2026-06-19,661,891
16,2026-06-20,612,891
16,2026-06-21,588,891
16,2026-06-22,1282,891
16,2026-06-23,1207,891
16,2026-06-24,1146,891
16,2026-06-25,1076,891
16,2026-06-26,1003,891
16,2026-06-27,951,891
16,2026-06-28,918,891
16,2026-06-29,871,891
16,2026-06-30,803,891
16,2026-07-01,744,891
16,2026-07-02,657,891
16,2026-07-03,577,891
16,2026-07-04,527,891
16,2026-07-05,493,891
16,2026-07-06,444,891
16,2026-07-07,1402,891
16,2026-07-08,1360,891
16,2026-07-09,1307,891
16,2026-07-10,1250,891
16,2026-07-11,1187,891
16,2026-07-12,1165,891
16,2026-07-13,1105,891
16,2026-07-14,1033,891
16,2026-07-15,971,891
16,2026-07-16,921,891
16,2026-07-17,857,1012
16,2026-07-18,810,1012
16,2026-07-19,784,1012
16,2026-07-20,707,1012
16,2026-07-21,1539,1012
16,2026-07-22,1476,1012
16,2026-07-23,1426,1012
16,2026-07-24,1358,1012
16,2026-07-25,1296,1012
16,2026-07-26,1263,1012
16,2026-07-27,1198,1012
16,2026-07-28,1128,1012
16,2026-07-29,1073,1012
16,2026-07-30,1014,1012
16,2026-07-31,939,1012
16,2026-08-01,888,1012
16,2026-08-02,862,1012
16,2026-08-03,798,1012
16,2026-08-04,743,1012
16,2026-08-05,1769,1012
16,2026-08-06,1728,1012
16,2026-08-07,1678,1012
16,2026-08-08,1634,1012
16,2026-08-09,1616,1012
16,2026-08-10,1561,1012
16,2026-08-11,1487,1012
16,2026-08-12,1430,1012
16,2026-08-13,1381,1012
16,2026-08-14,1289,1012
16,2026-08-15,1242,1012
16,2026-08-16,1216,1069
16,2026-08-17,1165,1069
16,2026-08-18,1117,1069
16,2026-08-19,1049,1069
16,2026-08-20,993,1069
16,2026-08-21,1770,1069
16,2026-08-22,1730,1069
16,2026-08-23,1700,1069
16,2026-08-24,1658,1069
16,2026-08-25,1591,1069
16,2026-08-26,1528,1069
16,2026-08-27,1476,1069
16,2026-08-28,1411,1069
16,2026-08-29,1368,1069
16,2026-08-30,1341,1069
16,2026-08-31,1276,1069
16,2026-09-01,1239,1069
16,2026-09-02,1195,1069
16,2026-09-03,1154,1069
16,2026-09-04,1111,1069
16,2026-09-05,1054,1069
16,2026-09-06,2025,1069
16,2026-09-07,1983,1069
16,2026-09-08,1936,1069
16,2026-09-09,1887,1069
16,2026-09-10,1831,1069
16,2026-09-11,1782,1069
16,2026-09-12,1737,1069
16,2026-09-13,1716,1069
16,2026-09-14,1681,1069
16,2026-09-15,1632,975
16,2026-09-16,1605,975
16,2026-09-17,1545,975
16,2026-09-18,1499,975
16,2026-09-19,1462,975
16,2026-09-20,1430,975
16,2026-09-21,1380,975
16,2026-09-22,1320,975
16,2026-09-23,1280,975
16,2026-09-24,1243,975
16,2026-09-25,2072,975
16,2026-09-26,2029,975
16,2026-09-27,1999,975
16,2026-09-28,1944,975
16,2026-09-29,1892,975
16,2026-09-30,1842,975
17,2023-10-01,1581,570
17,2023-10-02,1516,570
17,2023-10-03,1466,570
17,2023-10-04,1411,570
17,2023-10-05,1372,570
17,2023-10-06,1343,570
17,2023-10-07,1308,570
17,2023-10-08,1287,570
17,2023-10-09,1250,570
17,2023-10-10,1205,570
17,2023-10-11,1171,570
17,2023-10-12,1129,570
17,2023-10-13,1074,570
17,2023-10-14,1043,570
17,2023-10-15,1029,570
17,2023-10-16,992,570
17,2023-10-17,945,570
17,2023-10-18,915,570
17,2023-10-19,875,570
17,2023-10-20,848,570
17,2023-10-21,818,570
17,2023-10-22,810,570
17,2023-10-23,765,570
17,2023-10-24,728,570
17,2023-10-25,686,570
17,2023-10-26,654,570
17,2023-10-27,620,570
17,2023-10-28,1189,570
17,2023-10-29,1178,570
17,2023-10-30,1145,570
17,2023-10-31,1105,570
17,2023-11-01,1057,570
17,2023-11-02,1011,570
17,2023-11-03,980,570
17,2023-11-04,944,570
17,2023-11-05,921,570
17,2023-11-06,885,570
17,2023-11-07,857,570
17,2023-11-08,810,570
17,2023-11-09,768,570
17,2023-11-10,734,570
17,2023-11-11,712,570
17,2023-11-12,1275,570
17,2023-11-13,1239,570
17,2023-11-14,1201,570
17,2023-11-15,1150,570
17,2023-11-16,1122,570
17,2023-11-17,1089,570
17,2023-11-18,1055,570
17,2023-11-19,1033,570
17,2023-11-20,988,570
17,2023-11-21,966,570
17,2023-11-22,924,570
17,2023-11-23,894,570
17,2023-11-24,850,570
17,2023-11-25,818,570
17,2023-11-26,799,570
17,2023-11-27,758,570
17,2023-11-28,719,570
17,2023-11-29,693,570
17,2023-11-30,666,523
17,2023-12-01,1235,523
17,2023-12-02,1191,523
17,2023-12-03,1177,523
17,2023-12-04,1141,523
17,2023-12-05,1087,523
17,2023-12-06,1048,523
17,2023-12-07,1009,523
17,2023-12-08,960,523
17,2023-12-09,931,523
17,2023-12-10,912,523
17,2023-12-11,888,523
17,2023-12-12,845,523
17,2023-12-13,809,523
17,2023-12-14,781,523
17,2023-12-15,752,523
17,2023-12-16,720,523
17,2023-12-17,705,523
17,2023-12-18,662,523
17,2023-12-19,1156,523
17,2023-12-20,1110,523
17,2023-12-21,1031,523
17,2023-12-22,993,523
17,2023-12-23,955,523
17,2023-12-24,934,523
17,2023-12-25,882,523
17,2023-12-26,834,523
17,2023-12-27,800,523
17,2023-12-28,765,523
17,2023-12-29,723,523
17,2023-12-30,672,538
17,2023-12-31,646,538
17,2024-01-01,610,538
17,2024-01-02,582,538
17,2024-01-03,1086,538
17,2024-01-04,1056,538
17,2024-01-05,1031,538
17,2024-01-06,1008,538
17,2024-01-07,990,538
17,2024-01-08,962,538
17,2024-01-09,924,538
17,2024-01-10,887,538
17,2024-01-11,840,538
17,2024-01-12,805,538
17,2024-01-13,779,538
17,2024-01-14,757,538
17,2024-01-15,729,538
17,2024-01-16,702,538
17,2024-01-17,656,538
17,2024-01-18,630,538
17,2024-01-19,584,538
17,2024-01-20,1096,538
17,2024-01-21,1083,538
17,2024-01-22,1035,538
17,2024-01-23,1002,538
17,2024-01-24,968,538
17,2024-01-25,946,538
17,2024-01-26,911,538
17,2024-01-27,884,538
17,2024-01-28,866,538
17,2024-01-29,831,512
17,2024-01-30,806,512
17,2024-01-31,775,512
17,2024-02-01,744,512
17,2024-02-02,723,512
17,2024-02-03,692,512
17,2024-02-04,683,512
17,2024-02-05,1199,512
17,2024-02-06,1173,512
17,2024-02-07,1144,512
17,2024-02-08,1108,512
17,2024-02-09,1080,512
17,2024-02-10,1050,512
17,2024-02-11,1036,512
17,2024-02-12,1017,512
17,2024-02-13,990,512
17,2024-02-14,954,512
17,2024-02-15,928,512
17,2024-02-16,901,512
17,2024-02-17,868,512
17,2024-02-18,855,512
17,2024-02-19,832,512
17,2024-02-20,799,512
17,2024-02-21,759,512
17,2024-02-22,727,512
17,2024-02-23,696,512
17,2024-02-24,668,512
17,2024-02-25,655,512
17,2024-02-26,1160,512
17,2024-02-27,1132,512
17,2024-02-28,1096,435
17,2024-02-29,1044,435
17,2024-03-01,1016,435
17,2024-03-02,994,435
17,2024-03-03,971,435
17,2024-03-04,946,435
17,2024-03-05,906,435
17,2024-03-06,870,435
17,2024-03-07,841,435
17,2024-03-08,822,435
17,2024-03-09,782,435
17,2024-03-10,769,435
17,2024-03-11,732,435
17,2024-03-12,686,435
17,2024-03-13,659,435
17,2024-03-14,613,435
17,2024-03-15,582,435
17,2024-03-16,541,435
17,2024-03-17,530,435
17,2024-03-18,484,435
17,2024-03-19,892,435
17,2024-03-20,872,435
17,2024-03-21,835,435
17,2024-03-22,803,435
17,2024-03-23,792,435
17,2024-03-24,784,435
17,2024-03-25,751,435
17,2024-03-26,712,435
17,2024-03-27,682,435
17,2024-03-28,651,435
17,2024-03-29,625,431
17,2024-03-30,594,431
17,2024-03-31,571,431
17,2024-04-01,535,431
17,2024-04-02,485,431
17,2024-04-03,921,431
17,2024-04-04,887,431
17,2024-04-05,846,431
17,2024-04-06,816,431
17,2024-04-07,798,431
17,2024-04-08,770,431
17,2024-04-09,727,431
17,2024-04-10,696,431
17,2024-04-11,648,431
17,2024-04-12,616,431
17,2024-04-13,576,431
17,2024-04-14,558,431
17,2024-04-15,521,431
17,2024-04-16,497,431
17,2024-04-17,463,431
17,2024-04-18,858,431
17,2024-04-19,804,431
17,2024-04-20,769,431
17,2024-04-21,747,431
17,2024-04-22,717,431
17,2024-04-23,697,431
17,2024-04-24,628,431
17,2024-04-25,586,431
17,2024-04-26,544,431
17,2024-04-27,509,431
17,2024-04-28,492,491
17,2024-04-29,898,491
17,2024-04-30,864,491
17,2024-05-01,814,491
17,2024-05-02,774,491
17,2024-05-03,723,491
17,2024-05-04,685,491
17,2024-05-05,669,491
17,2024-05-06,624,491
17,2024-05-07,566,491
17,2024-05-08,521,491
17,2024-05-09,479,491
17,2024-05-10,935,491
17,2024-05-11,898,491
17,2024-05-12,883,491
17,2024-05-13,837,491
17,2024-05-14,800,491
17,2024-05-15,763,491
17,2024-05-16,722,491
17,2024-05-17,678,491
17,2024-05-18,644,491
17,2024-05-19,620,491
17,2024-05-20,577,491
17,2024-05-21,1030,491
17,2024-05-22,979,491
17,2024-05-23,930,491
17,2024-05-24,846,491
17,2024-05-25,808,491
17,2024-05-26,785,491
17,2024-05-27,733,491
17,2024-05-28,701,566
17,2024-05-29,661,566
17,2024-05-30,644,566
17,2024-05-31,608,566
17,2024-06-01,554,566
17,2024-06-02,533,566
17,2024-06-03,474,566
17,2024-06-04,955,566
17,2024-06-05,916,566
17,2024-06-06,876,566
17,2024-06-07,840,566
17,2024-06-08,794,566
17,2024-06-09,773,566
17,2024-06-10,721,566
17,2024-06-11,649,566
17,2024-06-12,603,566
17,2024-06-13,1173,566
17,2024-06-14,1129,566
17,2024-06-15,1087,566
17,2024-06-16,1062,566
17,2024-06-17,1012,566
17,2024-06-18,975,566
17,2024-06-19,930,566
17,2024-06-20,858,566
17,2024-06-21,805,566
17,2024-06-22,771,566
17,2024-06-23,741,566
17,2024-06-24,698,566
17,2024-06-25,647,566
17,2024-06-26,1168,566
17,2024-06-27,1133,629
17,2024-06-28,1098,629
17,2024-06-29,1052,629
17,2024-06-30,1023,629
17,2024-07-01,982,629
17,2024-07-02,904,629
17,2024-07-03,837,629
17,2024-07-04,776,629
17,2024-07-05,723,629
17,2024-07-06,687,629
17,2024-07-07,661,629
17,2024-07-08,618,629
17,2024-07-09,1196,629
17,2024-07-10,1144,629
17,2024-07-11,1096,629
17,2024-07-12,1043,629
17,2024-07-13,1003,629
17,2024-07-14,974,629
17,2024-07-15,922,629
17,2024-07-16,873,629
17,2024-07-17,824,629
17,2024-07-18,764,629
17,2024-07-19,693,629
17,2024-07-20,622,629
17,2024-07-21,591,629
17,2024-07-22,539,629
17,2024-07-23,1152,629
17,2024-07-24,1104,629
17,2024-07-25,1036,629
17,2024-07-26,991,629
17,2024-07-27,943,693
17,2024-07-28,916,693
17,2024-07-29,860,693
17,2024-07-30,809,693
17,2024-07-31,754,693
17,2024-08-01,708,693
17,2024-08-02,645,693
17,2024-08-03,603,693
17,2024-08-04,1233,693
17,2024-08-05,1185,693
17,2024-08-06,1141,693
17,2024-08-07,1094,693
17,2024-08-08,1039,693
17,2024-08-09,995,693
17,2024-08-10,948,693
17,2024-08-11,922,693
17,2024-08-12,869,693
17,2024-08-13,1533,693
17,2024-08-14,1477,693
17,2024-08-15,1411,693
17,2024-08-16,1364,693
17,2024-08-17,1317,693
17,2024-08-18,1293,693
17,2024-08-19,1259,693
17,2024-08-20,1191,693
17,2024-08-21,1133,693
17,2024-08-22,1087,693
17,2024-08-23,1021,693
17,2024-08-24,972,693
17,2024-08-25,950,693
17,2024-08-26,869,720
17,2024-08-27,804,720
17,2024-08-28,750,720
17,2024-08-29,706,720
17,2024-08-30,1421,720
17,2024-08-31,1391,720
17,2024-09-01,1370,720
17,2024-09-02,1335,720
17,2024-09-03,1281,720
17,2024-09-04,1237,720
17,2024-09-05,1202,720
17,2024-09-06,1146,720
17,2024-09-07,1119,720
17,2024-09-08,1096,720
17,2024-09-09,1041,720
17,2024-09-10,1003,720
17,2024-09-11,952,720
17,2024-09-12,909,720
17,2024-09-13,889,720
17,2024-09-14,869,720
17,2024-09-15,1586,720
17,2024-09-16,1540,720
17,2024-09-17,1510,720
17,2024-09-18,1475,720
17,2024-09-19,1435,720
17,2024-09-20,1391,720
17,2024-09-21,1354,720
17,2024-09-22,1332,720
17,2024-09-23,1294,720
17,2024-09-24,1253,720
17,2024-09-25,1206,648
17,2024-09-26,1160,648
17,2024-09-27,1116,648
17,2024-09-28,1071,648
17,2024-09-29,1056,648
17,2024-09-30,1019,648
17,2024-10-01,971,648
17,2024-10-02,940,648
17,2024-10-03,896,648
17,2024-10-04,864,648
17,2024-10-05,1546,648
17,2024-10-06,1528,648
17,2024-10-07,1491,648
17,2024-10-08,1448,648
17,2024-10-09,1368,648
17,2024-10-10,1349,648
17,2024-10-11,1309,648
17,2024-10-12,1283,648
17,2024-10-13,1257,648
17,2024-10-14,1212,648
17,2024-10-15,1162,648
17,2024-10-16,1118,648
17,2024-10-17,1083,648
17,2024-10-18,1038,648
17,2024-10-19,1008,648
17,2024-10-20,988,648
17,2024-10-21,942,648
17,2024-10-22,910,648
17,2024-10-23,884,648
17,2024-10-24,846,648
17,2024-10-25,790,578
17,2024-10-26,1416,578
17,2024-10-27,1402,578
17,2024-10-28,1377,578
17,2024-10-29,1341,578
17,2024-10-30,1298,578
17,2024-10-31,1256,578
17,2024-11-01,1210,578
17,2024-11-02,1177,578
17,2024-11-03,1155,578
17,2024-11-04,1121,578
17,2024-11-05,1080,578
17,2024-11-06,1040,578
17,2024-11-07,996,578
17,2024-11-08,950,578
17,2024-11-09,907,578
17,2024-11-10,894,578
17,2024-11-11,834,578
17,2024-11-12,805,578
17,2024-11-13,754,578
17,2024-11-14,715,578
17,2024-11-15,1259,578
17,2024-11-16,1227,578
17,2024-11-17,1203,578
17,2024-11-18,1161,578
17,2024-11-19,1120,578
17,2024-11-20,1072,578
17,2024-11-21,1031,578
17,2024-11-22,1004,578
17,2024-11-23,976,578
17,2024-11-24,948,558
17,2024-11-25,916,558
17,2024-11-26,868,558
17,2024-11-27,829,558
17,2024-11-28,803,558
17,2024-11-29,755,558
17,2024-11-30,713,558
17,2024-12-01,695,558
17,2024-12-02,638,558
17,2024-12-03,1182,558
17,2024-12-04,1142,558
17,2024-12-05,1086,558
17,2024-12-06,1046,558
17,2024-12-07,1002,558
17,2024-12-08,980,558
17,2024-12-09,933,558
17,2024-12-10,887,558
17,2024-12-11,847,558
17,2024-12-12,801,558
17,2024-12-13,754,558
17,2024-12-14,704,558
17,2024-12-15,687,558
17,2024-12-16,645,558
17,2024-12-17,596,558
17,2024-12-18,1114,558
17,2024-12-19,1073,558
17,2024-12-20,1023,558
17,2024-12-21,993,558
17,2024-12-22,975,558
17,2024-12-23,931,558
17,2024-12-24,912,574
17,2024-12-25,878,574
17,2024-12-26,839,574
17,2024-12-27,796,574
17,2024-12-28,763,574
17,2024-12-29,742,574
17,2024-12-30,695,574
17,2024-12-31,658,574
17,2025-01-01,1194,574
17,2025-01-02,1171,574
17,2025-01-03,1138,574
17,2025-01-04,1112,574
17,2025-01-05,1097,574
17,2025-01-06,1062,574
17,2025-01-07,1030,574
17,2025-01-08,996,574
17,2025-01-09,967,574
17,2025-01-10,946,574
17,2025-01-11,924,574
17,2025-01-12,907,574
17,2025-01-13,882,574
17,2025-01-14,849,574
17,2025-01-15,816,574
17,2025-01-16,1359,574
17,2025-01-17,1324,574
17,2025-01-18,1300,574
17,2025-01-19,1291,574
17,2025-01-20,1275,574
17,2025-01-21,1247,574
17,2025-01-22,1212,574
17,2025-01-23,1174,516
17,2025-01-24,1145,516
17,2025-01-25,1118,516
17,2025-01-26,1102,516
17,2025-01-27,1069,516
17,2025-01-28,1046,516
17,2025-01-29,1009,516
17,2025-01-30,959,516
17,2025-01-31,915,516
17,2025-02-01,877,516
17,2025-02-02,860,516
17,2025-02-03,819,516
17,2025-02-04,794,516
17,2025-02-05,752,516
17,2025-02-06,714,516
17,2025-02-07,681,516
17,2025-02-08,648,516
17,2025-02-09,638,516
17,2025-02-10,617,516
17,2025-02-11,1107,516
17,2025-02-12,1078,516
17,2025-02-13,1047,516
17,2025-02-14,1017,516
17,2025-02-15,993,516
17,2025-02-16,978,516
17,2025-02-17,945,516
17,2025-02-18,925,516
17,2025-02-19,882,516
17,2025-02-20,836,516
17,2025-02-21,804,516
17,2025-02-22,779,452
17,2025-02-23,770,452
17,2025-02-24,740,452
17,2025-02-25,713,452
17,2025-02-26,679,452
17,2025-02-27,1173,452
17,2025-02-28,1131,452
17,2025-03-01,1100,452
17,2025-03-02,1068,452
17,2025-03-03,1031,452
17,2025-03-04,986,452
17,2025-03-05,963,452
17,2025-03-06,921,452
17,2025-03-07,882,452
17,2025-03-08,853,452
17,2025-03-09,838,452
17,2025-03-10,804,452
17,2025-03-11,775,452
17,2025-03-12,719,452
17,2025-03-13,689,452
17,2025-03-14,654,452
17,2025-03-15,629,452
17,2025-03-16,607,452
17,2025-03-17,573,452
17,2025-03-18,550,452
17,2025-03-19,518,452
17,2025-03-20,488,452
17,2025-03-21,458,452
17,2025-03-22,891,452
17,2025-03-23,875,452
17,2025-03-24,838,463
17,2025-03-25,812,463
17,2025-03-26,759,463
17,2025-03-27,729,463
17,2025-03-28,713,463
17,2025-03-29,672,463
17,2025-03-30,658,463
17,2025-03-31,608,463
17,2025-04-01,579,463
17,2025-04-02,541,463
17,2025-04-03,991,463
17,2025-04-04,959,463
17,2025-04-05,925,463
17,2025-04-06,913,463
17,2025-04-07,873,463
17,2025-04-08,839,463
17,2025-04-09,809,463
17,2025-04-10,767,463
17,2025-04-11,737,463
17,2025-04-12,712,463
17,2025-04-13,696,463
17,2025-04-14,646,463
17,2025-04-15,609,463
17,2025-04-16,573,463
17,2025-04-17,542,463
17,2025-04-18,506,463
17,2025-04-19,463,463
17,2025-04-20,936,463
17,2025-04-21,894,463
17,2025-04-22,859,463
17,2025-04-23,825,475
17,2025-04-24,785,475
17,2025-04-25,745,475
17,2025-04-26,717,475
17,2025-04-27,701,475
17,2025-04-28,645,475
17,2025-04-29,608,475
17,2025-04-30,581,475
17,2025-05-01,547,475
17,2025-05-02,1000,475
17,2025-05-03,956,475
17,2025-05-04,932,475
17,2025-05-05,856,475
17,2025-05-06,814,475
17,2025-05-07,768,475
17,2025-05-08,719,475
17,2025-05-09,678,475
17,2025-05-10,645,475
17,2025-05-11,632,475
17,2025-05-12,584,475
17,2025-05-13,540,475
17,2025-05-14,501,475
17,2025-05-15,965,475
17,2025-05-16,911,475
17,2025-05-17,858,475
17,2025-05-18,845,475
17,2025-05-19,814,475
17,2025-05-20,758,475
17,2025-05-21,717,475
17,2025-05-22,666,475
17,2025-05-23,611,551
17,2025-05-24,584,551
17,2025-05-25,568,551
17,2025-05-26,530,551
17,2025-05-27,492,551
17,2025-05-28,445,551
17,2025-05-29,373,551
17,2025-05-30,812,551
17,2025-05-31,776,551
17,2025-06-01,749,551
17,2025-06-02,684,551
17,2025-06-03,630,551
17,2025-06-04,592,551
17,2025-06-05,528,551
17,2025-06-06,475,551
17,2025-06-07,429,551
17,2025-06-08,1136,551
17,2025-06-09,1092,551
17,2025-06-10,1032,551
17,2025-06-11,986,551
17,2025-06-12,943,551
17,2025-06-13,885,551
17,2025-06-14,824,551
17,2025-06-15,798,551
17,2025-06-16,734,551
17,2025-06-17,650,551
17,2025-06-18,613,551
17,2025-06-19,559,551
17,2025-06-20,493,551
17,2025-06-21,460,551
17,2025-06-22,991,659
17,2025-06-23,934,659
17,2025-06-24,889,659
17,2025-06-25,832,659
17,2025-06-26,787,659
17,2025-06-27,736,659
17,2025-06-28,686,659
17,2025-06-29,664,659
17,2025-06-30,617,659
17,2025-07-01,582,659
17,2025-07-02,539,659
17,2025-07-03,1336,659
17,2025-07-04,1278,659
17,2025-07-05,1227,659
17,2025-07-06,1197,659
17,2025-07-07,1143,659
17,2025-07-08,1090,659
17,2025-07-09,1047,659
17,2025-07-10,982,659
17,2025-07-11,931,659
17,2025-07-12,873,659
17,2025-07-13,837,659
17,2025-07-14,782,659
17,2025-07-15,728,659
17,2025-07-16,671,659
17,2025-07-17,1333,659
17,2025-07-18,1269,659
17,2025-07-19,1216,659
17,2025-07-20,1184,659
17,2025-07-21,1115,659
17,2025-07-22,1069,721
17,2025-07-23,1024,721
17,2025-07-24,960,721
17,2025-07-25,892,721
17,2025-07-26,845,721
17,2025-07-27,813,721
17,2025-07-28,773,721
17,2025-07-29,719,721
17,2025-07-30,666,721
17,2025-07-31,598,721
17,2025-08-01,1209,721
17,2025-08-02,1172,721
17,2025-08-03,1144,721
17,2025-08-04,1111,721
17,2025-08-05,1048,721
17,2025-08-06,1015,721
17,2025-08-07,967,721
17,2025-08-08,913,721
17,2025-08-09,881,721
17,2025-08-10,1669,721
17,2025-08-11,1630,721
17,2025-08-12,1590,721
17,2025-08-13,1538,721
17,2025-08-14,1503,721
17,2025-08-15,1468,721
17,2025-08-16,1433,721
17,2025-08-17,1410,721
17,2025-08-18,1373,721
17,2025-08-19,1319,721
17,2025-08-20,1276,721
17,2025-08-21,1237,693
17,2025-08-22,1177,693
17,2025-08-23,1141,693
17,2025-08-24,1128,693
17,2025-08-25,1082,693
17,2025-08-26,1035,693
17,2025-08-27,996,693
17,2025-08-28,958,693
17,2025-08-29,919,693
17,2025-08-30,873,693
17,2025-08-31,1588,693
17,2025-09-01,1535,693
17,2025-09-02,1478,693
17,2025-09-03,1428,693
17,2025-09-04,1376,693
17,2025-09-05,1351,693
17,2025-09-06,1310,693
17,2025-09-07,1290,693
17,2025-09-08,1245,693
17,2025-09-09,1209,693
17,2025-09-10,1159,693
17,2025-09-11,1106,693
17,2025-09-12,1061,693
17,2025-09-13,1036,693
17,2025-09-14,1025,693
17,2025-09-15,970,693
17,2025-09-16,921,693
17,2025-09-17,882,693
17,2025-09-18,1537,693
17,2025-09-19,1481,693
17,2025-09-20,1446,637
17,2025-09-21,1433,637
17,2025-09-22,1403,637
17,2025-09-23,1360,637
17,2025-09-24,1317,637
17,2025-09-25,1278,637
17,2025-09-26,1220,637
17,2025-09-27,1194,637
17,2025-09-28,1179,637
17,2025-09-29,1143,637
17,2025-09-30,1093,637
17,2025-10-01,1068,637
17,2025-10-02,1006,637
17,2025-10-03,959,637
17,2025-10-04,918,637
17,2025-10-05,890,637
17,2025-10-06,853,637
17,2025-10-07,803,637
17,2025-10-08,766,637
17,2025-10-09,722,637
17,2025-10-10,691,637
17,2025-10-11,1297,637
17,2025-10-12,1285,637
17,2025-10-13,1252,637
17,2025-10-14,1224,637
17,2025-10-15,1195,637
17,2025-10-16,1158,637
17,2025-10-17,1107,637
17,2025-10-18,1081,637
17,2025-10-19,1052,637
17,2025-10-20,1015,576
17,2025-10-21,988,576
17,2025-10-22,954,576
17,2025-10-23,918,576
17,2025-10-24,890,576
17,2025-10-25,858,576
17,2025-10-26,836,576
17,2025-10-27,1474,576
17,2025-10-28,1437,576
17,2025-10-29,1396,576
17,2025-10-30,1364,576
17,2025-10-31,1326,576
17,2025-11-01,1297,576
17,2025-11-02,1273,576
17,2025-11-03,1230,576
17,2025-11-04,1190,576
17,2025-11-05,1151,576
17,2025-11-06,1105,576
17,2025-11-07,1069,576
17,2025-11-08,1029,576
17,2025-11-09,1018,576
17,2025-11-10,975,576
17,2025-11-11,936,576
17,2025-11-12,899,576
17,2025-11-13,851,576
17,2025-11-14,818,576
17,2025-11-15,784,576
17,2025-11-16,770,576
17,2025-11-17,728,576
17,2025-11-18,1270,576
17,2025-11-19,1223,529
17,2025-11-20,1191,529
17,2025-11-21,1139,529
17,2025-11-22,1096,529
17,2025-11-23,1075,529
17,2025-11-24,1026,529
17,2025-11-25,997,529
17,2025-11-26,962,529
17,2025-11-27,923,529
17,2025-11-28,897,529
17,2025-11-29,866,529
17,2025-11-30,855,529
17,2025-12-01,805,529
17,2025-12-02,757,529
17,2025-12-03,709,529
17,2025-12-04,672,529
17,2025-12-05,624,529
17,2025-12-06,583,529
17,2025-12-07,1118,529
17,2025-12-08,1069,529
17,2025-12-09,1019,529
17,2025-12-10,975,529
17,2025-12-11,927,529
17,2025-12-12,888,529
17,2025-12-13,849,529
17,2025-12-14,825,529
17,2025-12-15,776,529
17,2025-12-16,727,529
17,2025-12-17,671,529
17,2025-12-18,628,529
17,2025-12-19,576,561
17,2025-12-20,520,561
17,2025-12-21,488,561
17,2025-12-22,994,561
17,2025-12-23,932,561
17,2025-12-24,871,561
17,2025-12-25,817,561
17,2025-12-26,789,561
17,2025-12-27,741,561
17,2025-12-28,725,561
17,2025-12-29,673,561
17,2025-12-30,611,561
17,2025-12-31,557,561
17,2026-01-01,536,561
17,2026-01-02,1086,561
17,2026-01-03,1054,561
17,2026-01-04,1040,561
17,2026-01-05,959,561
17,2026-01-06,929,561
17,2026-01-07,885,561
17,2026-01-08,854,561
17,2026-01-09,826,561
17,2026-01-10,804,561
17,2026-01-11,790,561
17,2026-01-12,757,561
17,2026-01-13,709,561
17,2026-01-14,680,561
17,2026-01-15,1257,561
17,2026-01-16,1222,561
17,2026-01-17,1183,561
17,2026-01-18,1169,598
17,2026-01-19,1135,598
17,2026-01-20,1111,598
17,2026-01-21,1074,598
17,2026-01-22,1042,598
17,2026-01-23,995,598
17,2026-01-24,967,598
17,2026-01-25,951,598
17,2026-01-26,923,598
17,2026-01-27,893,598
17,2026-01-28,870,598
17,2026-01-29,837,598
17,2026-01-30,805,598
17,2026-01-31,1377,598
17,2026-02-01,1359,598
17,2026-02-02,1324,598
17,2026-02-03,1288,598
17,2026-02-04,1262,598
17,2026-02-05,1227,598
17,2026-02-06,1198,598
17,2026-02-07,1165,598
17,2026-02-08,1156,598
17,2026-02-09,1117,598
17,2026-02-10,1092,598
17,2026-02-11,1057,598
17,2026-02-12,1028,598
17,2026-02-13,999,598
17,2026-02-14,980,598
17,2026-02-15,970,598
17,2026-02-16,938,598
17,2026-02-17,903,509
17,2026-02-18,872,509
17,2026-02-19,825,509
17,2026-02-20,792,509
17,2026-02-21,1381,509
17,2026-02-22,1367,509
17,2026-02-23,1346,509
17,2026-02-24,1319,509
17,2026-02-25,1289,509
17,2026-02-26,1260,509
17,2026-02-27,1230,509
17,2026-02-28,1201,509
17,2026-03-01,1185,509
17,2026-03-02,1156,509
17,2026-03-03,1118,509
17,2026-03-04,1089,509
17,2026-03-05,1049,509
17,2026-03-06,1019,509
17,2026-03-07,989,509
17,2026-03-08,978,509
17,2026-03-09,940,509
17,2026-03-10,913,509
17,2026-03-11,879,509
17,2026-03-12,835,509
17,2026-03-13,797,509
17,2026-03-14,776,509
17,2026-03-15,757,509
17,2026-03-16,725,509
17,2026-03-17,688,509
17,2026-03-18,648,509
17,2026-03-19,619,439
17,2026-03-20,590,439
17,2026-03-21,1068,439
17,2026-03-22,1052,439
17,2026-03-23,1017,439
17,2026-03-24,982,439
17,2026-03-25,946,439
17,2026-03-26,899,439
17,2026-03-27,871,439
17,2026-03-28,845,439
17,2026-03-29,834,439
17,2026-03-30,799,439
17,2026-03-31,764,439
17,2026-04-01,735,439
17,2026-04-02,697,439
17,2026-04-03,668,439
17,2026-04-04,629,439
17,2026-04-05,608,439
17,2026-04-06,549,439
17,2026-04-07,529,439
17,2026-04-08,481,439
17,2026-04-09,902,439
17,2026-04-10,868,439
17,2026-04-11,840,439
17,2026-04-12,827,439
17,2026-04-13,779,439
17,2026-04-14,762,439
17,2026-04-15,725,439
17,2026-04-16,689,439
17,2026-04-17,643,439
17,2026-04-18,610,473
17,2026-04-19,592,473
17,2026-04-20,543,473
17,2026-04-21,510,473
17,2026-04-22,482,473
17,2026-04-23,890,473
17,2026-04-24,854,473
17,2026-04-25,817,473
17,2026-04-26,791,473
17,2026-04-27,749,473
17,2026-04-28,709,473
17,2026-04-29,667,473
17,2026-04-30,639,473
17,2026-05-01,604,473
17,2026-05-02,565,473
17,2026-05-03,548,473
17,2026-05-04,1022,473
17,2026-05-05,976,473
17,2026-05-06,925,473
17,2026-05-07,852,473
17,2026-05-08,803,473
17,2026-05-09,769,473
17,2026-05-10,754,473
17,2026-05-11,712,473
17,2026-05-12,669,473
17,2026-05-13,620,473
17,2026-05-14,579,473
17,2026-05-15,524,473
17,2026-05-16,957,473
17,2026-05-17,943,473
17,2026-05-18,913,529
17,2026-05-19,867,529
17,2026-05-20,831,529
17,2026-05-21,792,529
17,2026-05-22,750,529
17,2026-05-23,709,529
17,2026-05-24,683,529
17,2026-05-25,649,529
17,2026-05-26,616,529
17,2026-05-27,1126,529
17,2026-05-28,1088,529
17,2026-05-29,1055,529
17,2026-05-30,1019,529
17,2026-05-31,996,529
17,2026-06-01,946,529
17,2026-06-02,895,529
17,2026-06-03,851,529
17,2026-06-04,796,529
17,2026-06-05,750,529
17,2026-06-06,709,529
17,2026-06-07,685,529
17,2026-06-08,638,529
17,2026-06-09,596,529
17,2026-06-10,1069,529
17,2026-06-11,1033,529
17,2026-06-12,997,529
17,2026-06-13,937,529
17,2026-06-14,915,529
17,2026-06-15,876,529
17,2026-06-16,817,529
17,2026-06-17,772,591
17,2026-06-18,726,591
17,2026-06-19,662,591
17,2026-06-20,608,591
17,2026-06-21,571,591
17,2026-06-22,527,591
17,2026-06-23,481,591
17,2026-06-24,423,591
17,2026-06-25,917,591
17,2026-06-26,854,591
17,2026-06-27,809,591
17,2026-06-28,781,591
17,2026-06-29,733,591
17,2026-06-30,703,591
17,2026-07-01,629,591
17,2026-07-02,568,591
17,2026-07-03,513,591
17,2026-07-04,1200,591
17,2026-07-05,1170,591
17,2026-07-06,1115,591
17,2026-07-07,1059,591
17,2026-07-08,994,591
17,2026-07-09,916,591
17,2026-07-10,856,591
17,2026-07-11,807,591
17,2026-07-12,776,591
17,2026-07-13,711,591
17,2026-07-14,637,591
17,2026-07-15,598,591
17,2026-07-16,1118,591
17,2026-07-17,1063,703
17,2026-07-18,1009,703
17,2026-07-19,984,703
17,2026-07-20,944,703
17,2026-07-21,877,703
17,2026-07-22,826,703
17,2026-07-23,788,703
17,2026-07-24,740,703
17,2026-07-25,702,703
17,2026-07-26,676,703
17,2026-07-27,607,703
17,2026-07-28,557,703
17,2026-07-29,1385,703
17,2026-07-30,1343,703
17,2026-07-31,1279,703
17,2026-08-01,1244,703
17,2026-08-02,1218,703
17,2026-08-03,1181,703
17,2026-08-04,1126,703
17,2026-08-05,1068,703
17,2026-08-06,1020,703
17,2026-08-07,963,703
17,2026-08-08,935,703
17,2026-08-09,911,703
17,2026-08-10,855,703
17,2026-08-11,1537,703
17,2026-08-12,1484,703
17,2026-08-13,1424,703
17,2026-08-14,1366,703
17,2026-08-15,1312,703
17,2026-08-16,1283,754
17,2026-08-17,1228,754
17,2026-08-18,1174,754
17,2026-08-19,1131,754
17,2026-08-20,1077,754
17,2026-08-21,1016,754
17,2026-08-22,961,754
17,2026-08-23,940,754
17,2026-08-24,895,754
17,2026-08-25,838,754
17,2026-08-26,1603,754
17,2026-08-27,1526,754
17,2026-08-28,1489,754
17,2026-08-29,1453,754
17,2026-08-30,1437,754
17,2026-08-31,1403,754
17,2026-09-01,1370,754
17,2026-09-02,1341,754
17,2026-09-03,1313,754
17,2026-09-04,1271,754
17,2026-09-05,1239,754
17,2026-09-06,1216,754
17,2026-09-07,1173,754
17,2026-09-08,1133,754
17,2026-09-09,1087,754
17,2026-09-10,1040,754
17,2026-09-11,1005,754
17,2026-09-12,959,754
17,2026-09-13,1711,754
17,2026-09-14,1674,754
17,2026-09-15,1642,669
17,2026-09-16,1612,669
17,2026-09-17,1572,669
17,2026-09-18,1531,669
17,2026-09-19,1499,669
17,2026-09-20,1479,669
17,2026-09-21,1433,669
17,2026-09-22,1395,669
17,2026-09-23,1348,669
17,2026-09-24,1300,669
17,2026-09-25,1252,669
17,2026-09-26,1228,669
17,2026-09-27,1214,669
17,2026-09-28,1181,669
17,2026-09-29,1130,669
17,2026-09-30,1086,669
18,2023-10-01,1061,383
18,2023-10-02,1036,383
18,2023-10-03,1011,383
18,2023-10-04,981,383
18,2023-10-05,955,383
18,2023-10-06,921,383
18,2023-10-07,909,383
18,2023-10-08,899,383
18,2023-10-09,875,383
18,2023-10-10,857,383
18,2023-10-11,826,383
18,2023-10-12,794,383
18,2023-10-13,759,383
18,2023-10-14,735,383
18,2023-10-15,721,383
18,2023-10-16,702,383
18,2023-10-17,671,383
18,2023-10-18,648,383
18,2023-10-19,628,383
18,2023-10-20,607,383
18,2023-10-21,583,383
18,2023-10-22,571,383
18,2023-10-23,537,383
18,2023-10-24,519,383
18,2023-10-25,494,383
18,2023-10-26,878,383
18,2023-10-27,854,383
18,2023-10-28,834,383
18,2023-10-29,821,383
18,2023-10-30,792,383
18,2023-10-31,770,383
18,2023-11-01,742,383
18,2023-11-02,712,383
18,2023-11-03,686,383
18,2023-11-04,661,383
18,2023-11-05,638,383
18,2023-11-06,603,383
18,2023-11-07,578,383
18,2023-11-08,553,383
18,2023-11-09,525,383
18,2023-11-10,508,383
18,2023-11-11,495,383
18,2023-11-12,871,383
18,2023-11-13,835,383
18,2023-11-14,813,383
18,2023-11-15,781,383
18,2023-11-16,758,383
18,2023-11-17,730,383
18,2023-11-18,706,383
18,2023-11-19,693,383
18,2023-11-20,665,383
18,2023-11-21,641,383
18,2023-11-22,624,383
18,2023-11-23,597,383
18,2023-11-24,556,383
18,2023-11-25,533,383
18,2023-11-26,525,383
18,2023-11-27,495,383
18,2023-11-28,480,383
18,2023-11-29,864,383
18,2023-11-30,840,352
18,2023-12-01,817,352
18,2023-12-02,790,352
18,2023-12-03,774,352
18,2023-12-04,748,352
18,2023-12-05,710,352
18,2023-12-06,690,352
18,2023-12-07,658,352
18,2023-12-08,624,352
18,2023-12-09,596,352
18,2023-12-10,573,352
18,2023-12-11,544,352
18,2023-12-12,517,352
18,2023-12-13,485,352
18,2023-12-14,457,352
18,2023-12-15,422,352
18,2023-12-16,409,352
18,2023-12-17,400,352
18,2023-12-18,364,352
18,2023-12-19,325,352
18,2023-12-20,660,352
18,2023-12-21,628,352
18,2023-12-22,595,352
18,2023-12-23,574,352
18,2023-12-24,561,352
18,2023-12-25,537,352
18,2023-12-26,497,352
18,2023-12-27,456,352
18,2023-12-28,430,352
18,2023-12-29,397,352
18,2023-12-30,382,388
18,2023-12-31,373,388
18,2024-01-01,711,388
18,2024-01-02,688,388
18,2024-01-03,664,388
18,2024-01-04,642,388
18,2024-01-05,628,388
18,2024-01-06,616,388
18,2024-01-07,601,388
18,2024-01-08,583,388
18,2024-01-09,566,388
18,2024-01-10,534,388
18,2024-01-11,516,388
18,2024-01-12,503,388
18,2024-01-13,480,388
18,2024-01-14,863,388
18,2024-01-15,848,388
18,2024-01-16,825,388
18,2024-01-17,809,388
18,2024-01-18,788,388
18,2024-01-19,766,388
18,2024-01-20,741,388
18,2024-01-21,733,388
18,2024-01-22,712,388
18,2024-01-23,691,388
18,2024-01-24,669,388
18,2024-01-25,649,388
18,2024-01-26,628,388
18,2024-01-27,603,388
18,2024-01-28,590,388
18,2024-01-29,566,349
18,2024-01-30,546,349
18,2024-01-31,526,349
18,2024-02-01,505,349
18,2024-02-02,492,349
18,2024-02-03,860,349
18,2024-02-04,851,349
18,2024-02-05,831,349
18,2024-02-06,807,349
18,2024-02-07,787,349
18,2024-02-08,769,349
18,2024-02-09,739,349
18,2024-02-10,721,349
18,2024-02-11,709,349
18,2024-02-12,686,349
18,2024-02-13,669,349
18,2024-02-14,648,349
18,2024-02-15,630,349
18,2024-02-16,603,349
18,2024-02-17,582,349
18,2024-02-18,574,349
18,2024-02-19,549,349
18,2024-02-20,523,349
18,2024-02-21,502,349
18,2024-02-22,477,349
18,2024-02-23,449,349
18,2024-02-24,430,349
18,2024-02-25,416,349
18,2024-02-26,770,349
18,2024-02-27,748,349
18,2024-02-28,730,295
18,2024-02-29,695,295
18,2024-03-01,668,295
18,2024-03-02,648,295
18,2024-03-03,634,295
18,2024-03-04,606,295
18,2024-03-05,581,295
18,2024-03-06,559,295
18,2024-03-07,533,295
18,2024-03-08,502,295
18,2024-03-09,486,295
18,2024-03-10,478,295
18,2024-03-11,466,295
18,2024-03-12,454,295
18,2024-03-13,426,295
18,2024-03-14,410,295
18,2024-03-15,382,295
18,2024-03-16,363,295
18,2024-03-17,357,295
18,2024-03-18,329,295
18,2024-03-19,305,295
18,2024-03-20,608,295
18,2024-03-21,582,295
18,2024-03-22,544,295
18,2024-03-23,517,295
18,2024-03-24,503,295
18,2024-03-25,475,295
18,2024-03-26,451,295
18,2024-03-27,425,295
18,2024-03-28,402,295
18,2024-03-29,378,321
18,2024-03-30,359,321
18,2024-03-31,351,321
18,2024-04-01,328,321
18,2024-04-02,294,321
18,2024-04-03,270,321
18,2024-04-04,557,321
18,2024-04-05,523,321
18,2024-04-06,495,321
18,2024-04-07,476,321
18,2024-04-08,451,321
18,2024-04-09,408,321
18,2024-04-10,396,321
18,2024-04-11,368,321
18,2024-04-12,332,321
18,2024-04-13,307,321
18,2024-04-14,293,321
18,2024-04-15,264,321
18,2024-04-16,583,321
18,2024-04-17,566,321
18,2024-04-18,542,321
18,2024-04-19,515,321
18,2024-04-20,493,321
18,2024-04-21,482,321
18,2024-04-22,458,321
18,2024-04-23,435,321
18,2024-04-24,398,321
18,2024-04-25,377,321
18,2024-04-26,349,321
18,2024-04-27,328,321
18,2024-04-28,321,349
18,2024-04-29,622,349
18,2024-04-30,587,349
18,2024-05-01,561,349
18,2024-05-02,540,349
18,2024-05-03,501,349
18,2024-05-04,479,349
18,2024-05-05,466,349
18,2024-05-06,444,349
18,2024-05-07,422,349
18,2024-05-08,393,349
18,2024-05-09,358,349
18,2024-05-10,677,349
18,2024-05-11,655,349
18,2024-05-12,648,349
18,2024-05-13,617,349
18,2024-05-14,589,349
18,2024-05-15,546,349
18,2024-05-16,516,349
18,2024-05-17,485,349
18,2024-05-18,457,349
18,2024-05-19,444,349
18,2024-05-20,426,349
18,2024-05-21,403,349
18,2024-05-22,384,349
18,2024-05-23,343,349
18,2024-05-24,312,349
18,2024-05-25,643,349
18,2024-05-26,631,349
18,2024-05-27,601,349
18,2024-05-28,568,376
18,2024-05-29,533,376
18,2024-05-30,485,376
18,2024-05-31,457,376
18,2024-06-01,432,376
18,2024-06-02,416,376
18,2024-06-03,375,376
18,2024-06-04,337,376
18,2024-06-05,668,376
18,2024-06-06,627,376
18,2024-06-07,579,376
18,2024-06-08,555,376
18,2024-06-09,542,376
18,2024-06-10,497,376
18,2024-06-11,459,376
18,2024-06-12,421,376
18,2024-06-13,374,376
18,2024-06-14,345,376
18,2024-06-15,326,376
18,2024-06-16,311,376
18,2024-06-17,651,376
18,2024-06-18,557,376
18,2024-06-19,529,376
18,2024-06-20,482,376
18,2024-06-21,452,376
18,2024-06-22,427,376
18,2024-06-23,407,376
18,2024-06-24,383,376
18,2024-06-25,309,376
18,2024-06-26,284,376
18,2024-06-27,249,464
18,2024-06-28,625,464
18,2024-06-29,604,464
18,2024-06-30,591,464
18,2024-07-01,528,464
18,2024-07-02,472,464
18,2024-07-03,438,464
18,2024-07-04,391,464
18,2024-07-05,348,464
18,2024-07-06,320,464
18,2024-07-07,304,464
18,2024-07-08,949,464
18,2024-07-09,917,464
18,2024-07-10,874,464
18,2024-07-11,832,464
18,2024-07-12,797,464
18,2024-07-13,754,464
18,2024-07-14,733,464
18,2024-07-15,697,464
18,2024-07-16,664,464
18,2024-07-17,632,464
18,2024-07-18,596,464
18,2024-07-19,549,464
18,2024-07-20,527,464
18,2024-07-21,979,464
18,2024-07-22,948,464
18,2024-07-23,917,464
18,2024-07-24,881,464
18,2024-07-25,837,464
18,2024-07-26,806,464
18,2024-07-27,782,526
18,2024-07-28,760,526
18,2024-07-29,729,526
18,2024-07-30,693,526
18,2024-07-31,654,526
18,2024-08-01,616,526
18,2024-08-02,580,526
18,2024-08-03,543,526
18,2024-08-04,523,526
18,2024-08-05,965,526
18,2024-08-06,932,526
18,2024-08-07,909,526
18,2024-08-08,884,526
18,2024-08-09,844,526
18,2024-08-10,818,526
18,2024-08-11,799,526
18,2024-08-12,758,526
18,2024-08-13,731,526
18,2024-08-14,695,526
18,2024-08-15,1215,526
18,2024-08-16,1185,526
18,2024-08-17,1157,526
18,2024-08-18,1140,526
18,2024-08-19,1117,526
18,2024-08-20,1083,526
18,2024-08-21,1049,526
18,2024-08-22,1019,526
18,2024-08-23,985,526
18,2024-08-24,966,526
18,2024-08-25,951,526
18,2024-08-26,921,479
18,2024-08-27,891,479
18,2024-08-28,857,479
18,2024-08-29,821,479
18,2024-08-30,796,479
18,2024-08-31,780,479
18,2024-09-01,771,479
18,2024-09-02,739,479
18,2024-09-03,710,479
18,2024-09-04,685,479
18,2024-09-05,664,479
18,2024-09-06,1118,479
18,2024-09-07,1094,479
18,2024-09-08,1084,479
18,2024-09-09,1055,479
18,2024-09-10,1029,479
18,2024-09-11,993,479
18,2024-09-12,948,479
18,2024-09-13,909,479
18,2024-09-14,880,479
18,2024-09-15,869,479
18,2024-09-16,839,479
18,2024-09-17,800,479
18,2024-09-18,789,479
18,2024-09-19,760,479
18,2024-09-20,723,479
18,2024-09-21,698,479
18,2024-09-22,683,479
18,2024-09-23,662,479
18,2024-09-24,637,479
18,2024-09-25,1095,423
18,2024-09-26,1060,423
18,2024-09-27,1026,423
18,2024-09-28,1005,423
18,2024-09-29,987,423
18,2024-09-30,959,423
18,2024-10-01,926,423
18,2024-10-02,906,423
18,2024-10-03,885,423
18,2024-10-04,851,423
18,2024-10-05,826,423
18,2024-10-06,813,423
18,2024-10-07,781,423
18,2024-10-08,754,423
18,2024-10-09,732,423
18,2024-10-10,711,423
18,2024-10-11,677,423
18,2024-10-12,648,423
18,2024-10-13,638,423
18,2024-10-14,607,423
18,2024-10-15,578,423
18,2024-10-16,539,423
18,2024-10-17,519,423
18,2024-10-18,932,423
18,2024-10-19,913,423
18,2024-10-20,905,423
18,2024-10-21,883,423
18,2024-10-22,858,423
18,2024-10-23,829,423
18,2024-10-24,800,423
18,2024-10-25,768,393
18,2024-10-26,741,393
18,2024-10-27,728,393
18,2024-10-28,701,393
18,2024-10-29,667,393
18,2024-10-30,638,393
18,2024-10-31,606,393
18,2024-11-01,575,393
18,2024-11-02,557,393
18,2024-11-03,538,393
18,2024-11-04,517,393
18,2024-11-05,480,393
18,2024-11-06,456,393
18,2024-11-07,431,393
18,2024-11-08,801,393
18,2024-11-09,783,393
18,2024-11-10,766,393
18,2024-11-11,739,393
18,2024-11-12,693,393
18,2024-11-13,639,393
18,2024-11-14,605,393
18,2024-11-15,572,393
18,2024-11-16,543,393
18,2024-11-17,530,393
18,2024-11-18,496,393
18,2024-11-19,457,393
18,2024-11-20,421,393
18,2024-11-21,806,393
18,2024-11-22,774,393
18,2024-11-23,757,393
18,2024-11-24,741,406
18,2024-11-25,720,406
18,2024-11-26,687,406
18,2024-11-27,656,406
18,2024-11-28,634,406
18,2024-11-29,598,406
18,2024-11-30,544,406
18,2024-12-01,527,406
18,2024-12-02,485,406
18,2024-12-03,451,406
18,2024-12-04,405,406
18,2024-12-05,380,406
18,2024-12-06,346,406
18,2024-12-07,736,406
18,2024-12-08,729,406
18,2024-12-09,689,406
18,2024-12-10,655,406
18,2024-12-11,617,406
18,2024-12-12,587,406
18,2024-12-13,557,406
18,2024-12-14,532,406
18,2024-12-15,516,406
18,2024-12-16,484,406
18,2024-12-17,437,406
18,2024-12-18,414,406
18,2024-12-19,787,406
18,2024-12-20,745,406
18,2024-12-21,716,406
18,2024-12-22,711,406
18,2024-12-23,684,406
18,2024-12-24,655,438
18,2024-12-25,616,438
18,2024-12-26,580,438
18,2024-12-27,541,438
18,2024-12-28,514,438
18,2024-12-29,501,438
18,2024-12-30,476,438
18,2024-12-31,868,438
18,2025-01-01,845,438
18,2025-01-02,823,438
18,2025-01-03,798,438
18,2025-01-04,770,438
18,2025-01-05,757,438
18,2025-01-06,743,438
18,2025-01-07,719,438
18,2025-01-08,699,438
18,2025-01-09,676,438
18,2025-01-10,653,438
18,2025-01-11,629,438
18,2025-01-12,618,438
18,2025-01-13,593,438
18,2025-01-14,573,438
18,2025-01-15,1008,438
18,2025-01-16,982,438
18,2025-01-17,960,438
18,2025-01-18,934,438
18,2025-01-19,920,438
18,2025-01-20,889,438
18,2025-01-21,859,438
18,2025-01-22,829,438
18,2025-01-23,800,408
18,2025-01-24,780,408
18,2025-01-25,759,408
18,2025-01-26,746,408
18,2025-01-27,724,408
18,2025-01-28,698,408
18,2025-01-29,674,408
18,2025-01-30,651,408
18,2025-01-31,632,408
18,2025-02-01,617,408
18,2025-02-02,609,408
18,2025-02-03,588,408
18,2025-02-04,565,408
18,2025-02-05,540,408
18,2025-02-06,929,408
18,2025-02-07,899,408
18,2025-02-08,874,408
18,2025-02-09,868,408
18,2025-02-10,843,408
18,2025-02-11,814,408
18,2025-02-12,795,408
18,2025-02-13,772,408
18,2025-02-14,749,408
18,2025-02-15,737,408
18,2025-02-16,729,408
18,2025-02-17,710,408
18,2025-02-18,680,408
18,2025-02-19,655,408
18,2025-02-20,623,408
18,2025-02-21,602,408
18,2025-02-22,582,345
18,2025-02-23,569,345
18,2025-02-24,546,345
18,2025-02-25,514,345
18,2025-02-26,494,345
18,2025-02-27,467,345
18,2025-02-28,858,345
18,2025-03-01,833,345
18,2025-03-02,828,345
18,2025-03-03,790,345
18,2025-03-04,754,345
18,2025-03-05,736,345
18,2025-03-06,719,345
18,2025-03-07,692,345
18,2025-03-08,669,345
18,2025-03-09,650,345
18,2025-03-10,627,345
18,2025-03-11,605,345
18,2025-03-12,569,345
18,2025-03-13,541,345
18,2025-03-14,521,345
18,2025-03-15,508,345
18,2025-03-16,497,345
18,2025-03-17,471,345
18,2025-03-18,435,345
18,2025-03-19,409,345
18,2025-03-20,380,345
18,2025-03-21,715,345
18,2025-03-22,697,345
18,2025-03-23,689,345
18,2025-03-24,669,334
18,2025-03-25,654,334
18,2025-03-26,636,334
18,2025-03-27,621,334
18,2025-03-28,585,334
18,2025-03-29,562,334
18,2025-03-30,552,334
18,2025-03-31,532,334
18,2025-04-01,502,334
18,2025-04-02,479,334
18,2025-04-03,447,334
18,2025-04-04,412,334
18,2025-04-05,391,334
18,2025-04-06,375,334
18,2025-04-07,685,334
18,2025-04-08,657,334
18,2025-04-09,621,334
18,2025-04-10,600,334
18,2025-04-11,565,334
18,2025-04-12,543,334
18,2025-04-13,535,334
18,2025-04-14,506,334
18,2025-04-15,488,334
18,2025-04-16,465,334
18,2025-04-17,441,334
18,2025-04-18,415,334
18,2025-04-19,390,334
18,2025-04-20,379,334
18,2025-04-21,353,334
18,2025-04-22,662,334
18,2025-04-23,634,351
18,2025-04-24,607,351
18,2025-04-25,578,351
18,2025-04-26,544,351
18,2025-04-27,531,351
18,2025-04-28,507,351
18,2025-04-29,473,351
18,2025-04-30,440,351
18,2025-05-01,408,351
18,2025-05-02,383,351
18,2025-05-03,344,351
18,2025-05-04,332,351
18,2025-05-05,668,351
18,2025-05-06,623,351
18,2025-05-07,587,351
18,2025-05-08,541,351
18,2025-05-09,507,351
18,2025-05-10,483,351
18,2025-05-11,470,351
18,2025-05-12,433,351
18,2025-05-13,395,351
18,2025-05-14,363,351
18,2025-05-15,687,351
18,2025-05-16,655,351
18,2025-05-17,627,351
18,2025-05-18,612,351
18,2025-05-19,588,351
18,2025-05-20,556,351
18,2025-05-21,513,351
18,2025-05-22,468,351
18,2025-05-23,424,411
18,2025-05-24,393,411
18,2025-05-25,379,411
18,2025-05-26,349,411
18,2025-05-27,309,411
18,2025-05-28,268,411
18,2025-05-29,588,411
18,2025-05-30,546,411
18,2025-05-31,514,411
18,2025-06-01,494,411
18,2025-06-02,456,411
18,2025-06-03,408,411
18,2025-06-04,366,411
18,2025-06-05,322,411
18,2025-06-06,297,411
18,2025-06-07,826,411
18,2025-06-08,799,411
18,2025-06-09,763,411
18,2025-06-10,723,411
18,2025-06-11,686,411
18,2025-06-12,644,411
18,2025-06-13,596,411
18,2025-06-14,563,411
18,2025-06-15,533,411
18,2025-06-16,477,411
18,2025-06-17,446,411
18,2025-06-18,410,411
18,2025-06-19,795,411
18,2025-06-20,763,411
18,2025-06-21,727,411
18,2025-06-22,709,505
18,2025-06-23,657,505
18,2025-06-24,628,505
18,2025-06-25,597,505
18,2025-06-26,567,505
18,2025-06-27,522,505
18,2025-06-28,482,505
18,2025-06-29,462,505
18,2025-06-30,421,505
18,2025-07-01,380,505
18,2025-07-02,330,505
18,2025-07-03,700,505
18,2025-07-04,658,505
18,2025-07-05,623,505
18,2025-07-06,612,505
18,2025-07-07,573,505
18,2025-07-08,531,505
18,2025-07-09,483,505
18,2025-07-10,446,505
18,2025-07-11,403,505
18,2025-07-12,376,505
18,2025-07-13,1073,505
18,2025-07-14,1030,505
18,2025-07-15,983,505
18,2025-07-16,943,505
18,2025-07-17,891,505
18,2025-07-18,837,505
18,2025-07-19,800,505
18,2025-07-20,776,505
18,2025-07-21,738,505
18,2025-07-22,681,554
18,2025-07-23,639,554
18,2025-07-24,605,554
18,2025-07-25,553,554
18,2025-07-26,523,554
18,2025-07-27,1029,554
18,2025-07-28,974,554
18,2025-07-29,934,554
18,2025-07-30,888,554
18,2025-07-31,846,554
18,2025-08-01,815,554
18,2025-08-02,783,554
18,2025-08-03,775,554
18,2025-08-04,748,554
18,2025-08-05,726,554
18,2025-08-06,693,554
18,2025-08-07,651,554
18,2025-08-08,613,554
18,2025-08-09,1161,554
18,2025-08-10,1146,554
18,2025-08-11,1109,554
18,2025-08-12,1069,554
18,2025-08-13,1030,554
18,2025-08-14,990,554
18,2025-08-15,948,554
18,2025-08-16,913,554
18,2025-08-17,896,554
18,2025-08-18,858,554
18,2025-08-19,803,554
18,2025-08-20,769,554
18,2025-08-21,743,550
18,2025-08-22,702,550
18,2025-08-23,675,550
18,2025-08-24,642,550
18,2025-08-25,1167,550
18,2025-08-26,1112,550
18,2025-08-27,1073,550
18,2025-08-28,1036,550
18,2025-08-29,984,550
18,2025-08-30,957,550
18,2025-08-31,945,550
18,2025-09-01,918,550
18,2025-09-02,881,550
18,2025-09-03,851,550
18,2025-09-04,817,550
18,2025-09-05,782,550
18,2025-09-06,757,550
18,2025-09-07,738,550
18,2025-09-08,710,550
18,2025-09-09,1247,550
18,2025-09-10,1214,550
18,2025-09-11,1186,550
18,2025-09-12,1141,550
18,2025-09-13,1114,550
18,2025-09-14,1098,550
18,2025-09-15,1054,550
18,2025-09-16,1027,550
18,2025-09-17,1005,550
18,2025-09-18,973,550
18,2025-09-19,947,550
18,2025-09-20,914,503
18,2025-09-21,898,503
18,2025-09-22,868,503
18,2025-09-23,826,503
18,2025-09-24,797,503
18,2025-09-25,776,503
18,2025-09-26,740,503
18,2025-09-27,717,503
18,2025-09-28,1274,503
18,2025-09-29,1244,503
18,2025-09-30,1206,503
18,2025-10-01,1179,503
18,2025-10-02,1142,503
18,2025-10-03,1115,503
18,2025-10-04,1086,503
18,2025-10-05,1068,503
18,2025-10-06,1039,503
18,2025-10-07,1012,503
18,2025-10-08,983,503
18,2025-10-09,950,503
18,2025-10-10,927,503
18,2025-10-11,896,503
18,2025-10-12,890,503
18,2025-10-13,863,503
18,2025-10-14,832,503
18,2025-10-15,810,503
18,2025-10-16,772,503
18,2025-10-17,744,503
18,2025-10-18,718,503
18,2025-10-19,708,503
18,2025-10-20,675,437
18,2025-10-21,646,437
18,2025-10-22,1132,437
18,2025-10-23,1104,437
18,2025-10-24,1073,437
18,2025-10-25,1042,437
18,2025-10-26,1022,437
18,2025-10-27,1000,437
18,2025-10-28,967,437
18,2025-10-29,934,437
18,2025-10-30,900,437
18,2025-10-31,865,437
18,2025-11-01,836,437
18,2025-11-02,814,437
18,2025-11-03,782,437
18,2025-11-04,744,437
18,2025-11-05,726,437
18,2025-11-06,700,437
18,2025-11-07,667,437
18,2025-11-08,645,437
18,2025-11-09,633,437
18,2025-11-10,603,437
18,2025-11-11,568,437
18,2025-11-12,528,437
18,2025-11-13,498,437
18,2025-11-14,913,437
18,2025-11-15,879,437
18,2025-11-16,867,437
18,2025-11-17,833,437
18,2025-11-18,804,437
18,2025-11-19,784,417
18,2025-11-20,753,417
18,2025-11-21,727,417
18,2025-11-22,688,417
18,2025-11-23,675,417
18,2025-11-24,646,417
18,2025-11-25,618,417
18,2025-11-26,576,417
18,2025-11-27,547,417
18,2025-11-28,519,417
18,2025-11-29,487,417
18,2025-11-30,466,417
18,2025-12-01,438,417
18,2025-12-02,411,417
18,2025-12-03,814,417
18,2025-12-04,776,417
18,2025-12-05,738,417
18,2025-12-06,706,417
18,2025-12-07,697,417
18,2025-12-08,663,417
18,2025-12-09,627,417
18,2025-12-10,584,417
18,2025-12-11,552,417
18,2025-12-12,522,417
18,2025-12-13,490,417
18,2025-12-14,472,417
18,2025-12-15,444,417
18,2025-12-16,398,417
18,2025-12-17,788,417
18,2025-12-18,751,417
18,2025-12-19,716,446
18,2025-12-20,692,446
18,2025-12-21,674,446
18,2025-12-22,640,446
18,2025-12-23,599,446
18,2025-12-24,567,446
18,2025-12-25,524,446
18,2025-12-26,492,446
18,2025-12-27,462,446
18,2025-12-28,442,446
18,2025-12-29,399,446
18,2025-12-30,780,446
18,2025-12-31,736,446
18,2026-01-01,702,446
18,2026-01-02,689,446
18,2026-01-03,665,446
18,2026-01-04,647,446
18,2026-01-05,618,446
18,2026-01-06,587,446
18,2026-01-07,555,446
18,2026-01-08,520,446
18,2026-01-09,499,446
18,2026-01-10,483,446
18,2026-01-11,942,446
18,2026-01-12,912,446
18,2026-01-13,882,446
18,2026-01-14,846,446
18,2026-01-15,823,446
18,2026-01-16,796,446
18,2026-01-17,777,446
18,2026-01-18,765,446
18,2026-01-19,748,446
18,2026-01-20,719,446
18,2026-01-21,697,446
18,2026-01-22,674,446
18,2026-01-23,629,446
18,2026-01-24,600,446
18,2026-01-25,1046,446
18,2026-01-26,1009,446
18,2026-01-27,982,446
18,2026-01-28,950,446
18,2026-01-29,929,446
18,2026-01-30,906,446
18,2026-01-31,878,446
18,2026-02-01,869,446
18,2026-02-02,837,446
18,2026-02-03,820,446
18,2026-02-04,798,446
18,2026-02-05,771,446
18,2026-02-06,736,446
18,2026-02-07,712,446
18,2026-02-08,701,446
18,2026-02-09,673,446
18,2026-02-10,652,446
18,2026-02-11,626,446
18,2026-02-12,603,446
18,2026-02-13,568,446
18,2026-02-14,549,446
18,2026-02-15,531,446
18,2026-02-16,950,446
18,2026-02-17,925,398
18,2026-02-18,894,398
18,2026-02-19,872,398
18,2026-02-20,858,398
18,2026-02-21,836,398
18,2026-02-22,815,398
18,2026-02-23,783,398
18,2026-02-24,754,398
18,2026-02-25,729,398
18,2026-02-26,705,398
18,2026-02-27,672,398
18,2026-02-28,640,398
18,2026-03-01,631,398
18,2026-03-02,605,398
18,2026-03-03,576,398
18,2026-03-04,554,398
18,2026-03-05,514,398
18,2026-03-06,483,398
18,2026-03-07,873,398
18,2026-03-08,859,398
18,2026-03-09,823,398
18,2026-03-10,792,398
18,2026-03-11,763,398
18,2026-03-12,722,398
18,2026-03-13,687,398
18,2026-03-14,666,398
18,2026-03-15,660,398
18,2026-03-16,627,398
18,2026-03-17,610,398
18,2026-03-18,575,398
18,2026-03-19,550,379
18,2026-03-20,503,379
18,2026-03-21,489,379
18,2026-03-22,896,379
18,2026-03-23,867,379
18,2026-03-24,841,379
18,2026-03-25,810,379
18,2026-03-26,785,379
18,2026-03-27,763,379
18,2026-03-28,731,379
18,2026-03-29,718,379
18,2026-03-30,699,379
18,2026-03-31,657,379
18,2026-04-01,625,379
18,2026-04-02,587,379
18,2026-04-03,559,379
18,2026-04-04,535,379
18,2026-04-05,522,379
18,2026-04-06,489,379
18,2026-04-07,452,379
18,2026-04-08,431,379
18,2026-04-09,804,379
18,2026-04-10,780,379
18,2026-04-11,755,379
18,2026-04-12,742,379
18,2026-04-13,718,379
18,2026-04-14,689,379
18,2026-04-15,663,379
18,2026-04-16,627,379
18,2026-04-17,593,379
18,2026-04-18,569,400
18,2026-04-19,535,400
18,2026-04-20,502,400
18,2026-04-21,455,400
18,2026-04-22,418,400
18,2026-04-23,385,400
18,2026-04-24,355,400
18,2026-04-25,724,400
18,2026-04-26,709,400
18,2026-04-27,677,400
18,2026-04-28,655,400
18,2026-04-29,619,400
18,2026-04-30,582,400
18,2026-05-01,557,400
18,2026-05-02,535,400
18,2026-05-03,519,400
18,2026-05-04,476,400
18,2026-05-05,433,400
18,2026-05-06,404,400
18,2026-05-07,366,400
18,2026-05-08,735,400
18,2026-05-09,700,400
18,2026-05-10,682,400
18,2026-05-11,651,400
18,2026-05-12,620,400
18,2026-05-13,586,400
18,2026-05-14,545,400
18,2026-05-15,510,400
18,2026-05-16,479,400
18,2026-05-17,467,400
18,2026-05-18,433,438
18,2026-05-19,384,438
18,2026-05-20,351,438
18,2026-05-21,732,438
18,2026-05-22,692,438
18,2026-05-23,660,438
18,2026-05-24,636,438
18,2026-05-25,592,438
18,2026-05-26,547,438
18,2026-05-27,501,438
18,2026-05-28,465,438
18,2026-05-29,444,438
18,2026-05-30,416,438
18,2026-05-31,894,438
18,2026-06-01,841,438
18,2026-06-02,793,438
18,2026-06-03,762,438
18,2026-06-04,725,438
18,2026-06-05,683,438
18,2026-06-06,645,438
18,2026-06-07,623,438
18,2026-06-08,582,438
18,2026-06-09,533,438
18,2026-06-10,501,438
18,2026-06-11,462,438
18,2026-06-12,410,438
18,2026-06-13,839,438
18,2026-06-14,825,438
18,2026-06-15,777,438
18,2026-06-16,724,438
18,2026-06-17,691,515
18,2026-06-18,637,515
18,2026-06-19,602,515
18,2026-06-20,559,515
18,2026-06-21,526,515
18,2026-06-22,483,515
18,2026-06-23,446,515
18,2026-06-24,401,515
18,2026-06-25,804,515
18,2026-06-26,746,515
18,2026-06-27,704,515
18,2026-06-28,682,515
18,2026-06-29,639,515
18,2026-06-30,585,515
18,2026-07-01,528,515
18,2026-07-02,484,515
18,2026-07-03,431,515
18,2026-07-04,1025,515
18,2026-07-05,1013,515
18,2026-07-06,964,515
18,2026-07-07,920,515
18,2026-07-08,862,515
18,2026-07-09,808,515
18,2026-07-10,752,515
18,2026-07-11,715,515
18,2026-07-12,683,515
18,2026-07-13,637,515
18,2026-07-14,608,515
18,2026-07-15,558,515
18,2026-07-16,520,515
18,2026-07-17,1009,604
18,2026-07-18,982,604
18,2026-07-19,956,604
18,2026-07-20,912,604
18,2026-07-21,825,604
18,2026-07-22,778,604
18,2026-07-23,718,604
18,2026-07-24,679,604
18,2026-07-25,637,604
18,2026-07-26,1295,604
18,2026-07-27,1247,604
18,2026-07-28,1198,604
18,2026-07-29,1145,604
18,2026-07-30,1100,604
18,2026-07-31,1058,604
18,2026-08-01,1022,604
18,2026-08-02,1005,604
18,2026-08-03,954,604
18,2026-08-04,916,604
18,2026-08-05,875,604
18,2026-08-06,831,604
18,2026-08-07,797,604
18,2026-08-08,762,604
18,2026-08-09,745,604
18,2026-08-10,710,604
18,2026-08-11,669,604
18,2026-08-12,1244,604
18,2026-08-13,1198,604
18,2026-08-14,1159,604
18,2026-08-15,1122,604
18,2026-08-16,1100,633
18,2026-08-17,1054,633
18,2026-08-18,1007,633
18,2026-08-19,978,633
18,2026-08-20,915,633
18,2026-08-21,874,633
18,2026-08-22,828,633
18,2026-08-23,806,633
18,2026-08-24,724,633
18,2026-08-25,680,633
18,2026-08-26,640,633
18,2026-08-27,586,633
18,2026-08-28,1215,633
18,2026-08-29,1187,633
18,2026-08-30,1168,633
18,2026-08-31,1134,633
18,2026-09-01,1086,633
18,2026-09-02,1061,633
18,2026-09-03,1030,633
18,2026-09-04,1001,633
18,2026-09-05,969,633
18,2026-09-06,958,633
18,2026-09-07,928,633
18,2026-09-08,887,633
18,2026-09-09,1499,633
18,2026-09-10,1463,633
18,2026-09-11,1433,633
18,2026-09-12,1393,633
18,2026-09-13,1370,633
18,2026-09-14,1333,633
18,2026-09-15,1297,585
18,2026-09-16,1269,585
18,2026-09-17,1233,585
18,2026-09-18,1195,585
18,2026-09-19,1173,585
18,2026-09-20,1152,585
18,2026-09-21,1109,585
18,2026-09-22,1052,585
18,2026-09-23,1019,585
18,2026-09-24,980,585
18,2026-09-25,946,585
18,2026-09-26,921,585
18,2026-09-27,904,585
18,2026-09-28,856,585
18,2026-09-29,827,585
18,2026-09-30,788,585
19,2023-10-01,3113,960
19,2023-10-02,3006,960
19,2023-10-03,2930,960
19,2023-10-04,2862,960
19,2023-10-05,2756,960
19,2023-10-06,2677,960
19,2023-10-07,2596,960
19,2023-10-08,2564,960
19,2023-10-09,2468,960
19,2023-10-10,2388,960
19,2023-10-11,2299,960
19,2023-10-12,2208,960
19,2023-10-13,2116,960
19,2023-10-14,2035,960
19,2023-10-15,1983,960
19,2023-10-16,1880,960
19,2023-10-17,1796,960
19,2023-10-18,1699,960
19,2023-10-19,1623,960
19,2023-10-20,1519,960
19,2023-10-21,1456,960
19,2023-10-22,2876,960
19,2023-10-23,2762,960
19,2023-10-24,2673,960
19,2023-10-25,2583,960
19,2023-10-26,2495,960
19,2023-10-27,2374,960
19,2023-10-28,2291,960
19,2023-10-29,2228,960
19,2023-10-30,2112,960
19,2023-10-31,2000,960
19,2023-11-01,1877,960
19,2023-11-02,1766,960
19,2023-11-03,1662,960
19,2023-11-04,1582,960
19,2023-11-05,1545,960
19,2023-11-06,1452,960
19,2023-11-07,1323,960
19,2023-11-08,1226,960
19,2023-11-09,2649,960
19,2023-11-10,2505,960
19,2023-11-11,2390,960
19,2023-11-12,2334,960
19,2023-11-13,2227,960
19,2023-11-14,2130,960
19,2023-11-15,1970,960
19,2023-11-16,1837,960
19,2023-11-17,1716,960
19,2023-11-18,1603,960
19,2023-11-19,1558,960
19,2023-11-20,1417,960
19,2023-11-21,2738,960
19,2023-11-22,2621,960
19,2023-11-23,2504,960
19,2023-11-24,2363,960
19,2023-11-25,2271,960
19,2023-11-26,2225,960
19,2023-11-27,2145,960
19,2023-11-28,2026,960
19,2023-11-29,1926,960
19,2023-11-30,1802,945
19,2023-12-01,1664,945
19,2023-12-02,1564,945
19,2023-12-03,1506,945
19,2023-12-04,1381,945
19,2023-12-05,2707,945
19,2023-12-06,2586,945
19,2023-12-07,2426,945
19,2023-12-08,2317,945
19,2023-12-09,2202,945
19,2023-12-10,2143,945
19,2023-12-11,2013,945
19,2023-12-12,1913,945
19,2023-12-13,1800,945
19,2023-12-14,1670,945
19,2023-12-15,1551,945
19,2023-12-16,1439,945
19,2023-12-17,1373,945
19,2023-12-18,2719,945
19,2023-12-19,2601,945
19,2023-12-20,2463,945
19,2023-12-21,2322,945
19,2023-12-22,2209,945
19,2023-12-23,2125,945
19,2023-12-24,2082,945
19,2023-12-25,1964,945
19,2023-12-26,1820,945
19,2023-12-27,1693,945
19,2023-12-28,1539,945
19,2023-12-29,1433,945
19,2023-12-30,1335,1091
19,2023-12-31,2710,1091
19,2024-01-01,2596,1091
19,2024-01-02,2491,1091
19,2024-01-03,2326,1091
19,2024-01-04,2190,1091
19,2024-01-05,2051,1091
19,2024-01-06,1944,1091
19,2024-01-07,1880,1091
19,2024-01-08,1743,1091
19,2024-01-09,1646,1091
19,2024-01-10,3177,1091
19,2024-01-11,3051,1091
19,2024-01-12,2926,1091
19,2024-01-13,2819,1091
19,2024-01-14,2754,1091
19,2024-01-15,2622,1091
19,2024-01-16,2482,1091
19,2024-01-17,2354,1091
19,2024-01-18,2214,1091
19,2024-01-19,2088,1091
19,2024-01-20,1962,1091
19,2024-01-21,1912,1091
19,2024-01-22,1785,1091
19,2024-01-23,1666,1091
19,2024-01-24,1538,1091
19,2024-01-25,1417,1091
19,2024-01-26,1293,1091
19,2024-01-27,2773,1091
19,2024-01-28,2707,1091
19,2024-01-29,2605,1141
19,2024-01-30,2453,1141
19,2024-01-31,2308,1141
19,2024-02-01,2204,1141
19,2024-02-02,2060,1141
19,2024-02-03,1954,1141
19,2024-02-04,1885,1141
19,2024-02-05,1738,1141
19,2024-02-06,1637,1141
19,2024-02-07,3339,1141
19,2024-02-08,3212,1141
19,2024-02-09,3097,1141
19,2024-02-10,2995,1141
19,2024-02-11,2903,1141
19,2024-02-12,2789,1141
19,2024-02-13,2648,1141
19,2024-02-14,2486,1141
19,2024-02-15,2323,1141
19,2024-02-16,2196,1141
19,2024-02-17,2080,1141
19,2024-02-18,2004,1141
19,2024-02-19,1876,1141
19,2024-02-20,1760,1141
19,2024-02-21,1646,1141
19,2024-02-22,3296,1141
19,2024-02-23,3177,1141
19,2024-02-24,3109,1141
19,2024-02-25,3052,1141
19,2024-02-26,2915,1141
19,2024-02-27,2766,1141
19,2024-02-28,2665,1160
19,2024-02-29,2521,1160
19,2024-03-01,2384,1160
19,2024-03-02,2270,1160
19,2024-03-03,2226,1160
19,2024-03-04,2118,1160
19,2024-03-05,2014,1160
19,2024-03-06,1867,1160
19,2024-03-07,1744,1160
19,2024-03-08,1625,1160
19,2024-03-09,3332,1160
19,2024-03-10,3238,1160
19,2024-03-11,3128,1160
19,2024-03-12,3031,1160
19,2024-03-13,2876,1160
19,2024-03-14,2725,1160
19,2024-03-15,2598,1160
19,2024-03-16,2495,1160
19,2024-03-17,2414,1160
19,2024-03-18,2322,1160
19,2024-03-19,2198,1160
19,2024-03-20,2089,1160
19,2024-03-21,1938,1160
19,2024-03-22,1801,1160
19,2024-03-23,1683,1160
19,2024-03-24,1616,1160
19,2024-03-25,1433,1160
19,2024-03-26,1315,1160
19,2024-03-27,3079,1160
19,2024-03-28,2928,1160
19,2024-03-29,2782,1176
19,2024-03-30,2701,1176
19,2024-03-31,2639,1176
19,2024-04-01,2567,1176
19,2024-04-02,2462,1176
19,2024-04-03,2356,1176
19,2024-04-04,2252,1176
19,2024-04-05,2154,1176
19,2024-04-06,2069,1176
19,2024-04-07,2012,1176
19,2024-04-08,1922,1176
19,2024-04-09,1790,1176
19,2024-04-10,1663,1176
19,2024-04-11,1566,1176
19,2024-04-12,1457,1176
19,2024-04-13,3172,1176
19,2024-04-14,3125,1176
19,2024-04-15,3017,1176
19,2024-04-16,2919,1176
19,2024-04-17,2820,1176
19,2024-04-18,2724,1176
19,2024-04-19,2604,1176
19,2024-04-20,2508,1176
19,2024-04-21,2444,1176
19,2024-04-22,2323,1176
19,2024-04-23,2230,1176
19,2024-04-24,2132,1176
19,2024-04-25,2031,1176
19,2024-04-26,1908,1176
19,2024-04-27,1806,1176
19,2024-04-28,1761,1080
19,2024-04-29,1651,1080
19,2024-04-30,3405,1080
19,2024-05-01,3270,1080
19,2024-05-02,3189,1080
19,2024-05-03,3083,1080
19,2024-05-04,3014,1080
19,2024-05-05,2964,1080
19,2024-05-06,2880,1080
19,2024-05-07,2787,1080
19,2024-05-08,2665,1080
19,2024-05-09,2570,1080
19,2024-05-10,2459,1080
19,2024-05-11,2394,1080
19,2024-05-12,2369,1080
19,2024-05-13,2284,1080
19,2024-05-14,2213,1080
19,2024-05-15,2090,1080
19,2024-05-16,1991,1080
19,2024-05-17,1902,1080
19,2024-05-18,1810,1080
19,2024-05-19,1763,1080
19,2024-05-20,1683,1080
19,2024-05-21,3259,1080
19,2024-05-22,3171,1080
19,2024-05-23,3099,1080
19,2024-05-24,3037,1080
19,2024-05-25,2982,1080
19,2024-05-26,2958,1080
19,2024-05-27,2878,1080
19,2024-05-28,2788,896
19,2024-05-29,2710,896
19,2024-05-30,2607,896
19,2024-05-31,2520,896
19,2024-06-01,2439,896
19,2024-06-02,2411,896
19,2024-06-03,2324,896
19,2024-06-04,2245,896
19,2024-06-05,2181,896
19,2024-06-06,2091,896
19,2024-06-07,1991,896
19,2024-06-08,1929,896
19,2024-06-09,1900,896
19,2024-06-10,1801,896
19,2024-06-11,1728,896
19,2024-06-12,1664,896
19,2024-06-13,1602,896
19,2024-06-14,1529,896
19,2024-06-15,1454,896
19,2024-06-16,1399,896
19,2024-06-17,1327,896
19,2024-06-18,1253,896
19,2024-06-19,2534,896
19,2024-06-20,2470,896
19,2024-06-21,2401,896
19,2024-06-22,2333,896
19,2024-06-23,2289,896
19,2024-06-24,2221,896
19,2024-06-25,2145,896
19,2024-06-26,2047,896
19,2024-06-27,1936,771
19,2024-06-28,1852,771
19,2024-06-29,1778,771
19,2024-06-30,1745,771
19,2024-07-01,1671,771
19,2024-07-02,1608,771
19,2024-07-03,1531,771
19,2024-07-04,1459,771
19,2024-07-05,1378,771
19,2024-07-06,1314,771
19,2024-07-07,1279,771
19,2024-07-08,1196,771
19,2024-07-09,2302,771
19,2024-07-10,2212,771
19,2024-07-11,2114,771
19,2024-07-12,2040,771
19,2024-07-13,1984,771
19,2024-07-14,1941,771
19,2024-07-15,1866,771
19,2024-07-16,1786,771
19,2024-07-17,1714,771
19,2024-07-18,1635,771
19,2024-07-19,1560,771
19,2024-07-20,1487,771
19,2024-07-21,1452,771
19,2024-07-22,1373,771
19,2024-07-23,1308,771
19,2024-07-24,1227,771
19,2024-07-25,1138,771
19,2024-07-26,2242,771
19,2024-07-27,2182,722
19,2024-07-28,2132,722
19,2024-07-29,2019,722
19,2024-07-30,1946,722
19,2024-07-31,1871,722
19,2024-08-01,1788,722
19,2024-08-02,1711,722
19,2024-08-03,1646,722
19,2024-08-04,1606,722
19,2024-08-05,1537,722
19,2024-08-06,1461,722
19,2024-08-07,1388,722
19,2024-08-08,1318,722
19,2024-08-09,1260,722
19,2024-08-10,1193,722
19,2024-08-11,1167,722
19,2024-08-12,1063,722
19,2024-08-13,1002,722
19,2024-08-14,913,722
19,2024-08-15,855,722
19,2024-08-16,1927,722
19,2024-08-17,1837,722
19,2024-08-18,1792,722
19,2024-08-19,1728,722
19,2024-08-20,1620,722
19,2024-08-21,1534,722
19,2024-08-22,1455,722
19,2024-08-23,1399,722
19,2024-08-24,1342,722
19,2024-08-25,1292,722
19,2024-08-26,1212,703
19,2024-08-27,1135,703
19,2024-08-28,1038,703
19,2024-08-29,947,703
19,2024-08-30,871,703
19,2024-08-31,791,703
19,2024-09-01,1828,703
19,2024-09-02,1730,703
19,2024-09-03,1637,703
19,2024-09-04,1551,703
19,2024-09-05,1451,703
19,2024-09-06,1375,703
19,2024-09-07,1294,703
19,2024-09-08,1245,703
19,2024-09-09,1149,703
19,2024-09-10,1067,703
19,2024-09-11,990,703
19,2024-09-12,878,703
19,2024-09-13,770,703
19,2024-09-14,693,703
19,2024-09-15,1735,703
19,2024-09-16,1619,703
19,2024-09-17,1523,703
19,2024-09-18,1435,703
19,2024-09-19,1346,703
19,2024-09-20,1267,703
19,2024-09-21,1213,703
19,2024-09-22,1171,703
19,2024-09-23,1088,703
19,2024-09-24,1025,703
19,2024-09-25,940,752
19,2024-09-26,856,752
19,2024-09-27,782,752
19,2024-09-28,1825,752
19,2024-09-29,1784,752
19,2024-09-30,1697,752
19,2024-10-01,1587,752
19,2024-10-02,1478,752
19,2024-10-03,1373,752
19,2024-10-04,1279,752
19,2024-10-05,1202,752
19,2024-10-06,1149,752
19,2024-10-07,1013,752
19,2024-10-08,2091,752
19,2024-10-09,1993,752
19,2024-10-10,1917,752
19,2024-10-11,1807,752
19,2024-10-12,1728,752
19,2024-10-13,1660,752
19,2024-10-14,1558,752
19,2024-10-15,1436,752
19,2024-10-16,1348,752
19,2024-10-17,1227,752
19,2024-10-18,1102,752
19,2024-10-19,1028,752
19,2024-10-20,987,752
19,2024-10-21,1978,752
19,2024-10-22,1861,752
19,2024-10-23,1744,752
19,2024-10-24,1648,752
19,2024-10-25,1527,876
19,2024-10-26,1424,876
19,2024-10-27,1362,876
19,2024-10-28,1267,876
19,2024-10-29,1169,876
19,2024-10-30,1072,876
19,2024-10-31,2340,876
19,2024-11-01,2247,876
19,2024-11-02,2127,876
19,2024-11-03,2067,876
19,2024-11-04,1961,876
19,2024-11-05,1841,876
19,2024-11-06,1749,876
19,2024-11-07,1620,876
19,2024-11-08,1524,876
19,2024-11-09,1426,876
19,2024-11-10,1382,876
19,2024-11-11,1256,876
19,2024-11-12,1140,876
19,2024-11-13,1038,876
19,2024-11-14,2265,876
19,2024-11-15,2183,876
19,2024-11-16,2097,876
19,2024-11-17,2060,876
19,2024-11-18,1948,876
19,2024-11-19,1852,876
19,2024-11-20,1753,876
19,2024-11-21,1656,876
19,2024-11-22,1547,876
19,2024-11-23,1454,876
19,2024-11-24,1397,958
19,2024-11-25,1284,958
19,2024-11-26,2529,958
19,2024-11-27,2431,958
19,2024-11-28,2289,958
19,2024-11-29,2213,958
19,2024-11-30,2094,958
19,2024-12-01,2040,958
19,2024-12-02,1930,958
19,2024-12-03,1810,958
19,2024-12-04,1680,958
19,2024-12-05,1531,958
19,2024-12-06,1388,958
19,2024-12-07,1259,958
19,2024-12-08,1207,958
19,2024-12-09,2569,958
19,2024-12-10,2459,958
19,2024-12-11,2337,958
19,2024-12-12,2227,958
19,2024-12-13,2111,958
19,2024-12-14,2011,958
19,2024-12-15,1943,958
19,2024-12-16,1817,958
19,2024-12-17,1661,958
19,2024-12-18,1555,958
19,2024-12-19,1421,958
19,2024-12-20,1282,958
19,2024-12-21,1169,958
19,2024-12-22,1115,958
19,2024-12-23,991,958
19,2024-12-24,2376,1036
19,2024-12-25,2273,1036
19,2024-12-26,2144,1036
19,2024-12-27,2046,1036
19,2024-12-28,1902,1036
19,2024-12-29,1828,1036
19,2024-12-30,1710,1036
19,2024-12-31,1569,1036
19,2025-01-01,1389,1036
19,2025-01-02,1236,1036
19,2025-01-03,1114,1036
19,2025-01-04,2587,1036
19,2025-01-05,2508,1036
19,2025-01-06,2387,1036
19,2025-01-07,2276,1036
19,2025-01-08,2152,1036
19,2025-01-09,2018,1036
19,2025-01-10,1852,1036
19,2025-01-11,1739,1036
19,2025-01-12,1689,1036
19,2025-01-13,1571,1036
19,2025-01-14,2982,1036
19,2025-01-15,2906,1036
19,2025-01-16,2772,1036
19,2025-01-17,2647,1036
19,2025-01-18,2540,1036
19,2025-01-19,2488,1036
19,2025-01-20,2344,1036
19,2025-01-21,2200,1036
19,2025-01-22,2063,1036
19,2025-01-23,1977,1146
19,2025-01-24,1884,1146
19,2025-01-25,1782,1146
19,2025-01-26,1710,1146
19,2025-01-27,1616,1146
19,2025-01-28,1478,1146
19,2025-01-29,3107,1146
19,2025-01-30,3017,1146
19,2025-01-31,2886,1146
19,2025-02-01,2778,1146
19,2025-02-02,2714,1146
19,2025-02-03,2560,1146
19,2025-02-04,2446,1146
19,2025-02-05,2332,1146
19,2025-02-06,2210,1146
19,2025-02-07,2076,1146
19,2025-02-08,1944,1146
19,2025-02-09,1881,1146
19,2025-02-10,1717,1146
19,2025-02-11,1590,1146
19,2025-02-12,1484,1146
19,2025-02-13,1344,1146
19,2025-02-14,3025,1146
19,2025-02-15,2914,1146
19,2025-02-16,2846,1146
19,2025-02-17,2703,1146
19,2025-02-18,2587,1146
19,2025-02-19,2476,1146
19,2025-02-20,2332,1146
19,2025-02-21,2227,1146
19,2025-02-22,2128,1178
19,2025-02-23,2064,1178
19,2025-02-24,1970,1178
19,2025-02-25,1851,1178
19,2025-02-26,1710,1178
19,2025-02-27,1587,1178
19,2025-02-28,3301,1178
19,2025-03-01,3176,1178
19,2025-03-02,3121,1178
19,2025-03-03,2997,1178
19,2025-03-04,2847,1178
19,2025-03-05,2752,1178
19,2025-03-06,2626,1178
19,2025-03-07,2504,1178
19,2025-03-08,2417,1178
19,2025-03-09,2358,1178
19,2025-03-10,2288,1178
19,2025-03-11,2146,1178
19,2025-03-12,2009,1178
19,2025-03-13,1906,1178
19,2025-03-14,1799,1178
19,2025-03-15,1681,1178
19,2025-03-16,1617,1178
19,2025-03-17,1537,1178
19,2025-03-18,3304,1178
19,2025-03-19,3181,1178
19,2025-03-20,3065,1178
19,2025-03-21,2949,1178
19,2025-03-22,2828,1178
19,2025-03-23,2773,1178
19,2025-03-24,2659,1106
19,2025-03-25,2511,1106
19,2025-03-26,2378,1106
19,2025-03-27,2263,1106
19,2025-03-28,2140,1106
19,2025-03-29,2029,1106
19,2025-03-30,1959,1106
19,2025-03-31,1825,1106
19,2025-04-01,1698,1106
19,2025-04-02,1600,1106
19,2025-04-03,1492,1106
19,2025-04-04,1395,1106
19,2025-04-05,1314,1106
19,2025-04-06,2954,1106
19,2025-04-07,2857,1106
19,2025-04-08,2771,1106
19,2025-04-09,2660,1106
19,2025-04-10,2570,1106
19,2025-04-11,2491,1106
19,2025-04-12,2404,1106
19,2025-04-13,2351,1106
19,2025-04-14,2260,1106
19,2025-04-15,2171,1106
19,2025-04-16,2047,1106
19,2025-04-17,1950,1106
19,2025-04-18,1834,1106
19,2025-04-19,1748,1106
19,2025-04-20,1705,1106
19,2025-04-21,3318,1106
19,2025-04-22,3233,1106
19,2025-04-23,3135,1015
19,2025-04-24,2995,1015
19,2025-04-25,2896,1015
19,2025-04-26,2797,1015
19,2025-04-27,2745,1015
19,2025-04-28,2622,1015
19,2025-04-29,2522,1015
19,2025-04-30,2418,1015
19,2025-05-01,2311,1015
19,2025-05-02,2219,1015
19,2025-05-03,2127,1015
19,2025-05-04,2086,1015
19,2025-05-05,2006,1015
19,2025-05-06,1890,1015
19,2025-05-07,1799,1015
19,2025-05-08,1739,1015
19,2025-05-09,1659,1015
19,2025-05-10,1587,1015
19,2025-05-11,1551,1015
19,2025-05-12,1460,1015
19,2025-05-13,2909,1015
19,2025-05-14,2808,1015
19,2025-05-15,2698,1015
19,2025-05-16,2609,1015
19,2025-05-17,2538,1015
19,2025-05-18,2503,1015
19,2025-05-19,2406,1015
19,2025-05-20,2321,1015
19,2025-05-21,2245,1015
19,2025-05-22,2158,1015
19,2025-05-23,2070,926
19,2025-05-24,1992,926
19,2025-05-25,1944,926
19,2025-05-26,1836,926
19,2025-05-27,1741,926
19,2025-05-28,1654,926
19,2025-05-29,1565,926
19,2025-05-30,1465,926
19,2025-05-31,1386,926
19,2025-06-01,1341,926
19,2025-06-02,1263,926
19,2025-06-03,1179,926
19,2025-06-04,2518,926
19,2025-06-05,2443,926
19,2025-06-06,2369,926
19,2025-06-07,2301,926
19,2025-06-08,2267,926
19,2025-06-09,2202,926
19,2025-06-10,2118,926
19,2025-06-11,2025,926
19,2025-06-12,1948,926
19,2025-06-13,1899,926
19,2025-06-14,1830,926
19,2025-06-15,1794,926
19,2025-06-16,1699,926
19,2025-06-17,1598,926
19,2025-06-18,1534,926
19,2025-06-19,1459,926
19,2025-06-20,1375,926
19,2025-06-21,1312,926
19,2025-06-22,2737,813
19,2025-06-23,2664,813
19,2025-06-24,2575,813
19,2025-06-25,2478,813
19,2025-06-26,2413,813
19,2025-06-27,2348,813
19,2025-06-28,2279,813
19,2025-06-29,2252,813
19,2025-06-30,2173,813
19,2025-07-01,2080,813
19,2025-07-02,2003,813
19,2025-07-03,1947,813
19,2025-07-04,1858,813
19,2025-07-05,1807,813
19,2025-07-06,1777,813
19,2025-07-07,1705,813
19,2025-07-08,1639,813
19,2025-07-09,1566,813
19,2025-07-10,1486,813
19,2025-07-11,1412,813
19,2025-07-12,1337,813
19,2025-07-13,1313,813
19,2025-07-14,1249,813
19,2025-07-15,1150,813
19,2025-07-16,2352,813
19,2025-07-17,2278,813
19,2025-07-18,2200,813
19,2025-07-19,2146,813
19,2025-07-20,2114,813
19,2025-07-21,2022,813
19,2025-07-22,1943,712
19,2025-07-23,1870,712
19,2025-07-24,1806,712
19,2025-07-25,1749,712
19,2025-07-26,1682,712
19,2025-07-27,1655,712
19,2025-07-28,1586,712
19,2025-07-29,1489,712
19,2025-07-30,1419,712
19,2025-07-31,1339,712
19,2025-08-01,1265,712
19,2025-08-02,1184,712
19,2025-08-03,1137,712
19,2025-08-04,1052,712
19,2025-08-05,2063,712
19,2025-08-06,1990,712
19,2025-08-07,1924,712
19,2025-08-08,1873,712
19,2025-08-09,1816,712
19,2025-08-10,1786,712
19,2025-08-11,1703,712
19,2025-08-12,1636,712
19,2025-08-13,1564,712
19,2025-08-14,1488,712
19,2025-08-15,1419,712
19,2025-08-16,1331,712
19,2025-08-17,1303,712
19,2025-08-18,1236,712
19,2025-08-19,1169,712
19,2025-08-20,1113,712
19,2025-08-21,1048,669
19,2025-08-22,982,669
19,2025-08-23,2027,669
19,2025-08-24,1994,669
19,2025-08-25,1905,669
19,2025-08-26,1796,669
19,2025-08-27,1712,669
19,2025-08-28,1655,669
19,2025-08-29,1599,669
19,2025-08-30,1515,669
19,2025-08-31,1480,669
19,2025-09-01,1413,669
19,2025-09-02,1308,669
19,2025-09-03,1191,669
19,2025-09-04,1090,669
19,2025-09-05,996,669
19,2025-09-06,919,669
19,2025-09-07,870,669
19,2025-09-08,789,669
19,2025-09-09,627,669
19,2025-09-10,1526,669
19,2025-09-11,1414,669
19,2025-09-12,1343,669
19,2025-09-13,1268,669
19,2025-09-14,1243,669
19,2025-09-15,1153,669
19,2025-09-16,1059,669
19,2025-09-17,954,669
19,2025-09-18,864,669
19,2025-09-19,772,669
19,2025-09-20,704,744
19,2025-09-21,1708,744
19,2025-09-22,1626,744
19,2025-09-23,1554,744
19,2025-09-24,1427,744
19,2025-09-25,1355,744
19,2025-09-26,1267,744
19,2025-09-27,1199,744
19,2025-09-28,1154,744
19,2025-09-29,1082,744
19,2025-09-30,1007,744
19,2025-10-01,925,744
19,2025-10-02,848,744
19,2025-10-03,1956,744
19,2025-10-04,1876,744
19,2025-10-05,1831,744
19,2025-10-06,1729,744
19,2025-10-07,1646,744
19,2025-10-08,1569,744
19,2025-10-09,1486,744
19,2025-10-10,1392,744
19,2025-10-11,1312,744
19,2025-10-12,1255,744
19,2025-10-13,1179,744
19,2025-10-14,1086,744
19,2025-10-15,990,744
19,2025-10-16,894,744
19,2025-10-17,809,744
19,2025-10-18,1879,744
19,2025-10-19,1835,744
19,2025-10-20,1707,800
19,2025-10-21,1617,800
19,2025-10-22,1513,800
19,2025-10-23,1422,800
19,2025-10-24,1323,800
19,2025-10-25,1250,800
19,2025-10-26,1195,800
19,2025-10-27,1088,800
19,2025-10-28,970,800
19,2025-10-29,875,800
19,2025-10-30,1997,800
19,2025-10-31,1902,800
19,2025-11-01,1797,800
19,2025-11-02,1754,800
19,2025-11-03,1662,800
19,2025-11-04,1560,800
19,2025-11-05,1454,800
19,2025-11-06,1368,800
19,2025-11-07,1290,800
19,2025-11-08,1208,800
19,2025-11-09,1158,800
19,2025-11-10,2325,800
19,2025-11-11,2210,800
19,2025-11-12,2134,800
19,2025-11-13,2016,800
19,2025-11-14,1902,800
19,2025-11-15,1820,800
19,2025-11-16,1765,800
19,2025-11-17,1662,800
19,2025-11-18,1581,800
19,2025-11-19,1459,845
19,2025-11-20,1363,845
19,2025-11-21,1262,845
19,2025-11-22,1167,845
19,2025-11-23,2460,845
19,2025-11-24,2364,845
19,2025-11-25,2253,845
19,2025-11-26,2150,845
19,2025-11-27,2063,845
19,2025-11-28,1958,845
19,2025-11-29,1870,845
19,2025-11-30,1815,845
19,2025-12-01,1656,845
19,2025-12-02,1540,845
19,2025-12-03,1423,845
19,2025-12-04,1309,845
19,2025-12-05,1192,845
19,2025-12-06,1069,845
19,2025-12-07,1009,845
19,2025-12-08,2262,845
19,2025-12-09,2160,845
19,2025-12-10,2038,845
19,2025-12-11,1910,845
19,2025-12-12,1805,845
19,2025-12-13,1696,845
19,2025-12-14,1643,845
19,2025-12-15,1525,845
19,2025-12-16,1429,845
19,2025-12-17,1278,845
19,2025-12-18,1152,845
19,2025-12-19,1019,978
19,2025-12-20,931,978
19,2025-12-21,863,978
19,2025-12-22,738,978
19,2025-12-23,1959,978
19,2025-12-24,1834,978
19,2025-12-25,1709,978
19,2025-12-26,1566,978
19,2025-12-27,1474,978
19,2025-12-28,1410,978
19,2025-12-29,2786,978
19,2025-12-30,2679,978
19,2025-12-31,2516,978
19,2026-01-01,2400,978
19,2026-01-02,2268,978
19,2026-01-03,2167,978
19,2026-01-04,2101,978
19,2026-01-05,1993,978
19,2026-01-06,1853,978
19,2026-01-07,1718,978
19,2026-01-08,1570,978
19,2026-01-09,1431,978
19,2026-01-10,1340,978
19,2026-01-11,1257,978
19,2026-01-12,2650,978
19,2026-01-13,2546,978
19,2026-01-14,2407,978
19,2026-01-15,2238,978
19,2026-01-16,2089,978
19,2026-01-17,1975,978
19,2026-01-18,1911,1115
19,2026-01-19,1787,1115
19,2026-01-20,1657,1115
19,2026-01-21,1530,1115
19,2026-01-22,1407,1115
19,2026-01-23,1278,1115
19,2026-01-24,1193,1115
19,2026-01-25,2897,1115
19,2026-01-26,2764,1115
19,2026-01-27,2610,1115
19,2026-01-28,2486,1115
19,2026-01-29,2387,1115
19,2026-01-30,2240,1115
19,2026-01-31,2140,1115
19,2026-02-01,2080,1115
19,2026-02-02,1975,1115
19,2026-02-03,1865,1115
19,2026-02-04,1734,1115
19,2026-02-05,1583,1115
19,2026-02-06,1469,1115
19,2026-02-07,1376,1115
19,2026-02-08,1302,1115
19,2026-02-09,2889,1115
19,2026-02-10,2702,1115
19,2026-02-11,2568,1115
19,2026-02-12,2458,1115
19,2026-02-13,2295,1115
19,2026-02-14,2182,1115
19,2026-02-15,2122,1115
19,2026-02-16,1976,1115
19,2026-02-17,1847,1173
19,2026-02-18,1725,1173
19,2026-02-19,1588,1173
19,2026-02-20,1462,1173
19,2026-02-21,1356,1173
19,2026-02-22,2994,1173
19,2026-02-23,2841,1173
19,2026-02-24,2705,1173
19,2026-02-25,2586,1173
19,2026-02-26,2459,1173
19,2026-02-27,2335,1173
19,2026-02-28,2252,1173
19,2026-03-01,2192,1173
19,2026-03-02,2067,1173
19,2026-03-03,1921,1173
19,2026-03-04,1796,1173
19,2026-03-05,1670,1173
19,2026-03-06,1563,1173
19,2026-03-07,1462,1173
19,2026-03-08,1403,1173
19,2026-03-09,3099,1173
19,2026-03-10,2992,1173
19,2026-03-11,2875,1173
19,2026-03-12,2728,1173
19,2026-03-13,2603,1173
19,2026-03-14,2516,1173
19,2026-03-15,2475,1173
19,2026-03-16,2379,1173
19,2026-03-17,2272,1173
19,2026-03-18,2166,1173
19,2026-03-19,2052,1132
19,2026-03-20,1944,1132
19,2026-03-21,1841,1132
19,2026-03-22,1763,1132
19,2026-03-23,1643,1132
19,2026-03-24,1511,1132
19,2026-03-25,1410,1132
19,2026-03-26,3092,1132
19,2026-03-27,2961,1132
19,2026-03-28,2848,1132
19,2026-03-29,2789,1132
19,2026-03-30,2692,1132
19,2026-03-31,2548,1132
19,2026-04-01,2438,1132
19,2026-04-02,2339,1132
19,2026-04-03,2250,1132
19,2026-04-04,2161,1132
19,2026-04-05,2108,1132
19,2026-04-06,2002,1132
19,2026-04-07,1908,1132
19,2026-04-08,1811,1132
19,2026-04-09,1730,1132
19,2026-04-10,1625,1132
19,2026-04-11,1561,1132
19,2026-04-12,1509,1132
19,2026-04-13,3139,1132
19,2026-04-14,3050,1132
19,2026-04-15,2938,1132
19,2026-04-16,2837,1132
19,2026-04-17,2727,1132
19,2026-04-18,2644,1047
19,2026-04-19,2583,1047
19,2026-04-20,2488,1047
19,2026-04-21,2388,1047
19,2026-04-22,2295,1047
19,2026-04-23,2198,1047
19,2026-04-24,2087,1047
19,2026-04-25,1999,1047
19,2026-04-26,1946,1047
19,2026-04-27,1835,1047
19,2026-04-28,1715,1047
19,2026-04-29,1608,1047
19,2026-04-30,1473,1047
19,2026-05-01,2997,1047
19,2026-05-02,2941,1047
19,2026-05-03,2896,1047
19,2026-05-04,2802,1047
19,2026-05-05,2726,1047
19,2026-05-06,2651,1047
19,2026-05-07,2562,1047
19,2026-05-08,2460,1047
19,2026-05-09,2378,1047
19,2026-05-10,2335,1047
19,2026-05-11,2248,1047
19,2026-05-12,2138,1047
19,2026-05-13,2041,1047
19,2026-05-14,1957,1047
19,2026-05-15,1868,1047
19,2026-05-16,1773,1047
19,2026-05-17,1731,1047
19,2026-05-18,1637,930
19,2026-05-19,1562,930
19,2026-05-20,1446,930
19,2026-05-21,1379,930
19,2026-05-22,2875,930
19,2026-05-23,2821,930
19,2026-05-24,2782,930
19,2026-05-25,2700,930
19,2026-05-26,2593,930
19,2026-05-27,2513,930
19,2026-05-28,2408,930
19,2026-05-29,2339,930
19,2026-05-30,2265,930
19,2026-05-31,2222,930
19,2026-06-01,2142,930
19,2026-06-02,2063,930
19,2026-06-03,1998,930
19,2026-06-04,1922,930
19,2026-06-05,1822,930
19,2026-06-06,1760,930
19,2026-06-07,1736,930
19,2026-06-08,1661,930
19,2026-06-09,1585,930
19,2026-06-10,1521,930
19,2026-06-11,1441,930
19,2026-06-12,1382,930
19,2026-06-13,1319,930
19,2026-06-14,1281,930
19,2026-06-15,2597,930
19,2026-06-16,2533,930
19,2026-06-17,2458,802
19,2026-06-18,2388,802
19,2026-06-19,2315,802
19,2026-06-20,2233,802
19,2026-06-21,2207,802
19,2026-06-22,2140,802
19,2026-06-23,2074,802
19,2026-06-24,1987,802
19,2026-06-25,1909,802
19,2026-06-26,1820,802
19,2026-06-27,1748,802
19,2026-06-28,1700,802
19,2026-06-29,1639,802
19,2026-06-30,1558,802
19,2026-07-01,1489,802
19,2026-07-02,1408,802
19,2026-07-03,1346,802
19,2026-07-04,1285,802
19,2026-07-05,1256,802
19,2026-07-06,1176,802
19,2026-07-07,2337,802
19,2026-07-08,2266,802
19,2026-07-09,2211,802
19,2026-07-10,2133,802
19,2026-07-11,2076,802
19,2026-07-12,2047,802
19,2026-07-13,1974,802
19,2026-07-14,1912,802
19,2026-07-15,1844,802
19,2026-07-16,1782,802
19,2026-07-17,1701,698
19,2026-07-18,1647,698
19,2026-07-19,1618,698
19,2026-07-20,1545,698
19,2026-07-21,1477,698
19,2026-07-22,1425,698
19,2026-07-23,1366,698
19,2026-07-24,1278,698
19,2026-07-25,1239,698
19,2026-07-26,1197,698
19,2026-07-27,1147,698
19,2026-07-28,1067,698
19,2026-07-29,2058,698
19,2026-07-30,1991,698
19,2026-07-31,1934,698
19,2026-08-01,1879,698
19,2026-08-02,1842,698
19,2026-08-03,1775,698
19,2026-08-04,1686,698
19,2026-08-05,1587,698
19,2026-08-06,1508,698
19,2026-08-07,1414,698
19,2026-08-08,1318,698
19,2026-08-09,1285,698
19,2026-08-10,1217,698
19,2026-08-11,1134,698
19,2026-08-12,1059,698
19,2026-08-13,988,698
19,2026-08-14,883,698
19,2026-08-15,1911,698
19,2026-08-16,1883,669
19,2026-08-17,1808,669
19,2026-08-18,1733,669
19,2026-08-19,1649,669
19,2026-08-20,1592,669
19,2026-08-21,1532,669
19,2026-08-22,1461,669
19,2026-08-23,1415,669
19,2026-08-24,1331,669
19,2026-08-25,1244,669
19,2026-08-26,1157,669
19,2026-08-27,1078,669
19,2026-08-28,987,669
19,2026-08-29,916,669
19,2026-08-30,1931,669
19,2026-08-31,1872,669
19,2026-09-01,1781,669
19,2026-09-02,1701,669
19,2026-09-03,1642,669
19,2026-09-04,1542,669
19,2026-09-05,1486,669
19,2026-09-06,1446,669
19,2026-09-07,1368,669
19,2026-09-08,1292,669
19,2026-09-09,1199,669
19,2026-09-10,1121,669
19,2026-09-11,1032,669
19,2026-09-12,967,669
19,2026-09-13,932,669
19,2026-09-14,1872,669
19,2026-09-15,1780,687
19,2026-09-16,1678,687
19,2026-09-17,1574,687
19,2026-09-18,1506,687
19,2026-09-19,1418,687
19,2026-09-20,1370,687
19,2026-09-21,1284,687
19,2026-09-22,1197,687
19,2026-09-23,1116,687
19,2026-09-24,1057,687
19,2026-09-25,967,687
19,2026-09-26,903,687
19,2026-09-27,864,687
19,2026-09-28,772,687
19,2026-09-29,1759,687
19,2026-09-30,1670,687
20,2023-10-01,1048,323
20,2023-10-02,1021,323
20,2023-10-03,989,323
20,2023-10-04,961,323
20,2023-10-05,920,323
20,2023-10-06,885,323
20,2023-10-07,861,323
20,2023-10-08,846,323
20,2023-10-09,801,323
20,2023-10-10,771,323
20,2023-10-11,738,323
20,2023-10-12,705,323
20,2023-10-13,672,323
20,2023-10-14,651,323
20,2023-10-15,625,323
20,2023-10-16,584,323
20,2023-10-17,547,323
20,2023-10-18,516,323
20,2023-10-19,484,323
20,2023-10-20,448,323
20,2023-10-21,422,323
20,2023-10-22,401,323
20,2023-10-23,879,323
20,2023-10-24,851,323
20,2023-10-25,819,323
20,2023-10-26,779,323
20,2023-10-27,749,323
20,2023-10-28,722,323
20,2023-10-29,711,323
20,2023-10-30,669,323
20,2023-10-31,635,323
20,2023-11-01,590,323
20,2023-11-02,545,323
20,2023-11-03,519,323
20,2023-11-04,494,323
20,2023-11-05,480,323
20,2023-11-06,447,323
20,2023-11-07,919,323
20,2023-11-08,869,323
20,2023-11-09,826,323
20,2023-11-10,776,323
20,2023-11-11,740,323
20,2023-11-12,720,323
20,2023-11-13,681,323
20,2023-11-14,635,323
20,2023-11-15,586,323
20,2023-11-16,548,323
20,2023-11-17,506,323
20,2023-11-18,468,323
20,2023-11-19,449,323
20,2023-11-20,924,323
20,2023-11-21,877,323
20,2023-11-22,787,323
20,2023-11-23,751,323
20,2023-11-24,712,323
20,2023-11-25,686,323
20,2023-11-26,671,323
20,2023-11-27,646,323
20,2023-11-28,615,323
20,2023-11-29,566,323
20,2023-11-30,534,343
20,2023-12-01,501,343
20,2023-12-02,466,343
20,2023-12-03,442,343
20,2023-12-04,901,343
20,2023-12-05,850,343
20,2023-12-06,801,343
20,2023-12-07,751,343
20,2023-12-08,697,343
20,2023-12-09,670,343
20,2023-12-10,656,343
20,2023-12-11,606,343
20,2023-12-12,574,343
20,2023-12-13,524,343
20,2023-12-14,470,343
20,2023-12-15,961,343
20,2023-12-16,931,343
20,2023-12-17,914,343
20,2023-12-18,847,343
20,2023-12-19,799,343
20,2023-12-20,761,343
20,2023-12-21,698,343
20,2023-12-22,649,343
20,2023-12-23,620,343
20,2023-12-24,597,343
20,2023-12-25,552,343
20,2023-12-26,495,343
20,2023-12-27,454,343
20,2023-12-28,403,343
20,2023-12-29,906,343
20,2023-12-30,870,395
20,2023-12-31,854,395
20,2024-01-01,790,395
20,2024-01-02,738,395
20,2024-01-03,697,395
20,2024-01-04,659,395
20,2024-01-05,612,395
20,2024-01-06,571,395
20,2024-01-07,550,395
20,2024-01-08,521,395
20,2024-01-09,489,395
20,2024-01-10,1056,395
20,2024-01-11,993,395
20,2024-01-12,953,395
20,2024-01-13,904,395
20,2024-01-14,884,395
20,2024-01-15,845,395
20,2024-01-16,793,395
20,2024-01-17,761,395
20,2024-01-18,717,395
20,2024-01-19,671,395
20,2024-01-20,646,395
20,2024-01-21,616,395
20,2024-01-22,578,395
20,2024-01-23,521,395
20,2024-01-24,1113,395
20,2024-01-25,1071,395
20,2024-01-26,1032,395
20,2024-01-27,999,395
20,2024-01-28,984,395
20,2024-01-29,936,398
20,2024-01-30,877,398
20,2024-01-31,844,398
20,2024-02-01,804,398
20,2024-02-02,760,398
20,2024-02-03,713,398
20,2024-02-04,689,398
20,2024-02-05,648,398
20,2024-02-06,603,398
20,2024-02-07,554,398
20,2024-02-08,515,398
20,2024-02-09,1066,398
20,2024-02-10,1030,398
20,2024-02-11,1005,398
20,2024-02-12,952,398
20,2024-02-13,898,398
20,2024-02-14,847,398
20,2024-02-15,809,398
20,2024-02-16,750,398
20,2024-02-17,718,398
20,2024-02-18,706,398
20,2024-02-19,649,398
20,2024-02-20,601,398
20,2024-02-21,544,398
20,2024-02-22,495,398
20,2024-02-23,456,398
20,2024-02-24,1015,398
20,2024-02-25,995,398
20,2024-02-26,943,398
20,2024-02-27,888,398
20,2024-02-28,833,411
20,2024-02-29,792,411
20,2024-03-01,747,411
20,2024-03-02,702,411
20,2024-03-03,682,411
20,2024-03-04,639,411
20,2024-03-05,606,411
20,2024-03-06,572,411
20,2024-03-07,1182,411
20,2024-03-08,1145,411
20,2024-03-09,1107,411
20,2024-03-10,1075,411
20,2024-03-11,1043,411
20,2024-03-12,1000,411
20,2024-03-13,963,411
20,2024-03-14,924,411
20,2024-03-15,885,411
20,2024-03-16,850,411
20,2024-03-17,830,411
20,2024-03-18,780,411
20,2024-03-19,739,411
20,2024-03-20,666,411
20,2024-03-21,623,411
20,2024-03-22,565,411
20,2024-03-23,516,411
20,2024-03-24,1117,411
20,2024-03-25,1076,411
20,2024-03-26,1022,411
20,2024-03-27,980,411
20,2024-03-28,920,411
20,2024-03-29,881,424
20,2024-03-30,840,424
20,2024-03-31,822,424
20,2024-04-01,776,424
20,2024-04-02,744,424
20,2024-04-03,699,424
20,2024-04-04,644,424
20,2024-04-05,602,424
20,2024-04-06,577,424
20,2024-04-07,550,424
20,2024-04-08,516,424
20,2024-04-09,1128,424
20,2024-04-10,1081,424
20,2024-04-11,1040,424
20,2024-04-12,997,424
20,2024-04-13,980,424
20,2024-04-14,966,424
20,2024-04-15,922,424
20,2024-04-16,883,424
20,2024-04-17,834,424
20,2024-04-18,804,424
20,2024-04-19,745,424
20,2024-04-20,710,424
20,2024-04-21,691,424
20,2024-04-22,647,424
20,2024-04-23,606,424
20,2024-04-24,566,424
20,2024-04-25,520,424
20,2024-04-26,1146,424
20,2024-04-27,1124,424
20,2024-04-28,1101,391
20,2024-04-29,1063,391
20,2024-04-30,1026,391
20,2024-05-01,1001,391
20,2024-05-02,971,391
20,2024-05-03,938,391
20,2024-05-04,921,391
20,2024-05-05,908,391
20,2024-05-06,884,391
20,2024-05-07,845,391
20,2024-05-08,814,391
20,2024-05-09,789,391
20,2024-05-10,754,391
20,2024-05-11,729,391
20,2024-05-12,714,391
20,2024-05-13,686,391
20,2024-05-14,653,391
20,2024-05-15,624,391
20,2024-05-16,597,391
20,2024-05-17,1165,391
20,2024-05-18,1140,391
20,2024-05-19,1125,391
20,2024-05-20,1088,391
20,2024-05-21,1057,391
20,2024-05-22,1020,391
20,2024-05-23,977,391
20,2024-05-24,947,391
20,2024-05-25,920,391
20,2024-05-26,912,391
20,2024-05-27,883,391
20,2024-05-28,850,326
20,2024-05-29,814,326
20,2024-05-30,779,326
20,2024-05-31,744,326
20,2024-06-01,715,326
20,2024-06-02,692,326
20,2024-06-03,669,326
20,2024-06-04,645,326
20,2024-06-05,613,326
20,2024-06-06,582,326
20,2024-06-07,546,326
20,2024-06-08,513,326
20,2024-06-09,505,326
20,2024-06-10,469,326
20,2024-06-11,446,326
20,2024-06-12,424,326
20,2024-06-13,880,326
20,2024-06-14,846,326
20,2024-06-15,808,326
20,2024-06-16,796,326
20,2024-06-17,736,326
20,2024-06-18,704,326
20,2024-06-19,678,326
20,2024-06-20,652,326
20,2024-06-21,616,326
20,2024-06-22,594,326
20,2024-06-23,575,326
20,2024-06-24,542,326
20,2024-06-25,525,326
20,2024-06-26,489,326
20,2024-06-27,465,289
20,2024-06-28,433,289
20,2024-06-29,402,289
20,2024-06-30,890,289
20,2024-07-01,856,289
20,2024-07-02,825,289
20,2024-07-03,799,289
20,2024-07-04,774,289
20,2024-07-05,740,289
20,2024-07-06,713,289
20,2024-07-07,704,289
20,2024-07-08,655,289
20,2024-07-09,624,289
20,2024-07-10,601,289
20,2024-07-11,568,289
20,2024-07-12,536,289
20,2024-07-13,512,289
20,2024-07-14,500,289
20,2024-07-15,465,289
20,2024-07-16,424,289
20,2024-07-17,388,289
20,2024-07-18,360,289
20,2024-07-19,766,289
20,2024-07-20,734,289
20,2024-07-21,722,289
20,2024-07-22,696,289
20,2024-07-23,663,289
20,2024-07-24,637,289
20,2024-07-25,610,289
20,2024-07-26,566,289
20,2024-07-27,535,293
20,2024-07-28,517,293
20,2024-07-29,481,293
20,2024-07-30,448,293
20,2024-07-31,405,293
20,2024-08-01,382,293
20,2024-08-02,801,293
20,2024-08-03,780,293
20,2024-08-04,767,293
20,2024-08-05,725,293
20,2024-08-06,695,293
20,2024-08-07,664,293
20,2024-08-08,640,293
20,2024-08-09,615,293
20,2024-08-10,585,293
20,2024-08-11,573,293
20,2024-08-12,541,293
20,2024-08-13,510,293
20,2024-08-14,469,293
20,2024-08-15,438,293
20,2024-08-16,411,293
20,2024-08-17,845,293
20,2024-08-18,832,293
20,2024-08-19,814,293
20,2024-08-20,772,293
20,2024-08-21,752,293
20,2024-08-22,715,293
20,2024-08-23,686,293
20,2024-08-24,667,293
20,2024-08-25,656,293
20,2024-08-26,621,281
20,2024-08-27,591,281
20,2024-08-28,562,281
20,2024-08-29,522,281
20,2024-08-30,490,281
20,2024-08-31,465,281
20,2024-09-01,438,281
20,2024-09-02,414,281
20,2024-09-03,383,281
20,2024-09-04,790,281
20,2024-09-05,755,281
20,2024-09-06,717,281
20,2024-09-07,685,281
20,2024-09-08,667,281
20,2024-09-09,622,281
20,2024-09-10,589,281
20,2024-09-11,558,281
20,2024-09-12,514,281
20,2024-09-13,484,281
20,2024-09-14,456,281
20,2024-09-15,441,281
20,2024-09-16,411,281
20,2024-09-17,814,281
20,2024-09-18,782,281
20,2024-09-19,739,281
20,2024-09-20,712,281
20,2024-09-21,687,281
20,2024-09-22,673,281
20,2024-09-23,644,281
20,2024-09-24,610,281
20,2024-09-25,581,291
20,2024-09-26,550,291
20,2024-09-27,506,291
20,2024-09-28,478,291
20,2024-09-29,462,291
20,2024-09-30,425,291
20,2024-10-01,368,291
20,2024-10-02,295,291
20,2024-10-03,714,291
20,2024-10-04,676,291
20,2024-10-05,640,291
20,2024-10-06,626,291
20,2024-10-07,587,291
20,2024-10-08,536,291
20,2024-10-09,492,291
20,2024-10-10,455,291
20,2024-10-11,415,291
20,2024-10-12,377,291
20,2024-10-13,360,291
20,2024-10-14,312,291
20,2024-10-15,735,291
20,2024-10-16,692,291
20,2024-10-17,668,291
20,2024-10-18,623,291
20,2024-10-19,587,291
20,2024-10-20,569,291
20,2024-10-21,527,291
20,2024-10-22,492,291
20,2024-10-23,451,291
20,2024-10-24,396,291
20,2024-10-25,370,344
20,2024-10-26,337,344
20,2024-10-27,776,344
20,2024-10-28,750,344
20,2024-10-29,698,344
20,2024-10-30,657,344
20,2024-10-31,612,344
20,2024-11-01,567,344
20,2024-11-02,526,344
20,2024-11-03,502,344
20,2024-11-04,465,344
20,2024-11-05,959,344
20,2024-11-06,916,344
20,2024-11-07,889,344
20,2024-11-08,815,344
20,2024-11-09,777,344
20,2024-11-10,746,344
20,2024-11-11,709,344
20,2024-11-12,648,344
20,2024-11-13,607,344
20,2024-11-14,550,344
20,2024-11-15,501,344
20,2024-11-16,464,344
20,2024-11-17,963,344
20,2024-11-18,919,344
20,2024-11-19,867,344
20,2024-11-20,832,344
20,2024-11-21,798,344
20,2024-11-22,744,344
20,2024-11-23,716,344
20,2024-11-24,694,390
20,2024-11-25,653,390
20,2024-11-26,621,390
20,2024-11-27,557,390
20,2024-11-28,1088,390
20,2024-11-29,1040,390
20,2024-11-30,1002,390
20,2024-12-01,985,390
20,2024-12-02,932,390
20,2024-12-03,885,390
20,2024-12-04,830,390
20,2024-12-05,790,390
20,2024-12-06,727,390
20,2024-12-07,687,390
20,2024-12-08,658,390
20,2024-12-09,605,390
20,2024-12-10,561,390
20,2024-12-11,506,390
20,2024-12-12,474,390
20,2024-12-13,1029,390
20,2024-12-14,996,390
20,2024-12-15,967,390
20,2024-12-16,912,390
20,2024-12-17,866,390
20,2024-12-18,809,390
20,2024-12-19,752,390
20,2024-12-20,684,390
20,2024-12-21,630,390
20,2024-12-22,608,390
20,2024-12-23,544,390
20,2024-12-24,1094,428
20,2024-12-25,1029,428
20,2024-12-26,986,428
20,2024-12-27,902,428
20,2024-12-28,847,428
20,2024-12-29,826,428
20,2024-12-30,769,428
20,2024-12-31,715,428
20,2025-01-01,667,428
20,2025-01-02,627,428
20,2025-01-03,581,428
20,2025-01-04,537,428
20,2025-01-05,511,428
20,2025-01-06,1095,428
20,2025-01-07,1026,428
20,2025-01-08,958,428
20,2025-01-09,908,428
20,2025-01-10,845,428
20,2025-01-11,805,428
20,2025-01-12,769,428
20,2025-01-13,710,428
20,2025-01-14,651,428
20,2025-01-15,583,428
20,2025-01-16,504,428
20,2025-01-17,1091,428
20,2025-01-18,1031,428
20,2025-01-19,1013,428
20,2025-01-20,955,428
20,2025-01-21,879,428
20,2025-01-22,827,428
20,2025-01-23,770,496
20,2025-01-24,698,496
20,2025-01-25,657,496
20,2025-01-26,637,496
20,2025-01-27,1451,496
20,2025-01-28,1393,496
20,2025-01-29,1338,496
20,2025-01-30,1274,496
20,2025-01-31,1221,496
20,2025-02-01,1168,496
20,2025-02-02,1142,496
20,2025-02-03,1090,496
20,2025-02-04,1039,496
20,2025-02-05,983,496
20,2025-02-06,912,496
20,2025-02-07,837,496
20,2025-02-08,787,496
20,2025-02-09,761,496
20,2025-02-10,690,496
20,2025-02-11,1439,496
20,2025-02-12,1367,496
20,2025-02-13,1317,496
20,2025-02-14,1274,496
20,2025-02-15,1233,496
20,2025-02-16,1207,496
20,2025-02-17,1149,496
20,2025-02-18,1071,496
20,2025-02-19,1022,496
20,2025-02-20,965,496
20,2025-02-21,913,496
20,2025-02-22,864,532
20,2025-02-23,838,532
20,2025-02-24,778,532
20,2025-02-25,726,532
20,2025-02-26,676,532
20,2025-02-27,1507,532
20,2025-02-28,1448,532
20,2025-03-01,1401,532
20,2025-03-02,1379,532
20,2025-03-03,1326,532
20,2025-03-04,1270,532
20,2025-03-05,1220,532
20,2025-03-06,1162,532
20,2025-03-07,1123,532
20,2025-03-08,1086,532
20,2025-03-09,1068,532
20,2025-03-10,1010,532
20,2025-03-11,958,532
20,2025-03-12,898,532
20,2025-03-13,840,532
20,2025-03-14,802,532
20,2025-03-15,762,532
20,2025-03-16,726,532
20,2025-03-17,1472,532
20,2025-03-18,1422,532
20,2025-03-19,1371,532
20,2025-03-20,1313,532
20,2025-03-21,1245,532
20,2025-03-22,1189,532
20,2025-03-23,1170,532
20,2025-03-24,1146,503
20,2025-03-25,1087,503
20,2025-03-26,1016,503
20,2025-03-27,953,503
20,2025-03-28,903,503
20,2025-03-29,853,503
20,2025-03-30,830,503
20,2025-03-31,773,503
20,2025-04-01,718,503
20,2025-04-02,1428,503
20,2025-04-03,1368,503
20,2025-04-04,1330,503
20,2025-04-05,1284,503
20,2025-04-06,1262,503
20,2025-04-07,1210,503
20,2025-04-08,1163,503
20,2025-04-09,1107,503
20,2025-04-10,1065,503
20,2025-04-11,1030,503
20,2025-04-12,998,503
20,2025-04-13,981,503
20,2025-04-14,940,503
20,2025-04-15,903,503
20,2025-04-16,855,503
20,2025-04-17,810,503
20,2025-04-18,778,503
20,2025-04-19,751,503
20,2025-04-20,730,503
20,2025-04-21,692,503
20,2025-04-22,1407,503
20,2025-04-23,1360,452
20,2025-04-24,1298,452
20,2025-04-25,1256,452
20,2025-04-26,1208,452
20,2025-04-27,1176,452
20,2025-04-28,1129,452
20,2025-04-29,1073,452
20,2025-04-30,1021,452
20,2025-05-01,985,452
20,2025-05-02,955,452
20,2025-05-03,919,452
20,2025-05-04,904,452
20,2025-05-05,858,452
20,2025-05-06,819,452
20,2025-05-07,780,452
20,2025-05-08,746,452
20,2025-05-09,711,452
20,2025-05-10,674,452
20,2025-05-11,662,452
20,2025-05-12,625,452
20,2025-05-13,1304,452
20,2025-05-14,1257,452
20,2025-05-15,1215,452
20,2025-05-16,1163,452
20,2025-05-17,1137,452
20,2025-05-18,1126,452
20,2025-05-19,1081,452
20,2025-05-20,1035,452
20,2025-05-21,988,452
20,2025-05-22,941,452
20,2025-05-23,897,410
20,2025-05-24,869,410
20,2025-05-25,849,410
20,2025-05-26,802,410
20,2025-05-27,758,410
20,2025-05-28,712,410
20,2025-05-29,668,410
20,2025-05-30,621,410
20,2025-05-31,597,410
20,2025-06-01,583,410
20,2025-06-02,541,410
20,2025-06-03,1135,410
20,2025-06-04,1096,410
20,2025-06-05,1051,410
20,2025-06-06,1012,410
20,2025-06-07,986,410
20,2025-06-08,966,410
20,2025-06-09,939,410
20,2025-06-10,897,410
20,2025-06-11,852,410
20,2025-06-12,820,410
20,2025-06-13,784,410
20,2025-06-14,740,410
20,2025-06-15,721,410
20,2025-06-16,685,410
20,2025-06-17,651,410
20,2025-06-18,607,410
20,2025-06-19,576,410
20,2025-06-20,553,410
20,2025-06-21,1148,410
20,2025-06-22,1129,374
20,2025-06-23,1085,374
20,2025-06-24,1040,374
20,2025-06-25,1011,374
20,2025-06-26,975,374
20,2025-06-27,954,374
20,2025-06-28,916,374
20,2025-06-29,897,374
20,2025-06-30,861,374
20,2025-07-01,837,374
20,2025-07-02,806,374
20,2025-07-03,782,374
20,2025-07-04,739,374
20,2025-07-05,709,374
20,2025-07-06,694,374
20,2025-07-07,672,374
20,2025-07-08,639,374
20,2025-07-09,603,374
20,2025-07-10,564,374
20,2025-07-11,528,374
20,2025-07-12,503,374
20,2025-07-13,484,374
20,2025-07-14,1020,374
20,2025-07-15,981,374
20,2025-07-16,951,374
20,2025-07-17,909,374
20,2025-07-18,876,374
20,2025-07-19,842,374
20,2025-07-20,827,374
20,2025-07-21,786,374
20,2025-07-22,749,332
20,2025-07-23,709,332
20,2025-07-24,683,332
20,2025-07-25,659,332
20,2025-07-26,632,332
20,2025-07-27,623,332
20,2025-07-28,585,332
20,2025-07-29,557,332
20,2025-07-30,525,332
20,2025-07-31,478,332
20,2025-08-01,430,332
20,2025-08-02,397,332
20,2025-08-03,382,332
20,2025-08-04,837,332
20,2025-08-05,798,332
20,2025-08-06,762,332
20,2025-08-07,729,332
20,2025-08-08,692,332
20,2025-08-09,663,332
20,2025-08-10,647,332
20,2025-08-11,617,332
20,2025-08-12,574,332
20,2025-08-13,547,332
20,2025-08-14,511,332
20,2025-08-15,473,332
20,2025-08-16,436,332
20,2025-08-17,417,332
20,2025-08-18,883,332
20,2025-08-19,836,332
20,2025-08-20,796,332
20,2025-08-21,756,325
20,2025-08-22,716,325
20,2025-08-23,683,325
20,2025-08-24,667,325
20,2025-08-25,638,325
20,2025-08-26,601,325
20,2025-08-27,568,325
20,2025-08-28,521,325
20,2025-08-29,494,325
20,2025-08-30,467,325
20,2025-08-31,448,325
20,2025-09-01,399,325
20,2025-09-02,865,325
20,2025-09-03,819,325
20,2025-09-04,781,325
20,2025-09-05,742,325
20,2025-09-06,678,325
20,2025-09-07,653,325
20,2025-09-08,611,325
20,2025-09-09,577,325
20,2025-09-10,540,325
20,2025-09-11,500,325
20,2025-09-12,467,325
20,2025-09-13,431,325
20,2025-09-14,903,325
20,2025-09-15,852,325
20,2025-09-16,813,325
20,2025-09-17,755,325
20,2025-09-18,709,325
20,2025-09-19,672,325
20,2025-09-20,635,358
20,2025-09-21,611,358
20,2025-09-22,566,358
20,2025-09-23,529,358
20,2025-09-24,490,358
20,2025-09-25,987,358
20,2025-09-26,915,358
20,2025-09-27,887,358
20,2025-09-28,864,358
20,2025-09-29,819,358
20,2025-09-30,783,358
20,2025-10-01,722,358
20,2025-10-02,668,358
20,2025-10-03,602,358
20,2025-10-04,572,358
20,2025-10-05,551,358
20,2025-10-06,508,358
20,2025-10-07,445,358
20,2025-10-08,392,358
20,2025-10-09,352,358
20,2025-10-10,872,358
20,2025-10-11,831,358
20,2025-10-12,805,358
20,2025-10-13,770,358
20,2025-10-14,722,358
20,2025-10-15,673,358
20,2025-10-16,621,358
20,2025-10-17,559,358
20,2025-10-18,524,358
20,2025-10-19,494,358
20,2025-10-20,990,405
20,2025-10-21,939,405
20,2025-10-22,888,405
20,2025-10-23,856,405
20,2025-10-24,800,405
20,2025-10-25,755,405
20,2025-10-26,733,405
20,2025-10-27,679,405
20,2025-10-28,630,405
20,2025-10-29,578,405
20,2025-10-30,518,405
20,2025-10-31,458,405
20,2025-11-01,409,405
20,2025-11-02,1035,405
20,2025-11-03,967,405
20,2025-11-04,897,405
20,2025-11-05,839,405
20,2025-11-06,788,405
20,2025-11-07,715,405
20,2025-11-08,665,405
20,2025-11-09,640,405
20,2025-11-10,596,405
20,2025-11-11,530,405
20,2025-11-12,1091,405
20,2025-11-13,1048,405
20,2025-11-14,1008,405
20,2025-11-15,972,405
20,2025-11-16,959,405
20,2025-11-17,900,405
20,2025-11-18,847,405
20,2025-11-19,796,466
20,2025-11-20,738,466
20,2025-11-21,683,466
20,2025-11-22,615,466
20,2025-11-23,598,466
20,2025-11-24,550,466
20,2025-11-25,1236,466
20,2025-11-26,1168,466
20,2025-11-27,1128,466
20,2025-11-28,1072,466
20,2025-11-29,1018,466
20,2025-11-30,989,466
20,2025-12-01,938,466
20,2025-12-02,857,466
20,2025-12-03,804,466
20,2025-12-04,746,466
20,2025-12-05,677,466
20,2025-12-06,637,466
20,2025-12-07,613,466
20,2025-12-08,1283,466
20,2025-12-09,1238,466
20,2025-12-10,1180,466
20,2025-12-11,1126,466
20,2025-12-12,1076,466
20,2025-12-13,1030,466
20,2025-12-14,1010,466
20,2025-12-15,955,466
20,2025-12-16,898,466
20,2025-12-17,834,466
20,2025-12-18,787,466
20,2025-12-19,731,504
20,2025-12-20,689,504
20,2025-12-21,1363,504
20,2025-12-22,1308,504
20,2025-12-23,1252,504
20,2025-12-24,1182,504
20,2025-12-25,1106,504
20,2025-12-26,1069,504
20,2025-12-27,1002,504
20,2025-12-28,971,504
20,2025-12-29,917,504
20,2025-12-30,856,504
20,2025-12-31,799,504
20,2026-01-01,741,504
20,2026-01-02,671,504
20,2026-01-03,600,504
20,2026-01-04,1376,504
20,2026-01-05,1325,504
20,2026-01-06,1265,504
20,2026-01-07,1187,504
20,2026-01-08,1116,504
20,2026-01-09,1060,504
20,2026-01-10,1006,504
20,2026-01-11,980,504
20,2026-01-12,912,504
20,2026-01-13,798,504
20,2026-01-14,744,504
20,2026-01-15,669,504
20,2026-01-16,603,504
20,2026-01-17,552,504
20,2026-01-18,519,547
20,2026-01-19,1334,547
20,2026-01-20,1275,547
20,2026-01-21,1179,547
20,2026-01-22,1112,547
20,2026-01-23,1033,547
20,2026-01-24,980,547
20,2026-01-25,958,547
20,2026-01-26,870,547
20,2026-01-27,824,547
20,2026-01-28,768,547
20,2026-01-29,1526,547
20,2026-01-30,1461,547
20,2026-01-31,1401,547
20,2026-02-01,1360,547
20,2026-02-02,1284,547
20,2026-02-03,1229,547
20,2026-02-04,1146,547
20,2026-02-05,1061,547
20,2026-02-06,1006,547
20,2026-02-07,953,547
20,2026-02-08,914,547
20,2026-02-09,843,547
20,2026-02-10,784,547
20,2026-02-11,727,547
20,2026-02-12,1505,547
20,2026-02-13,1434,547
20,2026-02-14,1364,547
20,2026-02-15,1342,547
20,2026-02-16,1274,547
20,2026-02-17,1223,595
20,2026-02-18,1160,595
20,2026-02-19,1069,595
20,2026-02-20,985,595
20,2026-02-21,933,595
20,2026-02-22,893,595
20,2026-02-23,826,595
20,2026-02-24,747,595
20,2026-02-25,1571,595
20,2026-02-26,1502,595
20,2026-02-27,1427,595
20,2026-02-28,1379,595
20,2026-03-01,1346,595
20,2026-03-02,1289,595
20,2026-03-03,1211,595
20,2026-03-04,1132,595
20,2026-03-05,1079,595
20,2026-03-06,1013,595
20,2026-03-07,950,595
20,2026-03-08,928,595
20,2026-03-09,847,595
20,2026-03-10,776,595
20,2026-03-11,731,595
20,2026-03-12,1626,595
20,2026-03-13,1562,595
20,2026-03-14,1502,595
20,2026-03-15,1474,595
20,2026-03-16,1414,595
20,2026-03-17,1340,595
20,2026-03-18,1246,595
20,2026-03-19,1175,616
20,2026-03-20,1111,616
20,2026-03-21,1052,616
20,2026-03-22,1012,616
20,2026-03-23,941,616
20,2026-03-24,877,616
20,2026-03-25,804,616
20,2026-03-26,1706,616
20,2026-03-27,1657,616
20,2026-03-28,1601,616
20,2026-03-29,1587,616
20,2026-03-30,1500,616
20,2026-03-31,1425,616
20,2026-04-01,1370,616
20,2026-04-02,1317,616
20,2026-04-03,1255,616
20,2026-04-04,1217,616
20,2026-04-05,1195,616
20,2026-04-06,1098,616
20,2026-04-07,1050,616
20,2026-04-08,1004,616
20,2026-04-09,944,616
20,2026-04-10,1822,616
20,2026-04-11,1771,616
20,2026-04-12,1750,616
20,2026-04-13,1703,616
20,2026-04-14,1656,616
20,2026-04-15,1600,616
20,2026-04-16,1529,616
20,2026-04-17,1459,616
20,2026-04-18,1409,596
20,2026-04-19,1380,596
20,2026-04-20,1316,596
20,2026-04-21,1251,596
20,2026-04-22,1183,596
20,2026-04-23,1143,596
20,2026-04-24,1096,596
20,2026-04-25,1056,596
20,2026-04-26,1016,596
20,2026-04-27,963,596
20,2026-04-28,901,596
20,2026-04-29,841,596
20,2026-04-30,789,596
20,2026-05-01,1656,596
20,2026-05-02,1621,596
20,2026-05-03,1603,596
20,2026-05-04,1561,596
20,2026-05-05,1515,596
20,2026-05-06,1456,596
20,2026-05-07,1416,596
20,2026-05-08,1361,596
20,2026-05-09,1321,596
20,2026-05-10,1303,596
20,2026-05-11,1263,596
20,2026-05-12,1209,596
20,2026-05-13,1140,596
20,2026-05-14,1098,596
20,2026-05-15,1048,596
20,2026-05-16,997,596
20,2026-05-17,963,596
20,2026-05-18,910,518
20,2026-05-19,1779,518
20,2026-05-20,1721,518
20,2026-05-21,1675,518
20,2026-05-22,1629,518
20,2026-05-23,1588,518
20,2026-05-24,1566,518
20,2026-05-25,1498,518
20,2026-05-26,1459,518
20,2026-05-27,1416,518
20,2026-05-28,1382,518
20,2026-05-29,1312,518
20,2026-05-30,1270,518
20,2026-05-31,1248,518
20,2026-06-01,1210,518
20,2026-06-02,1144,518
20,2026-06-03,1082,518
20,2026-06-04,1030,518
20,2026-06-05,987,518
20,2026-06-06,950,518
20,2026-06-07,928,518
20,2026-06-08,872,518
20,2026-06-09,809,518
20,2026-06-10,770,518
20,2026-06-11,739,518
20,2026-06-12,673,518
20,2026-06-13,1425,518
20,2026-06-14,1406,518
20,2026-06-15,1364,518
20,2026-06-16,1320,518
20,2026-06-17,1280,459
20,2026-06-18,1246,459
20,2026-06-19,1208,459
20,2026-06-20,1175,459
20,2026-06-21,1159,459
20,2026-06-22,1107,459
20,2026-06-23,1051,459
20,2026-06-24,1006,459
20,2026-06-25,955,459
20,2026-06-26,917,459
20,2026-06-27,887,459
20,2026-06-28,867,459
20,2026-06-29,819,459
20,2026-06-30,775,459
20,2026-07-01,726,459
20,2026-07-02,679,459
20,2026-07-03,1311,459
20,2026-07-04,1272,459
20,2026-07-05,1254,459
20,2026-07-06,1199,459
20,2026-07-07,1147,459
20,2026-07-08,1096,459
20,2026-07-09,1036,459
20,2026-07-10,976,459
20,2026-07-11,935,459
20,2026-07-12,913,459
20,2026-07-13,877,459
20,2026-07-14,825,459
20,2026-07-15,796,459
20,2026-07-16,750,459
20,2026-07-17,709,435
20,2026-07-18,682,435
20,2026-07-19,1347,435
20,2026-07-20,1304,435
20,2026-07-21,1255,435
20,2026-07-22,1216,435
20,2026-07-23,1180,435
20,2026-07-24,1139,435
20,2026-07-25,1111,435
20,2026-07-26,1090,435
20,2026-07-27,1044,435
20,2026-07-28,994,435
20,2026-07-29,945,435
20,2026-07-30,897,435
20,2026-07-31,850,435
20,2026-08-01,812,435
20,2026-08-02,796,435
20,2026-08-03,743,435
20,2026-08-04,691,435
20,2026-08-05,649,435
20,2026-08-06,598,435
20,2026-08-07,541,435
20,2026-08-08,499,435
20,2026-08-09,1168,435
20,2026-08-10,1117,435
20,2026-08-11,1077,435
20,2026-08-12,1022,435
20,2026-08-13,968,435
20,2026-08-14,930,435
20,2026-08-15,894,435
20,2026-08-16,872,418
20,2026-08-17,812,418
20,2026-08-18,777,418
20,2026-08-19,734,418
20,2026-08-20,682,418
20,2026-08-21,620,418
20,2026-08-22,594,418
20,2026-08-23,1206,418
20,2026-08-24,1161,418
20,2026-08-25,1112,418
20,2026-08-26,1052,418
20,2026-08-27,1008,418
20,2026-08-28,971,418
20,2026-08-29,939,418
20,2026-08-30,909,418
20,2026-08-31,868,418
20,2026-09-01,808,418
20,2026-09-02,759,418
20,2026-09-03,715,418
20,2026-09-04,663,418
20,2026-09-05,617,418
20,2026-09-06,600,418
20,2026-09-07,546,418
20,2026-09-08,515,418
20,2026-09-09,459,418
20,2026-09-10,1079,418
20,2026-09-11,1028,418
20,2026-09-12,988,418
20,2026-09-13,966,418
20,2026-09-14,932,418
20,2026-09-15,870,419
20,2026-09-16,812,419
20,2026-09-17,744,419
20,2026-09-18,707,419
20,2026-09-19,660,419
20,2026-09-20,641,419
20,2026-09-21,595,419
20,2026-09-22,551,419
20,2026-09-23,482,419
20,2026-09-24,1080,419
20,2026-09-25,1015,419
20,2026-09-26,967,419
20,2026-09-27,946,419
20,2026-09-28,891,419
20,2026-09-29,827,419
20,2026-09-30,768,419
21,2023-10-01,1178,363
21,2023-10-02,1131,363
21,2023-10-03,1104,363
21,2023-10-04,1067,363
21,2023-10-05,1017,363
21,2023-10-06,983,363
21,2023-10-07,959,363
21,2023-10-08,946,363
21,2023-10-09,916,363
21,2023-10-10,880,363
21,2023-10-11,836,363
21,2023-10-12,804,363
21,2023-10-13,762,363
21,2023-10-14,733,363
21,2023-10-15,708,363
21,2023-10-16,666,363
21,2023-10-17,628,363
21,2023-10-18,604,363
21,2023-10-19,553,363
21,2023-10-20,526,363
21,2023-10-21,507,363
21,2023-10-22,492,363
21,2023-10-23,450,363
21,2023-10-24,979,363
21,2023-10-25,946,363
21,2023-10-26,914,363
21,2023-10-27,875,363
21,2023-10-28,842,363
21,2023-10-29,815,363
21,2023-10-30,779,363
21,2023-10-31,734,363
21,2023-11-01,695,363
21,2023-11-02,660,363
21,2023-11-03,617,363
21,2023-11-04,583,363
21,2023-11-05,567,363
21,2023-11-06,532,363
21,2023-11-07,481,363
21,2023-11-08,440,363
21,2023-11-09,400,363
21,2023-11-10,944,363
21,2023-11-11,918,363
21,2023-11-12,902,363
21,2023-11-13,866,363
21,2023-11-14,832,363
21,2023-11-15,790,363
21,2023-11-16,747,363
21,2023-11-17,707,363
21,2023-11-18,676,363
21,2023-11-19,651,363
21,2023-11-20,595,363
21,2023-11-21,557,363
21,2023-11-22,509,363
21,2023-11-23,451,363
21,2023-11-24,966,363
21,2023-11-25,917,363
21,2023-11-26,896,363
21,2023-11-27,854,363
21,2023-11-28,817,363
21,2023-11-29,784,363
21,2023-11-30,746,353
21,2023-12-01,693,353
21,2023-12-02,644,353
21,2023-12-03,613,353
21,2023-12-04,549,353
21,2023-12-05,489,353
21,2023-12-06,435,353
21,2023-12-07,392,353
21,2023-12-08,329,353
21,2023-12-09,293,353
21,2023-12-10,827,353
21,2023-12-11,774,353
21,2023-12-12,728,353
21,2023-12-13,680,353
21,2023-12-14,626,353
21,2023-12-15,572,353
21,2023-12-16,525,353
21,2023-12-17,506,353
21,2023-12-18,450,353
21,2023-12-19,411,353
21,2023-12-20,370,353
21,2023-12-21,868,353
21,2023-12-22,828,353
21,2023-12-23,795,353
21,2023-12-24,774,353
21,2023-12-25,721,353
21,2023-12-26,663,353
21,2023-12-27,626,353
21,2023-12-28,584,353
21,2023-12-29,550,353
21,2023-12-30,503,409
21,2023-12-31,481,409
21,2024-01-01,973,409
21,2024-01-02,926,409
21,2024-01-03,894,409
21,2024-01-04,844,409
21,2024-01-05,798,409
21,2024-01-06,767,409
21,2024-01-07,743,409
21,2024-01-08,702,409
21,2024-01-09,649,409
21,2024-01-10,600,409
21,2024-01-11,546,409
21,2024-01-12,1149,409
21,2024-01-13,1113,409
21,2024-01-14,1094,409
21,2024-01-15,1052,409
21,2024-01-16,998,409
21,2024-01-17,946,409
21,2024-01-18,896,409
21,2024-01-19,857,409
21,2024-01-20,814,409
21,2024-01-21,796,409
21,2024-01-22,740,409
21,2024-01-23,694,409
21,2024-01-24,651,409
21,2024-01-25,597,409
21,2024-01-26,541,409
21,2024-01-27,1159,409
21,2024-01-28,1139,409
21,2024-01-29,1102,430
21,2024-01-30,1054,430
21,2024-01-31,994,430
21,2024-02-01,945,430
21,2024-02-02,879,430
21,2024-02-03,833,430
21,2024-02-04,801,430
21,2024-02-05,735,430
21,2024-02-06,687,430
21,2024-02-07,643,430
21,2024-02-08,590,430
21,2024-02-09,544,430
21,2024-02-10,1175,430
21,2024-02-11,1155,430
21,2024-02-12,1087,430
21,2024-02-13,1032,430
21,2024-02-14,986,430
21,2024-02-15,939,430
21,2024-02-16,900,430
21,2024-02-17,861,430
21,2024-02-18,839,430
21,2024-02-19,793,430
21,2024-02-20,760,430
21,2024-02-21,703,430
21,2024-02-22,661,430
21,2024-02-23,617,430
21,2024-02-24,560,430
21,2024-02-25,538,430
21,2024-02-26,1134,430
21,2024-02-27,1089,430
21,2024-02-28,1040,442
21,2024-02-29,995,442
21,2024-03-01,953,442
21,2024-03-02,914,442
21,2024-03-03,893,442
21,2024-03-04,829,442
21,2024-03-05,779,442
21,2024-03-06,719,442
21,2024-03-07,660,442
21,2024-03-08,621,442
21,2024-03-09,581,442
21,2024-03-10,564,442
21,2024-03-11,1202,442
21,2024-03-12,1162,442
21,2024-03-13,1105,442
21,2024-03-14,1070,442
21,2024-03-15,1034,442
21,2024-03-16,990,442
21,2024-03-17,974,442
21,2024-03-18,933,442
21,2024-03-19,885,442
21,2024-03-20,824,442
21,2024-03-21,780,442
21,2024-03-22,744,442
21,2024-03-23,707,442
21,2024-03-24,687,442
21,2024-03-25,622,442
21,2024-03-26,1242,442
21,2024-03-27,1199,442
21,2024-03-28,1155,442
21,2024-03-29,1082,448
21,2024-03-30,1046,448
21,2024-03-31,1021,448
21,2024-04-01,981,448
21,2024-04-02,941,448
21,2024-04-03,899,448
21,2024-04-04,873,448
21,2024-04-05,832,448
21,2024-04-06,795,448
21,2024-04-07,770,448
21,2024-04-08,731,448
21,2024-04-09,691,448
21,2024-04-10,660,448
21,2024-04-11,611,448
21,2024-04-12,1262,448
21,2024-04-13,1229,448
21,2024-04-14,1209,448
21,2024-04-15,1175,448
21,2024-04-16,1123,448
21,2024-04-17,1069,448
21,2024-04-18,1029,448
21,2024-04-19,993,448
21,2024-04-20,958,448
21,2024-04-21,946,448
21,2024-04-22,913,448
21,2024-04-23,862,448
21,2024-04-24,803,448
21,2024-04-25,772,448
21,2024-04-26,731,448
21,2024-04-27,695,448
21,2024-04-28,676,406
21,2024-04-29,621,406
21,2024-04-30,582,406
21,2024-05-01,1213,406
21,2024-05-02,1174,406
21,2024-05-03,1137,406
21,2024-05-04,1110,406
21,2024-05-05,1099,406
21,2024-05-06,1072,406
21,2024-05-07,1056,406
21,2024-05-08,1016,406
21,2024-05-09,986,406
21,2024-05-10,959,406
21,2024-05-11,928,406
21,2024-05-12,905,406
21,2024-05-13,867,406
21,2024-05-14,843,406
21,2024-05-15,808,406
21,2024-05-16,766,406
21,2024-05-17,719,406
21,2024-05-18,689,406
21,2024-05-19,669,406
21,2024-05-20,638,406
21,2024-05-21,608,406
21,2024-05-22,576,406
21,2024-05-23,1164,406
21,2024-05-24,1123,406
21,2024-05-25,1099,406
21,2024-05-26,1084,406
21,2024-05-27,1037,406
21,2024-05-28,992,350
21,2024-05-29,967,350
21,2024-05-30,937,350
21,2024-05-31,913,350
21,2024-06-01,882,350
21,2024-06-02,871,350
21,2024-06-03,838,350
21,2024-06-04,810,350
21,2024-06-05,783,350
21,2024-06-06,751,350
21,2024-06-07,728,350
21,2024-06-08,703,350
21,2024-06-09,686,350
21,2024-06-10,651,350
21,2024-06-11,626,350
21,2024-06-12,612,350
21,2024-06-13,580,350
21,2024-06-14,550,350
21,2024-06-15,526,350
21,2024-06-16,1040,350
21,2024-06-17,1006,350
21,2024-06-18,972,350
21,2024-06-19,951,350
21,2024-06-20,934,350
21,2024-06-21,913,350
21,2024-06-22,894,350
21,2024-06-23,885,350
21,2024-06-24,855,350
21,2024-06-25,828,350
21,2024-06-26,798,350
21,2024-06-27,767,287
21,2024-06-28,731,287
21,2024-06-29,711,287
21,2024-06-30,693,287
21,2024-07-01,671,287
21,2024-07-02,639,287
21,2024-07-03,605,287
21,2024-07-04,590,287
21,2024-07-05,560,287
21,2024-07-06,542,287
21,2024-07-07,522,287
21,2024-07-08,482,287
21,2024-07-09,457,287
21,2024-07-10,431,287
21,2024-07-11,403,287
21,2024-07-12,377,287
21,2024-07-13,352,287
21,2024-07-14,336,287
21,2024-07-15,776,287
21,2024-07-16,744,287
21,2024-07-17,713,287
21,2024-07-18,680,287
21,2024-07-19,652,287
21,2024-07-20,634,287
21,2024-07-21,623,287
21,2024-07-22,593,287
21,2024-07-23,558,287
21,2024-07-24,525,287
21,2024-07-25,495,287
21,2024-07-26,470,287
21,2024-07-27,452,261
21,2024-07-28,437,261
21,2024-07-29,859,261
21,2024-07-30,819,261
21,2024-07-31,791,261
21,2024-08-01,770,261
21,2024-08-02,739,261
21,2024-08-03,708,261
21,2024-08-04,695,261
21,2024-08-05,668,261
21,2024-08-06,638,261
21,2024-08-07,608,261
21,2024-08-08,577,261
21,2024-08-09,550,261
21,2024-08-10,527,261
21,2024-08-11,519,261
21,2024-08-12,489,261
21,2024-08-13,462,261
21,2024-08-14,442,261
21,2024-08-15,412,261
21,2024-08-16,375,261
21,2024-08-17,330,261
21,2024-08-18,321,261
21,2024-08-19,298,261
21,2024-08-20,656,261
21,2024-08-21,626,261
21,2024-08-22,605,261
21,2024-08-23,585,261
21,2024-08-24,559,261
21,2024-08-25,548,261
21,2024-08-26,508,262
21,2024-08-27,475,262
21,2024-08-28,439,262
21,2024-08-29,409,262
21,2024-08-30,378,262
21,2024-08-31,342,262
21,2024-09-01,323,262
21,2024-09-02,722,262
21,2024-09-03,686,262
21,2024-09-04,652,262
21,2024-09-05,619,262
21,2024-09-06,568,262
21,2024-09-07,543,262
21,2024-09-08,529,262
21,2024-09-09,490,262
21,2024-09-10,450,262
21,2024-09-11,426,262
21,2024-09-12,393,262
21,2024-09-13,363,262
21,2024-09-14,328,262
21,2024-09-15,727,262
21,2024-09-16,697,262
21,2024-09-17,659,262
21,2024-09-18,629,262
21,2024-09-19,588,262
21,2024-09-20,563,262
21,2024-09-21,541,262
21,2024-09-22,535,262
21,2024-09-23,498,262
21,2024-09-24,466,262
21,2024-09-25,437,283
21,2024-09-26,399,283
21,2024-09-27,360,283
21,2024-09-28,328,283
21,2024-09-29,307,283
21,2024-09-30,271,283
21,2024-10-01,623,283
21,2024-10-02,585,283
21,2024-10-03,548,283
21,2024-10-04,514,283
21,2024-10-05,475,283
21,2024-10-06,459,283
21,2024-10-07,428,283
21,2024-10-08,386,283
21,2024-10-09,354,283
21,2024-10-10,778,283
21,2024-10-11,738,283
21,2024-10-12,708,283
21,2024-10-13,692,283
21,2024-10-14,659,283
21,2024-10-15,633,283
21,2024-10-16,605,283
21,2024-10-17,569,283
21,2024-10-18,529,283
21,2024-10-19,492,283
21,2024-10-20,466,283
21,2024-10-21,428,283
21,2024-10-22,396,283
21,2024-10-23,794,283
21,2024-10-24,750,283
21,2024-10-25,702,323
21,2024-10-26,672,323
21,2024-10-27,647,323
21,2024-10-28,603,323
21,2024-10-29,577,323
21,2024-10-30,531,323
21,2024-10-31,493,323
21,2024-11-01,450,323
21,2024-11-02,416,323
21,2024-11-03,878,323
21,2024-11-04,825,323
21,2024-11-05,802,323
21,2024-11-06,753,323
21,2024-11-07,716,323
21,2024-11-08,675,323
21,2024-11-09,644,323
21,2024-11-10,629,323
21,2024-11-11,588,323
21,2024-11-12,556,323
21,2024-11-13,527,323
21,2024-11-14,489,323
21,2024-11-15,435,323
21,2024-11-16,397,323
21,2024-11-17,389,323
21,2024-11-18,860,323
21,2024-11-19,823,323
21,2024-11-20,786,323
21,2024-11-21,750,323
21,2024-11-22,707,323
21,2024-11-23,674,323
21,2024-11-24,656,349
21,2024-11-25,615,349
21,2024-11-26,576,349
21,2024-11-27,543,349
21,2024-11-28,514,349
21,2024-11-29,475,349
21,2024-11-30,965,349
21,2024-12-01,934,349
21,2024-12-02,889,349
21,2024-12-03,847,349
21,2024-12-04,800,349
21,2024-12-05,773,349
21,2024-12-06,721,349
21,2024-12-07,692,349
21,2024-12-08,670,349
21,2024-12-09,630,349
21,2024-12-10,575,349
21,2024-12-11,539,349
21,2024-12-12,466,349
21,2024-12-13,422,349
21,2024-12-14,376,349
21,2024-12-15,359,349
21,2024-12-16,303,349
21,2024-12-17,840,349
21,2024-12-18,799,349
21,2024-12-19,771,349
21,2024-12-20,739,349
21,2024-12-21,701,349
21,2024-12-22,679,349
21,2024-12-23,623,349
21,2024-12-24,588,374
21,2024-12-25,543,374
21,2024-12-26,497,374
21,2024-12-27,457,374
21,2024-12-28,410,374
21,2024-12-29,398,374
21,2024-12-30,875,374
21,2024-12-31,839,374
21,2025-01-01,787,374
21,2025-01-02,747,374
21,2025-01-03,711,374
21,2025-01-04,661,374
21,2025-01-05,636,374
21,2025-01-06,591,374
21,2025-01-07,531,374
21,2025-01-08,487,374
21,2025-01-09,445,374
21,2025-01-10,961,374
21,2025-01-11,928,374
21,2025-01-12,910,374
21,2025-01-13,873,374
21,2025-01-14,831,374
21,2025-01-15,772,374
21,2025-01-16,738,374
21,2025-01-17,684,374
21,2025-01-18,639,374
21,2025-01-19,612,374
21,2025-01-20,580,374
21,2025-01-21,536,374
21,2025-01-22,498,374
21,2025-01-23,1051,399
21,2025-01-24,1002,399
21,2025-01-25,950,399
21,2025-01-26,922,399
21,2025-01-27,875,399
21,2025-01-28,816,399
21,2025-01-29,756,399
21,2025-01-30,710,399
21,2025-01-31,675,399
21,2025-02-01,630,399
21,2025-02-02,608,399
21,2025-02-03,548,399
21,2025-02-04,505,399
21,2025-02-05,1056,399
21,2025-02-06,982,399
21,2025-02-07,940,399
21,2025-02-08,884,399
21,2025-02-09,861,399
21,2025-02-10,809,399
21,2025-02-11,764,399
21,2025-02-12,725,399
21,2025-02-13,681,399
21,2025-02-14,634,399
21,2025-02-15,598,399
21,2025-02-16,583,399
21,2025-02-17,535,399
21,2025-02-18,1125,399
21,2025-02-19,1058,399
21,2025-02-20,999,399
21,2025-02-21,945,399
21,2025-02-22,908,437
21,2025-02-23,877,437
21,2025-02-24,814,437
21,2025-02-25,766,437
21,2025-02-26,725,437
21,2025-02-27,680,437
21,2025-02-28,645,437
21,2025-03-01,605,437
21,2025-03-02,584,437
21,2025-03-03,1213,437
21,2025-03-04,1166,437
21,2025-03-05,1120,437
21,2025-03-06,1078,437
21,2025-03-07,1008,437
21,2025-03-08,977,437
21,2025-03-09,961,437
21,2025-03-10,914,437
21,2025-03-11,867,437
21,2025-03-12,829,437
21,2025-03-13,793,437
21,2025-03-14,744,437
21,2025-03-15,705,437
21,2025-03-16,684,437
21,2025-03-17,653,437
21,2025-03-18,607,437
21,2025-03-19,1262,437
21,2025-03-20,1210,437
21,2025-03-21,1172,437
21,2025-03-22,1131,437
21,2025-03-23,1103,437
21,2025-03-24,1063,435
21,2025-03-25,1023,435
21,2025-03-26,968,435
21,2025-03-27,918,435
21,2025-03-28,872,435
21,2025-03-29,840,435
21,2025-03-30,817,435
21,2025-03-31,770,435
21,2025-04-01,741,435
21,2025-04-02,703,435
21,2025-04-03,669,435
21,2025-04-04,620,435
21,2025-04-05,594,435
21,2025-04-06,576,435
21,2025-04-07,1211,435
21,2025-04-08,1161,435
21,2025-04-09,1123,435
21,2025-04-10,1076,435
21,2025-04-11,1039,435
21,2025-04-12,1007,435
21,2025-04-13,986,435
21,2025-04-14,949,435
21,2025-04-15,926,435
21,2025-04-16,880,435
21,2025-04-17,836,435
21,2025-04-18,798,435
21,2025-04-19,751,435
21,2025-04-20,739,435
21,2025-04-21,696,435
21,2025-04-22,663,435
21,2025-04-23,617,387
21,2025-04-24,1261,387
21,2025-04-25,1220,387
21,2025-04-26,1186,387
21,2025-04-27,1173,387
21,2025-04-28,1142,387
21,2025-04-29,1108,387
21,2025-04-30,1076,387
21,2025-05-01,1036,387
21,2025-05-02,1004,387
21,2025-05-03,977,387
21,2025-05-04,965,387
21,2025-05-05,926,387
21,2025-05-06,893,387
21,2025-05-07,866,387
21,2025-05-08,832,387
21,2025-05-09,803,387
21,2025-05-10,779,387
21,2025-05-11,759,387
21,2025-05-12,734,387
21,2025-05-13,696,387
21,2025-05-14,662,387
21,2025-05-15,635,387
21,2025-05-16,601,387
21,2025-05-17,574,387
21,2025-05-18,552,387
21,2025-05-19,514,387
21,2025-05-20,1066,387
21,2025-05-21,1043,387
21,2025-05-22,1020,387
21,2025-05-23,985,336
21,2025-05-24,956,336
21,2025-05-25,940,336
21,2025-05-26,911,336
21,2025-05-27,883,336
21,2025-05-28,855,336
21,2025-05-29,815,336
21,2025-05-30,781,336
21,2025-05-31,760,336
21,2025-06-01,738,336
21,2025-06-02,718,336
21,2025-06-03,705,336
21,2025-06-04,676,336
21,2025-06-05,654,336
21,2025-06-06,623,336
21,2025-06-07,592,336
21,2025-06-08,574,336
21,2025-06-09,543,336
21,2025-06-10,517,336
21,2025-06-11,1012,336
21,2025-06-12,980,336
21,2025-06-13,955,336
21,2025-06-14,925,336
21,2025-06-15,915,336
21,2025-06-16,888,336
21,2025-06-17,860,336
21,2025-06-18,831,336
21,2025-06-19,803,336
21,2025-06-20,774,336
21,2025-06-21,747,336
21,2025-06-22,737,284
21,2025-06-23,715,284
21,2025-06-24,689,284
21,2025-06-25,665,284
21,2025-06-26,619,284
21,2025-06-27,590,284
21,2025-06-28,567,284
21,2025-06-29,556,284
21,2025-06-30,514,284
21,2025-07-01,488,284
21,2025-07-02,462,284
21,2025-07-03,436,284
21,2025-07-04,410,284
21,2025-07-05,391,284
21,2025-07-06,829,284
21,2025-07-07,810,284
21,2025-07-08,783,284
21,2025-07-09,752,284
21,2025-07-10,713,284
21,2025-07-11,688,284
21,2025-07-12,664,284
21,2025-07-13,649,284
21,2025-07-14,624,284
21,2025-07-15,599,284
21,2025-07-16,566,284
21,2025-07-17,534,284
21,2025-07-18,519,284
21,2025-07-19,501,284
21,2025-07-20,488,284
21,2025-07-21,459,284
21,2025-07-22,438,255
21,2025-07-23,851,255
21,2025-07-24,827,255
21,2025-07-25,805,255
21,2025-07-26,789,255
21,2025-07-27,776,255
21,2025-07-28,749,255
21,2025-07-29,716,255
21,2025-07-30,698,255
21,2025-07-31,676,255
21,2025-08-01,649,255
21,2025-08-02,626,255
21,2025-08-03,612,255
21,2025-08-04,576,255
21,2025-08-05,543,255
21,2025-08-06,515,255
21,2025-08-07,492,255
21,2025-08-08,456,255
21,2025-08-09,426,255
21,2025-08-10,410,255
21,2025-08-11,377,255
21,2025-08-12,731,255
21,2025-08-13,700,255
21,2025-08-14,665,255
21,2025-08-15,643,255
21,2025-08-16,621,255
21,2025-08-17,602,255
21,2025-08-18,572,255
21,2025-08-19,531,255
21,2025-08-20,516,255
21,2025-08-21,494,251
21,2025-08-22,471,251
21,2025-08-23,453,251
21,2025-08-24,440,251
21,2025-08-25,419,251
21,2025-08-26,402,251
21,2025-08-27,377,251
21,2025-08-28,357,251
21,2025-08-29,329,251
21,2025-08-30,694,251
21,2025-08-31,685,251
21,2025-09-01,662,251
21,2025-09-02,638,251
21,2025-09-03,622,251
21,2025-09-04,601,251
21,2025-09-05,580,251
21,2025-09-06,535,251
21,2025-09-07,517,251
21,2025-09-08,485,251
21,2025-09-09,442,251
21,2025-09-10,411,251
21,2025-09-11,376,251
21,2025-09-12,338,251
21,2025-09-13,298,251
21,2025-09-14,284,251
21,2025-09-15,242,251
21,2025-09-16,600,251
21,2025-09-17,569,251
21,2025-09-18,538,251
21,2025-09-19,503,251
21,2025-09-20,480,259
21,2025-09-21,469,259
21,2025-09-22,448,259
21,2025-09-23,411,259
21,2025-09-24,368,259
21,2025-09-25,336,259
21,2025-09-26,312,259
21,2025-09-27,694,259
21,2025-09-28,678,259
21,2025-09-29,645,259
21,2025-09-30,616,259
21,2025-10-01,569,259
21,2025-10-02,524,259
21,2025-10-03,503,259
21,2025-10-04,473,259
21,2025-10-05,462,259
21,2025-10-06,423,259
21,2025-10-07,380,259
21,2025-10-08,344,259
21,2025-10-09,301,259
21,2025-10-10,654,259
21,2025-10-11,611,259
21,2025-10-12,582,259
21,2025-10-13,551,259
21,2025-10-14,512,259
21,2025-10-15,478,259
21,2025-10-16,444,259
21,2025-10-17,416,259
21,2025-10-18,394,259
21,2025-10-19,376,259
21,2025-10-20,743,286
21,2025-10-21,703,286
21,2025-10-22,681,286
21,2025-10-23,640,286
21,2025-10-24,615,286
21,2025-10-25,590,286
21,2025-10-26,578,286
21,2025-10-27,547,286
21,2025-10-28,507,286
21,2025-10-29,472,286
21,2025-10-30,437,286
21,2025-10-31,394,286
21,2025-11-01,363,286
21,2025-11-02,349,286
21,2025-11-03,312,286
21,2025-11-04,699,286
21,2025-11-05,658,286
21,2025-11-06,611,286
21,2025-11-07,572,286
21,2025-11-08,540,286
21,2025-11-09,524,286
21,2025-11-10,479,286
21,2025-11-11,440,286
21,2025-11-12,394,286
21,2025-11-13,355,286
21,2025-11-14,774,286
21,2025-11-15,747,286
21,2025-11-16,731,286
21,2025-11-17,680,286
21,2025-11-18,640,286
21,2025-11-19,587,330
21,2025-11-20,556,330
21,2025-11-21,513,330
21,2025-11-22,481,330
21,2025-11-23,960,330
21,2025-11-24,923,330
21,2025-11-25,879,330
21,2025-11-26,843,330
21,2025-11-27,800,330
21,2025-11-28,764,330
21,2025-11-29,740,330
21,2025-11-30,718,330
21,2025-12-01,632,330
21,2025-12-02,591,330
21,2025-12-03,553,330
21,2025-12-04,509,330
21,2025-12-05,465,330
21,2025-12-06,431,330
21,2025-12-07,906,330
21,2025-12-08,863,330
21,2025-12-09,821,330
21,2025-12-10,780,330
21,2025-12-11,719,330
21,2025-12-12,678,330
21,2025-12-13,633,330
21,2025-12-14,602,330
21,2025-12-15,570,330
21,2025-12-16,522,330
21,2025-12-17,471,330
21,2025-12-18,418,330
21,2025-12-19,379,379
21,2025-12-20,867,379
21,2025-12-21,837,379
21,2025-12-22,796,379
21,2025-12-23,737,379
21,2025-12-24,693,379
21,2025-12-25,639,379
21,2025-12-26,589,379
21,2025-12-27,559,379
21,2025-12-28,534,379
21,2025-12-29,494,379
21,2025-12-30,441,379
21,2025-12-31,400,379
21,2026-01-01,961,379
21,2026-01-02,924,379
21,2026-01-03,879,379
21,2026-01-04,860,379
21,2026-01-05,814,379
21,2026-01-06,771,379
21,2026-01-07,706,379
21,2026-01-08,670,379
21,2026-01-09,622,379
21,2026-01-10,573,379
21,2026-01-11,554,379
21,2026-01-12,507,379
21,2026-01-13,450,379
21,2026-01-14,405,379
21,2026-01-15,942,379
21,2026-01-16,908,379
21,2026-01-17,856,379
21,2026-01-18,827,416
21,2026-01-19,774,416
21,2026-01-20,729,416
21,2026-01-21,682,416
21,2026-01-22,662,416
21,2026-01-23,617,416
21,2026-01-24,1229,416
21,2026-01-25,1195,416
21,2026-01-26,1137,416
21,2026-01-27,1085,416
21,2026-01-28,1039,416
21,2026-01-29,990,416
21,2026-01-30,951,416
21,2026-01-31,921,416
21,2026-02-01,895,416
21,2026-02-02,863,416
21,2026-02-03,815,416
21,2026-02-04,772,416
21,2026-02-05,745,416
21,2026-02-06,695,416
21,2026-02-07,663,416
21,2026-02-08,642,416
21,2026-02-09,598,416
21,2026-02-10,553,416
21,2026-02-11,513,416
21,2026-02-12,1082,416
21,2026-02-13,1024,416
21,2026-02-14,991,416
21,2026-02-15,974,416
21,2026-02-16,939,416
21,2026-02-17,891,411
21,2026-02-18,832,411
21,2026-02-19,789,411
21,2026-02-20,737,411
21,2026-02-21,703,411
21,2026-02-22,686,411
21,2026-02-23,643,411
21,2026-02-24,1200,411
21,2026-02-25,1146,411
21,2026-02-26,1114,411
21,2026-02-27,1069,411
21,2026-02-28,1042,411
21,2026-03-01,1022,411
21,2026-03-02,980,411
21,2026-03-03,955,411
21,2026-03-04,910,411
21,2026-03-05,861,411
21,2026-03-06,824,411
21,2026-03-07,796,411
21,2026-03-08,780,411
21,2026-03-09,723,411
21,2026-03-10,693,411
21,2026-03-11,648,411
21,2026-03-12,600,411
21,2026-03-13,555,411
21,2026-03-14,1156,411
21,2026-03-15,1131,411
21,2026-03-16,1098,411
21,2026-03-17,1041,411
21,2026-03-18,992,411
21,2026-03-19,967,398
21,2026-03-20,943,398
21,2026-03-21,899,398
21,2026-03-22,877,398
21,2026-03-23,834,398
21,2026-03-24,793,398
21,2026-03-25,756,398
21,2026-03-26,718,398
21,2026-03-27,678,398
21,2026-03-28,644,398
21,2026-03-29,620,398
21,2026-03-30,575,398
21,2026-03-31,526,398
21,2026-04-01,494,398
21,2026-04-02,461,398
21,2026-04-03,1067,398
21,2026-04-04,1033,398
21,2026-04-05,1008,398
21,2026-04-06,972,398
21,2026-04-07,937,398
21,2026-04-08,907,398
21,2026-04-09,863,398
21,2026-04-10,830,398
21,2026-04-11,796,398
21,2026-04-12,786,398
21,2026-04-13,752,398
21,2026-04-14,718,398
21,2026-04-15,687,398
21,2026-04-16,648,398
21,2026-04-17,617,398
21,2026-04-18,576,369
21,2026-04-19,561,369
21,2026-04-20,523,369
21,2026-04-21,1114,369
21,2026-04-22,1086,369
21,2026-04-23,1047,369
21,2026-04-24,998,369
21,2026-04-25,975,369
21,2026-04-26,955,369
21,2026-04-27,906,369
21,2026-04-28,862,369
21,2026-04-29,812,369
21,2026-04-30,778,369
21,2026-05-01,741,369
21,2026-05-02,723,369
21,2026-05-03,702,369
21,2026-05-04,669,369
21,2026-05-05,639,369
21,2026-05-06,606,369
21,2026-05-07,582,369
21,2026-05-08,557,369
21,2026-05-09,524,369
21,2026-05-10,1095,369
21,2026-05-11,1062,369
21,2026-05-12,1037,369
21,2026-05-13,1005,369
21,2026-05-14,974,369
21,2026-05-15,934,369
21,2026-05-16,911,369
21,2026-05-17,900,369
21,2026-05-18,876,323
21,2026-05-19,855,323
21,2026-05-20,822,323
21,2026-05-21,800,323
21,2026-05-22,779,323
21,2026-05-23,753,323
21,2026-05-24,734,323
21,2026-05-25,711,323
21,2026-05-26,667,323
21,2026-05-27,637,323
21,2026-05-28,593,323
21,2026-05-29,568,323
21,2026-05-30,544,323
21,2026-05-31,525,323
21,2026-06-01,490,323
21,2026-06-02,953,323
21,2026-06-03,928,323
21,2026-06-04,902,323
21,2026-06-05,880,323
21,2026-06-06,860,323
21,2026-06-07,851,323
21,2026-06-08,828,323
21,2026-06-09,790,323
21,2026-06-10,761,323
21,2026-06-11,739,323
21,2026-06-12,706,323
21,2026-06-13,687,323
21,2026-06-14,675,323
21,2026-06-15,653,323
21,2026-06-16,613,323
21,2026-06-17,596,285
21,2026-06-18,570,285
21,2026-06-19,550,285
21,2026-06-20,525,285
21,2026-06-21,512,285
21,2026-06-22,486,285
21,2026-06-23,449,285
21,2026-06-24,413,285
21,2026-06-25,392,285
21,2026-06-26,367,285
21,2026-06-27,344,285
21,2026-06-28,759,285
21,2026-06-29,731,285
21,2026-06-30,705,285
21,2026-07-01,681,285
21,2026-07-02,650,285
21,2026-07-03,623,285
21,2026-07-04,606,285
21,2026-07-05,588,285
21,2026-07-06,556,285
21,2026-07-07,525,285
21,2026-07-08,502,285
21,2026-07-09,472,285
21,2026-07-10,437,285
21,2026-07-11,420,285
21,2026-07-12,413,285
21,2026-07-13,389,285
21,2026-07-14,792,285
21,2026-07-15,755,285
21,2026-07-16,730,285
21,2026-07-17,702,256
21,2026-07-18,679,256
21,2026-07-19,670,256
21,2026-07-20,646,256
21,2026-07-21,617,256
21,2026-07-22,586,256
21,2026-07-23,559,256
21,2026-07-24,525,256
21,2026-07-25,515,256
21,2026-07-26,500,256
21,2026-07-27,471,256
21,2026-07-28,443,256
21,2026-07-29,419,256
21,2026-07-30,390,256
21,2026-07-31,372,256
21,2026-08-01,348,256
21,2026-08-02,334,256
21,2026-08-03,715,256
21,2026-08-04,684,256
21,2026-08-05,661,256
21,2026-08-06,641,256
21,2026-08-07,610,256
21,2026-08-08,582,256
21,2026-08-09,561,256
21,2026-08-10,530,256
21,2026-08-11,500,256
21,2026-08-12,472,256
21,2026-08-13,436,256
21,2026-08-14,416,256
21,2026-08-15,390,256
21,2026-08-16,372,249
21,2026-08-17,344,249
21,2026-08-18,318,249
21,2026-08-19,284,249
21,2026-08-20,665,249
21,2026-08-21,637,249
21,2026-08-22,613,249
21,2026-08-23,598,249
21,2026-08-24,568,249
21,2026-08-25,533,249
21,2026-08-26,513,249
21,2026-08-27,489,249
21,2026-08-28,463,249
21,2026-08-29,435,249
21,2026-08-30,418,249
21,2026-08-31,392,249
21,2026-09-01,362,249
21,2026-09-02,334,249
21,2026-09-03,297,249
21,2026-09-04,264,249
21,2026-09-05,630,249
21,2026-09-06,618,249
21,2026-09-07,598,249
21,2026-09-08,567,249
21,2026-09-09,525,249
21,2026-09-10,489,249
21,2026-09-11,459,249
21,2026-09-12,434,249
21,2026-09-13,427,249
21,2026-09-14,371,249
21,2026-09-15,337,260
21,2026-09-16,308,260
21,2026-09-17,277,260
21,2026-09-18,240,260
21,2026-09-19,605,260
21,2026-09-20,588,260
21,2026-09-21,558,260
21,2026-09-22,530,260
21,2026-09-23,490,260
21,2026-09-24,457,260
21,2026-09-25,427,260
21,2026-09-26,397,260
21,2026-09-27,386,260
21,2026-09-28,344,260
21,2026-09-29,317,260
21,2026-09-30,681,260
22,2023-10-01,1462,450
22,2023-10-02,1430,450
22,2023-10-03,1385,450
22,2023-10-04,1331,450
22,2023-10-05,1287,450
22,2023-10-06,1246,450
22,2023-10-07,1202,450
22,2023-10-08,1178,450
22,2023-10-09,1140,450
22,2023-10-10,1096,450
22,2023-10-11,1058,450
22,2023-10-12,1010,450
22,2023-10-13,954,450
22,2023-10-14,926,450
22,2023-10-15,907,450
22,2023-10-16,868,450
22,2023-10-17,816,450
22,2023-10-18,780,450
22,2023-10-19,749,450
22,2023-10-20,706,450
22,2023-10-21,656,450
22,2023-10-22,635,450
22,2023-10-23,591,450
22,2023-10-24,1239,450
22,2023-10-25,1198,450
22,2023-10-26,1143,450
22,2023-10-27,1103,450
22,2023-10-28,1065,450
22,2023-10-29,1051,450
22,2023-10-30,1003,450
22,2023-10-31,963,450
22,2023-11-01,913,450
22,2023-11-02,845,450
22,2023-11-03,800,450
22,2023-11-04,752,450
22,2023-11-05,735,450
22,2023-11-06,670,450
22,2023-11-07,619,450
22,2023-11-08,555,450
22,2023-11-09,505,450
22,2023-11-10,1143,450
22,2023-11-11,1107,450
22,2023-11-12,1085,450
22,2023-11-13,1031,450
22,2023-11-14,982,450
22,2023-11-15,921,450
22,2023-11-16,863,450
22,2023-11-17,830,450
22,2023-11-18,775,450
22,2023-11-19,747,450
22,2023-11-20,698,450
22,2023-11-21,654,450
22,2023-11-22,601,450
22,2023-11-23,543,450
22,2023-11-24,1190,450
22,2023-11-25,1148,450
22,2023-11-26,1123,450
22,2023-11-27,1084,450
22,2023-11-28,1018,450
22,2023-11-29,954,450
22,2023-11-30,905,438
22,2023-12-01,849,438
22,2023-12-02,811,438
22,2023-12-03,784,438
22,2023-12-04,727,438
22,2023-12-05,673,438
22,2023-12-06,620,438
22,2023-12-07,561,438
22,2023-12-08,508,438
22,2023-12-09,1131,438
22,2023-12-10,1101,438
22,2023-12-11,1049,438
22,2023-12-12,998,438
22,2023-12-13,944,438
22,2023-12-14,875,438
22,2023-12-15,837,438
22,2023-12-16,783,438
22,2023-12-17,768,438
22,2023-12-18,714,438
22,2023-12-19,650,438
22,2023-12-20,597,438
22,2023-12-21,542,438
22,2023-12-22,1149,438
22,2023-12-23,1100,438
22,2023-12-24,1084,438
22,2023-12-25,1029,438
22,2023-12-26,976,438
22,2023-12-27,923,438
22,2023-12-28,849,438
22,2023-12-29,809,438
22,2023-12-30,757,486
22,2023-12-31,723,486
22,2024-01-01,647,486
22,2024-01-02,583,486
22,2024-01-03,525,486
22,2024-01-04,443,486
22,2024-01-05,1242,486
22,2024-01-06,1182,486
22,2024-01-07,1161,486
22,2024-01-08,1083,486
22,2024-01-09,1029,486
22,2024-01-10,967,486
22,2024-01-11,918,486
22,2024-01-12,865,486
22,2024-01-13,799,486
22,2024-01-14,769,486
22,2024-01-15,712,486
22,2024-01-16,1404,486
22,2024-01-17,1345,486
22,2024-01-18,1287,486
22,2024-01-19,1237,486
22,2024-01-20,1194,486
22,2024-01-21,1155,486
22,2024-01-22,1099,486
22,2024-01-23,1050,486
22,2024-01-24,988,486
22,2024-01-25,914,486
22,2024-01-26,867,486
22,2024-01-27,808,486
22,2024-01-28,780,486
22,2024-01-29,732,514
22,2024-01-30,669,514
22,2024-01-31,1347,514
22,2024-02-01,1293,514
22,2024-02-02,1244,514
22,2024-02-03,1180,514
22,2024-02-04,1149,514
22,2024-02-05,1079,514
22,2024-02-06,1021,514
22,2024-02-07,972,514
22,2024-02-08,876,514
22,2024-02-09,790,514
22,2024-02-10,743,514
22,2024-02-11,722,514
22,2024-02-12,1473,514
22,2024-02-13,1412,514
22,2024-02-14,1341,514
22,2024-02-15,1294,514
22,2024-02-16,1235,514
22,2024-02-17,1184,514
22,2024-02-18,1162,514
22,2024-02-19,1115,514
22,2024-02-20,1028,514
22,2024-02-21,978,514
22,2024-02-22,926,514
22,2024-02-23,865,514
22,2024-02-24,812,514
22,2024-02-25,778,514
22,2024-02-26,700,514
22,2024-02-27,632,514
22,2024-02-28,1319,553
22,2024-02-29,1263,553
22,2024-03-01,1200,553
22,2024-03-02,1159,553
22,2024-03-03,1131,553
22,2024-03-04,1061,553
22,2024-03-05,996,553
22,2024-03-06,941,553
22,2024-03-07,860,553
22,2024-03-08,797,553
22,2024-03-09,1579,553
22,2024-03-10,1553,553
22,2024-03-11,1505,553
22,2024-03-12,1453,553
22,2024-03-13,1394,553
22,2024-03-14,1321,553
22,2024-03-15,1263,553
22,2024-03-16,1172,553
22,2024-03-17,1143,553
22,2024-03-18,1081,553
22,2024-03-19,1046,553
22,2024-03-20,991,553
22,2024-03-21,943,553
22,2024-03-22,868,553
22,2024-03-23,812,553
22,2024-03-24,790,553
22,2024-03-25,739,553
22,2024-03-26,1507,553
22,2024-03-27,1461,553
22,2024-03-28,1392,553
22,2024-03-29,1336,564
22,2024-03-30,1280,564
22,2024-03-31,1253,564
22,2024-04-01,1201,564
22,2024-04-02,1159,564
22,2024-04-03,1113,564
22,2024-04-04,1057,564
22,2024-04-05,999,564
22,2024-04-06,966,564
22,2024-04-07,939,564
22,2024-04-08,878,564
22,2024-04-09,1685,564
22,2024-04-10,1619,564
22,2024-04-11,1573,564
22,2024-04-12,1517,564
22,2024-04-13,1473,564
22,2024-04-14,1451,564
22,2024-04-15,1380,564
22,2024-04-16,1336,564
22,2024-04-17,1272,564
22,2024-04-18,1211,564
22,2024-04-19,1163,564
22,2024-04-20,1125,564
22,2024-04-21,1105,564
22,2024-04-22,1061,564
22,2024-04-23,995,564
22,2024-04-24,944,564
22,2024-04-25,879,564
22,2024-04-26,830,564
22,2024-04-27,1649,564
22,2024-04-28,1630,525
22,2024-04-29,1590,525
22,2024-04-30,1538,525
22,2024-05-01,1503,525
22,2024-05-02,1470,525
22,2024-05-03,1434,525
22,2024-05-04,1401,525
22,2024-05-05,1382,525
22,2024-05-06,1354,525
22,2024-05-07,1314,525
22,2024-05-08,1281,525
22,2024-05-09,1249,525
22,2024-05-10,1212,525
22,2024-05-11,1171,525
22,2024-05-12,1151,525
22,2024-05-13,1113,525
22,2024-05-14,1068,525
22,2024-05-15,1022,525
22,2024-05-16,988,525
22,2024-05-17,942,525
22,2024-05-18,916,525
22,2024-05-19,898,525
22,2024-05-20,867,525
22,2024-05-21,838,525
22,2024-05-22,791,525
22,2024-05-23,762,525
22,2024-05-24,1506,525
22,2024-05-25,1473,525
22,2024-05-26,1464,525
22,2024-05-27,1415,525
22,2024-05-28,1378,417
22,2024-05-29,1336,417
22,2024-05-30,1296,417
22,2024-05-31,1234,417
22,2024-06-01,1208,417
22,2024-06-02,1190,417
22,2024-06-03,1156,417
22,2024-06-04,1127,417
22,2024-06-05,1093,417
22,2024-06-06,1059,417
22,2024-06-07,1028,417
22,2024-06-08,999,417
22,2024-06-09,963,417
22,2024-06-10,934,417
22,2024-06-11,897,417
22,2024-06-12,867,417
22,2024-06-13,837,417
22,2024-06-14,796,417
22,2024-06-15,757,417
22,2024-06-16,745,417
22,2024-06-17,710,417
22,2024-06-18,676,417
22,2024-06-19,634,417
22,2024-06-20,600,417
22,2024-06-21,559,417
22,2024-06-22,540,417
22,2024-06-23,1158,417
22,2024-06-24,1120,417
22,2024-06-25,1086,417
22,2024-06-26,1057,417
22,2024-06-27,1022,336
22,2024-06-28,988,336
22,2024-06-29,945,336
22,2024-06-30,928,336
22,2024-07-01,897,336
22,2024-07-02,858,336
22,2024-07-03,812,336
22,2024-07-04,776,336
22,2024-07-05,746,336
22,2024-07-06,703,336
22,2024-07-07,688,336
22,2024-07-08,629,336
22,2024-07-09,604,336
22,2024-07-10,557,336
22,2024-07-11,527,336
22,2024-07-12,508,336
22,2024-07-13,986,336
22,2024-07-14,965,336
22,2024-07-15,931,336
22,2024-07-16,901,336
22,2024-07-17,879,336
22,2024-07-18,848,336
22,2024-07-19,829,336
22,2024-07-20,796,336
22,2024-07-21,777,336
22,2024-07-22,756,336
22,2024-07-23,722,336
22,2024-07-24,684,336
22,2024-07-25,640,336
22,2024-07-26,609,336
22,2024-07-27,580,324
22,2024-07-28,564,324
22,2024-07-29,538,324
22,2024-07-30,493,324
22,2024-07-31,455,324
22,2024-08-01,418,324
22,2024-08-02,390,324
22,2024-08-03,851,324
22,2024-08-04,834,324
22,2024-08-05,798,324
22,2024-08-06,757,324
22,2024-08-07,716,324
22,2024-08-08,677,324
22,2024-08-09,642,324
22,2024-08-10,608,324
22,2024-08-11,590,324
22,2024-08-12,547,324
22,2024-08-13,526,324
22,2024-08-14,498,324
22,2024-08-15,452,324
22,2024-08-16,420,324
22,2024-08-17,388,324
22,2024-08-18,900,324
22,2024-08-19,854,324
22,2024-08-20,806,324
22,2024-08-21,769,324
22,2024-08-22,722,324
22,2024-08-23,690,324
22,2024-08-24,660,324
22,2024-08-25,642,324
22,2024-08-26,621,323
22,2024-08-27,590,323
22,2024-08-28,554,323
22,2024-08-29,524,323
22,2024-08-30,497,323
22,2024-08-31,473,323
22,2024-09-01,450,323
22,2024-09-02,405,323
22,2024-09-03,363,323
22,2024-09-04,836,323
22,2024-09-05,801,323
22,2024-09-06,762,323
22,2024-09-07,729,323
22,2024-09-08,715,323
22,2024-09-09,675,323
22,2024-09-10,636,323
22,2024-09-11,591,323
22,2024-09-12,557,323
22,2024-09-13,511,323
22,2024-09-14,469,323
22,2024-09-15,444,323
22,2024-09-16,917,323
22,2024-09-17,877,323
22,2024-09-18,825,323
22,2024-09-19,785,323
22,2024-09-20,751,323
22,2024-09-21,702,323
22,2024-09-22,687,323
22,2024-09-23,613,323
22,2024-09-24,568,323
22,2024-09-25,531,346
22,2024-09-26,493,346
22,2024-09-27,453,346
22,2024-09-28,416,346
22,2024-09-29,397,346
22,2024-09-30,380,346
22,2024-10-01,817,346
22,2024-10-02,772,346
22,2024-10-03,733,346
22,2024-10-04,684,346
22,2024-10-05,637,346
22,2024-10-06,621,346
22,2024-10-07,571,346
22,2024-10-08,537,346
22,2024-10-09,479,346
22,2024-10-10,440,346
22,2024-10-11,384,346
22,2024-10-12,866,346
22,2024-10-13,849,346
22,2024-10-14,810,346
22,2024-10-15,762,346
22,2024-10-16,719,346
22,2024-10-17,673,346
22,2024-10-18,632,346
22,2024-10-19,592,346
22,2024-10-20,560,346
22,2024-10-21,511,346
22,2024-10-22,471,346
22,2024-10-23,422,346
22,2024-10-24,383,346
22,2024-10-25,886,384
22,2024-10-26,854,384
22,2024-10-27,828,384
22,2024-10-28,786,384
22,2024-10-29,746,384
22,2024-10-30,708,384
22,2024-10-31,672,384
22,2024-11-01,629,384
22,2024-11-02,582,384
22,2024-11-03,545,384
22,2024-11-04,494,384
22,2024-11-05,442,384
22,2024-11-06,991,384
22,2024-11-07,946,384
22,2024-11-08,900,384
22,2024-11-09,870,384
22,2024-11-10,842,384
22,2024-11-11,788,384
22,2024-11-12,728,384
22,2024-11-13,676,384
22,2024-11-14,639,384
22,2024-11-15,589,384
22,2024-11-16,555,384
22,2024-11-17,529,384
22,2024-11-18,1071,384
22,2024-11-19,1031,384
22,2024-11-20,978,384
22,2024-11-21,934,384
22,2024-11-22,877,384
22,2024-11-23,826,384
22,2024-11-24,799,417
22,2024-11-25,748,417
22,2024-11-26,693,417
22,2024-11-27,643,417
22,2024-11-28,588,417
22,2024-11-29,533,417
22,2024-11-30,477,417
22,2024-12-01,439,417
22,2024-12-02,1022,417
22,2024-12-03,972,417
22,2024-12-04,909,417
22,2024-12-05,847,417
22,2024-12-06,782,417
22,2024-12-07,740,417
22,2024-12-08,713,417
22,2024-12-09,671,417
22,2024-12-10,603,417
22,2024-12-11,517,417
22,2024-12-12,452,417
22,2024-12-13,404,417
22,2024-12-14,988,417
22,2024-12-15,962,417
22,2024-12-16,888,417
22,2024-12-17,828,417
22,2024-12-18,778,417
22,2024-12-19,720,417
22,2024-12-20,662,417
22,2024-12-21,637,417
22,2024-12-22,614,417
22,2024-12-23,563,417
22,2024-12-24,495,470
22,2024-12-25,443,470
22,2024-12-26,1054,470
22,2024-12-27,979,470
22,2024-12-28,938,470
22,2024-12-29,911,470
22,2024-12-30,862,470
22,2024-12-31,800,470
22,2025-01-01,752,470
22,2025-01-02,691,470
22,2025-01-03,634,470
22,2025-01-04,598,470
22,2025-01-05,1321,470
22,2025-01-06,1274,470
22,2025-01-07,1229,470
22,2025-01-08,1169,470
22,2025-01-09,1090,470
22,2025-01-10,1044,470
22,2025-01-11,1000,470
22,2025-01-12,982,470
22,2025-01-13,906,470
22,2025-01-14,835,470
22,2025-01-15,792,470
22,2025-01-16,733,470
22,2025-01-17,677,470
22,2025-01-18,621,470
22,2025-01-19,591,470
22,2025-01-20,1260,470
22,2025-01-21,1197,470
22,2025-01-22,1154,470
22,2025-01-23,1071,510
22,2025-01-24,1022,510
22,2025-01-25,975,510
22,2025-01-26,945,510
22,2025-01-27,884,510
22,2025-01-28,828,510
22,2025-01-29,785,510
22,2025-01-30,706,510
22,2025-01-31,649,510
22,2025-02-01,588,510
22,2025-02-02,572,510
22,2025-02-03,1317,510
22,2025-02-04,1273,510
22,2025-02-05,1208,510
22,2025-02-06,1154,510
22,2025-02-07,1094,510
22,2025-02-08,1047,510
22,2025-02-09,1009,510
22,2025-02-10,952,510
22,2025-02-11,887,510
22,2025-02-12,813,510
22,2025-02-13,750,510
22,2025-02-14,696,510
22,2025-02-15,644,510
22,2025-02-16,618,510
22,2025-02-17,555,510
22,2025-02-18,1292,510
22,2025-02-19,1248,510
22,2025-02-20,1199,510
22,2025-02-21,1135,510
22,2025-02-22,1084,525
22,2025-02-23,1062,525
22,2025-02-24,998,525
22,2025-02-25,932,525
22,2025-02-26,879,525
22,2025-02-27,814,525
22,2025-02-28,735,525
22,2025-03-01,691,525
22,2025-03-02,1463,525
22,2025-03-03,1400,525
22,2025-03-04,1362,525
22,2025-03-05,1330,525
22,2025-03-06,1274,525
22,2025-03-07,1203,525
22,2025-03-08,1146,525
22,2025-03-09,1123,525
22,2025-03-10,1076,525
22,2025-03-11,1008,525
22,2025-03-12,954,525
22,2025-03-13,910,525
22,2025-03-14,860,525
22,2025-03-15,826,525
22,2025-03-16,781,525
22,2025-03-17,730,525
22,2025-03-18,667,525
22,2025-03-19,611,525
22,2025-03-20,1360,525
22,2025-03-21,1317,525
22,2025-03-22,1276,525
22,2025-03-23,1257,525
22,2025-03-24,1209,519
22,2025-03-25,1154,519
22,2025-03-26,1104,519
22,2025-03-27,1045,519
22,2025-03-28,994,519
22,2025-03-29,951,519
22,2025-03-30,926,519
22,2025-03-31,880,519
22,2025-04-01,845,519
22,2025-04-02,804,519
22,2025-04-03,752,519
22,2025-04-04,1494,519
22,2025-04-05,1438,519
22,2025-04-06,1411,519
22,2025-04-07,1366,519
22,2025-04-08,1311,519
22,2025-04-09,1264,519
22,2025-04-10,1223,519
22,2025-04-11,1176,519
22,2025-04-12,1125,519
22,2025-04-13,1102,519
22,2025-04-14,1056,519
22,2025-04-15,1013,519
22,2025-04-16,978,519
22,2025-04-17,935,519
22,2025-04-18,884,519
22,2025-04-19,846,519
22,2025-04-20,822,519
22,2025-04-21,1546,519
22,2025-04-22,1500,519
22,2025-04-23,1461,471
22,2025-04-24,1424,471
22,2025-04-25,1368,471
22,2025-04-26,1332,471
22,2025-04-27,1312,471
22,2025-04-28,1268,471
22,2025-04-29,1221,471
22,2025-04-30,1182,471
22,2025-05-01,1147,471
22,2025-05-02,1102,471
22,2025-05-03,1059,471
22,2025-05-04,1042,471
22,2025-05-05,997,471
22,2025-05-06,948,471
22,2025-05-07,911,471
22,2025-05-08,868,471
22,2025-05-09,817,471
22,2025-05-10,770,471
22,2025-05-11,758,471
22,2025-05-12,723,471
22,2025-05-13,684,471
22,2025-05-14,645,471
22,2025-05-15,606,471
22,2025-05-16,1305,471
22,2025-05-17,1258,471
22,2025-05-18,1238,471
22,2025-05-19,1197,471
22,2025-05-20,1150,471
22,2025-05-21,1117,471
22,2025-05-22,1079,471
22,2025-05-23,1050,414
22,2025-05-24,1018,414
22,2025-05-25,1005,414
22,2025-05-26,969,414
22,2025-05-27,930,414
22,2025-05-28,897,414
22,2025-05-29,861,414
22,2025-05-30,811,414
22,2025-05-31,784,414
22,2025-06-01,774,414
22,2025-06-02,739,414
22,2025-06-03,695,414
22,2025-06-04,667,414
22,2025-06-05,641,414
22,2025-06-06,1239,414
22,2025-06-07,1210,414
22,2025-06-08,1198,414
22,2025-06-09,1165,414
22,2025-06-10,1133,414
22,2025-06-11,1091,414
22,2025-06-12,1053,414
22,2025-06-13,1014,414
22,2025-06-14,993,414
22,2025-06-15,978,414
22,2025-06-16,949,414
22,2025-06-17,906,414
22,2025-06-18,853,414
22,2025-06-19,823,414
22,2025-06-20,801,414
22,2025-06-21,781,414
22,2025-06-22,766,348
22,2025-06-23,735,348
22,2025-06-24,704,348
22,2025-06-25,668,348
22,2025-06-26,628,348
22,2025-06-27,596,348
22,2025-06-28,569,348
22,2025-06-29,552,348
22,2025-06-30,521,348
22,2025-07-01,1045,348
22,2025-07-02,1021,348
22,2025-07-03,991,348
22,2025-07-04,959,348
22,2025-07-05,937,348
22,2025-07-06,924,348
22,2025-07-07,888,348
22,2025-07-08,851,348
22,2025-07-09,824,348
22,2025-07-10,796,348
22,2025-07-11,769,348
22,2025-07-12,751,348
22,2025-07-13,735,348
22,2025-07-14,710,348
22,2025-07-15,673,348
22,2025-07-16,626,348
22,2025-07-17,596,348
22,2025-07-18,570,348
22,2025-07-19,547,348
22,2025-07-20,532,348
22,2025-07-21,1020,348
22,2025-07-22,979,294
22,2025-07-23,952,294
22,2025-07-24,925,294
22,2025-07-25,901,294
22,2025-07-26,851,294
22,2025-07-27,829,294
22,2025-07-28,789,294
22,2025-07-29,761,294
22,2025-07-30,731,294
22,2025-07-31,690,294
22,2025-08-01,641,294
22,2025-08-02,613,294
22,2025-08-03,600,294
22,2025-08-04,564,294
22,2025-08-05,529,294
22,2025-08-06,482,294
22,2025-08-07,442,294
22,2025-08-08,411,294
22,2025-08-09,376,294
22,2025-08-10,365,294
22,2025-08-11,338,294
22,2025-08-12,744,294
22,2025-08-13,704,294
22,2025-08-14,657,294
22,2025-08-15,624,294
22,2025-08-16,600,294
22,2025-08-17,589,294
22,2025-08-18,558,294
22,2025-08-19,522,294
22,2025-08-20,495,294
22,2025-08-21,458,301
22,2025-08-22,431,301
22,2025-08-23,405,301
22,2025-08-24,392,301
22,2025-08-25,336,301
22,2025-08-26,751,301
22,2025-08-27,709,301
22,2025-08-28,675,301
22,2025-08-29,650,301
22,2025-08-30,597,301
22,2025-08-31,584,301
22,2025-09-01,545,301
22,2025-09-02,516,301
22,2025-09-03,475,301
22,2025-09-04,437,301
22,2025-09-05,393,301
22,2025-09-06,356,301
22,2025-09-07,336,301
22,2025-09-08,301,301
22,2025-09-09,735,301
22,2025-09-10,694,301
22,2025-09-11,657,301
22,2025-09-12,616,301
22,2025-09-13,587,301
22,2025-09-14,573,301
22,2025-09-15,531,301
22,2025-09-16,495,301
22,2025-09-17,456,301
22,2025-09-18,421,301
22,2025-09-19,855,301
22,2025-09-20,821,333
22,2025-09-21,803,333
22,2025-09-22,748,333
22,2025-09-23,717,333
22,2025-09-24,681,333
22,2025-09-25,636,333
22,2025-09-26,598,333
22,2025-09-27,565,333
22,2025-09-28,547,333
22,2025-09-29,499,333
22,2025-09-30,961,333
22,2025-10-01,921,333
22,2025-10-02,897,333
22,2025-10-03,866,333
22,2025-10-04,835,333
22,2025-10-05,805,333
22,2025-10-06,774,333
22,2025-10-07,734,333
22,2025-10-08,702,333
22,2025-10-09,667,333
22,2025-10-10,621,333
22,2025-10-11,584,333
22,2025-10-12,564,333
22,2025-10-13,522,333
22,2025-10-14,476,333
22,2025-10-15,949,333
22,2025-10-16,909,333
22,2025-10-17,877,333
22,2025-10-18,842,333
22,2025-10-19,814,333
22,2025-10-20,791,348
22,2025-10-21,748,348
22,2025-10-22,708,348
22,2025-10-23,663,348
22,2025-10-24,620,348
22,2025-10-25,579,348
22,2025-10-26,561,348
22,2025-10-27,508,348
22,2025-10-28,477,348
22,2025-10-29,431,348
22,2025-10-30,920,348
22,2025-10-31,888,348
22,2025-11-01,852,348
22,2025-11-02,824,348
22,2025-11-03,782,348
22,2025-11-04,726,348
22,2025-11-05,688,348
22,2025-11-06,643,348
22,2025-11-07,598,348
22,2025-11-08,559,348
22,2025-11-09,534,348
22,2025-11-10,473,348
22,2025-11-11,430,348
22,2025-11-12,929,348
22,2025-11-13,882,348
22,2025-11-14,835,348
22,2025-11-15,804,348
22,2025-11-16,783,348
22,2025-11-17,743,348
22,2025-11-18,693,348
22,2025-11-19,645,377
22,2025-11-20,600,377
22,2025-11-21,551,377
22,2025-11-22,512,377
22,2025-11-23,496,377
22,2025-11-24,445,377
22,2025-11-25,978,377
22,2025-11-26,927,377
22,2025-11-27,882,377
22,2025-11-28,833,377
22,2025-11-29,789,377
22,2025-11-30,773,377
22,2025-12-01,722,377
22,2025-12-02,665,377
22,2025-12-03,591,377
22,2025-12-04,529,377
22,2025-12-05,490,377
22,2025-12-06,1029,377
22,2025-12-07,1006,377
22,2025-12-08,957,377
22,2025-12-09,899,377
22,2025-12-10,843,377
22,2025-12-11,771,377
22,2025-12-12,726,377
22,2025-12-13,683,377
22,2025-12-14,660,377
22,2025-12-15,608,377
22,2025-12-16,544,377
22,2025-12-17,489,377
22,2025-12-18,1002,377
22,2025-12-19,952,443
22,2025-12-20,920,443
22,2025-12-21,896,443
22,2025-12-22,835,443
22,2025-12-23,771,443
22,2025-12-24,716,443
22,2025-12-25,660,443
22,2025-12-26,603,443
22,2025-12-27,1238,443
22,2025-12-28,1220,443
22,2025-12-29,1169,443
22,2025-12-30,1120,443
22,2025-12-31,1060,443
22,2026-01-01,1017,443
22,2026-01-02,938,443
22,2026-01-03,904,443
22,2026-01-04,879,443
22,2026-01-05,818,443
22,2026-01-06,771,443
22,2026-01-07,714,443
22,2026-01-08,644,443
22,2026-01-09,600,443
22,2026-01-10,1240,443
22,2026-01-11,1206,443
22,2026-01-12,1161,443
22,2026-01-13,1118,443
22,2026-01-14,1059,443
22,2026-01-15,1011,443
22,2026-01-16,965,443
22,2026-01-17,911,443
22,2026-01-18,885,488
22,2026-01-19,825,488
22,2026-01-20,768,488
22,2026-01-21,718,488
22,2026-01-22,672,488
22,2026-01-23,1411,488
22,2026-01-24,1354,488
22,2026-01-25,1322,488
22,2026-01-26,1248,488
22,2026-01-27,1190,488
22,2026-01-28,1152,488
22,2026-01-29,1090,488
22,2026-01-30,1043,488
22,2026-01-31,995,488
22,2026-02-01,974,488
22,2026-02-02,921,488
22,2026-02-03,876,488
22,2026-02-04,822,488
22,2026-02-05,758,488
22,2026-02-06,704,488
22,2026-02-07,669,488
22,2026-02-08,641,488
22,2026-02-09,1307,488
22,2026-02-10,1252,488
22,2026-02-11,1188,488
22,2026-02-12,1142,488
22,2026-02-13,1102,488
22,2026-02-14,1052,488
22,2026-02-15,1020,488
22,2026-02-16,959,488
22,2026-02-17,917,491
22,2026-02-18,877,491
22,2026-02-19,812,491
22,2026-02-20,762,491
22,2026-02-21,704,491
22,2026-02-22,677,491
22,2026-02-23,1359,491
22,2026-02-24,1298,491
22,2026-02-25,1239,491
22,2026-02-26,1187,491
22,2026-02-27,1125,491
22,2026-02-28,1055,491
22,2026-03-01,1023,491
22,2026-03-02,964,491
22,2026-03-03,904,491
22,2026-03-04,864,491
22,2026-03-05,802,491
22,2026-03-06,738,491
22,2026-03-07,699,491
22,2026-03-08,1437,491
22,2026-03-09,1386,491
22,2026-03-10,1333,491
22,2026-03-11,1283,491
22,2026-03-12,1226,491
22,2026-03-13,1159,491
22,2026-03-14,1123,491
22,2026-03-15,1097,491
22,2026-03-16,1047,491
22,2026-03-17,1010,491
22,2026-03-18,966,491
22,2026-03-19,913,495
22,2026-03-20,867,495
22,2026-03-21,825,495
22,2026-03-22,811,495
22,2026-03-23,768,495
22,2026-03-24,722,495
22,2026-03-25,670,495
22,2026-03-26,609,495
22,2026-03-27,1328,495
22,2026-03-28,1260,495
22,2026-03-29,1237,495
22,2026-03-30,1189,495
22,2026-03-31,1122,495
22,2026-04-01,1091,495
22,2026-04-02,1054,495
22,2026-04-03,993,495
22,2026-04-04,961,495
22,2026-04-05,945,495
22,2026-04-06,913,495
22,2026-04-07,862,495
22,2026-04-08,829,495
22,2026-04-09,794,495
22,2026-04-10,750,495
22,2026-04-11,1490,495
22,2026-04-12,1468,495
22,2026-04-13,1424,495
22,2026-04-14,1394,495
22,2026-04-15,1346,495
22,2026-04-16,1304,495
22,2026-04-17,1255,495
22,2026-04-18,1209,457
22,2026-04-19,1192,457
22,2026-04-20,1158,457
22,2026-04-21,1113,457
22,2026-04-22,1077,457
22,2026-04-23,1011,457
22,2026-04-24,958,457
22,2026-04-25,922,457
22,2026-04-26,900,457
22,2026-04-27,873,457
22,2026-04-28,830,457
22,2026-04-29,799,457
22,2026-04-30,758,457
22,2026-05-01,714,457
22,2026-05-02,680,457
22,2026-05-03,1368,457
22,2026-05-04,1322,457
22,2026-05-05,1285,457
22,2026-05-06,1242,457
22,2026-05-07,1197,457
22,2026-05-08,1157,457
22,2026-05-09,1132,457
22,2026-05-10,1107,457
22,2026-05-11,1069,457
22,2026-05-12,1038,457
22,2026-05-13,1006,457
22,2026-05-14,954,457
22,2026-05-15,909,457
22,2026-05-16,877,457
22,2026-05-17,864,457
22,2026-05-18,832,392
22,2026-05-19,788,392
22,2026-05-20,756,392
22,2026-05-21,708,392
22,2026-05-22,669,392
22,2026-05-23,635,392
22,2026-05-24,619,392
22,2026-05-25,582,392
22,2026-05-26,545,392
22,2026-05-27,505,392
22,2026-05-28,1097,392
22,2026-05-29,1063,392
22,2026-05-30,1029,392
22,2026-05-31,1018,392
22,2026-06-01,989,392
22,2026-06-02,966,392
22,2026-06-03,947,392
22,2026-06-04,916,392
22,2026-06-05,880,392
22,2026-06-06,853,392
22,2026-06-07,840,392
22,2026-06-08,803,392
22,2026-06-09,767,392
22,2026-06-10,725,392
22,2026-06-11,685,392
22,2026-06-12,642,392
22,2026-06-13,614,392
22,2026-06-14,601,392
22,2026-06-15,573,392
22,2026-06-16,1139,392
22,2026-06-17,1106,344
22,2026-06-18,1061,344
22,2026-06-19,1035,344
22,2026-06-20,1015,344
22,2026-06-21,997,344
22,2026-06-22,968,344
22,2026-06-23,939,344
22,2026-06-24,910,344
22,2026-06-25,878,344
22,2026-06-26,847,344
22,2026-06-27,819,344
22,2026-06-28,809,344
22,2026-06-29,781,344
22,2026-06-30,749,344
22,2026-07-01,711,344
22,2026-07-02,667,344
22,2026-07-03,642,344
22,2026-07-04,619,344
22,2026-07-05,598,344
22,2026-07-06,571,344
22,2026-07-07,546,344
22,2026-07-08,511,344
22,2026-07-09,493,344
22,2026-07-10,979,344
22,2026-07-11,948,344
22,2026-07-12,931,344
22,2026-07-13,898,344
22,2026-07-14,854,344
22,2026-07-15,817,344
22,2026-07-16,777,344
22,2026-07-17,742,307
22,2026-07-18,715,307
22,2026-07-19,703,307
22,2026-07-20,678,307
22,2026-07-21,641,307
22,2026-07-22,610,307
22,2026-07-23,559,307
22,2026-07-24,525,307
22,2026-07-25,498,307
22,2026-07-26,484,307
22,2026-07-27,452,307
22,2026-07-28,427,307
22,2026-07-29,885,307
22,2026-07-30,859,307
22,2026-07-31,829,307
22,2026-08-01,801,307
22,2026-08-02,787,307
22,2026-08-03,753,307
22,2026-08-04,706,307
22,2026-08-05,672,307
22,2026-08-06,643,307
22,2026-08-07,611,307
22,2026-08-08,570,307
22,2026-08-09,552,307
22,2026-08-10,521,307
22,2026-08-11,490,307
22,2026-08-12,448,307
22,2026-08-13,421,307
22,2026-08-14,383,307
22,2026-08-15,805,307
22,2026-08-16,791,300
22,2026-08-17,771,300
22,2026-08-18,741,300
22,2026-08-19,706,300
22,2026-08-20,657,300
22,2026-08-21,631,300
22,2026-08-22,601,300
22,2026-08-23,583,300
22,2026-08-24,546,300
22,2026-08-25,529,300
22,2026-08-26,496,300
22,2026-08-27,480,300
22,2026-08-28,452,300
22,2026-08-29,428,300
22,2026-08-30,873,300
22,2026-08-31,844,300
22,2026-09-01,804,300
22,2026-09-02,762,300
22,2026-09-03,713,300
22,2026-09-04,668,300
22,2026-09-05,640,300
22,2026-09-06,615,300
22,2026-09-07,576,300
22,2026-09-08,545,300
22,2026-09-09,500,300
22,2026-09-10,462,300
22,2026-09-11,432,300
22,2026-09-12,388,300
22,2026-09-13,363,300
22,2026-09-14,818,300
22,2026-09-15,791,310
22,2026-09-16,754,310
22,2026-09-17,720,310
22,2026-09-18,691,310
22,2026-09-19,663,310
22,2026-09-20,643,310
22,2026-09-21,606,310
22,2026-09-22,566,310
22,2026-09-23,519,310
22,2026-09-24,471,310
22,2026-09-25,433,310
22,2026-09-26,402,310
22,2026-09-27,384,310
22,2026-09-28,350,310
22,2026-09-29,304,310
22,2026-09-30,774,310
23,2023-10-01,2731,842
23,2023-10-02,2628,842
23,2023-10-03,2545,842
23,2023-10-04,2443,842
23,2023-10-05,2364,842
23,2023-10-06,2279,842
23,2023-10-07,2178,842
23,2023-10-08,2138,842
23,2023-10-09,2044,842
23,2023-10-10,1956,842
23,2023-10-11,1863,842
23,2023-10-12,1789,842
23,2023-10-13,1698,842
23,2023-10-14,1627,842
23,2023-10-15,1576,842
23,2023-10-16,1470,842
23,2023-10-17,1384,842
23,2023-10-18,1304,842
23,2023-10-19,1209,842
23,2023-10-20,1131,842
23,2023-10-21,1057,842
23,2023-10-22,1025,842
23,2023-10-23,2233,842
23,2023-10-24,2149,842
23,2023-10-25,2065,842
23,2023-10-26,1980,842
23,2023-10-27,1869,842
23,2023-10-28,1787,842
23,2023-10-29,1739,842
23,2023-10-30,1633,842
23,2023-10-31,1544,842
23,2023-11-01,1403,842
23,2023-11-02,1313,842
23,2023-11-03,1226,842
23,2023-11-04,1136,842
23,2023-11-05,2463,842
23,2023-11-06,2347,842
23,2023-11-07,2255,842
23,2023-11-08,2077,842
23,2023-11-09,1978,842
23,2023-11-10,1897,842
23,2023-11-11,1820,842
23,2023-11-12,1777,842
23,2023-11-13,1648,842
23,2023-11-14,1542,842
23,2023-11-15,1452,842
23,2023-11-16,1350,842
23,2023-11-17,1260,842
23,2023-11-18,1172,842
23,2023-11-19,2460,842
23,2023-11-20,2379,842
23,2023-11-21,2282,842
23,2023-11-22,2177,842
23,2023-11-23,2085,842
23,2023-11-24,1982,842
23,2023-11-25,1910,842
23,2023-11-26,1871,842
23,2023-11-27,1755,842
23,2023-11-28,1644,842
23,2023-11-29,1560,842
23,2023-11-30,1466,872
23,2023-12-01,1351,872
23,2023-12-02,1252,872
23,2023-12-03,1199,872
23,2023-12-04,1091,872
23,2023-12-05,2390,872
23,2023-12-06,2267,872
23,2023-12-07,2135,872
23,2023-12-08,2017,872
23,2023-12-09,1924,872
23,2023-12-10,1863,872
23,2023-12-11,1745,872
23,2023-12-12,1637,872
23,2023-12-13,1531,872
23,2023-12-14,1399,872
23,2023-12-15,1313,872
23,2023-12-16,1227,872
23,2023-12-17,1168,872
23,2023-12-18,2415,872
23,2023-12-19,2316,872
23,2023-12-20,2182,872
23,2023-12-21,2080,872
23,2023-12-22,1991,872
23,2023-12-23,1888,872
23,2023-12-24,1825,872
23,2023-12-25,1702,872
23,2023-12-26,1572,872
23,2023-12-27,1450,872
23,2023-12-28,1329,872
23,2023-12-29,1198,872
23,2023-12-30,1091,983
23,2023-12-31,1023,983
23,2024-01-01,883,983
23,2024-01-02,2171,983
23,2024-01-03,2052,983
23,2024-01-04,1928,983
23,2024-01-05,1808,983
23,2024-01-06,1684,983
23,2024-01-07,1626,983
23,2024-01-08,1520,983
23,2024-01-09,1403,983
23,2024-01-10,1274,983
23,2024-01-11,1130,983
23,2024-01-12,2566,983
23,2024-01-13,2435,983
23,2024-01-14,2391,983
23,2024-01-15,2271,983
23,2024-01-16,2153,983
23,2024-01-17,2052,983
23,2024-01-18,1925,983
23,2024-01-19,1809,983
23,2024-01-20,1695,983
23,2024-01-21,1642,983
23,2024-01-22,1551,983
23,2024-01-23,1441,983
23,2024-01-24,2838,983
23,2024-01-25,2699,983
23,2024-01-26,2577,983
23,2024-01-27,2502,983
23,2024-01-28,2462,983
23,2024-01-29,2358,1066
23,2024-01-30,2217,1066
23,2024-01-31,2109,1066
23,2024-02-01,1971,1066
23,2024-02-02,1877,1066
23,2024-02-03,1768,1066
23,2024-02-04,1688,1066
23,2024-02-05,1569,1066
23,2024-02-06,3088,1066
23,2024-02-07,2992,1066
23,2024-02-08,2874,1066
23,2024-02-09,2738,1066
23,2024-02-10,2635,1066
23,2024-02-11,2570,1066
23,2024-02-12,2441,1066
23,2024-02-13,2314,1066
23,2024-02-14,2226,1066
23,2024-02-15,2111,1066
23,2024-02-16,1974,1066
23,2024-02-17,1847,1066
23,2024-02-18,1789,1066
23,2024-02-19,1656,1066
23,2024-02-20,1546,1066
23,2024-02-21,3065,1066
23,2024-02-22,2938,1066
23,2024-02-23,2794,1066
23,2024-02-24,2688,1066
23,2024-02-25,2630,1066
23,2024-02-26,2490,1066
23,2024-02-27,2387,1066
23,2024-02-28,2270,1110
23,2024-02-29,2120,1110
23,2024-03-01,1994,1110
23,2024-03-02,1886,1110
23,2024-03-03,1828,1110
23,2024-03-04,1708,1110
23,2024-03-05,1598,1110
23,2024-03-06,1486,1110
23,2024-03-07,3024,1110
23,2024-03-08,2913,1110
23,2024-03-09,2818,1110
23,2024-03-10,2771,1110
23,2024-03-11,2650,1110
23,2024-03-12,2522,1110
23,2024-03-13,2333,1110
23,2024-03-14,2213,1110
23,2024-03-15,2085,1110
23,2024-03-16,2004,1110
23,2024-03-17,1939,1110
23,2024-03-18,1810,1110
23,2024-03-19,1685,1110
23,2024-03-20,1532,1110
23,2024-03-21,1402,1110
23,2024-03-22,1280,1110
23,2024-03-23,2888,1110
23,2024-03-24,2827,1110
23,2024-03-25,2745,1110
23,2024-03-26,2648,1110
23,2024-03-27,2526,1110
23,2024-03-28,2407,1110
23,2024-03-29,2309,1127
23,2024-03-30,2199,1127
23,2024-03-31,2109,1127
23,2024-04-01,2020,1127
23,2024-04-02,1925,1127
23,2024-04-03,1811,1127
23,2024-04-04,1685,1127
23,2024-04-05,1590,1127
23,2024-04-06,3207,1127
23,2024-04-07,3169,1127
23,2024-04-08,3095,1127
23,2024-04-09,2997,1127
23,2024-04-10,2842,1127
23,2024-04-11,2768,1127
23,2024-04-12,2655,1127
23,2024-04-13,2555,1127
23,2024-04-14,2494,1127
23,2024-04-15,2378,1127
23,2024-04-16,2290,1127
23,2024-04-17,2215,1127
23,2024-04-18,2119,1127
23,2024-04-19,2021,1127
23,2024-04-20,1949,1127
23,2024-04-21,1891,1127
23,2024-04-22,1797,1127
23,2024-04-23,1697,1127
23,2024-04-24,1587,1127
23,2024-04-25,3176,1127
23,2024-04-26,3050,1127
23,2024-04-27,2928,1127
23,2024-04-28,2884,1042
23,2024-04-29,2779,1042
23,2024-04-30,2689,1042
23,2024-05-01,2597,1042
23,2024-05-02,2522,1042
23,2024-05-03,2428,1042
23,2024-05-04,2345,1042
23,2024-05-05,2300,1042
23,2024-05-06,2196,1042
23,2024-05-07,2124,1042
23,2024-05-08,2052,1042
23,2024-05-09,1951,1042
23,2024-05-10,1852,1042
23,2024-05-11,1743,1042
23,2024-05-12,1703,1042
23,2024-05-13,1608,1042
23,2024-05-14,1516,1042
23,2024-05-15,1421,1042
23,2024-05-16,2934,1042
23,2024-05-17,2823,1042
23,2024-05-18,2750,1042
23,2024-05-19,2712,1042
23,2024-05-20,2650,1042
23,2024-05-21,2588,1042
23,2024-05-22,2496,1042
23,2024-05-23,2395,1042
23,2024-05-24,2308,1042
23,2024-05-25,2221,1042
23,2024-05-26,2178,1042
23,2024-05-27,2088,1042
23,2024-05-28,2005,884
23,2024-05-29,1921,884
23,2024-05-30,1822,884
23,2024-05-31,1733,884
23,2024-06-01,1652,884
23,2024-06-02,1621,884
23,2024-06-03,1553,884
23,2024-06-04,1502,884
23,2024-06-05,1414,884
23,2024-06-06,1336,884
23,2024-06-07,2595,884
23,2024-06-08,2526,884
23,2024-06-09,2483,884
23,2024-06-10,2403,884
23,2024-06-11,2331,884
23,2024-06-12,2258,884
23,2024-06-13,2168,884
23,2024-06-14,2082,884
23,2024-06-15,2007,884
23,2024-06-16,1961,884
23,2024-06-17,1864,884
23,2024-06-18,1795,884
23,2024-06-19,1709,884
23,2024-06-20,1626,884
23,2024-06-21,1531,884
23,2024-06-22,1464,884
23,2024-06-23,1422,884
23,2024-06-24,1356,884
23,2024-06-25,1292,884
23,2024-06-26,2622,884
23,2024-06-27,2529,775
23,2024-06-28,2438,775
23,2024-06-29,2358,775
23,2024-06-30,2304,775
23,2024-07-01,2235,775
23,2024-07-02,2144,775
23,2024-07-03,2055,775
23,2024-07-04,1979,775
23,2024-07-05,1909,775
23,2024-07-06,1840,775
23,2024-07-07,1800,775
23,2024-07-08,1727,775
23,2024-07-09,1641,775
23,2024-07-10,1575,775
23,2024-07-11,1504,775
23,2024-07-12,1440,775
23,2024-07-13,1388,775
23,2024-07-14,1349,775
23,2024-07-15,1266,775
23,2024-07-16,1178,775
23,2024-07-17,1101,775
23,2024-07-18,1017,775
23,2024-07-19,2106,775
23,2024-07-20,2050,775
23,2024-07-21,2009,775
23,2024-07-22,1939,775
23,2024-07-23,1849,775
23,2024-07-24,1765,775
23,2024-07-25,1694,775
23,2024-07-26,1591,775
23,2024-07-27,1514,737
23,2024-07-28,1477,737
23,2024-07-29,1420,737
23,2024-07-30,1344,737
23,2024-07-31,1250,737
23,2024-08-01,1182,737
23,2024-08-02,1084,737
23,2024-08-03,1014,737
23,2024-08-04,967,737
23,2024-08-05,895,737
23,2024-08-06,812,737
23,2024-08-07,1922,737
23,2024-08-08,1856,737
23,2024-08-09,1754,737
23,2024-08-10,1682,737
23,2024-08-11,1634,737
23,2024-08-12,1548,737
23,2024-08-13,1457,737
23,2024-08-14,1372,737
23,2024-08-15,1290,737
23,2024-08-16,1199,737
23,2024-08-17,1133,737
23,2024-08-18,1097,737
23,2024-08-19,1029,737
23,2024-08-20,2096,737
23,2024-08-21,2009,737
23,2024-08-22,1952,737
23,2024-08-23,1875,737
23,2024-08-24,1809,737
23,2024-08-25,1764,737
23,2024-08-26,1699,726
23,2024-08-27,1598,726
23,2024-08-28,1523,726
23,2024-08-29,1437,726
23,2024-08-30,1330,726
23,2024-08-31,1269,726
23,2024-09-01,1235,726
23,2024-09-02,1157,726
23,2024-09-03,1080,726
23,2024-09-04,997,726
23,2024-09-05,883,726
23,2024-09-06,1951,726
23,2024-09-07,1858,726
23,2024-09-08,1820,726
23,2024-09-09,1733,726
23,2024-09-10,1645,726
23,2024-09-11,1569,726
23,2024-09-12,1478,726
23,2024-09-13,1376,726
23,2024-09-14,1298,726
23,2024-09-15,1249,726
23,2024-09-16,1116,726
23,2024-09-17,1008,726
23,2024-09-18,926,726
23,2024-09-19,815,726
23,2024-09-20,715,726
23,2024-09-21,1737,726
23,2024-09-22,1685,726
23,2024-09-23,1562,726
23,2024-09-24,1473,726
23,2024-09-25,1395,778
23,2024-09-26,1313,778
23,2024-09-27,1200,778
23,2024-09-28,1108,778
23,2024-09-29,1063,778
23,2024-09-30,979,778
23,2024-10-01,2029,778
23,2024-10-02,1936,778
23,2024-10-03,1809,778
23,2024-10-04,1686,778
23,2024-10-05,1601,778
23,2024-10-06,1539,778
23,2024-10-07,1427,778
23,2024-10-08,1296,778
23,2024-10-09,1191,778
23,2024-10-10,1075,778
23,2024-10-11,942,778
23,2024-10-12,2128,778
23,2024-10-13,2097,778
23,2024-10-14,1998,778
23,2024-10-15,1873,778
23,2024-10-16,1789,778
23,2024-10-17,1695,778
23,2024-10-18,1611,778
23,2024-10-19,1541,778
23,2024-10-20,1501,778
23,2024-10-21,1417,778
23,2024-10-22,1300,778
23,2024-10-23,1174,778
23,2024-10-24,1041,778
23,2024-10-25,967,899
23,2024-10-26,866,899
23,2024-10-27,2069,899
23,2024-10-28,1951,899
23,2024-10-29,1856,899
23,2024-10-30,1722,899
23,2024-10-31,1593,899
23,2024-11-01,1491,899
23,2024-11-02,1389,899
23,2024-11-03,1342,899
23,2024-11-04,2597,899
23,2024-11-05,2474,899
23,2024-11-06,2357,899
23,2024-11-07,2226,899
23,2024-11-08,2131,899
23,2024-11-09,2027,899
23,2024-11-10,1971,899
23,2024-11-11,1847,899
23,2024-11-12,1749,899
23,2024-11-13,1624,899
23,2024-11-14,1511,899
23,2024-11-15,1417,899
23,2024-11-16,1294,899
23,2024-11-17,1238,899
23,2024-11-18,1110,899
23,2024-11-19,1014,899
23,2024-11-20,890,899
23,2024-11-21,2222,899
23,2024-11-22,2092,899
23,2024-11-23,1986,899
23,2024-11-24,1918,1005
23,2024-11-25,1780,1005
23,2024-11-26,1674,1005
23,2024-11-27,1568,1005
23,2024-11-28,1450,1005
23,2024-11-29,1321,1005
23,2024-11-30,1227,1005
23,2024-12-01,1163,1005
23,2024-12-02,2550,1005
23,2024-12-03,2409,1005
23,2024-12-04,2279,1005
23,2024-12-05,2155,1005
23,2024-12-06,2036,1005
23,2024-12-07,1958,1005
23,2024-12-08,1894,1005
23,2024-12-09,1718,1005
23,2024-12-10,1534,1005
23,2024-12-11,1406,1005
23,2024-12-12,1280,1005
23,2024-12-13,1127,1005
23,2024-12-14,1032,1005
23,2024-12-15,966,1005
23,2024-12-16,2423,1005
23,2024-12-17,2296,1005
23,2024-12-18,2165,1005
23,2024-12-19,2006,1005
23,2024-12-20,1897,1005
23,2024-12-21,1785,1005
23,2024-12-22,1725,1005
23,2024-12-23,1575,1005
23,2024-12-24,1415,1117
23,2024-12-25,1256,1117
23,2024-12-26,1130,1117
23,2024-12-27,965,1117
23,2024-12-28,2374,1117
23,2024-12-29,2328,1117
23,2024-12-30,2170,1117
23,2024-12-31,2022,1117
23,2025-01-01,1877,1117
23,2025-01-02,1703,1117
23,2025-01-03,1570,1117
23,2025-01-04,1467,1117
23,2025-01-05,1387,1117
23,2025-01-06,1275,1117
23,2025-01-07,2923,1117
23,2025-01-08,2784,1117
23,2025-01-09,2614,1117
23,2025-01-10,2409,1117
23,2025-01-11,2300,1117
23,2025-01-12,2239,1117
23,2025-01-13,2105,1117
23,2025-01-14,1986,1117
23,2025-01-15,1830,1117
23,2025-01-16,1682,1117
23,2025-01-17,1546,1117
23,2025-01-18,1429,1117
23,2025-01-19,3064,1117
23,2025-01-20,2959,1117
23,2025-01-21,2805,1117
23,2025-01-22,2607,1117
23,2025-01-23,2466,1260
23,2025-01-24,2351,1260
23,2025-01-25,2162,1260
23,2025-01-26,2102,1260
23,2025-01-27,1964,1260
23,2025-01-28,1795,1260
23,2025-01-29,1689,1260
23,2025-01-30,3523,1260
23,2025-01-31,3359,1260
23,2025-02-01,3203,1260
23,2025-02-02,3128,1260
23,2025-02-03,2964,1260
23,2025-02-04,2751,1260
23,2025-02-05,2607,1260
23,2025-02-06,2438,1260
23,2025-02-07,2320,1260
23,2025-02-08,2202,1260
23,2025-02-09,2115,1260
23,2025-02-10,1928,1260
23,2025-02-11,1778,1260
23,2025-02-12,3573,1260
23,2025-02-13,3439,1260
23,2025-02-14,3278,1260
23,2025-02-15,3147,1260
23,2025-02-16,3045,1260
23,2025-02-17,2939,1260
23,2025-02-18,2790,1260
23,2025-02-19,2652,1260
23,2025-02-20,2502,1260
23,2025-02-21,2322,1260
23,2025-02-22,2169,1374
23,2025-02-23,2100,1374
23,2025-02-24,1939,1374
23,2025-02-25,1777,1374
23,2025-02-26,3999,1374
23,2025-02-27,3835,1374
23,2025-02-28,3705,1374
23,2025-03-01,3567,1374
23,2025-03-02,3497,1374
23,2025-03-03,3365,1374
23,2025-03-04,3253,1374
23,2025-03-05,3131,1374
23,2025-03-06,2963,1374
23,2025-03-07,2785,1374
23,2025-03-08,2648,1374
23,2025-03-09,2562,1374
23,2025-03-10,2410,1374
23,2025-03-11,2249,1374
23,2025-03-12,2127,1374
23,2025-03-13,1879,1374
23,2025-03-14,1734,1374
23,2025-03-15,1598,1374
23,2025-03-16,3638,1374
23,2025-03-17,3462,1374
23,2025-03-18,3340,1374
23,2025-03-19,3201,1374
23,2025-03-20,3076,1374
23,2025-03-21,2909,1374
23,2025-03-22,2776,1374
23,2025-03-23,2724,1374
23,2025-03-24,2586,1388
23,2025-03-25,2448,1388
23,2025-03-26,2306,1388
23,2025-03-27,2100,1388
23,2025-03-28,1965,1388
23,2025-03-29,1843,1388
23,2025-03-30,1767,1388
23,2025-03-31,3716,1388
23,2025-04-01,3593,1388
23,2025-04-02,3487,1388
23,2025-04-03,3361,1388
23,2025-04-04,3240,1388
23,2025-04-05,3162,1388
23,2025-04-06,3109,1388
23,2025-04-07,2919,1388
23,2025-04-08,2787,1388
23,2025-04-09,2668,1388
23,2025-04-10,2535,1388
23,2025-04-11,2416,1388
23,2025-04-12,2332,1388
23,2025-04-13,2286,1388
23,2025-04-14,2163,1388
23,2025-04-15,4173,1388
23,2025-04-16,4054,1388
23,2025-04-17,3915,1388
23,2025-04-18,3798,1388
23,2025-04-19,3718,1388
23,2025-04-20,3672,1388
23,2025-04-21,3561,1388
23,2025-04-22,3442,1388
23,2025-04-23,3340,1278
23,2025-04-24,3229,1278
23,2025-04-25,3122,1278
23,2025-04-26,3020,1278
23,2025-04-27,2965,1278
23,2025-04-28,2864,1278
23,2025-04-29,2729,1278
23,2025-04-30,2614,1278
23,2025-05-01,2504,1278
23,2025-05-02,2395,1278
23,2025-05-03,2293,1278
23,2025-05-04,2234,1278
23,2025-05-05,2138,1278
23,2025-05-06,2041,1278
23,2025-05-07,1937,1278
23,2025-05-08,1830,1278
23,2025-05-09,1712,1278
23,2025-05-10,3550,1278
23,2025-05-11,3504,1278
23,2025-05-12,3436,1278
23,2025-05-13,3288,1278
23,2025-05-14,3138,1278
23,2025-05-15,3050,1278
23,2025-05-16,2952,1278
23,2025-05-17,2859,1278
23,2025-05-18,2813,1278
23,2025-05-19,2702,1278
23,2025-05-20,2582,1278
23,2025-05-21,2497,1278
23,2025-05-22,2363,1278
23,2025-05-23,2264,1097
23,2025-05-24,2176,1097
23,2025-05-25,2135,1097
23,2025-05-26,2019,1097
23,2025-05-27,1915,1097
23,2025-05-28,1821,1097
23,2025-05-29,1713,1097
23,2025-05-30,1572,1097
23,2025-05-31,1462,1097
23,2025-06-01,1412,1097
23,2025-06-02,1320,1097
23,2025-06-03,2925,1097
23,2025-06-04,2847,1097
23,2025-06-05,2758,1097
23,2025-06-06,2677,1097
23,2025-06-07,2610,1097
23,2025-06-08,2570,1097
23,2025-06-09,2455,1097
23,2025-06-10,2366,1097
23,2025-06-11,2281,1097
23,2025-06-12,2176,1097
23,2025-06-13,2087,1097
23,2025-06-14,2006,1097
23,2025-06-15,1957,1097
23,2025-06-16,1858,1097
23,2025-06-17,1789,1097
23,2025-06-18,1698,1097
23,2025-06-19,3272,1097
23,2025-06-20,3199,1097
23,2025-06-21,3123,1097
23,2025-06-22,3079,936
23,2025-06-23,2986,936
23,2025-06-24,2900,936
23,2025-06-25,2797,936
23,2025-06-26,2715,936
23,2025-06-27,2613,936
23,2025-06-28,2522,936
23,2025-06-29,2481,936
23,2025-06-30,2388,936
23,2025-07-01,2308,936
23,2025-07-02,2223,936
23,2025-07-03,2132,936
23,2025-07-04,2025,936
23,2025-07-05,1966,936
23,2025-07-06,1926,936
23,2025-07-07,1835,936
23,2025-07-08,1735,936
23,2025-07-09,1639,936
23,2025-07-10,1518,936
23,2025-07-11,1450,936
23,2025-07-12,1380,936
23,2025-07-13,2772,936
23,2025-07-14,2695,936
23,2025-07-15,2598,936
23,2025-07-16,2511,936
23,2025-07-17,2421,936
23,2025-07-18,2300,936
23,2025-07-19,2210,936
23,2025-07-20,2131,936
23,2025-07-21,2043,936
23,2025-07-22,1942,857
23,2025-07-23,1843,857
23,2025-07-24,1751,857
23,2025-07-25,1636,857
23,2025-07-26,1533,857
23,2025-07-27,1481,857
23,2025-07-28,1388,857
23,2025-07-29,1305,857
23,2025-07-30,1201,857
23,2025-07-31,1108,857
23,2025-08-01,1007,857
23,2025-08-02,2230,857
23,2025-08-03,2170,857
23,2025-08-04,2076,857
23,2025-08-05,2002,857
23,2025-08-06,1889,857
23,2025-08-07,1778,857
23,2025-08-08,1693,857
23,2025-08-09,1597,857
23,2025-08-10,1544,857
23,2025-08-11,1448,857
23,2025-08-12,1369,857
23,2025-08-13,1271,857
23,2025-08-14,1176,857
23,2025-08-15,1089,857
23,2025-08-16,999,857
23,2025-08-17,2331,857
23,2025-08-18,2228,857
23,2025-08-19,2094,857
23,2025-08-20,1996,857
23,2025-08-21,1913,876
23,2025-08-22,1825,876
23,2025-08-23,1744,876
23,2025-08-24,1702,876
23,2025-08-25,1593,876
23,2025-08-26,1477,876
23,2025-08-27,1363,876
23,2025-08-28,1267,876
23,2025-08-29,1159,876
23,2025-08-30,1081,876
23,2025-08-31,1031,876
23,2025-09-01,2337,876
23,2025-09-02,2220,876
23,2025-09-03,2124,876
23,2025-09-04,2005,876
23,2025-09-05,1873,876
23,2025-09-06,1783,876
23,2025-09-07,1729,876
23,2025-09-08,1597,876
23,2025-09-09,1490,876
23,2025-09-10,1385,876
23,2025-09-11,1253,876
23,2025-09-12,1121,876
23,2025-09-13,2441,876
23,2025-09-14,2391,876
23,2025-09-15,2271,876
23,2025-09-16,2166,876
23,2025-09-17,2057,876
23,2025-09-18,1975,876
23,2025-09-19,1865,876
23,2025-09-20,1773,945
23,2025-09-21,1716,945
23,2025-09-22,1621,945
23,2025-09-23,1508,945
23,2025-09-24,1436,945
23,2025-09-25,1299,945
23,2025-09-26,1177,945
23,2025-09-27,1069,945
23,2025-09-28,1016,945
23,2025-09-29,2349,945
23,2025-09-30,2254,945
23,2025-10-01,2117,945
23,2025-10-02,2024,945
23,2025-10-03,1921,945
23,2025-10-04,1819,945
23,2025-10-05,1752,945
23,2025-10-06,1637,945
23,2025-10-07,1498,945
23,2025-10-08,1403,945
23,2025-10-09,1263,945
23,2025-10-10,2617,945
23,2025-10-11,2528,945
23,2025-10-12,2462,945
23,2025-10-13,2349,945
23,2025-10-14,2251,945
23,2025-10-15,2098,945
23,2025-10-16,1985,945
23,2025-10-17,1844,945
23,2025-10-18,1743,945
23,2025-10-19,1680,945
23,2025-10-20,1559,1018
23,2025-10-21,1408,1018
23,2025-10-22,1273,1018
23,2025-10-23,1166,1018
23,2025-10-24,1034,1018
23,2025-10-25,894,1018
23,2025-10-26,2280,1018
23,2025-10-27,2186,1018
23,2025-10-28,2039,1018
23,2025-10-29,1900,1018
23,2025-10-30,1756,1018
23,2025-10-31,1645,1018
23,2025-11-01,1515,1018
23,2025-11-02,1446,1018
23,2025-11-03,2921,1018
23,2025-11-04,2792,1018
23,2025-11-05,2662,1018
23,2025-11-06,2561,1018
23,2025-11-07,2427,1018
23,2025-11-08,2318,1018
23,2025-11-09,2247,1018
23,2025-11-10,2109,1018
23,2025-11-11,1960,1018
23,2025-11-12,1829,1018
23,2025-11-13,1707,1018
23,2025-11-14,1549,1018
23,2025-11-15,1386,1018
23,2025-11-16,2851,1018
23,2025-11-17,2727,1018
23,2025-11-18,2568,1018
23,2025-11-19,2441,1142
23,2025-11-20,2306,1142
23,2025-11-21,2200,1142
23,2025-11-22,2063,1142
23,2025-11-23,1973,1142
23,2025-11-24,1817,1142
23,2025-11-25,1671,1142
23,2025-11-26,1531,1142
23,2025-11-27,3185,1142
23,2025-11-28,3035,1142
23,2025-11-29,2923,1142
23,2025-11-30,2863,1142
23,2025-12-01,2663,1142
23,2025-12-02,2470,1142
23,2025-12-03,2286,1142
23,2025-12-04,2149,1142
23,2025-12-05,1983,1142
23,2025-12-06,1852,1142
23,2025-12-07,1764,1142
23,2025-12-08,1586,1142
23,2025-12-09,1429,1142
23,2025-12-10,3020,1142
23,2025-12-11,2832,1142
23,2025-12-12,2683,1142
23,2025-12-13,2543,1142
23,2025-12-14,2481,1142
23,2025-12-15,2332,1142
23,2025-12-16,2133,1142
23,2025-12-17,1958,1142
23,2025-12-18,1796,1142
23,2025-12-19,1590,1340
23,2025-12-20,1427,1340
23,2025-12-21,3173,1340
23,2025-12-22,3019,1340
23,2025-12-23,2868,1340
23,2025-12-24,2696,1340
23,2025-12-25,2495,1340
23,2025-12-26,2323,1340
23,2025-12-27,2217,1340
23,2025-12-28,2128,1340
23,2025-12-29,1983,1340
23,2025-12-30,1806,1340
23,2025-12-31,3730,1340
23,2026-01-01,3554,1340
23,2026-01-02,3398,1340
23,2026-01-03,3225,1340
23,2026-01-04,3131,1340
23,2026-01-05,2957,1340
23,2026-01-06,2801,1340
23,2026-01-07,2628,1340
23,2026-01-08,2405,1340
23,2026-01-09,2246,1340
23,2026-01-10,2114,1340
23,2026-01-11,2019,1340
23,2026-01-12,1851,1340
23,2026-01-13,3660,1340
23,2026-01-14,3526,1340
23,2026-01-15,3368,1340
23,2026-01-16,3193,1340
23,2026-01-17,3045,1340
23,2026-01-18,2967,1505
23,2026-01-19,2819,1505
23,2026-01-20,2661,1505
23,2026-01-21,2491,1505
23,2026-01-22,2321,1505
23,2026-01-23,2131,1505
23,2026-01-24,1845,1505
23,2026-01-25,1772,1505
23,2026-01-26,3907,1505
23,2026-01-27,3719,1505
23,2026-01-28,3565,1505
23,2026-01-29,3375,1505
23,2026-01-30,3219,1505
23,2026-01-31,3095,1505
23,2026-02-01,3015,1505
23,2026-02-02,2886,1505
23,2026-02-03,2670,1505
23,2026-02-04,2515,1505
23,2026-02-05,2300,1505
23,2026-02-06,2109,1505
23,2026-02-07,1990,1505
23,2026-02-08,1897,1505
23,2026-02-09,1745,1505
23,2026-02-10,3889,1505
23,2026-02-11,3717,1505
23,2026-02-12,3578,1505
23,2026-02-13,3418,1505
23,2026-02-14,3269,1505
23,2026-02-15,3171,1505
23,2026-02-16,3020,1505
23,2026-02-17,2840,1551
23,2026-02-18,2658,1551
23,2026-02-19,2472,1551
23,2026-02-20,2220,1551
23,2026-02-21,2052,1551
23,2026-02-22,1971,1551
23,2026-02-23,4255,1551
23,2026-02-24,4058,1551
23,2026-02-25,3850,1551
23,2026-02-26,3612,1551
23,2026-02-27,3447,1551
23,2026-02-28,3304,1551
23,2026-03-01,3241,1551
23,2026-03-02,3061,1551
23,2026-03-03,2873,1551
23,2026-03-04,2707,1551
23,2026-03-05,2538,1551
23,2026-03-06,2314,1551
23,2026-03-07,2173,1551
23,2026-03-08,2071,1551
23,2026-03-09,1939,1551
23,2026-03-10,1799,1551
23,2026-03-11,4042,1551
23,2026-03-12,3862,1551
23,2026-03-13,3684,1551
23,2026-03-14,3561,1551
23,2026-03-15,3483,1551
23,2026-03-16,3285,1551
23,2026-03-17,3131,1551
23,2026-03-18,2978,1551
23,2026-03-19,2797,1591
23,2026-03-20,2618,1591
23,2026-03-21,2480,1591
23,2026-03-22,2393,1591
23,2026-03-23,2239,1591
23,2026-03-24,4545,1591
23,2026-03-25,4388,1591
23,2026-03-26,4195,1591
23,2026-03-27,4001,1591
23,2026-03-28,3804,1591
23,2026-03-29,3737,1591
23,2026-03-30,3554,1591
23,2026-03-31,3378,1591
23,2026-04-01,3259,1591
23,2026-04-02,3120,1591
23,2026-04-03,3001,1591
23,2026-04-04,2876,1591
23,2026-04-05,2818,1591
23,2026-04-06,2682,1591
23,2026-04-07,2549,1591
23,2026-04-08,2417,1591
23,2026-04-09,2260,1591
23,2026-04-10,2132,1591
23,2026-04-11,2014,1591
23,2026-04-12,4375,1591
23,2026-04-13,4243,1591
23,2026-04-14,4128,1591
23,2026-04-15,3939,1591
23,2026-04-16,3779,1591
23,2026-04-17,3643,1591
23,2026-04-18,3522,1523
23,2026-04-19,3447,1523
23,2026-04-20,3275,1523
23,2026-04-21,3124,1523
23,2026-04-22,2987,1523
23,2026-04-23,2815,1523
23,2026-04-24,2642,1523
23,2026-04-25,2516,1523
23,2026-04-26,2431,1523
23,2026-04-27,2275,1523
23,2026-04-28,2096,1523
23,2026-04-29,1946,1523
23,2026-04-30,4188,1523
23,2026-05-01,4083,1523
23,2026-05-02,3996,1523
23,2026-05-03,3926,1523
23,2026-05-04,3800,1523
23,2026-05-05,3678,1523
23,2026-05-06,3576,1523
23,2026-05-07,3427,1523
23,2026-05-08,3317,1523
23,2026-05-09,3225,1523
23,2026-05-10,3168,1523
23,2026-05-11,3063,1523
23,2026-05-12,2934,1523
23,2026-05-13,2816,1523
23,2026-05-14,2693,1523
23,2026-05-15,2599,1523
23,2026-05-16,2502,1523
23,2026-05-17,2442,1523
23,2026-05-18,2325,1301
23,2026-05-19,2202,1301
23,2026-05-20,2064,1301
23,2026-05-21,4295,1301
23,2026-05-22,4171,1301
23,2026-05-23,4044,1301
23,2026-05-24,3974,1301
23,2026-05-25,3807,1301
23,2026-05-26,3697,1301
23,2026-05-27,3586,1301
23,2026-05-28,3453,1301
23,2026-05-29,3317,1301
23,2026-05-30,3205,1301
23,2026-05-31,3136,1301
23,2026-06-01,3023,1301
23,2026-06-02,2931,1301
23,2026-06-03,2794,1301
23,2026-06-04,2656,1301
23,2026-06-05,2507,1301
23,2026-06-06,2395,1301
23,2026-06-07,2316,1301
23,2026-06-08,2212,1301
23,2026-06-09,2110,1301
23,2026-06-10,1994,1301
23,2026-06-11,1878,1301
23,2026-06-12,1742,1301
23,2026-06-13,3610,1301
23,2026-06-14,3547,1301
23,2026-06-15,3422,1301
23,2026-06-16,3319,1301
23,2026-06-17,3208,1170
23,2026-06-18,3115,1170
23,2026-06-19,3005,1170
23,2026-06-20,2906,1170
23,2026-06-21,2859,1170
23,2026-06-22,2748,1170
23,2026-06-23,2605,1170
23,2026-06-24,2462,1170
23,2026-06-25,2348,1170
23,2026-06-26,2237,1170
23,2026-06-27,2156,1170
23,2026-06-28,2092,1170
23,2026-06-29,1980,1170
23,2026-06-30,1851,1170
23,2026-07-01,1733,1170
23,2026-07-02,1621,1170
23,2026-07-03,3273,1170
23,2026-07-04,3193,1170
23,2026-07-05,3142,1170
23,2026-07-06,3029,1170
23,2026-07-07,2900,1170
23,2026-07-08,2785,1170
23,2026-07-09,2640,1170
23,2026-07-10,2498,1170
23,2026-07-11,2429,1170
23,2026-07-12,2374,1170
23,2026-07-13,2270,1170
23,2026-07-14,2180,1170
23,2026-07-15,2085,1170
23,2026-07-16,1989,1170
23,2026-07-17,1879,1089
23,2026-07-18,1796,1089
23,2026-07-19,3524,1089
23,2026-07-20,3420,1089
23,2026-07-21,3312,1089
23,2026-07-22,3205,1089
23,2026-07-23,3094,1089
23,2026-07-24,2971,1089
23,2026-07-25,2847,1089
23,2026-07-26,2791,1089
23,2026-07-27,2650,1089
23,2026-07-28,2517,1089
23,2026-07-29,2388,1089
23,2026-07-30,2275,1089
23,2026-07-31,2170,1089
23,2026-08-01,2062,1089
23,2026-08-02,1991,1089
23,2026-08-03,1887,1089
23,2026-08-04,1769,1089
23,2026-08-05,1633,1089
23,2026-08-06,1478,1089
23,2026-08-07,1343,1089
23,2026-08-08,1258,1089
23,2026-08-09,2901,1089
23,2026-08-10,2791,1089
23,2026-08-11,2676,1089
23,2026-08-12,2556,1089
23,2026-08-13,2453,1089
23,2026-08-14,2368,1089
23,2026-08-15,2298,1089
23,2026-08-16,2210,1046
23,2026-08-17,2076,1046
23,2026-08-18,1971,1046
23,2026-08-19,1861,1046
23,2026-08-20,1738,1046
23,2026-08-21,1633,1046
23,2026-08-22,1555,1046
23,2026-08-23,1480,1046
23,2026-08-24,2957,1046
23,2026-08-25,2829,1046
23,2026-08-26,2734,1046
23,2026-08-27,2620,1046
23,2026-08-28,2476,1046
23,2026-08-29,2369,1046
23,2026-08-30,2314,1046
23,2026-08-31,2205,1046
23,2026-09-01,2013,1046
23,2026-09-02,1856,1046
23,2026-09-03,1702,1046
23,2026-09-04,1519,1046
23,2026-09-05,1381,1046
23,2026-09-06,1319,1046
23,2026-09-07,1160,1046
23,2026-09-08,2625,1046
23,2026-09-09,2500,1046
23,2026-09-10,2396,1046
23,2026-09-11,2243,1046
23,2026-09-12,2147,1046
23,2026-09-13,2084,1046
23,2026-09-14,1919,1046
23,2026-09-15,1811,1124
23,2026-09-16,1675,1124
23,2026-09-17,1541,1124
23,2026-09-18,1425,1124
23,2026-09-19,3223,1124
23,2026-09-20,3161,1124
23,2026-09-21,3009,1124
23,2026-09-22,2883,1124
23,2026-09-23,2755,1124
23,2026-09-24,2576,1124
23,2026-09-25,2430,1124
23,2026-09-26,2306,1124
23,2026-09-27,2237,1124
23,2026-09-28,2128,1124
23,2026-09-29,2011,1124
23,2026-09-30,1865,1124
24,2023-10-01,2661,817
24,2023-10-02,2582,817
24,2023-10-03,2506,817
24,2023-10-04,2413,817
24,2023-10-05,2309,817
24,2023-10-06,2231,817
24,2023-10-07,2134,817
24,2023-10-08,2093,817
24,2023-10-09,1990,817
24,2023-10-10,1902,817
24,2023-10-11,1821,817
24,2023-10-12,1740,817
24,2023-10-13,1654,817
24,2023-10-14,1575,817
24,2023-10-15,1526,817
24,2023-10-16,1447,817
24,2023-10-17,1379,817
24,2023-10-18,1302,817
24,2023-10-19,1206,817
24,2023-10-20,1116,817
24,2023-10-21,2297,817
24,2023-10-22,2258,817
24,2023-10-23,2141,817
24,2023-10-24,2048,817
24,2023-10-25,1983,817
24,2023-10-26,1916,817
24,2023-10-27,1839,817
24,2023-10-28,1747,817
24,2023-10-29,1714,817
24,2023-10-30,1634,817
24,2023-10-31,1554,817
24,2023-11-01,1470,817
24,2023-11-02,1373,817
24,2023-11-03,1283,817
24,2023-11-04,1197,817
24,2023-11-05,2378,817
24,2023-11-06,2285,817
24,2023-11-07,2174,817
24,2023-11-08,2069,817
24,2023-11-09,1954,817
24,2023-11-10,1886,817
24,2023-11-11,1819,817
24,2023-11-12,1777,817
24,2023-11-13,1664,817
24,2023-11-14,1578,817
24,2023-11-15,1492,817
24,2023-11-16,1393,817
24,2023-11-17,1297,817
24,2023-11-18,1214,817
24,2023-11-19,1170,817
24,2023-11-20,1072,817
24,2023-11-21,956,817
24,2023-11-22,2173,817
24,2023-11-23,2078,817
24,2023-11-24,1969,817
24,2023-11-25,1883,817
24,2023-11-26,1847,817
24,2023-11-27,1749,817
24,2023-11-28,1626,817
24,2023-11-29,1545,817
24,2023-11-30,1458,822
24,2023-12-01,1368,822
24,2023-12-02,1285,822
24,2023-12-03,1236,822
24,2023-12-04,2380,822
24,2023-12-05,2301,822
24,2023-12-06,2172,822
24,2023-12-07,2059,822
24,2023-12-08,1936,822
24,2023-12-09,1859,822
24,2023-12-10,1825,822
24,2023-12-11,1708,822
24,2023-12-12,1600,822
24,2023-12-13,1504,822
24,2023-12-14,1363,822
24,2023-12-15,1234,822
24,2023-12-16,1154,822
24,2023-12-17,1102,822
24,2023-12-18,991,822
24,2023-12-19,897,822
24,2023-12-20,2129,822
24,2023-12-21,2019,822
24,2023-12-22,1900,822
24,2023-12-23,1818,822
24,2023-12-24,1769,822
24,2023-12-25,1551,822
24,2023-12-26,1427,822
24,2023-12-27,1295,822
24,2023-12-28,1176,822
24,2023-12-29,1071,822
24,2023-12-30,984,950
24,2023-12-31,924,950
24,2024-01-01,802,950
24,2024-01-02,1972,950
24,2024-01-03,1859,950
24,2024-01-04,1761,950
24,2024-01-05,1648,950
24,2024-01-06,1554,950
24,2024-01-07,1498,950
24,2024-01-08,1401,950
24,2024-01-09,1286,950
24,2024-01-10,1156,950
24,2024-01-11,1028,950
24,2024-01-12,2379,950
24,2024-01-13,2264,950
24,2024-01-14,2209,950
24,2024-01-15,2070,950
24,2024-01-16,1988,950
24,2024-01-17,1851,950
24,2024-01-18,1700,950
24,2024-01-19,1583,950
24,2024-01-20,1487,950
24,2024-01-21,1417,950
24,2024-01-22,1314,950
24,2024-01-23,2603,950
24,2024-01-24,2501,950
24,2024-01-25,2400,950
24,2024-01-26,2292,950
24,2024-01-27,2219,950
24,2024-01-28,2167,950
24,2024-01-29,2068,1032
24,2024-01-30,1964,1032
24,2024-01-31,1856,1032
24,2024-02-01,1737,1032
24,2024-02-02,1646,1032
24,2024-02-03,1545,1032
24,2024-02-04,1492,1032
24,2024-02-05,1378,1032
24,2024-02-06,2775,1032
24,2024-02-07,2641,1032
24,2024-02-08,2520,1032
24,2024-02-09,2384,1032
24,2024-02-10,2267,1032
24,2024-02-11,2206,1032
24,2024-02-12,2071,1032
24,2024-02-13,1977,1032
24,2024-02-14,1850,1032
24,2024-02-15,1721,1032
24,2024-02-16,1615,1032
24,2024-02-17,1519,1032
24,2024-02-18,1459,1032
24,2024-02-19,2904,1032
24,2024-02-20,2808,1032
24,2024-02-21,2682,1032
24,2024-02-22,2557,1032
24,2024-02-23,2433,1032
24,2024-02-24,2350,1032
24,2024-02-25,2290,1032
24,2024-02-26,2170,1032
24,2024-02-27,2081,1032
24,2024-02-28,1968,1051
24,2024-02-29,1835,1051
24,2024-03-01,1729,1051
24,2024-03-02,1638,1051
24,2024-03-03,1568,1051
24,2024-03-04,1434,1051
24,2024-03-05,1322,1051
24,2024-03-06,1231,1051
24,2024-03-07,2725,1051
24,2024-03-08,2597,1051
24,2024-03-09,2497,1051
24,2024-03-10,2442,1051
24,2024-03-11,2292,1051
24,2024-03-12,2190,1051
24,2024-03-13,2081,1051
24,2024-03-14,1974,1051
24,2024-03-15,1907,1051
24,2024-03-16,1812,1051
24,2024-03-17,1750,1051
24,2024-03-18,1641,1051
24,2024-03-19,1549,1051
24,2024-03-20,1434,1051
24,2024-03-21,2984,1051
24,2024-03-22,2858,1051
24,2024-03-23,2780,1051
24,2024-03-24,2735,1051
24,2024-03-25,2601,1051
24,2024-03-26,2491,1051
24,2024-03-27,2363,1051
24,2024-03-28,2244,1051
24,2024-03-29,2125,1053
24,2024-03-30,2020,1053
24,2024-03-31,1968,1053
24,2024-04-01,1867,1053
24,2024-04-02,1790,1053
24,2024-04-03,1695,1053
24,2024-04-04,1600,1053
24,2024-04-05,3112,1053
24,2024-04-06,3014,1053
24,2024-04-07,2962,1053
24,2024-04-08,2861,1053
24,2024-04-09,2776,1053
24,2024-04-10,2694,1053
24,2024-04-11,2598,1053
24,2024-04-12,2513,1053
24,2024-04-13,2424,1053
24,2024-04-14,2382,1053
24,2024-04-15,2297,1053
24,2024-04-16,2199,1053
24,2024-04-17,2087,1053
24,2024-04-18,1981,1053
24,2024-04-19,1892,1053
24,2024-04-20,1808,1053
24,2024-04-21,1739,1053
24,2024-04-22,1625,1053
24,2024-04-23,3097,1053
24,2024-04-24,3007,1053
24,2024-04-25,2907,1053
24,2024-04-26,2822,1053
24,2024-04-27,2731,1053
24,2024-04-28,2701,972
24,2024-04-29,2596,972
24,2024-04-30,2518,972
24,2024-05-01,2445,972
24,2024-05-02,2356,972
24,2024-05-03,2284,972
24,2024-05-04,2215,972
24,2024-05-05,2183,972
24,2024-05-06,2092,972
24,2024-05-07,2006,972
24,2024-05-08,1918,972
24,2024-05-09,1844,972
24,2024-05-10,1754,972
24,2024-05-11,1708,972
24,2024-05-12,1665,972
24,2024-05-13,1547,972
24,2024-05-14,1475,972
24,2024-05-15,1392,972
24,2024-05-16,1331,972
24,2024-05-17,2733,972
24,2024-05-18,2667,972
24,2024-05-19,2630,972
24,2024-05-20,2552,972
24,2024-05-21,2493,972
24,2024-05-22,2430,972
24,2024-05-23,2337,972
24,2024-05-24,2229,972
24,2024-05-25,2155,972
24,2024-05-26,2108,972
24,2024-05-27,2031,972
24,2024-05-28,1956,818
24,2024-05-29,1863,818
24,2024-05-30,1797,818
24,2024-05-31,1727,818
24,2024-06-01,1646,818
24,2024-06-02,1609,818
24,2024-06-03,1514,818
24,2024-06-04,1443,818
24,2024-06-05,1353,818
24,2024-06-06,1281,818
24,2024-06-07,1194,818
24,2024-06-08,1134,818
24,2024-06-09,1079,818
24,2024-06-10,992,818
24,2024-06-11,2176,818
24,2024-06-12,2098,818
24,2024-06-13,2020,818
24,2024-06-14,1954,818
24,2024-06-15,1875,818
24,2024-06-16,1826,818
24,2024-06-17,1724,818
24,2024-06-18,1647,818
24,2024-06-19,1565,818
24,2024-06-20,1464,818
24,2024-06-21,1404,818
24,2024-06-22,1328,818
24,2024-06-23,1303,818
24,2024-06-24,2454,818
24,2024-06-25,2377,818
24,2024-06-26,2319,818
24,2024-06-27,2229,735
24,2024-06-28,2150,735
24,2024-06-29,2072,735
24,2024-06-30,2037,735
24,2024-07-01,1963,735
24,2024-07-02,1916,735
24,2024-07-03,1844,735
24,2024-07-04,1762,735
24,2024-07-05,1656,735
24,2024-07-06,1587,735
24,2024-07-07,1544,735
24,2024-07-08,1477,735
24,2024-07-09,1398,735
24,2024-07-10,1311,735
24,2024-07-11,1244,735
24,2024-07-12,1157,735
24,2024-07-13,1098,735
24,2024-07-14,1051,735
24,2024-07-15,2051,735
24,2024-07-16,1980,735
24,2024-07-17,1907,735
24,2024-07-18,1835,735
24,2024-07-19,1760,735
24,2024-07-20,1704,735
24,2024-07-21,1680,735
24,2024-07-22,1607,735
24,2024-07-23,1540,735
24,2024-07-24,1474,735
24,2024-07-25,1413,735
24,2024-07-26,1349,735
24,2024-07-27,1297,715
24,2024-07-28,1258,715
24,2024-07-29,1164,715
24,2024-07-30,1097,715
24,2024-07-31,1021,715
24,2024-08-01,937,715
24,2024-08-02,1950,715
24,2024-08-03,1881,715
24,2024-08-04,1848,715
24,2024-08-05,1761,715
24,2024-08-06,1694,715
24,2024-08-07,1607,715
24,2024-08-08,1546,715
24,2024-08-09,1472,715
24,2024-08-10,1407,715
24,2024-08-11,1370,715
24,2024-08-12,1283,715
24,2024-08-13,1234,715
24,2024-08-14,1166,715
24,2024-08-15,1107,715
24,2024-08-16,1027,715
24,2024-08-17,2051,715
24,2024-08-18,2002,715
24,2024-08-19,1926,715
24,2024-08-20,1838,715
24,2024-08-21,1755,715
24,2024-08-22,1692,715
24,2024-08-23,1633,715
24,2024-08-24,1572,715
24,2024-08-25,1549,715
24,2024-08-26,1461,678
24,2024-08-27,1391,678
24,2024-08-28,1319,678
24,2024-08-29,1233,678
24,2024-08-30,1175,678
24,2024-08-31,1111,678
24,2024-09-01,1071,678
24,2024-09-02,960,678
24,2024-09-03,866,678
24,2024-09-04,793,678
24,2024-09-05,1764,678
24,2024-09-06,1671,678
24,2024-09-07,1593,678
24,2024-09-08,1539,678
24,2024-09-09,1428,678
24,2024-09-10,1367,678
24,2024-09-11,1235,678
24,2024-09-12,1172,678
24,2024-09-13,1084,678
24,2024-09-14,1009,678
24,2024-09-15,977,678
24,2024-09-16,836,678
24,2024-09-17,736,678
24,2024-09-18,638,678
24,2024-09-19,1582,678
24,2024-09-20,1471,678
24,2024-09-21,1402,678
24,2024-09-22,1363,678
24,2024-09-23,1264,678
24,2024-09-24,1188,678
24,2024-09-25,1093,745
24,2024-09-26,986,745
24,2024-09-27,896,745
24,2024-09-28,805,745
24,2024-09-29,759,745
24,2024-09-30,663,745
24,2024-10-01,1616,745
24,2024-10-02,1480,745
24,2024-10-03,1390,745
24,2024-10-04,1289,745
24,2024-10-05,1186,745
24,2024-10-06,1156,745
24,2024-10-07,963,745
24,2024-10-08,886,745
24,2024-10-09,745,745
24,2024-10-10,1831,745
24,2024-10-11,1731,745
24,2024-10-12,1665,745
24,2024-10-13,1616,745
24,2024-10-14,1525,745
24,2024-10-15,1435,745
24,2024-10-16,1357,745
24,2024-10-17,1248,745
24,2024-10-18,1156,745
24,2024-10-19,1079,745
24,2024-10-20,1028,745
24,2024-10-21,948,745
24,2024-10-22,850,745
24,2024-10-23,1965,745
24,2024-10-24,1886,745
24,2024-10-25,1806,870
24,2024-10-26,1709,870
24,2024-10-27,1669,870
24,2024-10-28,1526,870
24,2024-10-29,1417,870
24,2024-10-30,1320,870
24,2024-10-31,1221,870
24,2024-11-01,2468,870
24,2024-11-02,2383,870
24,2024-11-03,2336,870
24,2024-11-04,2209,870
24,2024-11-05,2061,870
24,2024-11-06,1956,870
24,2024-11-07,1851,870
24,2024-11-08,1722,870
24,2024-11-09,1625,870
24,2024-11-10,1572,870
24,2024-11-11,1448,870
24,2024-11-12,1367,870
24,2024-11-13,1243,870
24,2024-11-14,1125,870
24,2024-11-15,2435,870
24,2024-11-16,2324,870
24,2024-11-17,2270,870
24,2024-11-18,2150,870
24,2024-11-19,2024,870
24,2024-11-20,1922,870
24,2024-11-21,1849,870
24,2024-11-22,1763,870
24,2024-11-23,1666,870
24,2024-11-24,1614,953
24,2024-11-25,1486,953
24,2024-11-26,1347,953
24,2024-11-27,1193,953
24,2024-11-28,1090,953
24,2024-11-29,967,953
24,2024-11-30,2401,953
24,2024-12-01,2335,953
24,2024-12-02,2222,953
24,2024-12-03,2108,953
24,2024-12-04,1997,953
24,2024-12-05,1859,953
24,2024-12-06,1724,953
24,2024-12-07,1599,953
24,2024-12-08,1549,953
24,2024-12-09,1415,953
24,2024-12-10,1285,953
24,2024-12-11,1145,953
24,2024-12-12,2565,953
24,2024-12-13,2411,953
24,2024-12-14,2319,953
24,2024-12-15,2256,953
24,2024-12-16,2119,953
24,2024-12-17,1987,953
24,2024-12-18,1831,953
24,2024-12-19,1729,953
24,2024-12-20,1580,953
24,2024-12-21,1481,953
24,2024-12-22,1408,953
24,2024-12-23,1283,953
24,2024-12-24,1136,1075
24,2024-12-25,2601,1075
24,2024-12-26,2472,1075
24,2024-12-27,2354,1075
24,2024-12-28,2254,1075
24,2024-12-29,2190,1075
24,2024-12-30,2040,1075
24,2024-12-31,1902,1075
24,2025-01-01,1777,1075
24,2025-01-02,1650,1075
24,2025-01-03,1529,1075
24,2025-01-04,1400,1075
24,2025-01-05,1329,1075
24,2025-01-06,1187,1075
24,2025-01-07,2693,1075
24,2025-01-08,2578,1075
24,2025-01-09,2437,1075
24,2025-01-10,2293,1075
24,2025-01-11,2195,1075
24,2025-01-12,2127,1075
24,2025-01-13,2005,1075
24,2025-01-14,1873,1075
24,2025-01-15,1745,1075
24,2025-01-16,1594,1075
24,2025-01-17,1470,1075
24,2025-01-18,3065,1075
24,2025-01-19,2984,1075
24,2025-01-20,2825,1075
24,2025-01-21,2703,1075
24,2025-01-22,2549,1075
24,2025-01-23,2418,1181
24,2025-01-24,2269,1181
24,2025-01-25,2162,1181
24,2025-01-26,2094,1181
24,2025-01-27,1945,1181
24,2025-01-28,1842,1181
24,2025-01-29,1680,1181
24,2025-01-30,1518,1181
24,2025-01-31,1354,1181
24,2025-02-01,3030,1181
24,2025-02-02,2942,1181
24,2025-02-03,2838,1181
24,2025-02-04,2673,1181
24,2025-02-05,2514,1181
24,2025-02-06,2349,1181
24,2025-02-07,2216,1181
24,2025-02-08,2091,1181
24,2025-02-09,2028,1181
24,2025-02-10,1895,1181
24,2025-02-11,1762,1181
24,2025-02-12,1579,1181
24,2025-02-13,3240,1181
24,2025-02-14,3111,1181
24,2025-02-15,2970,1181
24,2025-02-16,2893,1181
24,2025-02-17,2755,1181
24,2025-02-18,2625,1181
24,2025-02-19,2483,1181
24,2025-02-20,2336,1181
24,2025-02-21,2227,1181
24,2025-02-22,2118,1259
24,2025-02-23,2056,1259
24,2025-02-24,1916,1259
24,2025-02-25,1801,1259
24,2025-02-26,1667,1259
24,2025-02-27,3577,1259
24,2025-02-28,3399,1259
24,2025-03-01,3284,1259
24,2025-03-02,3210,1259
24,2025-03-03,3103,1259
24,2025-03-04,2965,1259
24,2025-03-05,2851,1259
24,2025-03-06,2746,1259
24,2025-03-07,2614,1259
24,2025-03-08,2487,1259
24,2025-03-09,2442,1259
24,2025-03-10,2249,1259
24,2025-03-11,2132,1259
24,2025-03-12,2003,1259
24,2025-03-13,1866,1259
24,2025-03-14,1699,1259
24,2025-03-15,3463,1259
24,2025-03-16,3345,1259
24,2025-03-17,3190,1259
24,2025-03-18,3044,1259
24,2025-03-19,2901,1259
24,2025-03-20,2774,1259
24,2025-03-21,2635,1259
24,2025-03-22,2497,1259
24,2025-03-23,2456,1259
24,2025-03-24,2314,1275
24,2025-03-25,2177,1275
24,2025-03-26,2038,1275
24,2025-03-27,1872,1275
24,2025-03-28,1743,1275
24,2025-03-29,1649,1275
24,2025-03-30,1602,1275
24,2025-03-31,3509,1275
24,2025-04-01,3391,1275
24,2025-04-02,3283,1275
24,2025-04-03,3184,1275
24,2025-04-04,3086,1275
24,2025-04-05,2966,1275
24,2025-04-06,2917,1275
24,2025-04-07,2789,1275
24,2025-04-08,2683,1275
24,2025-04-09,2569,1275
24,2025-04-10,2464,1275
24,2025-04-11,2315,1275
24,2025-04-12,2244,1275
24,2025-04-13,2208,1275
24,2025-04-14,2115,1275
24,2025-04-15,1986,1275
24,2025-04-16,1887,1275
24,2025-04-17,3703,1275
24,2025-04-18,3576,1275
24,2025-04-19,3485,1275
24,2025-04-20,3431,1275
24,2025-04-21,3340,1275
24,2025-04-22,3213,1275
24,2025-04-23,3109,1159
24,2025-04-24,3013,1159
24,2025-04-25,2887,1159
24,2025-04-26,2800,1159
24,2025-04-27,2731,1159
24,2025-04-28,2602,1159
24,2025-04-29,2473,1159
24,2025-04-30,2339,1159
24,2025-05-01,2243,1159
24,2025-05-02,2143,1159
24,2025-05-03,2069,1159
24,2025-05-04,2031,1159
24,2025-05-05,1931,1159
24,2025-05-06,1824,1159
24,2025-05-07,1729,1159
24,2025-05-08,3402,1159
24,2025-05-09,3284,1159
24,2025-05-10,3187,1159
24,2025-05-11,3130,1159
24,2025-05-12,3022,1159
24,2025-05-13,2896,1159
24,2025-05-14,2783,1159
24,2025-05-15,2673,1159
24,2025-05-16,2571,1159
24,2025-05-17,2478,1159
24,2025-05-18,2419,1159
24,2025-05-19,2334,1159
24,2025-05-20,2224,1159
24,2025-05-21,2155,1159
24,2025-05-22,2040,1159
24,2025-05-23,1944,1028
24,2025-05-24,1859,1028
24,2025-05-25,1801,1028
24,2025-05-26,1715,1028
24,2025-05-27,3401,1028
24,2025-05-28,3310,1028
24,2025-05-29,3200,1028
24,2025-05-30,3120,1028
24,2025-05-31,3031,1028
24,2025-06-01,3000,1028
24,2025-06-02,2930,1028
24,2025-06-03,2831,1028
24,2025-06-04,2750,1028
24,2025-06-05,2655,1028
24,2025-06-06,2563,1028
24,2025-06-07,2492,1028
24,2025-06-08,2431,1028
24,2025-06-09,2355,1028
24,2025-06-10,2266,1028
24,2025-06-11,2196,1028
24,2025-06-12,2102,1028
24,2025-06-13,2028,1028
24,2025-06-14,1954,1028
24,2025-06-15,1925,1028
24,2025-06-16,1820,1028
24,2025-06-17,1706,1028
24,2025-06-18,1629,1028
24,2025-06-19,1534,1028
24,2025-06-20,2992,1028
24,2025-06-21,2909,1028
24,2025-06-22,2860,903
24,2025-06-23,2793,903
24,2025-06-24,2712,903
24,2025-06-25,2609,903
24,2025-06-26,2483,903
24,2025-06-27,2367,903
24,2025-06-28,2308,903
24,2025-06-29,2270,903
24,2025-06-30,2183,903
24,2025-07-01,2100,903
24,2025-07-02,2000,903
24,2025-07-03,1924,903
24,2025-07-04,1832,903
24,2025-07-05,1780,903
24,2025-07-06,1733,903
24,2025-07-07,1669,903
24,2025-07-08,1577,903
24,2025-07-09,1513,903
24,2025-07-10,1428,903
24,2025-07-11,1343,903
24,2025-07-12,1274,903
24,2025-07-13,2622,903
24,2025-07-14,2545,903
24,2025-07-15,2468,903
24,2025-07-16,2379,903
24,2025-07-17,2209,903
24,2025-07-18,2141,903
24,2025-07-19,2079,903
24,2025-07-20,2048,903
24,2025-07-21,1987,903
24,2025-07-22,1899,803
24,2025-07-23,1816,803
24,2025-07-24,1739,803
24,2025-07-25,1665,803
24,2025-07-26,1588,803
24,2025-07-27,1560,803
24,2025-07-28,1474,803
24,2025-07-29,1404,803
24,2025-07-30,1326,803
24,2025-07-31,1236,803
24,2025-08-01,1140,803
24,2025-08-02,1059,803
24,2025-08-03,2258,803
24,2025-08-04,2156,803
24,2025-08-05,2083,803
24,2025-08-06,2030,803
24,2025-08-07,1935,803
24,2025-08-08,1847,803
24,2025-08-09,1755,803
24,2025-08-10,1698,803
24,2025-08-11,1584,803
24,2025-08-12,1473,803
24,2025-08-13,1379,803
24,2025-08-14,1276,803
24,2025-08-15,1194,803
24,2025-08-16,1147,803
24,2025-08-17,2376,803
24,2025-08-18,2267,803
24,2025-08-19,2174,803
24,2025-08-20,2088,803
24,2025-08-21,1990,791
24,2025-08-22,1915,791
24,2025-08-23,1843,791
24,2025-08-24,1799,791
24,2025-08-25,1707,791
24,2025-08-26,1596,791
24,2025-08-27,1497,791
24,2025-08-28,1423,791
24,2025-08-29,1310,791
24,2025-08-30,1223,791
24,2025-08-31,1171,791
24,2025-09-01,2224,791
24,2025-09-02,2120,791
24,2025-09-03,2015,791
24,2025-09-04,1928,791
24,2025-09-05,1818,791
24,2025-09-06,1749,791
24,2025-09-07,1708,791
24,2025-09-08,1621,791
24,2025-09-09,1525,791
24,2025-09-10,1409,791
24,2025-09-11,1304,791
24,2025-09-12,1214,791
24,2025-09-13,1105,791
24,2025-09-14,1049,791
24,2025-09-15,2145,791
24,2025-09-16,2040,791
24,2025-09-17,1958,791
24,2025-09-18,1852,791
24,2025-09-19,1755,791
24,2025-09-20,1659,857
24,2025-09-21,1614,857
24,2025-09-22,1503,857
24,2025-09-23,1428,857
24,2025-09-24,1344,857
24,2025-09-25,1228,857
24,2025-09-26,1127,857
24,2025-09-27,2346,857
24,2025-09-28,2295,857
24,2025-09-29,2222,857
24,2025-09-30,2141,857
24,2025-10-01,2026,857
24,2025-10-02,1906,857
24,2025-10-03,1808,857
24,2025-10-04,1678,857
24,2025-10-05,1631,857
24,2025-10-06,1479,857
24,2025-10-07,1388,857
24,2025-10-08,1268,857
24,2025-10-09,1138,857
24,2025-10-10,1046,857
24,2025-10-11,933,857
24,2025-10-12,2225,857
24,2025-10-13,2114,857
24,2025-10-14,1906,857
24,2025-10-15,1787,857
24,2025-10-16,1667,857
24,2025-10-17,1542,857
24,2025-10-18,1435,857
24,2025-10-19,1378,857
24,2025-10-20,1255,962
24,2025-10-21,1127,962
24,2025-10-22,1010,962
24,2025-10-23,2195,962
24,2025-10-24,2091,962
24,2025-10-25,1993,962
24,2025-10-26,1943,962
24,2025-10-27,1817,962
24,2025-10-28,1695,962
24,2025-10-29,1558,962
24,2025-10-30,1413,962
24,2025-10-31,1282,962
24,2025-11-01,1188,962
24,2025-11-02,1124,962
24,2025-11-03,2490,962
24,2025-11-04,2361,962
24,2025-11-05,2186,962
24,2025-11-06,2049,962
24,2025-11-07,1917,962
24,2025-11-08,1800,962
24,2025-11-09,1727,962
24,2025-11-10,1612,962
24,2025-11-11,1467,962
24,2025-11-12,1345,962
24,2025-11-13,1241,962
24,2025-11-14,1130,962
24,2025-11-15,2461,962
24,2025-11-16,2363,962
24,2025-11-17,2224,962
24,2025-11-18,2095,962
24,2025-11-19,1966,1092
24,2025-11-20,1822,1092
24,2025-11-21,1710,1092
24,2025-11-22,1621,1092
24,2025-11-23,1582,1092
24,2025-11-24,3093,1092
24,2025-11-25,2942,1092
24,2025-11-26,2788,1092
24,2025-11-27,2670,1092
24,2025-11-28,2548,1092
24,2025-11-29,2450,1092
24,2025-11-30,2383,1092
24,2025-12-01,2245,1092
24,2025-12-02,2106,1092
24,2025-12-03,1911,1092
24,2025-12-04,1752,1092
24,2025-12-05,1632,1092
24,2025-12-06,1500,1092
24,2025-12-07,1431,1092
24,2025-12-08,2968,1092
24,2025-12-09,2820,1092
24,2025-12-10,2655,1092
24,2025-12-11,2501,1092
24,2025-12-12,2326,1092
24,2025-12-13,2181,1092
24,2025-12-14,2111,1092
24,2025-12-15,1976,1092
24,2025-12-16,1798,1092
24,2025-12-17,1662,1092
24,2025-12-18,1487,1092
24,2025-12-19,1284,1239
24,2025-12-20,2984,1239
24,2025-12-21,2924,1239
24,2025-12-22,2796,1239
24,2025-12-23,2669,1239
24,2025-12-24,2551,1239
24,2025-12-25,2374,1239
24,2025-12-26,2237,1239
24,2025-12-27,2100,1239
24,2025-12-28,2025,1239
24,2025-12-29,1886,1239
24,2025-12-30,1734,1239
24,2025-12-31,1623,1239
24,2026-01-01,1420,1239
24,2026-01-02,3245,1239
24,2026-01-03,3133,1239
24,2026-01-04,3068,1239
24,2026-01-05,2932,1239
24,2026-01-06,2783,1239
24,2026-01-07,2664,1239
24,2026-01-08,2549,1239
24,2026-01-09,2356,1239
24,2026-01-10,2227,1239
24,2026-01-11,2163,1239
24,2026-01-12,2045,1239
24,2026-01-13,1915,1239
24,2026-01-14,1785,1239
24,2026-01-15,3500,1239
24,2026-01-16,3343,1239
24,2026-01-17,3214,1239
24,2026-01-18,3148,1312
24,2026-01-19,2982,1312
24,2026-01-20,2861,1312
24,2026-01-21,2672,1312
24,2026-01-22,2490,1312
24,2026-01-23,2263,1312
24,2026-01-24,2110,1312
24,2026-01-25,2059,1312
24,2026-01-26,1894,1312
24,2026-01-27,3767,1312
24,2026-01-28,3608,1312
24,2026-01-29,3413,1312
24,2026-01-30,3284,1312
24,2026-01-31,3136,1312
24,2026-02-01,3040,1312
24,2026-02-02,2903,1312
24,2026-02-03,2796,1312
24,2026-02-04,2644,1312
24,2026-02-05,2478,1312
24,2026-02-06,2313,1312
24,2026-02-07,2140,1312
24,2026-02-08,2053,1312
24,2026-02-09,1882,1312
24,2026-02-10,1720,1312
24,2026-02-11,3530,1312
24,2026-02-12,3356,1312
24,2026-02-13,3150,1312
24,2026-02-14,3007,1312
24,2026-02-15,2919,1312
24,2026-02-16,2749,1312
24,2026-02-17,2618,1413
24,2026-02-18,2410,1413
24,2026-02-19,2194,1413
24,2026-02-20,2003,1413
24,2026-02-21,1893,1413
24,2026-02-22,1816,1413
24,2026-02-23,1650,1413
24,2026-02-24,3749,1413
24,2026-02-25,3561,1413
24,2026-02-26,3361,1413
24,2026-02-27,3163,1413
24,2026-02-28,3011,1413
24,2026-03-01,2944,1413
24,2026-03-02,2801,1413
24,2026-03-03,2619,1413
24,2026-03-04,2484,1413
24,2026-03-05,2339,1413
24,2026-03-06,2161,1413
24,2026-03-07,2018,1413
24,2026-03-08,1927,1413
24,2026-03-09,3963,1413
24,2026-03-10,3781,1413
24,2026-03-11,3609,1413
24,2026-03-12,3413,1413
24,2026-03-13,3259,1413
24,2026-03-14,3114,1413
24,2026-03-15,3058,1413
24,2026-03-16,2902,1413
24,2026-03-17,2719,1413
24,2026-03-18,2551,1413
24,2026-03-19,2400,1530
24,2026-03-20,2208,1530
24,2026-03-21,2061,1530
24,2026-03-22,1986,1530
24,2026-03-23,1825,1530
24,2026-03-24,1677,1530
24,2026-03-25,4159,1530
24,2026-03-26,3992,1530
24,2026-03-27,3822,1530
24,2026-03-28,3689,1530
24,2026-03-29,3620,1530
24,2026-03-30,3486,1530
24,2026-03-31,3319,1530
24,2026-04-01,3202,1530
24,2026-04-02,3098,1530
24,2026-04-03,2964,1530
24,2026-04-04,2864,1530
24,2026-04-05,2810,1530
24,2026-04-06,2702,1530
24,2026-04-07,2593,1530
24,2026-04-08,2468,1530
24,2026-04-09,2351,1530
24,2026-04-10,2220,1530
24,2026-04-11,2116,1530
24,2026-04-12,4411,1530
24,2026-04-13,4255,1530
24,2026-04-14,4134,1530
24,2026-04-15,3999,1530
24,2026-04-16,3876,1530
24,2026-04-17,3753,1530
24,2026-04-18,3644,1405
24,2026-04-19,3598,1405
24,2026-04-20,3443,1405
24,2026-04-21,3294,1405
24,2026-04-22,3154,1405
24,2026-04-23,3023,1405
24,2026-04-24,2910,1405
24,2026-04-25,2763,1405
24,2026-04-26,2723,1405
24,2026-04-27,2587,1405
24,2026-04-28,2480,1405
24,2026-04-29,2332,1405
24,2026-04-30,2225,1405
24,2026-05-01,2095,1405
24,2026-05-02,4151,1405
24,2026-05-03,4097,1405
24,2026-05-04,3980,1405
24,2026-05-05,3878,1405
24,2026-05-06,3791,1405
24,2026-05-07,3697,1405
24,2026-05-08,3584,1405
24,2026-05-09,3486,1405
24,2026-05-10,3427,1405
24,2026-05-11,3299,1405
24,2026-05-12,3194,1405
24,2026-05-13,3064,1405
24,2026-05-14,2966,1405
24,2026-05-15,2873,1405
24,2026-05-16,2770,1405
24,2026-05-17,2711,1405
24,2026-05-18,2606,1166
24,2026-05-19,2518,1166
24,2026-05-20,2416,1166
24,2026-05-21,2311,1166
24,2026-05-22,2154,1166
24,2026-05-23,2058,1166
24,2026-05-24,2012,1166
24,2026-05-25,1907,1166
24,2026-05-26,1810,1166
24,2026-05-27,1710,1166
24,2026-05-28,3385,1166
24,2026-05-29,3258,1166
24,2026-05-30,3149,1166
24,2026-05-31,3088,1166
24,2026-06-01,2982,1166
24,2026-06-02,2887,1166
24,2026-06-03,2783,1166
24,2026-06-04,2674,1166
24,2026-06-05,2570,1166
24,2026-06-06,2484,1166
24,2026-06-07,2418,1166
24,2026-06-08,2310,1166
24,2026-06-09,2197,1166
24,2026-06-10,2102,1166
24,2026-06-11,2000,1166
24,2026-06-12,1916,1166
24,2026-06-13,1826,1166
24,2026-06-14,1786,1166
24,2026-06-15,1678,1166
24,2026-06-16,1563,1166
24,2026-06-17,3296,1023
24,2026-06-18,3206,1023
24,2026-06-19,3140,1023
24,2026-06-20,3081,1023
24,2026-06-21,3017,1023
24,2026-06-22,2915,1023
24,2026-06-23,2828,1023
24,2026-06-24,2713,1023
24,2026-06-25,2629,1023
24,2026-06-26,2545,1023
24,2026-06-27,2455,1023
24,2026-06-28,2394,1023
24,2026-06-29,2305,1023
24,2026-06-30,2216,1023
24,2026-07-01,2129,1023
24,2026-07-02,2025,1023
24,2026-07-03,1920,1023
24,2026-07-04,1826,1023
24,2026-07-05,1787,1023
24,2026-07-06,1677,1023
24,2026-07-07,1610,1023
24,2026-07-08,1497,1023
24,2026-07-09,1421,1023
24,2026-07-10,1304,1023
24,2026-07-11,2761,1023
24,2026-07-12,2710,1023
24,2026-07-13,2587,1023
24,2026-07-14,2490,1023
24,2026-07-15,2358,1023
24,2026-07-16,2253,1023
24,2026-07-17,2154,941
24,2026-07-18,2052,941
24,2026-07-19,2012,941
24,2026-07-20,1916,941
24,2026-07-21,1801,941
24,2026-07-22,1721,941
24,2026-07-23,1628,941
24,2026-07-24,1514,941
24,2026-07-25,1408,941
24,2026-07-26,1366,941
24,2026-07-27,2738,941
24,2026-07-28,2646,941
24,2026-07-29,2537,941
24,2026-07-30,2413,941
24,2026-07-31,2326,941
24,2026-08-01,2248,941
24,2026-08-02,2190,941
24,2026-08-03,2071,941
24,2026-08-04,1971,941
24,2026-08-05,1857,941
24,2026-08-06,1740,941
24,2026-08-07,1657,941
24,2026-08-08,1568,941
24,2026-08-09,1516,941
24,2026-08-10,1395,941
24,2026-08-11,2742,941
24,2026-08-12,2638,941
24,2026-08-13,2523,941
24,2026-08-14,2410,941
24,2026-08-15,2313,941
24,2026-08-16,2255,929
24,2026-08-17,2152,929
24,2026-08-18,2023,929
24,2026-08-19,1945,929
24,2026-08-20,1840,929
24,2026-08-21,1744,929
24,2026-08-22,1642,929
24,2026-08-23,1603,929
24,2026-08-24,1478,929
24,2026-08-25,1389,929
24,2026-08-26,2712,929
24,2026-08-27,2615,929
24,2026-08-28,2431,929
24,2026-08-29,2334,929
24,2026-08-30,2278,929
24,2026-08-31,2158,929
24,2026-09-01,2056,929
24,2026-09-02,1920,929
24,2026-09-03,1830,929
24,2026-09-04,1718,929
24,2026-09-05,1587,929
24,2026-09-06,1525,929
24,2026-09-07,1387,929
24,2026-09-08,1271,929
24,2026-09-09,1139,929
24,2026-09-10,1012,929
24,2026-09-11,886,929
24,2026-09-12,2277,929
24,2026-09-13,2214,929
24,2026-09-14,2111,929
24,2026-09-15,2010,995
24,2026-09-16,1871,995
24,2026-09-17,1752,995
24,2026-09-18,1619,995
24,2026-09-19,1524,995
24,2026-09-20,1459,995
24,2026-09-21,1314,995
24,2026-09-22,2703,995
24,2026-09-23,2605,995
24,2026-09-24,2488,995
24,2026-09-25,2372,995
24,2026-09-26,2281,995
24,2026-09-27,2216,995
24,2026-09-28,2085,995
24,2026-09-29,1947,995
24,2026-09-30,1833,995
25,2023-10-01,2708,832
25,2023-10-02,2608,832
25,2023-10-03,2510,832
25,2023-10-04,2421,832
25,2023-10-05,2345,832
25,2023-10-06,2243,832
25,2023-10-07,2163,832
25,2023-10-08,2127,832
25,2023-10-09,2050,832
25,2023-10-10,1977,832
25,2023-10-11,1885,832
25,2023-10-12,1802,832
25,2023-10-13,1716,832
25,2023-10-14,1634,832
25,2023-10-15,1578,832
25,2023-10-16,1485,832
25,2023-10-17,1398,832
25,2023-10-18,1315,832
25,2023-10-19,1229,832
25,2023-10-20,1133,832
25,2023-10-21,2343,832
25,2023-10-22,2291,832
25,2023-10-23,2213,832
25,2023-10-24,2119,832
25,2023-10-25,2032,832
25,2023-10-26,1933,832
25,2023-10-27,1813,832
25,2023-10-28,1777,832
25,2023-10-29,1733,832
25,2023-10-30,1615,832
25,2023-10-31,1539,832
25,2023-11-01,1446,832
25,2023-11-02,1334,832
25,2023-11-03,1229,832
25,2023-11-04,1163,832
25,2023-11-05,1114,832
25,2023-11-06,1048,832
25,2023-11-07,962,832
25,2023-11-08,2159,832
25,2023-11-09,2070,832
25,2023-11-10,1960,832
25,2023-11-11,1873,832
25,2023-11-12,1826,832
25,2023-11-13,1747,832
25,2023-11-14,1653,832
25,2023-11-15,1557,832
25,2023-11-16,1473,832
25,2023-11-17,1379,832
25,2023-11-18,1301,832
25,2023-11-19,1251,832
25,2023-11-20,1159,832
25,2023-11-21,1078,832
25,2023-11-22,967,832
25,2023-11-23,2137,832
25,2023-11-24,2063,832
25,2023-11-25,1988,832
25,2023-11-26,1943,832
25,2023-11-27,1862,832
25,2023-11-28,1769,832
25,2023-11-29,1686,832
25,2023-11-30,1599,815
25,2023-12-01,1482,815
25,2023-12-02,1375,815
25,2023-12-03,1327,815
25,2023-12-04,1211,815
25,2023-12-05,1070,815
25,2023-12-06,956,815
25,2023-12-07,855,815
25,2023-12-08,2062,815
25,2023-12-09,1989,815
25,2023-12-10,1952,815
25,2023-12-11,1854,815
25,2023-12-12,1777,815
25,2023-12-13,1672,815
25,2023-12-14,1521,815
25,2023-12-15,1422,815
25,2023-12-16,1374,815
25,2023-12-17,1327,815
25,2023-12-18,1190,815
25,2023-12-19,1091,815
25,2023-12-20,951,815
25,2023-12-21,2112,815
25,2023-12-22,2011,815
25,2023-12-23,1906,815
25,2023-12-24,1871,815
25,2023-12-25,1764,815
25,2023-12-26,1630,815
25,2023-12-27,1489,815
25,2023-12-28,1369,815
25,2023-12-29,1255,815
25,2023-12-30,1170,919
25,2023-12-31,1121,919
25,2024-01-01,1017,919
25,2024-01-02,2230,919
25,2024-01-03,2112,919
25,2024-01-04,2008,919
25,2024-01-05,1891,919
25,2024-01-06,1767,919
25,2024-01-07,1695,919
25,2024-01-08,1572,919
25,2024-01-09,1454,919
25,2024-01-10,1357,919
25,2024-01-11,1262,919
25,2024-01-12,1161,919
25,2024-01-13,2518,919
25,2024-01-14,2451,919
25,2024-01-15,2356,919
25,2024-01-16,2239,919
25,2024-01-17,2089,919
25,2024-01-18,1959,919
25,2024-01-19,1831,919
25,2024-01-20,1724,919
25,2024-01-21,1664,919
25,2024-01-22,1574,919
25,2024-01-23,1476,919
25,2024-01-24,1375,919
25,2024-01-25,1272,919
25,2024-01-26,1160,919
25,2024-01-27,1044,919
25,2024-01-28,996,919
25,2024-01-29,2345,1010
25,2024-01-30,2234,1010
25,2024-01-31,2139,1010
25,2024-02-01,2054,1010
25,2024-02-02,1965,1010
25,2024-02-03,1881,1010
25,2024-02-04,1810,1010
25,2024-02-05,1690,1010
25,2024-02-06,1574,1010
25,2024-02-07,1489,1010
25,2024-02-08,1367,1010
25,2024-02-09,1256,1010
25,2024-02-10,2659,1010
25,2024-02-11,2606,1010
25,2024-02-12,2510,1010
25,2024-02-13,2414,1010
25,2024-02-14,2300,1010
25,2024-02-15,2180,1010
25,2024-02-16,2066,1010
25,2024-02-17,1946,1010
25,2024-02-18,1899,1010
25,2024-02-19,1817,1010
25,2024-02-20,1664,1010
25,2024-02-21,1561,1010
25,2024-02-22,1411,1010
25,2024-02-23,2821,1010
25,2024-02-24,2747,1010
25,2024-02-25,2681,1010
25,2024-02-26,2567,1010
25,2024-02-27,2478,1010
25,2024-02-28,2385,1010
25,2024-02-29,2277,1010
25,2024-03-01,2198,1010
25,2024-03-02,2086,1010
25,2024-03-03,2040,1010
25,2024-03-04,1918,1010
25,2024-03-05,1808,1010
25,2024-03-06,1705,1010
25,2024-03-07,1596,1010
25,2024-03-08,1488,1010
25,2024-03-09,1402,1010
25,2024-03-10,1354,1010
25,2024-03-11,1259,1010
25,2024-03-12,2670,1010
25,2024-03-13,2555,1010
25,2024-03-14,2420,1010
25,2024-03-15,2312,1010
25,2024-03-16,2220,1010
25,2024-03-17,2141,1010
25,2024-03-18,2048,1010
25,2024-03-19,1927,1010
25,2024-03-20,1807,1010
25,2024-03-21,1728,1010
25,2024-03-22,1634,1010
25,2024-03-23,1523,1010
25,2024-03-24,2981,1010
25,2024-03-25,2887,1010
25,2024-03-26,2783,1010
25,2024-03-27,2693,1010
25,2024-03-28,2594,1010
25,2024-03-29,2477,992
25,2024-03-30,2384,992
25,2024-03-31,2331,992
25,2024-04-01,2242,992
25,2024-04-02,2146,992
25,2024-04-03,2061,992
25,2024-04-04,1991,992
25,2024-04-05,1897,992
25,2024-04-06,1826,992
25,2024-04-07,1786,992
25,2024-04-08,1685,992
25,2024-04-09,1592,992
25,2024-04-10,1504,992
25,2024-04-11,1387,992
25,2024-04-12,2777,992
25,2024-04-13,2721,992
25,2024-04-14,2691,992
25,2024-04-15,2623,992
25,2024-04-16,2528,992
25,2024-04-17,2447,992
25,2024-04-18,2358,992
25,2024-04-19,2264,992
25,2024-04-20,2192,992
25,2024-04-21,2136,992
25,2024-04-22,2023,992
25,2024-04-23,1928,992
25,2024-04-24,1821,992
25,2024-04-25,1749,992
25,2024-04-26,1675,992
25,2024-04-27,1594,992
25,2024-04-28,1559,904
25,2024-04-29,1470,904
25,2024-04-30,1405,904
25,2024-05-01,1336,904
25,2024-05-02,2779,904
25,2024-05-03,2691,904
25,2024-05-04,2618,904
25,2024-05-05,2579,904
25,2024-05-06,2506,904
25,2024-05-07,2440,904
25,2024-05-08,2352,904
25,2024-05-09,2271,904
25,2024-05-10,2212,904
25,2024-05-11,2159,904
25,2024-05-12,2095,904
25,2024-05-13,2030,904
25,2024-05-14,1949,904
25,2024-05-15,1879,904
25,2024-05-16,1796,904
25,2024-05-17,1702,904
25,2024-05-18,1624,904
25,2024-05-19,1587,904
25,2024-05-20,1506,904
25,2024-05-21,1429,904
25,2024-05-22,1366,904
25,2024-05-23,1274,904
25,2024-05-24,2552,904
25,2024-05-25,2488,904
25,2024-05-26,2455,904
25,2024-05-27,2369,904
25,2024-05-28,2238,767
25,2024-05-29,2149,767
25,2024-05-30,2064,767
25,2024-05-31,1974,767
25,2024-06-01,1912,767
25,2024-06-02,1881,767
25,2024-06-03,1810,767
25,2024-06-04,1748,767
25,2024-06-05,1675,767
25,2024-06-06,1596,767
25,2024-06-07,1534,767
25,2024-06-08,1486,767
25,2024-06-09,1456,767
25,2024-06-10,1383,767
25,2024-06-11,1326,767
25,2024-06-12,1264,767
25,2024-06-13,1186,767
25,2024-06-14,1119,767
25,2024-06-15,1066,767
25,2024-06-16,1029,767
25,2024-06-17,2152,767
25,2024-06-18,2068,767
25,2024-06-19,1992,767
25,2024-06-20,1911,767
25,2024-06-21,1833,767
25,2024-06-22,1773,767
25,2024-06-23,1733,767
25,2024-06-24,1679,767
25,2024-06-25,1623,767
25,2024-06-26,1560,767
25,2024-06-27,1502,688
25,2024-06-28,1429,688
25,2024-06-29,1370,688
25,2024-06-30,1345,688
25,2024-07-01,1284,688
25,2024-07-02,1229,688
25,2024-07-03,1162,688
25,2024-07-04,1110,688
25,2024-07-05,1044,688
25,2024-07-06,1008,688
25,2024-07-07,977,688
25,2024-07-08,915,688
25,2024-07-09,1891,688
25,2024-07-10,1828,688
25,2024-07-11,1752,688
25,2024-07-12,1680,688
25,2024-07-13,1621,688
25,2024-07-14,1598,688
25,2024-07-15,1541,688
25,2024-07-16,1481,688
25,2024-07-17,1389,688
25,2024-07-18,1318,688
25,2024-07-19,1271,688
25,2024-07-20,1200,688
25,2024-07-21,1175,688
25,2024-07-22,1094,688
25,2024-07-23,1022,688
25,2024-07-24,2030,688
25,2024-07-25,1970,688
25,2024-07-26,1901,688
25,2024-07-27,1842,631
25,2024-07-28,1810,631
25,2024-07-29,1727,631
25,2024-07-30,1665,631
25,2024-07-31,1610,631
25,2024-08-01,1559,631
25,2024-08-02,1485,631
25,2024-08-03,1434,631
25,2024-08-04,1399,631
25,2024-08-05,1311,631
25,2024-08-06,1237,631
25,2024-08-07,1181,631
25,2024-08-08,1109,631
25,2024-08-09,1047,631
25,2024-08-10,989,631
25,2024-08-11,963,631
25,2024-08-12,880,631
25,2024-08-13,1769,631
25,2024-08-14,1701,631
25,2024-08-15,1649,631
25,2024-08-16,1577,631
25,2024-08-17,1531,631
25,2024-08-18,1497,631
25,2024-08-19,1415,631
25,2024-08-20,1359,631
25,2024-08-21,1297,631
25,2024-08-22,1218,631
25,2024-08-23,1148,631
25,2024-08-24,1085,631
25,2024-08-25,1054,631
25,2024-08-26,973,599
25,2024-08-27,913,599
25,2024-08-28,847,599
25,2024-08-29,1776,599
25,2024-08-30,1697,599
25,2024-08-31,1656,599
25,2024-09-01,1624,599
25,2024-09-02,1550,599
25,2024-09-03,1482,599
25,2024-09-04,1390,599
25,2024-09-05,1297,599
25,2024-09-06,1225,599
25,2024-09-07,1167,599
25,2024-09-08,1125,599
25,2024-09-09,1049,599
25,2024-09-10,964,599
25,2024-09-11,894,599
25,2024-09-12,819,599
25,2024-09-13,1680,599
25,2024-09-14,1585,599
25,2024-09-15,1544,599
25,2024-09-16,1473,599
25,2024-09-17,1426,599
25,2024-09-18,1347,599
25,2024-09-19,1251,599
25,2024-09-20,1154,599
25,2024-09-21,1096,599
25,2024-09-22,1061,599
25,2024-09-23,991,599
25,2024-09-24,908,599
25,2024-09-25,841,649
25,2024-09-26,736,649
25,2024-09-27,1581,649
25,2024-09-28,1516,649
25,2024-09-29,1469,649
25,2024-09-30,1403,649
25,2024-10-01,1295,649
25,2024-10-02,1208,649
25,2024-10-03,1119,649
25,2024-10-04,1044,649
25,2024-10-05,979,649
25,2024-10-06,956,649
25,2024-10-07,892,649
25,2024-10-08,797,649
25,2024-10-09,724,649
25,2024-10-10,1682,649
25,2024-10-11,1570,649
25,2024-10-12,1503,649
25,2024-10-13,1445,649
25,2024-10-14,1381,649
25,2024-10-15,1270,649
25,2024-10-16,1184,649
25,2024-10-17,1115,649
25,2024-10-18,1013,649
25,2024-10-19,916,649
25,2024-10-20,885,649
25,2024-10-21,833,649
25,2024-10-22,748,649
25,2024-10-23,655,649
25,2024-10-24,1593,649
25,2024-10-25,1493,726
25,2024-10-26,1434,726
25,2024-10-27,1374,726
25,2024-10-28,1314,726
25,2024-10-29,1215,726
25,2024-10-30,1123,726
25,2024-10-31,1047,726
25,2024-11-01,947,726
25,2024-11-02,850,726
25,2024-11-03,812,726
25,2024-11-04,716,726
25,2024-11-05,1798,726
25,2024-11-06,1690,726
25,2024-11-07,1588,726
25,2024-11-08,1526,726
25,2024-11-09,1454,726
25,2024-11-10,1399,726
25,2024-11-11,1287,726
25,2024-11-12,1167,726
25,2024-11-13,1063,726
25,2024-11-14,985,726
25,2024-11-15,886,726
25,2024-11-16,819,726
25,2024-11-17,777,726
25,2024-11-18,1781,726
25,2024-11-19,1667,726
25,2024-11-20,1578,726
25,2024-11-21,1481,726
25,2024-11-22,1396,726
25,2024-11-23,1315,726
25,2024-11-24,1272,808
25,2024-11-25,1193,808
25,2024-11-26,1088,808
25,2024-11-27,957,808
25,2024-11-28,862,808
25,2024-11-29,2172,808
25,2024-11-30,2104,808
25,2024-12-01,2052,808
25,2024-12-02,1962,808
25,2024-12-03,1831,808
25,2024-12-04,1696,808
25,2024-12-05,1587,808
25,2024-12-06,1476,808
25,2024-12-07,1406,808
25,2024-12-08,1360,808
25,2024-12-09,1258,808
25,2024-12-10,1144,808
25,2024-12-11,1036,808
25,2024-12-12,940,808
25,2024-12-13,2095,808
25,2024-12-14,1974,808
25,2024-12-15,1939,808
25,2024-12-16,1851,808
25,2024-12-17,1755,808
25,2024-12-18,1648,808
25,2024-12-19,1516,808
25,2024-12-20,1417,808
25,2024-12-21,1313,808
25,2024-12-22,1255,808
25,2024-12-23,1153,808
25,2024-12-24,2298,898
25,2024-12-25,2200,898
25,2024-12-26,2087,898
25,2024-12-27,2005,898
25,2024-12-28,1918,898
25,2024-12-29,1866,898
25,2024-12-30,1790,898
25,2024-12-31,1694,898
25,2025-01-01,1564,898
25,2025-01-02,1441,898
25,2025-01-03,1337,898
25,2025-01-04,1232,898
25,2025-01-05,1185,898
25,2025-01-06,1085,898
25,2025-01-07,2374,898
25,2025-01-08,2260,898
25,2025-01-09,2150,898
25,2025-01-10,2044,898
25,2025-01-11,1948,898
25,2025-01-12,1905,898
25,2025-01-13,1805,898
25,2025-01-14,1667,898
25,2025-01-15,1569,898
25,2025-01-16,1469,898
25,2025-01-17,1354,898
25,2025-01-18,1233,898
25,2025-01-19,1160,898
25,2025-01-20,1084,898
25,2025-01-21,2361,898
25,2025-01-22,2265,898
25,2025-01-23,2137,959
25,2025-01-24,2045,959
25,2025-01-25,1952,959
25,2025-01-26,1904,959
25,2025-01-27,1789,959
25,2025-01-28,1680,959
25,2025-01-29,1559,959
25,2025-01-30,1453,959
25,2025-01-31,1321,959
25,2025-02-01,1237,959
25,2025-02-02,1191,959
25,2025-02-03,2543,959
25,2025-02-04,2434,959
25,2025-02-05,2343,959
25,2025-02-06,2229,959
25,2025-02-07,2056,959
25,2025-02-08,1973,959
25,2025-02-09,1930,959
25,2025-02-10,1819,959
25,2025-02-11,1730,959
25,2025-02-12,1620,959
25,2025-02-13,1446,959
25,2025-02-14,1349,959
25,2025-02-15,1232,959
25,2025-02-16,1172,959
25,2025-02-17,1084,959
25,2025-02-18,2524,959
25,2025-02-19,2436,959
25,2025-02-20,2324,959
25,2025-02-21,2217,959
25,2025-02-22,2116,1002
25,2025-02-23,2062,1002
25,2025-02-24,1960,1002
25,2025-02-25,1838,1002
25,2025-02-26,1735,1002
25,2025-02-27,1640,1002
25,2025-02-28,1507,1002
25,2025-03-01,1417,1002
25,2025-03-02,2938,1002
25,2025-03-03,2847,1002
25,2025-03-04,2714,1002
25,2025-03-05,2616,1002
25,2025-03-06,2503,1002
25,2025-03-07,2398,1002
25,2025-03-08,2307,1002
25,2025-03-09,2269,1002
25,2025-03-10,2161,1002
25,2025-03-11,2081,1002
25,2025-03-12,1986,1002
25,2025-03-13,1897,1002
25,2025-03-14,1798,1002
25,2025-03-15,1693,1002
25,2025-03-16,1660,1002
25,2025-03-17,1568,1002
25,2025-03-18,1438,1002
25,2025-03-19,1314,1002
25,2025-03-20,1216,1002
25,2025-03-21,2623,1002
25,2025-03-22,2518,1002
25,2025-03-23,2465,1002
25,2025-03-24,2368,986
25,2025-03-25,2284,986
25,2025-03-26,2163,986
25,2025-03-27,2057,986
25,2025-03-28,1959,986
25,2025-03-29,1862,986
25,2025-03-30,1825,986
25,2025-03-31,1731,986
25,2025-04-01,1654,986
25,2025-04-02,1593,986
25,2025-04-03,1526,986
25,2025-04-04,2990,986
25,2025-04-05,2917,986
25,2025-04-06,2887,986
25,2025-04-07,2808,986
25,2025-04-08,2713,986
25,2025-04-09,2603,986
25,2025-04-10,2517,986
25,2025-04-11,2435,986
25,2025-04-12,2383,986
25,2025-04-13,2334,986
25,2025-04-14,2236,986
25,2025-04-15,2151,986
25,2025-04-16,2081,986
25,2025-04-17,1984,986
25,2025-04-18,1889,986
25,2025-04-19,1827,986
25,2025-04-20,1794,986
25,2025-04-21,1688,986
25,2025-04-22,1592,986
25,2025-04-23,1496,872
25,2025-04-24,1387,872
25,2025-04-25,1287,872
25,2025-04-26,1199,872
25,2025-04-27,2724,872
25,2025-04-28,2646,872
25,2025-04-29,2523,872
25,2025-04-30,2421,872
25,2025-05-01,2366,872
25,2025-05-02,2292,872
25,2025-05-03,2232,872
25,2025-05-04,2191,872
25,2025-05-05,2096,872
25,2025-05-06,2028,872
25,2025-05-07,1947,872
25,2025-05-08,1886,872
25,2025-05-09,1802,872
25,2025-05-10,1724,872
25,2025-05-11,1683,872
25,2025-05-12,1599,872
25,2025-05-13,1520,872
25,2025-05-14,1430,872
25,2025-05-15,1353,872
25,2025-05-16,1288,872
25,2025-05-17,1230,872
25,2025-05-18,1202,872
25,2025-05-19,1133,872
25,2025-05-20,2417,872
25,2025-05-21,2358,872
25,2025-05-22,2274,872
25,2025-05-23,2190,773
25,2025-05-24,2125,773
25,2025-05-25,2085,773
25,2025-05-26,2011,773
25,2025-05-27,1943,773
25,2025-05-28,1859,773
25,2025-05-29,1779,773
25,2025-05-30,1695,773
25,2025-05-31,1624,773
25,2025-06-01,1580,773
25,2025-06-02,1507,773
25,2025-06-03,1435,773
25,2025-06-04,1362,773
25,2025-06-05,1284,773
25,2025-06-06,1200,773
25,2025-06-07,1158,773
25,2025-06-08,2318,773
25,2025-06-09,2258,773
25,2025-06-10,2202,773
25,2025-06-11,2140,773
25,2025-06-12,2076,773
25,2025-06-13,2003,773
25,2025-06-14,1939,773
25,2025-06-15,1905,773
25,2025-06-16,1857,773
25,2025-06-17,1785,773
25,2025-06-18,1693,773
25,2025-06-19,1600,773
25,2025-06-20,1541,773
25,2025-06-21,1480,773
25,2025-06-22,1447,704
25,2025-06-23,1390,704
25,2025-06-24,1310,704
25,2025-06-25,1266,704
25,2025-06-26,1172,704
25,2025-06-27,1105,704
25,2025-06-28,1048,704
25,2025-06-29,2074,704
25,2025-06-30,1992,704
25,2025-07-01,1920,704
25,2025-07-02,1855,704
25,2025-07-03,1784,704
25,2025-07-04,1723,704
25,2025-07-05,1664,704
25,2025-07-06,1633,704
25,2025-07-07,1568,704
25,2025-07-08,1493,704
25,2025-07-09,1424,704
25,2025-07-10,1367,704
25,2025-07-11,1307,704
25,2025-07-12,1267,704
25,2025-07-13,1233,704
25,2025-07-14,1183,704
25,2025-07-15,1118,704
25,2025-07-16,1050,704
25,2025-07-17,992,704
25,2025-07-18,1999,704
25,2025-07-19,1915,704
25,2025-07-20,1881,704
25,2025-07-21,1801,704
25,2025-07-22,1751,630
25,2025-07-23,1688,630
25,2025-07-24,1630,630
25,2025-07-25,1571,630
25,2025-07-26,1522,630
25,2025-07-27,1502,630
25,2025-07-28,1445,630
25,2025-07-29,1384,630
25,2025-07-30,1310,630
25,2025-07-31,1231,630
25,2025-08-01,1155,630
25,2025-08-02,1089,630
25,2025-08-03,1053,630
25,2025-08-04,975,630
25,2025-08-05,903,630
25,2025-08-06,1839,630
25,2025-08-07,1790,630
25,2025-08-08,1735,630
25,2025-08-09,1669,630
25,2025-08-10,1634,630
25,2025-08-11,1581,630
25,2025-08-12,1506,630
25,2025-08-13,1443,630
25,2025-08-14,1388,630
25,2025-08-15,1333,630
25,2025-08-16,1296,630
25,2025-08-17,1259,630
25,2025-08-18,1199,630
25,2025-08-19,1151,630
25,2025-08-20,1088,630
25,2025-08-21,1026,583
25,2025-08-22,961,583
25,2025-08-23,923,583
25,2025-08-24,1884,583
25,2025-08-25,1803,583
25,2025-08-26,1730,583
25,2025-08-27,1666,583
25,2025-08-28,1598,583
25,2025-08-29,1519,583
25,2025-08-30,1465,583
25,2025-08-31,1447,583
25,2025-09-01,1343,583
25,2025-09-02,1282,583
25,2025-09-03,1182,583
25,2025-09-04,1132,583
25,2025-09-05,1059,583
25,2025-09-06,992,583
25,2025-09-07,957,583
25,2025-09-08,880,583
25,2025-09-09,785,583
25,2025-09-10,1648,583
25,2025-09-11,1593,583
25,2025-09-12,1517,583
25,2025-09-13,1480,583
25,2025-09-14,1444,583
25,2025-09-15,1372,583
25,2025-09-16,1300,583
25,2025-09-17,1224,583
25,2025-09-18,1155,583
25,2025-09-19,1082,583
25,2025-09-20,1007,606
25,2025-09-21,960,606
25,2025-09-22,880,606
25,2025-09-23,820,606
25,2025-09-24,748,606
25,2025-09-25,693,606
25,2025-09-26,1605,606
25,2025-09-27,1554,606
25,2025-09-28,1526,606
25,2025-09-29,1439,606
25,2025-09-30,1363,606
25,2025-10-01,1297,606
25,2025-10-02,1212,606
25,2025-10-03,1125,606
25,2025-10-04,1042,606
25,2025-10-05,1002,606
25,2025-10-06,933,606
25,2025-10-07,844,606
25,2025-10-08,1715,606
25,2025-10-09,1640,606
25,2025-10-10,1549,606
25,2025-10-11,1464,606
25,2025-10-12,1417,606
25,2025-10-13,1348,606
25,2025-10-14,1255,606
25,2025-10-15,1173,606
25,2025-10-16,1081,606
25,2025-10-17,985,606
25,2025-10-18,904,606
25,2025-10-19,860,606
25,2025-10-20,1706,684
25,2025-10-21,1626,684
25,2025-10-22,1548,684
25,2025-10-23,1450,684
25,2025-10-24,1371,684
25,2025-10-25,1289,684
25,2025-10-26,1238,684
25,2025-10-27,1156,684
25,2025-10-28,1055,684
25,2025-10-29,983,684
25,2025-10-30,890,684
25,2025-10-31,784,684
25,2025-11-01,1803,684
25,2025-11-02,1756,684
25,2025-11-03,1688,684
25,2025-11-04,1597,684
25,2025-11-05,1516,684
25,2025-11-06,1446,684
25,2025-11-07,1332,684
25,2025-11-08,1257,684
25,2025-11-09,1199,684
25,2025-11-10,1102,684
25,2025-11-11,980,684
25,2025-11-12,882,684
25,2025-11-13,776,684
25,2025-11-14,690,684
25,2025-11-15,597,684
25,2025-11-16,1613,684
25,2025-11-17,1523,684
25,2025-11-18,1433,684
25,2025-11-19,1325,780
25,2025-11-20,1254,780
25,2025-11-21,1173,780
25,2025-11-22,1077,780
25,2025-11-23,1039,780
25,2025-11-24,939,780
25,2025-11-25,2105,780
25,2025-11-26,1985,780
25,2025-11-27,1876,780
25,2025-11-28,1773,780
25,2025-11-29,1683,780
25,2025-11-30,1643,780
25,2025-12-01,1500,780
25,2025-12-02,1399,780
25,2025-12-03,1298,780
25,2025-12-04,1209,780
25,2025-12-05,1077,780
25,2025-12-06,969,780
25,2025-12-07,934,780
25,2025-12-08,2010,780
25,2025-12-09,1912,780
25,2025-12-10,1806,780
25,2025-12-11,1715,780
25,2025-12-12,1601,780
25,2025-12-13,1499,780
25,2025-12-14,1453,780
25,2025-12-15,1353,780
25,2025-12-16,1214,780
25,2025-12-17,1108,780
25,2025-12-18,1021,780
25,2025-12-19,2139,891
25,2025-12-20,2023,891
25,2025-12-21,1973,891
25,2025-12-22,1861,891
25,2025-12-23,1757,891
25,2025-12-24,1650,891
25,2025-12-25,1529,891
25,2025-12-26,1409,891
25,2025-12-27,1337,891
25,2025-12-28,1300,891
25,2025-12-29,1160,891
25,2025-12-30,2470,891
25,2025-12-31,2376,891
25,2026-01-01,2295,891
25,2026-01-02,2181,891
25,2026-01-03,2076,891
25,2026-01-04,2027,891
25,2026-01-05,1906,891
25,2026-01-06,1800,891
25,2026-01-07,1704,891
25,2026-01-08,1595,891
25,2026-01-09,1490,891
25,2026-01-10,1407,891
25,2026-01-11,1336,891
25,2026-01-12,1223,891
25,2026-01-13,1104,891
25,2026-01-14,862,891
25,2026-01-15,2089,891
25,2026-01-16,1977,891
25,2026-01-17,1867,891
25,2026-01-18,1825,995
25,2026-01-19,1726,995
25,2026-01-20,1609,995
25,2026-01-21,1502,995
25,2026-01-22,1376,995
25,2026-01-23,1285,995
25,2026-01-24,1192,995
25,2026-01-25,2710,995
25,2026-01-26,2595,995
25,2026-01-27,2498,995
25,2026-01-28,2390,995
25,2026-01-29,2292,995
25,2026-01-30,2183,995
25,2026-01-31,2083,995
25,2026-02-01,2023,995
25,2026-02-02,1913,995
25,2026-02-03,1806,995
25,2026-02-04,1685,995
25,2026-02-05,1575,995
25,2026-02-06,1444,995
25,2026-02-07,1350,995
25,2026-02-08,1292,995
25,2026-02-09,1171,995
25,2026-02-10,2627,995
25,2026-02-11,2519,995
25,2026-02-12,2428,995
25,2026-02-13,2303,995
25,2026-02-14,2164,995
25,2026-02-15,2118,995
25,2026-02-16,1977,995
25,2026-02-17,1875,1030
25,2026-02-18,1763,1030
25,2026-02-19,1648,1030
25,2026-02-20,1544,1030
25,2026-02-21,1426,1030
25,2026-02-22,1375,1030
25,2026-02-23,2885,1030
25,2026-02-24,2799,1030
25,2026-02-25,2701,1030
25,2026-02-26,2569,1030
25,2026-02-27,2448,1030
25,2026-02-28,2361,1030
25,2026-03-01,2319,1030
25,2026-03-02,2186,1030
25,2026-03-03,2112,1030
25,2026-03-04,1985,1030
25,2026-03-05,1875,1030
25,2026-03-06,1750,1030
25,2026-03-07,1632,1030
25,2026-03-08,1582,1030
25,2026-03-09,1451,1030
25,2026-03-10,1339,1030
25,2026-03-11,2882,1030
25,2026-03-12,2784,1030
25,2026-03-13,2692,1030
25,2026-03-14,2598,1030
25,2026-03-15,2561,1030
25,2026-03-16,2465,1030
25,2026-03-17,2365,1030
25,2026-03-18,2281,1030
25,2026-03-19,2173,1004
25,2026-03-20,2041,1004
25,2026-03-21,1955,1004
25,2026-03-22,1915,1004
25,2026-03-23,1832,1004
25,2026-03-24,1712,1004
25,2026-03-25,1618,1004
25,2026-03-26,1515,1004
25,2026-03-27,1414,1004
25,2026-03-28,1317,1004
25,2026-03-29,2878,1004
25,2026-03-30,2765,1004
25,2026-03-31,2655,1004
25,2026-04-01,2554,1004
25,2026-04-02,2479,1004
25,2026-04-03,2396,1004
25,2026-04-04,2327,1004
25,2026-04-05,2283,1004
25,2026-04-06,2193,1004
25,2026-04-07,2090,1004
25,2026-04-08,1985,1004
25,2026-04-09,1906,1004
25,2026-04-10,1810,1004
25,2026-04-11,1746,1004
25,2026-04-12,1708,1004
25,2026-04-13,1617,1004
25,2026-04-14,1519,1004
25,2026-04-15,1446,1004
25,2026-04-16,1337,1004
25,2026-04-17,1259,1004
25,2026-04-18,2740,934
25,2026-04-19,2692,934
25,2026-04-20,2620,934
25,2026-04-21,2531,934
25,2026-04-22,2446,934
25,2026-04-23,2354,934
25,2026-04-24,2286,934
25,2026-04-25,2217,934
25,2026-04-26,2182,934
25,2026-04-27,2097,934
25,2026-04-28,2008,934
25,2026-04-29,1880,934
25,2026-04-30,1802,934
25,2026-05-01,1722,934
25,2026-05-02,1652,934
25,2026-05-03,1605,934
25,2026-05-04,1546,934
25,2026-05-05,1477,934
25,2026-05-06,1416,934
25,2026-05-07,1338,934
25,2026-05-08,2678,934
25,2026-05-09,2595,934
25,2026-05-10,2562,934
25,2026-05-11,2502,934
25,2026-05-12,2409,934
25,2026-05-13,2346,934
25,2026-05-14,2247,934
25,2026-05-15,2177,934
25,2026-05-16,2105,934
25,2026-05-17,2077,934
25,2026-05-18,2013,801
25,2026-05-19,1939,801
25,2026-05-20,1850,801
25,2026-05-21,1776,801
25,2026-05-22,1705,801
25,2026-05-23,1628,801
25,2026-05-24,1595,801
25,2026-05-25,1515,801
25,2026-05-26,1432,801
25,2026-05-27,1330,801
25,2026-05-28,1252,801
25,2026-05-29,1160,801
25,2026-05-30,1118,801
25,2026-05-31,1094,801
25,2026-06-01,2252,801
25,2026-06-02,2178,801
25,2026-06-03,2118,801
25,2026-06-04,2052,801
25,2026-06-05,2005,801
25,2026-06-06,1944,801
25,2026-06-07,1914,801
25,2026-06-08,1860,801
25,2026-06-09,1784,801
25,2026-06-10,1726,801
25,2026-06-11,1663,801
25,2026-06-12,1580,801
25,2026-06-13,1527,801
25,2026-06-14,1505,801
25,2026-06-15,1433,801
25,2026-06-16,1338,801
25,2026-06-17,1283,689
25,2026-06-18,1210,689
25,2026-06-19,2362,689
25,2026-06-20,2281,689
25,2026-06-21,2254,689
25,2026-06-22,2188,689
25,2026-06-23,2127,689
25,2026-06-24,2049,689
25,2026-06-25,1996,689
25,2026-06-26,1911,689
25,2026-06-27,1854,689
25,2026-06-28,1823,689
25,2026-06-29,1760,689
25,2026-06-30,1665,689
25,2026-07-01,1608,689
25,2026-07-02,1559,689
25,2026-07-03,1486,689
25,2026-07-04,1438,689
25,2026-07-05,1406,689
25,2026-07-06,1343,689
25,2026-07-07,1289,689
25,2026-07-08,1230,689
25,2026-07-09,1154,689
25,2026-07-10,1108,689
25,2026-07-11,1057,689
25,2026-07-12,1032,689
25,2026-07-13,2021,689
25,2026-07-14,1956,689
25,2026-07-15,1887,689
25,2026-07-16,1821,689
25,2026-07-17,1757,621
25,2026-07-18,1692,621
25,2026-07-19,1659,621
25,2026-07-20,1594,621
25,2026-07-21,1550,621
25,2026-07-22,1478,621
25,2026-07-23,1423,621
25,2026-07-24,1362,621
25,2026-07-25,1310,621
25,2026-07-26,1272,621
25,2026-07-27,1199,621
25,2026-07-28,1155,621
25,2026-07-29,1083,621
25,2026-07-30,1006,621
25,2026-07-31,947,621
25,2026-08-01,871,621
25,2026-08-02,840,621
25,2026-08-03,778,621
25,2026-08-04,705,621
25,2026-08-05,1575,621
25,2026-08-06,1498,621
25,2026-08-07,1422,621
25,2026-08-08,1375,621
25,2026-08-09,1355,621
25,2026-08-10,1299,621
25,2026-08-11,1233,621
25,2026-08-12,1179,621
25,2026-08-13,1116,621
25,2026-08-14,1034,621
25,2026-08-15,981,621
25,2026-08-16,960,597
25,2026-08-17,860,597
25,2026-08-18,793,597
25,2026-08-19,713,597
25,2026-08-20,1581,597
25,2026-08-21,1485,597
25,2026-08-22,1414,597
25,2026-08-23,1390,597
25,2026-08-24,1337,597
25,2026-08-25,1250,597
25,2026-08-26,1174,597
25,2026-08-27,1102,597
25,2026-08-28,1036,597
25,2026-08-29,984,597
25,2026-08-30,955,597
25,2026-08-31,902,597
25,2026-09-01,823,597
25,2026-09-02,736,597
25,2026-09-03,665,597
25,2026-09-04,1528,597
25,2026-09-05,1448,597
25,2026-09-06,1417,597
25,2026-09-07,1340,597
25,2026-09-08,1278,597
25,2026-09-09,1195,597
25,2026-09-10,1118,597
25,2026-09-11,1047,597
25,2026-09-12,977,597
25,2026-09-13,950,597
25,2026-09-14,868,597
25,2026-09-15,793,631
25,2026-09-16,734,631
25,2026-09-17,1580,631
25,2026-09-18,1504,631
25,2026-09-19,1437,631
25,2026-09-20,1412,631
25,2026-09-21,1344,631
25,2026-09-22,1246,631
25,2026-09-23,1178,631
25,2026-09-24,1111,631
25,2026-09-25,1030,631
25,2026-09-26,959,631
25,2026-09-27,915,631
25,2026-09-28,1827,631
25,2026-09-29,1761,631
25,2026-09-30,1726,631
26,2023-10-01,2837,873
26,2023-10-02,2751,873
26,2023-10-03,2669,873
26,2023-10-04,2572,873
26,2023-10-05,2446,873
26,2023-10-06,2364,873
26,2023-10-07,2290,873
26,2023-10-08,2247,873
26,2023-10-09,2157,873
26,2023-10-10,2032,873
26,2023-10-11,1940,873
26,2023-10-12,1846,873
26,2023-10-13,1742,873
26,2023-10-14,1663,873
26,2023-10-15,1605,873
26,2023-10-16,1496,873
26,2023-10-17,1402,873
26,2023-10-18,1298,873
26,2023-10-19,1201,873
26,2023-10-20,2457,873
26,2023-10-21,2354,873
26,2023-10-22,2314,873
26,2023-10-23,2230,873
26,2023-10-24,2121,873
26,2023-10-25,2017,873
26,2023-10-26,1913,873
26,2023-10-27,1832,873
26,2023-10-28,1764,873
26,2023-10-29,1722,873
26,2023-10-30,1641,873
26,2023-10-31,1555,873
26,2023-11-01,1462,873
26,2023-11-02,1368,873
26,2023-11-03,1260,873
26,2023-11-04,1188,873
26,2023-11-05,1147,873
26,2023-11-06,2362,873
26,2023-11-07,2238,873
26,2023-11-08,2127,873
26,2023-11-09,2034,873
26,2023-11-10,1894,873
26,2023-11-11,1791,873
26,2023-11-12,1748,873
26,2023-11-13,1631,873
26,2023-11-14,1523,873
26,2023-11-15,1405,873
26,2023-11-16,1308,873
26,2023-11-17,1202,873
26,2023-11-18,1120,873
26,2023-11-19,1069,873
26,2023-11-20,973,873
26,2023-11-21,2247,873
26,2023-11-22,2153,873
26,2023-11-23,2046,873
26,2023-11-24,1924,873
26,2023-11-25,1817,873
26,2023-11-26,1765,873
26,2023-11-27,1670,873
26,2023-11-28,1571,873
26,2023-11-29,1461,873
26,2023-11-30,1384,915
26,2023-12-01,1277,915
26,2023-12-02,1171,915
26,2023-12-03,2437,915
26,2023-12-04,2338,915
26,2023-12-05,2209,915
26,2023-12-06,2106,915
26,2023-12-07,2006,915
26,2023-12-08,1866,915
26,2023-12-09,1746,915
26,2023-12-10,1697,915
26,2023-12-11,1595,915
26,2023-12-12,1492,915
26,2023-12-13,1399,915
26,2023-12-14,1256,915
26,2023-12-15,1153,915
26,2023-12-16,2470,915
26,2023-12-17,2433,915
26,2023-12-18,2319,915
26,2023-12-19,2210,915
26,2023-12-20,2078,915
26,2023-12-21,1926,915
26,2023-12-22,1822,915
26,2023-12-23,1699,915
26,2023-12-24,1662,915
26,2023-12-25,1562,915
26,2023-12-26,1464,915
26,2023-12-27,1359,915
26,2023-12-28,1261,915
26,2023-12-29,2615,915
26,2023-12-30,2491,984
26,2023-12-31,2440,984
26,2024-01-01,2299,984
26,2024-01-02,2170,984
26,2024-01-03,2043,984
26,2024-01-04,1917,984
26,2024-01-05,1785,984
26,2024-01-06,1680,984
26,2024-01-07,1595,984
26,2024-01-08,1483,984
26,2024-01-09,1359,984
26,2024-01-10,2810,984
26,2024-01-11,2690,984
26,2024-01-12,2580,984
26,2024-01-13,2455,984
26,2024-01-14,2376,984
26,2024-01-15,2283,984
26,2024-01-16,2159,984
26,2024-01-17,2036,984
26,2024-01-18,1891,984
26,2024-01-19,1797,984
26,2024-01-20,1689,984
26,2024-01-21,1625,984
26,2024-01-22,1522,984
26,2024-01-23,1410,984
26,2024-01-24,1275,984
26,2024-01-25,2715,984
26,2024-01-26,2599,984
26,2024-01-27,2483,984
26,2024-01-28,2425,984
26,2024-01-29,2277,1060
26,2024-01-30,2124,1060
26,2024-01-31,1988,1060
26,2024-02-01,1850,1060
26,2024-02-02,1695,1060
26,2024-02-03,1609,1060
26,2024-02-04,1541,1060
26,2024-02-05,1398,1060
26,2024-02-06,2924,1060
26,2024-02-07,2803,1060
26,2024-02-08,2703,1060
26,2024-02-09,2563,1060
26,2024-02-10,2481,1060
26,2024-02-11,2427,1060
26,2024-02-12,2297,1060
26,2024-02-13,2194,1060
26,2024-02-14,2064,1060
26,2024-02-15,1930,1060
26,2024-02-16,1801,1060
26,2024-02-17,1700,1060
26,2024-02-18,1646,1060
26,2024-02-19,1532,1060
26,2024-02-20,3089,1060
26,2024-02-21,2986,1060
26,2024-02-22,2874,1060
26,2024-02-23,2728,1060
26,2024-02-24,2641,1060
26,2024-02-25,2578,1060
26,2024-02-26,2450,1060
26,2024-02-27,2288,1060
26,2024-02-28,2167,1133
26,2024-02-29,2021,1133
26,2024-03-01,1918,1133
26,2024-03-02,1823,1133
26,2024-03-03,1748,1133
26,2024-03-04,1621,1133
26,2024-03-05,3179,1133
26,2024-03-06,3064,1133
26,2024-03-07,2949,1133
26,2024-03-08,2823,1133
26,2024-03-09,2719,1133
26,2024-03-10,2658,1133
26,2024-03-11,2534,1133
26,2024-03-12,2423,1133
26,2024-03-13,2314,1133
26,2024-03-14,2199,1133
26,2024-03-15,2077,1133
26,2024-03-16,1976,1133
26,2024-03-17,1922,1133
26,2024-03-18,1804,1133
26,2024-03-19,1689,1133
26,2024-03-20,3359,1133
26,2024-03-21,3243,1133
26,2024-03-22,3132,1133
26,2024-03-23,3047,1133
26,2024-03-24,2986,1133
26,2024-03-25,2862,1133
26,2024-03-26,2720,1133
26,2024-03-27,2571,1133
26,2024-03-28,2478,1133
26,2024-03-29,2357,1129
26,2024-03-30,2271,1129
26,2024-03-31,2205,1129
26,2024-04-01,2097,1129
26,2024-04-02,1994,1129
26,2024-04-03,1899,1129
26,2024-04-04,1772,1129
26,2024-04-05,1673,1129
26,2024-04-06,1588,1129
26,2024-04-07,3259,1129
26,2024-04-08,3158,1129
26,2024-04-09,3068,1129
26,2024-04-10,2959,1129
26,2024-04-11,2780,1129
26,2024-04-12,2673,1129
26,2024-04-13,2592,1129
26,2024-04-14,2547,1129
26,2024-04-15,2426,1129
26,2024-04-16,2331,1129
26,2024-04-17,2260,1129
26,2024-04-18,2132,1129
26,2024-04-19,2028,1129
26,2024-04-20,1954,1129
26,2024-04-21,1909,1129
26,2024-04-22,1811,1129
26,2024-04-23,1700,1129
26,2024-04-24,3320,1129
26,2024-04-25,3239,1129
26,2024-04-26,3153,1129
26,2024-04-27,3079,1129
26,2024-04-28,3054,1021
26,2024-04-29,2931,1021
26,2024-04-30,2825,1021
26,2024-05-01,2752,1021
26,2024-05-02,2677,1021
26,2024-05-03,2625,1021
26,2024-05-04,2558,1021
26,2024-05-05,2518,1021
26,2024-05-06,2454,1021
26,2024-05-07,2383,1021
26,2024-05-08,2304,1021
26,2024-05-09,2225,1021
26,2024-05-10,2135,1021
26,2024-05-11,2031,1021
26,2024-05-12,1986,1021
26,2024-05-13,1909,1021
26,2024-05-14,1829,1021
26,2024-05-15,1736,1021
26,2024-05-16,1666,1021
26,2024-05-17,1585,1021
26,2024-05-18,1506,1021
26,2024-05-19,1463,1021
26,2024-05-20,2912,1021
26,2024-05-21,2834,1021
26,2024-05-22,2746,1021
26,2024-05-23,2671,1021
26,2024-05-24,2608,1021
26,2024-05-25,2531,1021
26,2024-05-26,2483,1021
26,2024-05-27,2392,1021
26,2024-05-28,2298,843
26,2024-05-29,2213,843
26,2024-05-30,2114,843
26,2024-05-31,2002,843
26,2024-06-01,1919,843
26,2024-06-02,1880,843
26,2024-06-03,1797,843
26,2024-06-04,1725,843
26,2024-06-05,1645,843
26,2024-06-06,1602,843
26,2024-06-07,1534,843
26,2024-06-08,1461,843
26,2024-06-09,1431,843
26,2024-06-10,1344,843
26,2024-06-11,1253,843
26,2024-06-12,2512,843
26,2024-06-13,2445,843
26,2024-06-14,2376,843
26,2024-06-15,2310,843
26,2024-06-16,2269,843
26,2024-06-17,2209,843
26,2024-06-18,2135,843
26,2024-06-19,2056,843
26,2024-06-20,1968,843
26,2024-06-21,1892,843
26,2024-06-22,1816,843
26,2024-06-23,1781,843
26,2024-06-24,1724,843
26,2024-06-25,1652,843
26,2024-06-26,1591,843
26,2024-06-27,1529,725
26,2024-06-28,1451,725
26,2024-06-29,1379,725
26,2024-06-30,1340,725
26,2024-07-01,1266,725
26,2024-07-02,1194,725
26,2024-07-03,1103,725
26,2024-07-04,1040,725
26,2024-07-05,958,725
26,2024-07-06,908,725
26,2024-07-07,843,725
26,2024-07-08,1888,725
26,2024-07-09,1786,725
26,2024-07-10,1720,725
26,2024-07-11,1646,725
26,2024-07-12,1564,725
26,2024-07-13,1478,725
26,2024-07-14,1438,725
26,2024-07-15,1390,725
26,2024-07-16,1316,725
26,2024-07-17,1261,725
26,2024-07-18,1199,725
26,2024-07-19,1132,725
26,2024-07-20,1078,725
26,2024-07-21,1032,725
26,2024-07-22,954,725
26,2024-07-23,869,725
26,2024-07-24,1935,725
26,2024-07-25,1869,725
26,2024-07-26,1798,725
26,2024-07-27,1733,696
26,2024-07-28,1700,696
26,2024-07-29,1644,696
26,2024-07-30,1564,696
26,2024-07-31,1477,696
26,2024-08-01,1388,696
26,2024-08-02,1303,696
26,2024-08-03,1245,696
26,2024-08-04,1206,696
26,2024-08-05,1143,696
26,2024-08-06,1070,696
26,2024-08-07,1005,696
26,2024-08-08,931,696
26,2024-08-09,836,696
26,2024-08-10,1803,696
26,2024-08-11,1773,696
26,2024-08-12,1701,696
26,2024-08-13,1608,696
26,2024-08-14,1517,696
26,2024-08-15,1435,696
26,2024-08-16,1359,696
26,2024-08-17,1308,696
26,2024-08-18,1261,696
26,2024-08-19,1197,696
26,2024-08-20,1111,696
26,2024-08-21,1048,696
26,2024-08-22,954,696
26,2024-08-23,860,696
26,2024-08-24,802,696
26,2024-08-25,1873,696
26,2024-08-26,1826,689
26,2024-08-27,1749,689
26,2024-08-28,1672,689
26,2024-08-29,1577,689
26,2024-08-30,1497,689
26,2024-08-31,1448,689
26,2024-09-01,1400,689
26,2024-09-02,1302,689
26,2024-09-03,1221,689
26,2024-09-04,1144,689
26,2024-09-05,1049,689
26,2024-09-06,973,689
26,2024-09-07,908,689
26,2024-09-08,1916,689
26,2024-09-09,1836,689
26,2024-09-10,1727,689
26,2024-09-11,1655,689
26,2024-09-12,1548,689
26,2024-09-13,1483,689
26,2024-09-14,1428,689
26,2024-09-15,1371,689
26,2024-09-16,1294,689
26,2024-09-17,1186,689
26,2024-09-18,1085,689
26,2024-09-19,985,689
26,2024-09-20,900,689
26,2024-09-21,1913,689
26,2024-09-22,1854,689
26,2024-09-23,1772,689
26,2024-09-24,1674,689
26,2024-09-25,1599,737
26,2024-09-26,1509,737
26,2024-09-27,1397,737
26,2024-09-28,1323,737
26,2024-09-29,1292,737
26,2024-09-30,1209,737
26,2024-10-01,1117,737
26,2024-10-02,2126,737
26,2024-10-03,2039,737
26,2024-10-04,1951,737
26,2024-10-05,1879,737
26,2024-10-06,1837,737
26,2024-10-07,1738,737
26,2024-10-08,1647,737
26,2024-10-09,1551,737
26,2024-10-10,1458,737
26,2024-10-11,1364,737
26,2024-10-12,1268,737
26,2024-10-13,1211,737
26,2024-10-14,1086,737
26,2024-10-15,994,737
26,2024-10-16,901,737
26,2024-10-17,1940,737
26,2024-10-18,1832,737
26,2024-10-19,1746,737
26,2024-10-20,1702,737
26,2024-10-21,1608,737
26,2024-10-22,1516,737
26,2024-10-23,1411,737
26,2024-10-24,1321,737
26,2024-10-25,1204,828
26,2024-10-26,1107,828
26,2024-10-27,1054,828
26,2024-10-28,2072,828
26,2024-10-29,1935,828
26,2024-10-30,1846,828
26,2024-10-31,1745,828
26,2024-11-01,1645,828
26,2024-11-02,1548,828
26,2024-11-03,1497,828
26,2024-11-04,1383,828
26,2024-11-05,1258,828
26,2024-11-06,1173,828
26,2024-11-07,1044,828
26,2024-11-08,921,828
26,2024-11-09,792,828
26,2024-11-10,741,828
26,2024-11-11,1966,828
26,2024-11-12,1864,828
26,2024-11-13,1774,828
26,2024-11-14,1659,828
26,2024-11-15,1561,828
26,2024-11-16,1458,828
26,2024-11-17,1396,828
26,2024-11-18,1322,828
26,2024-11-19,1235,828
26,2024-11-20,1158,828
26,2024-11-21,1058,828
26,2024-11-22,2235,828
26,2024-11-23,2128,828
26,2024-11-24,2077,926
26,2024-11-25,1956,926
26,2024-11-26,1870,926
26,2024-11-27,1733,926
26,2024-11-28,1610,926
26,2024-11-29,1524,926
26,2024-11-30,1426,926
26,2024-12-01,1361,926
26,2024-12-02,2687,926
26,2024-12-03,2578,926
26,2024-12-04,2404,926
26,2024-12-05,2261,926
26,2024-12-06,2116,926
26,2024-12-07,1984,926
26,2024-12-08,1942,926
26,2024-12-09,1822,926
26,2024-12-10,1702,926
26,2024-12-11,1569,926
26,2024-12-12,1421,926
26,2024-12-13,1280,926
26,2024-12-14,1162,926
26,2024-12-15,2611,926
26,2024-12-16,2532,926
26,2024-12-17,2408,926
26,2024-12-18,2272,926
26,2024-12-19,2115,926
26,2024-12-20,1968,926
26,2024-12-21,1853,926
26,2024-12-22,1794,926
26,2024-12-23,1656,926
26,2024-12-24,1526,1056
26,2024-12-25,1416,1056
26,2024-12-26,1277,1056
26,2024-12-27,2567,1056
26,2024-12-28,2475,1056
26,2024-12-29,2407,1056
26,2024-12-30,2280,1056
26,2024-12-31,2172,1056
26,2025-01-01,2021,1056
26,2025-01-02,1864,1056
26,2025-01-03,1756,1056
26,2025-01-04,1679,1056
26,2025-01-05,1618,1056
26,2025-01-06,1476,1056
26,2025-01-07,1333,1056
26,2025-01-08,1188,1056
26,2025-01-09,2691,1056
26,2025-01-10,2560,1056
26,2025-01-11,2440,1056
26,2025-01-12,2390,1056
26,2025-01-13,2267,1056
26,2025-01-14,2161,1056
26,2025-01-15,2023,1056
26,2025-01-16,1894,1056
26,2025-01-17,1781,1056
26,2025-01-18,1701,1056
26,2025-01-19,1635,1056
26,2025-01-20,3092,1056
26,2025-01-21,2955,1056
26,2025-01-22,2834,1056
26,2025-01-23,2682,1140
26,2025-01-24,2569,1140
26,2025-01-25,2454,1140
26,2025-01-26,2409,1140
26,2025-01-27,2293,1140
26,2025-01-28,2154,1140
26,2025-01-29,2020,1140
26,2025-01-30,1885,1140
26,2025-01-31,1747,1140
26,2025-02-01,1646,1140
26,2025-02-02,1576,1140
26,2025-02-03,3173,1140
26,2025-02-04,3031,1140
26,2025-02-05,2907,1140
26,2025-02-06,2765,1140
26,2025-02-07,2547,1140
26,2025-02-08,2455,1140
26,2025-02-09,2394,1140
26,2025-02-10,2255,1140
26,2025-02-11,2079,1140
26,2025-02-12,1947,1140
26,2025-02-13,1797,1140
26,2025-02-14,1681,1140
26,2025-02-15,1570,1140
26,2025-02-16,1519,1140
26,2025-02-17,1372,1140
26,2025-02-18,1211,1140
26,2025-02-19,2865,1140
26,2025-02-20,2714,1140
26,2025-02-21,2587,1140
26,2025-02-22,2464,1207
26,2025-02-23,2407,1207
26,2025-02-24,2264,1207
26,2025-02-25,2109,1207
26,2025-02-26,1968,1207
26,2025-02-27,1811,1207
26,2025-02-28,1699,1207
26,2025-03-01,1578,1207
26,2025-03-02,3396,1207
26,2025-03-03,3269,1207
26,2025-03-04,3146,1207
26,2025-03-05,3019,1207
26,2025-03-06,2886,1207
26,2025-03-07,2747,1207
26,2025-03-08,2634,1207
26,2025-03-09,2559,1207
26,2025-03-10,2404,1207
26,2025-03-11,2262,1207
26,2025-03-12,2140,1207
26,2025-03-13,2001,1207
26,2025-03-14,1876,1207
26,2025-03-15,1793,1207
26,2025-03-16,1741,1207
26,2025-03-17,1611,1207
26,2025-03-18,3325,1207
26,2025-03-19,3184,1207
26,2025-03-20,3071,1207
26,2025-03-21,2948,1207
26,2025-03-22,2864,1207
26,2025-03-23,2813,1207
26,2025-03-24,2713,1216
26,2025-03-25,2597,1216
26,2025-03-26,2457,1216
26,2025-03-27,2327,1216
26,2025-03-28,2211,1216
26,2025-03-29,2080,1216
26,2025-03-30,2027,1216
26,2025-03-31,1897,1216
26,2025-04-01,1774,1216
26,2025-04-02,1647,1216
26,2025-04-03,3452,1216
26,2025-04-04,3351,1216
26,2025-04-05,3265,1216
26,2025-04-06,3221,1216
26,2025-04-07,3117,1216
26,2025-04-08,3014,1216
26,2025-04-09,2919,1216
26,2025-04-10,2826,1216
26,2025-04-11,2703,1216
26,2025-04-12,2616,1216
26,2025-04-13,2573,1216
26,2025-04-14,2473,1216
26,2025-04-15,2345,1216
26,2025-04-16,2246,1216
26,2025-04-17,2163,1216
26,2025-04-18,2058,1216
26,2025-04-19,1994,1216
26,2025-04-20,1949,1216
26,2025-04-21,1852,1216
26,2025-04-22,3585,1216
26,2025-04-23,3492,1084
26,2025-04-24,3385,1084
26,2025-04-25,3287,1084
26,2025-04-26,3205,1084
26,2025-04-27,3167,1084
26,2025-04-28,3068,1084
26,2025-04-29,2948,1084
26,2025-04-30,2855,1084
26,2025-05-01,2761,1084
26,2025-05-02,2680,1084
26,2025-05-03,2596,1084
26,2025-05-04,2537,1084
26,2025-05-05,2424,1084
26,2025-05-06,2310,1084
26,2025-05-07,2219,1084
26,2025-05-08,2101,1084
26,2025-05-09,2014,1084
26,2025-05-10,1932,1084
26,2025-05-11,1877,1084
26,2025-05-12,1804,1084
26,2025-05-13,1730,1084
26,2025-05-14,1625,1084
26,2025-05-15,1543,1084
26,2025-05-16,1448,1084
26,2025-05-17,3009,1084
26,2025-05-18,2971,1084
26,2025-05-19,2896,1084
26,2025-05-20,2781,1084
26,2025-05-21,2689,1084
26,2025-05-22,2589,1084
26,2025-05-23,2491,943
26,2025-05-24,2405,943
26,2025-05-25,2364,943
26,2025-05-26,2264,943
26,2025-05-27,2192,943
26,2025-05-28,2091,943
26,2025-05-29,1977,943
26,2025-05-30,1903,943
26,2025-05-31,1846,943
26,2025-06-01,1812,943
26,2025-06-02,1749,943
26,2025-06-03,1676,943
26,2025-06-04,1605,943
26,2025-06-05,1528,943
26,2025-06-06,1452,943
26,2025-06-07,2812,943
26,2025-06-08,2779,943
26,2025-06-09,2694,943
26,2025-06-10,2623,943
26,2025-06-11,2553,943
26,2025-06-12,2459,943
26,2025-06-13,2386,943
26,2025-06-14,2319,943
26,2025-06-15,2285,943
26,2025-06-16,2199,943
26,2025-06-17,2109,943
26,2025-06-18,2016,943
26,2025-06-19,1923,943
26,2025-06-20,1825,943
26,2025-06-21,1746,943
26,2025-06-22,1699,821
26,2025-06-23,1620,821
26,2025-06-24,1544,821
26,2025-06-25,1472,821
26,2025-06-26,1398,821
26,2025-06-27,1318,821
26,2025-06-28,1265,821
26,2025-06-29,1221,821
26,2025-06-30,1149,821
26,2025-07-01,2323,821
26,2025-07-02,2249,821
26,2025-07-03,2175,821
26,2025-07-04,2089,821
26,2025-07-05,2026,821
26,2025-07-06,1975,821
26,2025-07-07,1854,821
26,2025-07-08,1791,821
26,2025-07-09,1731,821
26,2025-07-10,1639,821
26,2025-07-11,1555,821
26,2025-07-12,1476,821
26,2025-07-13,1432,821
26,2025-07-14,1343,821
26,2025-07-15,1253,821
26,2025-07-16,1142,821
26,2025-07-17,1066,821
26,2025-07-18,1001,821
26,2025-07-19,2165,821
26,2025-07-20,2143,821
26,2025-07-21,2084,821
26,2025-07-22,1988,736
26,2025-07-23,1928,736
26,2025-07-24,1851,736
26,2025-07-25,1778,736
26,2025-07-26,1702,736
26,2025-07-27,1667,736
26,2025-07-28,1596,736
26,2025-07-29,1536,736
26,2025-07-30,1465,736
26,2025-07-31,1374,736
26,2025-08-01,1304,736
26,2025-08-02,1235,736
26,2025-08-03,1196,736
26,2025-08-04,1132,736
26,2025-08-05,1038,736
26,2025-08-06,2070,736
26,2025-08-07,1973,736
26,2025-08-08,1892,736
26,2025-08-09,1814,736
26,2025-08-10,1779,736
26,2025-08-11,1699,736
26,2025-08-12,1624,736
26,2025-08-13,1563,736
26,2025-08-14,1488,736
26,2025-08-15,1411,736
26,2025-08-16,1329,736
26,2025-08-17,1287,736
26,2025-08-18,1185,736
26,2025-08-19,1069,736
26,2025-08-20,996,736
26,2025-08-21,902,724
26,2025-08-22,815,724
26,2025-08-23,1813,724
26,2025-08-24,1763,724
26,2025-08-25,1701,724
26,2025-08-26,1633,724
26,2025-08-27,1552,724
26,2025-08-28,1479,724
26,2025-08-29,1388,724
26,2025-08-30,1320,724
26,2025-08-31,1282,724
26,2025-09-01,1214,724
26,2025-09-02,1131,724
26,2025-09-03,1036,724
26,2025-09-04,952,724
26,2025-09-05,872,724
26,2025-09-06,1864,724
26,2025-09-07,1821,724
26,2025-09-08,1741,724
26,2025-09-09,1647,724
26,2025-09-10,1551,724
26,2025-09-11,1453,724
26,2025-09-12,1346,724
26,2025-09-13,1256,724
26,2025-09-14,1221,724
26,2025-09-15,1141,724
26,2025-09-16,1059,724
26,2025-09-17,952,724
26,2025-09-18,1987,724
26,2025-09-19,1884,724
26,2025-09-20,1801,785
26,2025-09-21,1744,785
26,2025-09-22,1649,785
26,2025-09-23,1559,785
26,2025-09-24,1425,785
26,2025-09-25,1331,785
26,2025-09-26,1245,785
26,2025-09-27,1181,785
26,2025-09-28,1126,785
26,2025-09-29,2292,785
26,2025-09-30,2188,785
26,2025-10-01,2086,785
26,2025-10-02,1994,785
26,2025-10-03,1869,785
26,2025-10-04,1763,785
26,2025-10-05,1700,785
26,2025-10-06,1587,785
26,2025-10-07,1441,785
26,2025-10-08,1308,785
26,2025-10-09,1196,785
26,2025-10-10,1057,785
26,2025-10-11,969,785
26,2025-10-12,2196,785
26,2025-10-13,2105,785
26,2025-10-14,1987,785
26,2025-10-15,1860,785
26,2025-10-16,1744,785
26,2025-10-17,1622,785
26,2025-10-18,1526,785
26,2025-10-19,1480,785
26,2025-10-20,1400,907
26,2025-10-21,1303,907
26,2025-10-22,1196,907
26,2025-10-23,1105,907
26,2025-10-24,998,907
26,2025-10-25,2493,907
26,2025-10-26,2442,907
26,2025-10-27,2342,907
26,2025-10-28,2208,907
26,2025-10-29,2118,907
26,2025-10-30,2014,907
26,2025-10-31,1905,907
26,2025-11-01,1785,907
26,2025-11-02,1700,907
26,2025-11-03,1580,907
26,2025-11-04,1491,907
26,2025-11-05,1343,907
26,2025-11-06,1249,907
26,2025-11-07,1077,907
26,2025-11-08,2360,907
26,2025-11-09,2292,907
26,2025-11-10,2192,907
26,2025-11-11,2073,907
26,2025-11-12,1961,907
26,2025-11-13,1828,907
26,2025-11-14,1724,907
26,2025-11-15,1582,907
26,2025-11-16,1519,907
26,2025-11-17,1400,907
26,2025-11-18,1242,907
26,2025-11-19,2501,1032
26,2025-11-20,2343,1032
26,2025-11-21,2247,1032
26,2025-11-22,2126,1032
26,2025-11-23,2082,1032
26,2025-11-24,1852,1032
26,2025-11-25,1738,1032
26,2025-11-26,1618,1032
26,2025-11-27,1457,1032
26,2025-11-28,2884,1032
26,2025-11-29,2779,1032
26,2025-11-30,2711,1032
26,2025-12-01,2597,1032
26,2025-12-02,2454,1032
26,2025-12-03,2289,1032
26,2025-12-04,2176,1032
26,2025-12-05,2046,1032
26,2025-12-06,1969,1032
26,2025-12-07,1922,1032
26,2025-12-08,1804,1032
26,2025-12-09,1686,1032
26,2025-12-10,1526,1032
26,2025-12-11,1388,1032
26,2025-12-12,1263,1032
26,2025-12-13,1170,1032
26,2025-12-14,2705,1032
26,2025-12-15,2527,1032
26,2025-12-16,2386,1032
26,2025-12-17,2220,1032
26,2025-12-18,2081,1032
26,2025-12-19,1944,1162
26,2025-12-20,1853,1162
26,2025-12-21,1780,1162
26,2025-12-22,1666,1162
26,2025-12-23,1573,1162
26,2025-12-24,1422,1162
26,2025-12-25,3170,1162
26,2025-12-26,2987,1162
26,2025-12-27,2886,1162
26,2025-12-28,2806,1162
26,2025-12-29,2679,1162
26,2025-12-30,2578,1162
26,2025-12-31,2441,1162
26,2026-01-01,2308,1162
26,2026-01-02,2197,1162
26,2026-01-03,2081,1162
26,2026-01-04,2027,1162
26,2026-01-05,1902,1162
26,2026-01-06,1773,1162
26,2026-01-07,1625,1162
26,2026-01-08,1514,1162
26,2026-01-09,3115,1162
26,2026-01-10,2991,1162
26,2026-01-11,2918,1162
26,2026-01-12,2806,1162
26,2026-01-13,2651,1162
26,2026-01-14,2546,1162
26,2026-01-15,2402,1162
26,2026-01-16,2270,1162
26,2026-01-17,2174,1162
26,2026-01-18,2086,1214
26,2026-01-19,1957,1214
26,2026-01-20,1787,1214
26,2026-01-21,1647,1214
26,2026-01-22,1523,1214
26,2026-01-23,1405,1214
26,2026-01-24,3217,1214
26,2026-01-25,3159,1214
26,2026-01-26,3028,1214
26,2026-01-27,2888,1214
26,2026-01-28,2758,1214
26,2026-01-29,2601,1214
26,2026-01-30,2456,1214
26,2026-01-31,2306,1214
26,2026-02-01,2243,1214
26,2026-02-02,2102,1214
26,2026-02-03,1941,1214
26,2026-02-04,1806,1214
26,2026-02-05,1653,1214
26,2026-02-06,3418,1214
26,2026-02-07,3355,1214
26,2026-02-08,3275,1214
26,2026-02-09,3147,1214
26,2026-02-10,3030,1214
26,2026-02-11,2872,1214
26,2026-02-12,2752,1214
26,2026-02-13,2575,1214
26,2026-02-14,2475,1214
26,2026-02-15,2386,1214
26,2026-02-16,2224,1214
26,2026-02-17,2097,1221
26,2026-02-18,1982,1221
26,2026-02-19,1826,1221
26,2026-02-20,1689,1221
26,2026-02-21,1581,1221
26,2026-02-22,1499,1221
26,2026-02-23,1340,1221
26,2026-02-24,3166,1221
26,2026-02-25,2984,1221
26,2026-02-26,2816,1221
26,2026-02-27,2674,1221
26,2026-02-28,2530,1221
26,2026-03-01,2464,1221
26,2026-03-02,2351,1221
26,2026-03-03,2212,1221
26,2026-03-04,2070,1221
26,2026-03-05,1892,1221
26,2026-03-06,1755,1221
26,2026-03-07,1638,1221
26,2026-03-08,1577,1221
26,2026-03-09,1430,1221
26,2026-03-10,3253,1221
26,2026-03-11,3097,1221
26,2026-03-12,2916,1221
26,2026-03-13,2766,1221
26,2026-03-14,2626,1221
26,2026-03-15,2570,1221
26,2026-03-16,2424,1221
26,2026-03-17,2271,1221
26,2026-03-18,2147,1221
26,2026-03-19,2022,1291
26,2026-03-20,1859,1291
26,2026-03-21,1710,1291
26,2026-03-22,1641,1291
26,2026-03-23,3363,1291
26,2026-03-24,3217,1291
26,2026-03-25,3088,1291
26,2026-03-26,2954,1291
26,2026-03-27,2806,1291
26,2026-03-28,2697,1291
26,2026-03-29,2631,1291
26,2026-03-30,2505,1291
26,2026-03-31,2390,1291
26,2026-04-01,2268,1291
26,2026-04-02,2144,1291
26,2026-04-03,2026,1291
26,2026-04-04,1933,1291
26,2026-04-05,3875,1291
26,2026-04-06,3731,1291
26,2026-04-07,3590,1291
26,2026-04-08,3480,1291
26,2026-04-09,3381,1291
26,2026-04-10,3269,1291
26,2026-04-11,3155,1291
26,2026-04-12,3088,1291
26,2026-04-13,2982,1291
26,2026-04-14,2873,1291
26,2026-04-15,2762,1291
26,2026-04-16,2676,1291
26,2026-04-17,2590,1291
26,2026-04-18,2495,1234
26,2026-04-19,2442,1234
26,2026-04-20,2161,1234
26,2026-04-21,2061,1234
26,2026-04-22,1944,1234
26,2026-04-23,1855,1234
26,2026-04-24,1718,1234
26,2026-04-25,3540,1234
26,2026-04-26,3479,1234
26,2026-04-27,3352,1234
26,2026-04-28,3236,1234
26,2026-04-29,3106,1234
26,2026-04-30,3007,1234
26,2026-05-01,2914,1234
26,2026-05-02,2820,1234
26,2026-05-03,2778,1234
26,2026-05-04,2667,1234
26,2026-05-05,2578,1234
26,2026-05-06,2469,1234
26,2026-05-07,2380,1234
26,2026-05-08,2270,1234
26,2026-05-09,2190,1234
26,2026-05-10,2143,1234
26,2026-05-11,2048,1234
26,2026-05-12,1940,1234
26,2026-05-13,1820,1234
26,2026-05-14,1736,1234
26,2026-05-15,3528,1234
26,2026-05-16,3469,1234
26,2026-05-17,3414,1234
26,2026-05-18,3318,1068
26,2026-05-19,3185,1068
26,2026-05-20,3101,1068
26,2026-05-21,3000,1068
26,2026-05-22,2901,1068
26,2026-05-23,2790,1068
26,2026-05-24,2746,1068
26,2026-05-25,2629,1068
26,2026-05-26,2513,1068
26,2026-05-27,2395,1068
26,2026-05-28,2309,1068
26,2026-05-29,2206,1068
26,2026-05-30,2109,1068
26,2026-05-31,2066,1068
26,2026-06-01,1985,1068
26,2026-06-02,1892,1068
26,2026-06-03,1811,1068
26,2026-06-04,1745,1068
26,2026-06-05,1675,1068
26,2026-06-06,1602,1068
26,2026-06-07,1564,1068
26,2026-06-08,1487,1068
26,2026-06-09,3047,1068
26,2026-06-10,2954,1068
26,2026-06-11,2859,1068
26,2026-06-12,2755,1068
26,2026-06-13,2682,1068
26,2026-06-14,2620,1068
26,2026-06-15,2527,1068
26,2026-06-16,2421,1068
26,2026-06-17,2329,933
26,2026-06-18,2211,933
26,2026-06-19,2105,933
26,2026-06-20,2050,933
26,2026-06-21,2006,933
26,2026-06-22,1910,933
26,2026-06-23,1817,933
26,2026-06-24,1713,933
26,2026-06-25,1628,933
26,2026-06-26,1528,933
26,2026-06-27,1463,933
26,2026-06-28,1442,933
26,2026-06-29,1354,933
26,2026-06-30,1275,933
26,2026-07-01,2652,933
26,2026-07-02,2552,933
26,2026-07-03,2476,933
26,2026-07-04,2404,933
26,2026-07-05,2375,933
26,2026-07-06,2285,933
26,2026-07-07,2204,933
26,2026-07-08,2146,933
26,2026-07-09,2057,933
26,2026-07-10,1977,933
26,2026-07-11,1918,933
26,2026-07-12,1889,933
26,2026-07-13,1784,933
26,2026-07-14,1713,933
26,2026-07-15,1654,933
26,2026-07-16,1566,933
26,2026-07-17,1513,822
26,2026-07-18,1451,822
26,2026-07-19,1399,822
26,2026-07-20,1334,822
26,2026-07-21,2666,822
26,2026-07-22,2580,822
26,2026-07-23,2496,822
26,2026-07-24,2407,822
26,2026-07-25,2330,822
26,2026-07-26,2289,822
26,2026-07-27,2205,822
26,2026-07-28,2087,822
26,2026-07-29,2023,822
26,2026-07-30,1940,822
26,2026-07-31,1789,822
26,2026-08-01,1697,822
26,2026-08-02,1661,822
26,2026-08-03,1564,822
26,2026-08-04,1477,822
26,2026-08-05,1389,822
26,2026-08-06,1282,822
26,2026-08-07,1202,822
26,2026-08-08,1125,822
26,2026-08-09,2330,822
26,2026-08-10,2243,822
26,2026-08-11,2165,822
26,2026-08-12,2088,822
26,2026-08-13,2001,822
26,2026-08-14,1911,822
26,2026-08-15,1850,822
26,2026-08-16,1797,781
26,2026-08-17,1697,781
26,2026-08-18,1623,781
26,2026-08-19,1517,781
26,2026-08-20,1443,781
26,2026-08-21,1352,781
26,2026-08-22,1268,781
26,2026-08-23,1232,781
26,2026-08-24,1135,781
26,2026-08-25,2290,781
26,2026-08-26,2197,781
26,2026-08-27,2101,781
26,2026-08-28,2013,781
26,2026-08-29,1970,781
26,2026-08-30,1925,781
26,2026-08-31,1833,781
26,2026-09-01,1732,781
26,2026-09-02,1608,781
26,2026-09-03,1502,781
26,2026-09-04,1386,781
26,2026-09-05,1287,781
26,2026-09-06,1239,781
26,2026-09-07,1130,781
26,2026-09-08,1047,781
26,2026-09-09,910,781
26,2026-09-10,2017,781
26,2026-09-11,1905,781
26,2026-09-12,1825,781
26,2026-09-13,1759,781
26,2026-09-14,1659,781
26,2026-09-15,1548,831
26,2026-09-16,1459,831
26,2026-09-17,1362,831
26,2026-09-18,1257,831
26,2026-09-19,1190,831
26,2026-09-20,1146,831
26,2026-09-21,1058,831
26,2026-09-22,2222,831
26,2026-09-23,2093,831
26,2026-09-24,2013,831
26,2026-09-25,1923,831
26,2026-09-26,1845,831
26,2026-09-27,1791,831
26,2026-09-28,1693,831
26,2026-09-29,1607,831
26,2026-09-30,1525,831
27,2023-10-01,3605,414
27,2023-10-02,3563,414
27,2023-10-03,3529,414
27,2023-10-04,3495,414
27,2023-10-05,3443,414
27,2023-10-06,3397,414
27,2023-10-07,3364,414
27,2023-10-08,3343,414
27,2023-10-09,3309,414
27,2023-10-10,3271,414
27,2023-10-11,3231,414
27,2023-10-12,3195,414
27,2023-10-13,3156,414
27,2023-10-14,3123,414
27,2023-10-15,3104,414
27,2023-10-16,3068,414
27,2023-10-17,3013,414
27,2023-10-18,2973,414
27,2023-10-19,2920,414
27,2023-10-20,2893,414
27,2023-10-21,2856,414
27,2023-10-22,2832,414
27,2023-10-23,2802,414
27,2023-10-24,2775,414
27,2023-10-25,2719,414
27,2023-10-26,2676,414
27,2023-10-27,2631,414
27,2023-10-28,2600,414
27,2023-10-29,2590,414
27,2023-10-30,2544,414
27,2023-10-31,2491,414
27,2023-11-01,2445,414
27,2023-11-02,2405,414
27,2023-11-03,2354,414
27,2023-11-04,2321,414
27,2023-11-05,2301,414
27,2023-11-06,2256,414
27,2023-11-07,2200,414
27,2023-11-08,2172,414
27,2023-11-09,2132,414
27,2023-11-10,2079,414
27,2023-11-11,2042,414
27,2023-11-12,2005,414
27,2023-11-13,1950,414
27,2023-11-14,1899,414
27,2023-11-15,1857,414
27,2023-11-16,1803,414
27,2023-11-17,1747,414
27,2023-11-18,1699,414
27,2023-11-19,1666,414
27,2023-11-20,1619,414
27,2023-11-21,1553,414
27,2023-11-22,1491,414
27,2023-11-23,1446,414
27,2023-11-24,1402,414
27,2023-11-25,1348,414
27,2023-11-26,1328,414
27,2023-11-27,1285,414
27,2023-11-28,1231,414
27,2023-11-29,1202,414
27,2023-11-30,1163,407
27,2023-12-01,1108,407
27,2023-12-02,1058,407
27,2023-12-03,1033,407
27,2023-12-04,982,407
27,2023-12-05,920,407
27,2023-12-06,866,407
27,2023-12-07,809,407
27,2023-12-08,761,407
27,2023-12-09,719,407
27,2023-12-10,697,407
27,2023-12-11,645,407
27,2023-12-12,599,407
27,2023-12-13,548,407
27,2023-12-14,3354,407
27,2023-12-15,3274,407
27,2023-12-16,3226,407
27,2023-12-17,3204,407
27,2023-12-18,3151,407
27,2023-12-19,3115,407
27,2023-12-20,3063,407
27,2023-12-21,2987,407
27,2023-12-22,2874,407
27,2023-12-23,2829,407
27,2023-12-24,2807,407
27,2023-12-25,2766,407
27,2023-12-26,2704,407
27,2023-12-27,2658,407
27,2023-12-28,2596,407
27,2023-12-29,2538,407
27,2023-12-30,2500,478
27,2023-12-31,2473,478
27,2024-01-01,2407,478
27,2024-01-02,2345,478
27,2024-01-03,2277,478
27,2024-01-04,2210,478
27,2024-01-05,2153,478
27,2024-01-06,2099,478
27,2024-01-07,2071,478
27,2024-01-08,2019,478
27,2024-01-09,1970,478
27,2024-01-10,1913,478
27,2024-01-11,1848,478
27,2024-01-12,1769,478
27,2024-01-13,1717,478
27,2024-01-14,1701,478
27,2024-01-15,1638,478
27,2024-01-16,1585,478
27,2024-01-17,1519,478
27,2024-01-18,1469,478
27,2024-01-19,1405,478
27,2024-01-20,1367,478
27,2024-01-21,1338,478
27,2024-01-22,1278,478
27,2024-01-23,1220,478
27,2024-01-24,1159,478
27,2024-01-25,1108,478
27,2024-01-26,1046,478
27,2024-01-27,1004,478
27,2024-01-28,990,478
27,2024-01-29,941,512
27,2024-01-30,869,512
27,2024-01-31,820,512
27,2024-02-01,746,512
27,2024-02-02,692,512
27,2024-02-03,632,512
27,2024-02-04,599,512
27,2024-02-05,522,512
27,2024-02-06,4106,512
27,2024-02-07,4059,512
27,2024-02-08,3998,512
27,2024-02-09,3938,512
27,2024-02-10,3887,512
27,2024-02-11,3851,512
27,2024-02-12,3778,512
27,2024-02-13,3708,512
27,2024-02-14,3653,512
27,2024-02-15,3601,512
27,2024-02-16,3533,512
27,2024-02-17,3455,512
27,2024-02-18,3417,512
27,2024-02-19,3362,512
27,2024-02-20,3281,512
27,2024-02-21,3220,512
27,2024-02-22,3160,512
27,2024-02-23,3103,512
27,2024-02-24,3029,512
27,2024-02-25,2987,512
27,2024-02-26,2928,512
27,2024-02-27,2881,512
27,2024-02-28,2831,549
27,2024-02-29,2754,549
27,2024-03-01,2712,549
27,2024-03-02,2663,549
27,2024-03-03,2633,549
27,2024-03-04,2566,549
27,2024-03-05,2495,549
27,2024-03-06,2434,549
27,2024-03-07,2388,549
27,2024-03-08,2329,549
27,2024-03-09,2280,549
27,2024-03-10,2260,549
27,2024-03-11,2202,549
27,2024-03-12,2158,549
27,2024-03-13,2093,549
27,2024-03-14,2046,549
27,2024-03-15,1943,549
27,2024-03-16,1885,549
27,2024-03-17,1860,549
27,2024-03-18,1801,549
27,2024-03-19,1759,549
27,2024-03-20,1702,549
27,2024-03-21,1648,549
27,2024-03-22,1580,549
27,2024-03-23,1545,549
27,2024-03-24,1508,549
27,2024-03-25,1428,549
27,2024-03-26,1380,549
27,2024-03-27,1317,549
27,2024-03-28,1264,549
27,2024-03-29,1214,561
27,2024-03-30,1162,561
27,2024-03-31,1138,561
27,2024-04-01,1107,561
27,2024-04-02,1073,561
27,2024-04-03,1044,561
27,2024-04-04,1002,561
27,2024-04-05,962,561
27,2024-04-06,910,561
27,2024-04-07,885,561
27,2024-04-08,829,561
27,2024-04-09,788,561
27,2024-04-10,4686,561
27,2024-04-11,4616,561
27,2024-04-12,4568,561
27,2024-04-13,4535,561
27,2024-04-14,4512,561
27,2024-04-15,4458,561
27,2024-04-16,4416,561
27,2024-04-17,4367,561
27,2024-04-18,4303,561
27,2024-04-19,4257,561
27,2024-04-20,4212,561
27,2024-04-21,4196,561
27,2024-04-22,4150,561
27,2024-04-23,4102,561
27,2024-04-24,4066,561
27,2024-04-25,4017,561
27,2024-04-26,3972,561
27,2024-04-27,3921,561
27,2024-04-28,3904,482
27,2024-04-29,3861,482
27,2024-04-30,3804,482
27,2024-05-01,3754,482
27,2024-05-02,3719,482
27,2024-05-03,3685,482
27,2024-05-04,3649,482
27,2024-05-05,3626,482
27,2024-05-06,3592,482
27,2024-05-07,3547,482
27,2024-05-08,3507,482
27,2024-05-09,3473,482
27,2024-05-10,3426,482
27,2024-05-11,3396,482
27,2024-05-12,3372,482
27,2024-05-13,3329,482
27,2024-05-14,3299,482
27,2024-05-15,3257,482
27,2024-05-16,3214,482
27,2024-05-17,3171,482
27,2024-05-18,3141,482
27,2024-05-19,3123,482
27,2024-05-20,3086,482
27,2024-05-21,3031,482
27,2024-05-22,2982,482
27,2024-05-23,2946,482
27,2024-05-24,2885,482
27,2024-05-25,2839,482
27,2024-05-26,2820,482
27,2024-05-27,2795,482
27,2024-05-28,2767,400
27,2024-05-29,2723,400
27,2024-05-30,2686,400
27,2024-05-31,2648,400
27,2024-06-01,2604,400
27,2024-06-02,2586,400
27,2024-06-03,2546,400
27,2024-06-04,2502,400
27,2024-06-05,2479,400
27,2024-06-06,2432,400
27,2024-06-07,2395,400
27,2024-06-08,2359,400
27,2024-06-09,2345,400
27,2024-06-10,2319,400
27,2024-06-11,2277,400
27,2024-06-12,2241,400
27,2024-06-13,2190,400
27,2024-06-14,2150,400
27,2024-06-15,2113,400
27,2024-06-16,2093,400
27,2024-06-17,2050,400
27,2024-06-18,2014,400
27,2024-06-19,1954,400
27,2024-06-20,1913,400
27,2024-06-21,1879,400
27,2024-06-22,1851,400
27,2024-06-23,1834,400
27,2024-06-24,1804,400
27,2024-06-25,1775,400
27,2024-06-26,1731,400
27,2024-06-27,1696,365
27,2024-06-28,1653,365
27,2024-06-29,1619,365
27,2024-06-30,1600,365
27,2024-07-01,1559,365
27,2024-07-02,1517,365
27,2024-07-03,1466,365
27,2024-07-04,1435,365
27,2024-07-05,1402,365
27,2024-07-06,1356,365
27,2024-07-07,1336,365
27,2024-07-08,1292,365
27,2024-07-09,1261,365
27,2024-07-10,1230,365
27,2024-07-11,1189,365
27,2024-07-12,1151,365
27,2024-07-13,1126,365
27,2024-07-14,1103,365
27,2024-07-15,1054,365
27,2024-07-16,1025,365
27,2024-07-17,990,365
27,2024-07-18,949,365
27,2024-07-19,915,365
27,2024-07-20,884,365
27,2024-07-21,873,365
27,2024-07-22,839,365
27,2024-07-23,785,365
27,2024-07-24,761,365
27,2024-07-25,725,365
27,2024-07-26,694,365
27,2024-07-27,665,351
27,2024-07-28,643,351
27,2024-07-29,611,351
27,2024-07-30,569,351
27,2024-07-31,530,351
27,2024-08-01,477,351
27,2024-08-02,2920,351
27,2024-08-03,2879,351
27,2024-08-04,2858,351
27,2024-08-05,2829,351
27,2024-08-06,2790,351
27,2024-08-07,2761,351
27,2024-08-08,2723,351
27,2024-08-09,2693,351
27,2024-08-10,2666,351
27,2024-08-11,2651,351
27,2024-08-12,2623,351
27,2024-08-13,2580,351
27,2024-08-14,2550,351
27,2024-08-15,2517,351
27,2024-08-16,2485,351
27,2024-08-17,2453,351
27,2024-08-18,2434,351
27,2024-08-19,2396,351
27,2024-08-20,2351,351
27,2024-08-21,2324,351
27,2024-08-22,2278,351
27,2024-08-23,2243,351
27,2024-08-24,2209,351
27,2024-08-25,2188,351
27,2024-08-26,2157,336
27,2024-08-27,2118,336
27,2024-08-28,2059,336
27,2024-08-29,2033,336
27,2024-08-30,2004,336
27,2024-08-31,1964,336
27,2024-09-01,1951,336
27,2024-09-02,1910,336
27,2024-09-03,1863,336
27,2024-09-04,1827,336
27,2024-09-05,1772,336
27,2024-09-06,1718,336
27,2024-09-07,1681,336
27,2024-09-08,1651,336
27,2024-09-09,1615,336
27,2024-09-10,1566,336
27,2024-09-11,1535,336
27,2024-09-12,1498,336
27,2024-09-13,1465,336
27,2024-09-14,1426,336
27,2024-09-15,1403,336
27,2024-09-16,1366,336
27,2024-09-17,1322,336
27,2024-09-18,1265,336
27,2024-09-19,1213,336
27,2024-09-20,1168,336
27,2024-09-21,1121,336
27,2024-09-22,1094,336
27,2024-09-23,1000,336
27,2024-09-24,960,336
27,2024-09-25,908,368
27,2024-09-26,869,368
27,2024-09-27,838,368
27,2024-09-28,795,368
27,2024-09-29,772,368
27,2024-09-30,727,368
27,2024-10-01,676,368
27,2024-10-02,629,368
27,2024-10-03,590,368
27,2024-10-04,554,368
27,2024-10-05,514,368
27,2024-10-06,490,368
27,2024-10-07,431,368
27,2024-10-08,375,368
27,2024-10-09,2936,368
27,2024-10-10,2900,368
27,2024-10-11,2863,368
27,2024-10-12,2834,368
27,2024-10-13,2818,368
27,2024-10-14,2768,368
27,2024-10-15,2734,368
27,2024-10-16,2684,368
27,2024-10-17,2638,368
27,2024-10-18,2583,368
27,2024-10-19,2529,368
27,2024-10-20,2513,368
27,2024-10-21,2468,368
27,2024-10-22,2431,368
27,2024-10-23,2374,368
27,2024-10-24,2336,368
27,2024-10-25,2292,411
27,2024-10-26,2257,411
27,2024-10-27,2228,411
27,2024-10-28,2178,411
27,2024-10-29,2137,411
27,2024-10-30,2075,411
27,2024-10-31,2030,411
27,2024-11-01,1973,411
27,2024-11-02,1945,411
27,2024-11-03,1917,411
27,2024-11-04,1865,411
27,2024-11-05,1802,411
27,2024-11-06,1742,411
27,2024-11-07,1686,411
27,2024-11-08,1631,411
27,2024-11-09,1586,411
27,2024-11-10,1565,411
27,2024-11-11,1525,411
27,2024-11-12,1457,411
27,2024-11-13,1386,411
27,2024-11-14,1326,411
27,2024-11-15,1279,411
27,2024-11-16,1252,411
27,2024-11-17,1234,411
27,2024-11-18,1188,411
27,2024-11-19,1156,411
27,2024-11-20,1092,411
27,2024-11-21,1035,411
27,2024-11-22,984,411
27,2024-11-23,941,411
27,2024-11-24,918,438
27,2024-11-25,866,438
27,2024-11-26,814,438
27,2024-11-27,763,438
27,2024-11-28,708,438
27,2024-11-29,654,438
27,2024-11-30,623,438
27,2024-12-01,3682,438
27,2024-12-02,3612,438
27,2024-12-03,3563,438
27,2024-12-04,3492,438
27,2024-12-05,3436,438
27,2024-12-06,3383,438
27,2024-12-07,3325,438
27,2024-12-08,3296,438
27,2024-12-09,3211,438
27,2024-12-10,3164,438
27,2024-12-11,3096,438
27,2024-12-12,3040,438
27,2024-12-13,2963,438
27,2024-12-14,2911,438
27,2024-12-15,2866,438
27,2024-12-16,2814,438
27,2024-12-17,2761,438
27,2024-12-18,2694,438
27,2024-12-19,2623,438
27,2024-12-20,2557,438
27,2024-12-21,2503,438
27,2024-12-22,2475,438
27,2024-12-23,2396,438
27,2024-12-24,2318,506
27,2024-12-25,2221,506
27,2024-12-26,2178,506
27,2024-12-27,2131,506
27,2024-12-28,2083,506
27,2024-12-29,2054,506
27,2024-12-30,1982,506
27,2024-12-31,1901,506
27,2025-01-01,1838,506
27,2025-01-02,1774,506
27,2025-01-03,1709,506
27,2025-01-04,1651,506
27,2025-01-05,1624,506
27,2025-01-06,1560,506
27,2025-01-07,1504,506
27,2025-01-08,1442,506
27,2025-01-09,1384,506
27,2025-01-10,1334,506
27,2025-01-11,1286,506
27,2025-01-12,1241,506
27,2025-01-13,1165,506
27,2025-01-14,1104,506
27,2025-01-15,1020,506
27,2025-01-16,953,506
27,2025-01-17,889,506
27,2025-01-18,844,506
27,2025-01-19,829,506
27,2025-01-20,766,506
27,2025-01-21,4285,506
27,2025-01-22,4224,506
27,2025-01-23,4157,562
27,2025-01-24,4100,562
27,2025-01-25,4047,562
27,2025-01-26,4009,562
27,2025-01-27,3950,562
27,2025-01-28,3861,562
27,2025-01-29,3815,562
27,2025-01-30,3753,562
27,2025-01-31,3711,562
27,2025-02-01,3658,562
27,2025-02-02,3625,562
27,2025-02-03,3571,562
27,2025-02-04,3515,562
27,2025-02-05,3436,562
27,2025-02-06,3377,562
27,2025-02-07,3307,562
27,2025-02-08,3251,562
27,2025-02-09,3214,562
27,2025-02-10,3141,562
27,2025-02-11,3070,562
27,2025-02-12,3004,562
27,2025-02-13,2925,562
27,2025-02-14,2855,562
27,2025-02-15,2788,562
27,2025-02-16,2755,562
27,2025-02-17,2677,562
27,2025-02-18,2605,562
27,2025-02-19,2519,562
27,2025-02-20,2459,562
27,2025-02-21,2392,562
27,2025-02-22,2341,594
27,2025-02-23,2310,594
27,2025-02-24,2258,594
27,2025-02-25,2190,594
27,2025-02-26,2117,594
27,2025-02-27,2061,594
27,2025-02-28,1984,594
27,2025-03-01,1941,594
27,2025-03-02,1908,594
27,2025-03-03,1855,594
27,2025-03-04,1804,594
27,2025-03-05,1756,594
27,2025-03-06,1679,594
27,2025-03-07,1602,594
27,2025-03-08,1557,594
27,2025-03-09,1525,594
27,2025-03-10,1468,594
27,2025-03-11,1421,594
27,2025-03-12,1346,594
27,2025-03-13,1287,594
27,2025-03-14,1233,594
27,2025-03-15,1186,594
27,2025-03-16,1159,594
27,2025-03-17,1109,594
27,2025-03-18,1044,594
27,2025-03-19,999,594
27,2025-03-20,942,594
27,2025-03-21,901,594
27,2025-03-22,850,594
27,2025-03-23,822,594
27,2025-03-24,4947,567
27,2025-03-25,4863,567
27,2025-03-26,4802,567
27,2025-03-27,4740,567
27,2025-03-28,4660,567
27,2025-03-29,4607,567
27,2025-03-30,4576,567
27,2025-03-31,4506,567
27,2025-04-01,4457,567
27,2025-04-02,4406,567
27,2025-04-03,4364,567
27,2025-04-04,4296,567
27,2025-04-05,4239,567
27,2025-04-06,4224,567
27,2025-04-07,4180,567
27,2025-04-08,4129,567
27,2025-04-09,4076,567
27,2025-04-10,4029,567
27,2025-04-11,3977,567
27,2025-04-12,3935,567
27,2025-04-13,3915,567
27,2025-04-14,3867,567
27,2025-04-15,3818,567
27,2025-04-16,3764,567
27,2025-04-17,3694,567
27,2025-04-18,3623,567
27,2025-04-19,3577,567
27,2025-04-20,3556,567
27,2025-04-21,3489,567
27,2025-04-22,3442,567
27,2025-04-23,3381,523
27,2025-04-24,3320,523
27,2025-04-25,3271,523
27,2025-04-26,3229,523
27,2025-04-27,3210,523
27,2025-04-28,3178,523
27,2025-04-29,3126,523
27,2025-04-30,3066,523
27,2025-05-01,3015,523
27,2025-05-02,2971,523
27,2025-05-03,2926,523
27,2025-05-04,2906,523
27,2025-05-05,2870,523
27,2025-05-06,2819,523
27,2025-05-07,2780,523
27,2025-05-08,2722,523
27,2025-05-09,2669,523
27,2025-05-10,2629,523
27,2025-05-11,2613,523
27,2025-05-12,2569,523
27,2025-05-13,2532,523
27,2025-05-14,2490,523
27,2025-05-15,2449,523
27,2025-05-16,2404,523
27,2025-05-17,2367,523
27,2025-05-18,2336,523
27,2025-05-19,2288,523
27,2025-05-20,2232,523
27,2025-05-21,2197,523
27,2025-05-22,2133,523
27,2025-05-23,2083,479
27,2025-05-24,2038,479
27,2025-05-25,2018,479
27,2025-05-26,1976,479
27,2025-05-27,1929,479
27,2025-05-28,1890,479
27,2025-05-29,1849,479
27,2025-05-30,1790,479
27,2025-05-31,1763,479
27,2025-06-01,1736,479
27,2025-06-02,1706,479
27,2025-06-03,1628,479
27,2025-06-04,1582,479
27,2025-06-05,1543,479
27,2025-06-06,1510,479
27,2025-06-07,1475,479
27,2025-06-08,1455,479
27,2025-06-09,1424,479
27,2025-06-10,1374,479
27,2025-06-11,1336,479
27,2025-06-12,1297,479
27,2025-06-13,1237,479
27,2025-06-14,1204,479
27,2025-06-15,1196,479
27,2025-06-16,1151,479
27,2025-06-17,1099,479
27,2025-06-18,1054,479
27,2025-06-19,1022,479
27,2025-06-20,993,479
27,2025-06-21,962,479
27,2025-06-22,940,414
27,2025-06-23,907,414
27,2025-06-24,872,414
27,2025-06-25,825,414
27,2025-06-26,792,414
27,2025-06-27,755,414
27,2025-06-28,717,414
27,2025-06-29,698,414
27,2025-06-30,660,414
27,2025-07-01,614,414
27,2025-07-02,3492,414
27,2025-07-03,3444,414
27,2025-07-04,3407,414
27,2025-07-05,3369,414
27,2025-07-06,3356,414
27,2025-07-07,3316,414
27,2025-07-08,3277,414
27,2025-07-09,3244,414
27,2025-07-10,3195,414
27,2025-07-11,3160,414
27,2025-07-12,3128,414
27,2025-07-13,3106,414
27,2025-07-14,3070,414
27,2025-07-15,3036,414
27,2025-07-16,2993,414
27,2025-07-17,2957,414
27,2025-07-18,2925,414
27,2025-07-19,2885,414
27,2025-07-20,2868,414
27,2025-07-21,2825,414
27,2025-07-22,2790,372
27,2025-07-23,2765,372
27,2025-07-24,2722,372
27,2025-07-25,2675,372
27,2025-07-26,2636,372
27,2025-07-27,2618,372
27,2025-07-28,2574,372
27,2025-07-29,2539,372
27,2025-07-30,2514,372
27,2025-07-31,2482,372
27,2025-08-01,2435,372
27,2025-08-02,2408,372
27,2025-08-03,2392,372
27,2025-08-04,2342,372
27,2025-08-05,2285,372
27,2025-08-06,2246,372
27,2025-08-07,2214,372
27,2025-08-08,2182,372
27,2025-08-09,2137,372
27,2025-08-10,2111,372
27,2025-08-11,2066,372
27,2025-08-12,2019,372
27,2025-08-13,1981,372
27,2025-08-14,1942,372
27,2025-08-15,1907,372
27,2025-08-16,1873,372
27,2025-08-17,1860,372
27,2025-08-18,1818,372
27,2025-08-19,1781,372
27,2025-08-20,1738,372
27,2025-08-21,1699,358
27,2025-08-22,1670,358
27,2025-08-23,1631,358
27,2025-08-24,1607,358
27,2025-08-25,1571,358
27,2025-08-26,1540,358
27,2025-08-27,1491,358
27,2025-08-28,1455,358
27,2025-08-29,1412,358
27,2025-08-30,1373,358
27,2025-08-31,1349,358
27,2025-09-01,1304,358
27,2025-09-02,1268,358
27,2025-09-03,1216,358
27,2025-09-04,1189,358
27,2025-09-05,1136,358
27,2025-09-06,1096,358
27,2025-09-07,1074,358
27,2025-09-08,1037,358
27,2025-09-09,999,358
27,2025-09-10,954,358
27,2025-09-11,909,358
27,2025-09-12,869,358
27,2025-09-13,811,358
27,2025-09-14,800,358
27,2025-09-15,771,358
27,2025-09-16,716,358
27,2025-09-17,657,358
27,2025-09-18,608,358
27,2025-09-19,558,358
27,2025-09-20,529,378
27,2025-09-21,507,378
27,2025-09-22,449,378
27,2025-09-23,391,378
27,2025-09-24,2893,378
27,2025-09-25,2847,378
27,2025-09-26,2795,378
27,2025-09-27,2763,378
27,2025-09-28,2745,378
27,2025-09-29,2689,378
27,2025-09-30,2655,378
27,2025-10-01,2603,378
27,2025-10-02,2550,378
27,2025-10-03,2520,378
27,2025-10-04,2472,378
27,2025-10-05,2454,378
27,2025-10-06,2378,378
27,2025-10-07,2321,378
27,2025-10-08,2267,378
27,2025-10-09,2227,378
27,2025-10-10,2190,378
27,2025-10-11,2154,378
27,2025-10-12,2116,378
27,2025-10-13,2055,378
27,2025-10-14,2016,378
27,2025-10-15,1960,378
27,2025-10-16,1905,378
27,2025-10-17,1860,378
27,2025-10-18,1807,378
27,2025-10-19,1786,378
27,2025-10-20,1723,416
27,2025-10-21,1680,416
27,2025-10-22,1612,416
27,2025-10-23,1566,416
27,2025-10-24,1508,416
27,2025-10-25,1466,416
27,2025-10-26,1445,416
27,2025-10-27,1395,416
27,2025-10-28,1356,416
27,2025-10-29,1297,416
27,2025-10-30,1246,416
27,2025-10-31,1185,416
27,2025-11-01,1125,416
27,2025-11-02,1098,416
27,2025-11-03,1039,416
27,2025-11-04,990,416
27,2025-11-05,940,416
27,2025-11-06,887,416
27,2025-11-07,828,416
27,2025-11-08,763,416
27,2025-11-09,726,416
27,2025-11-10,668,416
27,2025-11-11,618,416
27,2025-11-12,571,416
27,2025-11-13,526,416
27,2025-11-14,3407,416
27,2025-11-15,3358,416
27,2025-11-16,3327,416
27,2025-11-17,3286,416
27,2025-11-18,3237,416
27,2025-11-19,3146,466
27,2025-11-20,3091,466
27,2025-11-21,3040,466
27,2025-11-22,2982,466
27,2025-11-23,2953,466
27,2025-11-24,2862,466
27,2025-11-25,2794,466
27,2025-11-26,2729,466
27,2025-11-27,2671,466
27,2025-11-28,2622,466
27,2025-11-29,2563,466
27,2025-11-30,2531,466
27,2025-12-01,2447,466
27,2025-12-02,2377,466
27,2025-12-03,2318,466
27,2025-12-04,2249,466
27,2025-12-05,2171,466
27,2025-12-06,2120,466
27,2025-12-07,2068,466
27,2025-12-08,2012,466
27,2025-12-09,1955,466
27,2025-12-10,1897,466
27,2025-12-11,1827,466
27,2025-12-12,1754,466
27,2025-12-13,1689,466
27,2025-12-14,1648,466
27,2025-12-15,1601,466
27,2025-12-16,1528,466
27,2025-12-17,1461,466
27,2025-12-18,1386,466
27,2025-12-19,1312,556
27,2025-12-20,1274,556
27,2025-12-21,1237,556
27,2025-12-22,1162,556
27,2025-12-23,1101,556
27,2025-12-24,1030,556
27,2025-12-25,967,556
27,2025-12-26,896,556
27,2025-12-27,846,556
27,2025-12-28,811,556
27,2025-12-29,751,556
27,2025-12-30,4598,556
27,2025-12-31,4517,556
27,2026-01-01,4452,556
27,2026-01-02,4393,556
27,2026-01-03,4332,556
27,2026-01-04,4315,556
27,2026-01-05,4245,556
27,2026-01-06,4185,556
27,2026-01-07,4102,556
27,2026-01-08,4032,556
27,2026-01-09,3959,556
27,2026-01-10,3896,556
27,2026-01-11,3855,556
27,2026-01-12,3789,556
27,2026-01-13,3706,556
27,2026-01-14,3636,556
27,2026-01-15,3564,556
27,2026-01-16,3493,556
27,2026-01-17,3437,556
27,2026-01-18,3412,621
27,2026-01-19,3336,621
27,2026-01-20,3275,621
27,2026-01-21,3215,621
27,2026-01-22,3140,621
27,2026-01-23,3072,621
27,2026-01-24,2999,621
27,2026-01-25,2964,621
27,2026-01-26,2893,621
27,2026-01-27,2819,621
27,2026-01-28,2753,621
27,2026-01-29,2615,621
27,2026-01-30,2546,621
27,2026-01-31,2480,621
27,2026-02-01,2445,621
27,2026-02-02,2376,621
27,2026-02-03,2312,621
27,2026-02-04,2235,621
27,2026-02-05,2172,621
27,2026-02-06,2088,621
27,2026-02-07,2015,621
27,2026-02-08,1981,621
27,2026-02-09,1918,621
27,2026-02-10,1837,621
27,2026-02-11,1773,621
27,2026-02-12,1699,621
27,2026-02-13,1623,621
27,2026-02-14,1566,621
27,2026-02-15,1527,621
27,2026-02-16,1464,621
27,2026-02-17,1390,641
27,2026-02-18,1312,641
27,2026-02-19,1230,641
27,2026-02-20,1170,641
27,2026-02-21,1105,641
27,2026-02-22,1076,641
27,2026-02-23,1017,641
27,2026-02-24,959,641
27,2026-02-25,873,641
27,2026-02-26,807,641
27,2026-02-27,727,641
27,2026-02-28,5194,641
27,2026-03-01,5155,641
27,2026-03-02,5077,641
27,2026-03-03,5011,641
27,2026-03-04,4953,641
27,2026-03-05,4854,641
27,2026-03-06,4780,641
27,2026-03-07,4734,641
27,2026-03-08,4706,641
27,2026-03-09,4649,641
27,2026-03-10,4582,641
27,2026-03-11,4529,641
27,2026-03-12,4478,641
27,2026-03-13,4426,641
27,2026-03-14,4368,641
27,2026-03-15,4337,641
27,2026-03-16,4270,641
27,2026-03-17,4204,641
27,2026-03-18,4144,641
27,2026-03-19,4072,638
27,2026-03-20,3994,638
27,2026-03-21,3941,638
27,2026-03-22,3907,638
27,2026-03-23,3841,638
27,2026-03-24,3771,638
27,2026-03-25,3702,638
27,2026-03-26,3642,638
27,2026-03-27,3575,638
27,2026-03-28,3535,638
27,2026-03-29,3500,638
27,2026-03-30,3433,638
27,2026-03-31,3375,638
27,2026-04-01,3328,638
27,2026-04-02,3266,638
27,2026-04-03,3223,638
27,2026-04-04,3170,638
27,2026-04-05,3140,638
27,2026-04-06,3068,638
27,2026-04-07,2999,638
27,2026-04-08,2961,638
27,2026-04-09,2908,638
27,2026-04-10,2841,638
27,2026-04-11,2792,638
27,2026-04-12,2762,638
27,2026-04-13,2699,638
27,2026-04-14,2638,638
27,2026-04-15,2586,638
27,2026-04-16,2527,638
27,2026-04-17,2499,638
27,2026-04-18,2457,584
27,2026-04-19,2425,584
27,2026-04-20,2361,584
27,2026-04-21,2292,584
27,2026-04-22,2234,584
27,2026-04-23,2162,584
27,2026-04-24,2104,584
27,2026-04-25,2064,584
27,2026-04-26,2030,584
27,2026-04-27,1945,584
27,2026-04-28,1876,584
27,2026-04-29,1815,584
27,2026-04-30,1754,584
27,2026-05-01,1716,584
27,2026-05-02,1664,584
27,2026-05-03,1635,584
27,2026-05-04,1600,584
27,2026-05-05,1546,584
27,2026-05-06,1506,584
27,2026-05-07,1459,584
27,2026-05-08,1408,584
27,2026-05-09,1375,584
27,2026-05-10,1352,584
27,2026-05-11,1310,584
27,2026-05-12,1272,584
27,2026-05-13,1225,584
27,2026-05-14,1178,584
27,2026-05-15,1137,584
27,2026-05-16,1091,584
27,2026-05-17,1075,584
27,2026-05-18,1027,512
27,2026-05-19,973,512
27,2026-05-20,920,512
27,2026-05-21,888,512
27,2026-05-22,841,512
27,2026-05-23,789,512
27,2026-05-24,4349,512
27,2026-05-25,4286,512
27,2026-05-26,4234,512
27,2026-05-27,4178,512
27,2026-05-28,4144,512
27,2026-05-29,4110,512
27,2026-05-30,4076,512
27,2026-05-31,4061,512
27,2026-06-01,4024,512
27,2026-06-02,3987,512
27,2026-06-03,3940,512
27,2026-06-04,3895,512
27,2026-06-05,3858,512
27,2026-06-06,3821,512
27,2026-06-07,3800,512
27,2026-06-08,3752,512
27,2026-06-09,3708,512
27,2026-06-10,3677,512
27,2026-06-11,3647,512
27,2026-06-12,3615,512
27,2026-06-13,3581,512
27,2026-06-14,3559,512
27,2026-06-15,3508,512
27,2026-06-16,3459,512
27,2026-06-17,3403,438
27,2026-06-18,3353,438
27,2026-06-19,3311,438
27,2026-06-20,3279,438
27,2026-06-21,3262,438
27,2026-06-22,3208,438
27,2026-06-23,3166,438
27,2026-06-24,3119,438
27,2026-06-25,3084,438
27,2026-06-26,3038,438
27,2026-06-27,3007,438
27,2026-06-28,2991,438
27,2026-06-29,2955,438
27,2026-06-30,2921,438
27,2026-07-01,2896,438
27,2026-07-02,2846,438
27,2026-07-03,2814,438
27,2026-07-04,2771,438
27,2026-07-05,2759,438
27,2026-07-06,2724,438
27,2026-07-07,2686,438
27,2026-07-08,2631,438
27,2026-07-09,2603,438
27,2026-07-10,2563,438
27,2026-07-11,2521,438
27,2026-07-12,2501,438
27,2026-07-13,2462,438
27,2026-07-14,2413,438
27,2026-07-15,2376,438
27,2026-07-16,2327,438
27,2026-07-17,2291,389
27,2026-07-18,2252,389
27,2026-07-19,2226,389
27,2026-07-20,2198,389
27,2026-07-21,2156,389
27,2026-07-22,2110,389
27,2026-07-23,2055,389
27,2026-07-24,2009,389
27,2026-07-25,1982,389
27,2026-07-26,1954,389
27,2026-07-27,1921,389
27,2026-07-28,1894,389
27,2026-07-29,1843,389
27,2026-07-30,1791,389
27,2026-07-31,1761,389
27,2026-08-01,1723,389
27,2026-08-02,1697,389
27,2026-08-03,1658,389
27,2026-08-04,1609,389
27,2026-08-05,1570,389
27,2026-08-06,1500,389
27,2026-08-07,1460,389
27,2026-08-08,1431,389
27,2026-08-09,1409,389
27,2026-08-10,1371,389
27,2026-08-11,1334,389
27,2026-08-12,1286,389
27,2026-08-13,1236,389
27,2026-08-14,1179,389
27,2026-08-15,1149,389
27,2026-08-16,1122,385
27,2026-08-17,1086,385
27,2026-08-18,1031,385
27,2026-08-19,998,385
27,2026-08-20,964,385
27,2026-08-21,920,385
27,2026-08-22,876,385
27,2026-08-23,858,385
27,2026-08-24,809,385
27,2026-08-25,761,385
27,2026-08-26,728,385
27,2026-08-27,683,385
27,2026-08-28,654,385
27,2026-08-29,611,385
27,2026-08-30,586,385
27,2026-08-31,546,385
27,2026-09-01,495,385
27,2026-09-02,442,385
27,2026-09-03,3090,385
27,2026-09-04,3043,385
27,2026-09-05,2998,385
27,2026-09-06,2959,385
27,2026-09-07,2904,385
27,2026-09-08,2858,385
27,2026-09-09,2789,385
27,2026-09-10,2741,385
27,2026-09-11,2678,385
27,2026-09-12,2643,385
27,2026-09-13,2624,385
27,2026-09-14,2570,385
27,2026-09-15,2506,411
27,2026-09-16,2458,411
27,2026-09-17,2403,411
27,2026-09-18,2355,411
27,2026-09-19,2302,411
27,2026-09-20,2279,411
27,2026-09-21,2242,411
27,2026-09-22,2199,411
27,2026-09-23,2145,411
27,2026-09-24,2103,411
27,2026-09-25,2046,411
27,2026-09-26,2006,411
27,2026-09-27,1986,411
27,2026-09-28,1943,411
27,2026-09-29,1902,411
27,2026-09-30,1835,411
28,2023-10-01,1987,339
28,2023-10-02,1966,339
28,2023-10-03,1925,339
28,2023-10-04,1895,339
28,2023-10-05,1870,339
28,2023-10-06,1846,339
28,2023-10-07,1825,339
28,2023-10-08,1809,339
28,2023-10-09,1773,339
28,2023-10-10,1754,339
28,2023-10-11,1719,339
28,2023-10-12,1674,339
28,2023-10-13,1646,339
28,2023-10-14,1619,339
28,2023-10-15,1602,339
28,2023-10-16,1573,339
28,2023-10-17,1550,339
28,2023-10-18,1520,339
28,2023-10-19,1479,339
28,2023-10-20,1448,339
28,2023-10-21,1422,339
28,2023-10-22,1404,339
28,2023-10-23,1387,339
28,2023-10-24,1354,339
28,2023-10-25,1330,339
28,2023-10-26,1297,339
28,2023-10-27,1276,339
28,2023-10-28,1253,339
28,2023-10-29,1243,339
28,2023-10-30,1211,339
28,2023-10-31,1175,339
28,2023-11-01,1158,339
28,2023-11-02,1128,339
28,2023-11-03,1113,339
28,2023-11-04,1098,339
28,2023-11-05,1087,339
28,2023-11-06,1056,339
28,2023-11-07,1035,339
28,2023-11-08,1003,339
28,2023-11-09,987,339
28,2023-11-10,958,339
28,2023-11-11,936,339
28,2023-11-12,925,339
28,2023-11-13,891,339
28,2023-11-14,867,339
28,2023-11-15,844,339
28,2023-11-16,815,339
28,2023-11-17,790,339
28,2023-11-18,762,339
28,2023-11-19,744,339
28,2023-11-20,718,339
28,2023-11-21,685,339
28,2023-11-22,657,339
28,2023-11-23,631,339
28,2023-11-24,612,339
28,2023-11-25,574,339
28,2023-11-26,558,339
28,2023-11-27,537,339
28,2023-11-28,518,339
28,2023-11-29,489,339
28,2023-11-30,476,430
28,2023-12-01,464,430
28,2023-12-02,460,430
28,2023-12-03,448,430
28,2023-12-04,425,430
28,2023-12-05,399,430
28,2023-12-06,380,430
28,2023-12-07,359,430
28,2023-12-08,345,430
28,2023-12-09,1763,430
28,2023-12-10,1754,430
28,2023-12-11,1740,430
28,2023-12-12,1725,430
28,2023-12-13,1707,430
28,2023-12-14,1689,430
28,2023-12-15,1664,430
28,2023-12-16,1649,430
28,2023-12-17,1638,430
28,2023-12-18,1606,430
28,2023-12-19,1586,430
28,2023-12-20,1560,430
28,2023-12-21,1545,430
28,2023-12-22,1533,430
28,2023-12-23,1517,430
28,2023-12-24,1512,430
28,2023-12-25,1493,430
28,2023-12-26,1473,430
28,2023-12-27,1457,430
28,2023-12-28,1438,430
28,2023-12-29,1421,430
28,2023-12-30,1395,347
28,2023-12-31,1388,347
28,2024-01-01,1372,347
28,2024-01-02,1358,347
28,2024-01-03,1340,347
28,2024-01-04,1327,347
28,2024-01-05,1301,347
28,2024-01-06,1283,347
28,2024-01-07,1274,347
28,2024-01-08,1257,347
28,2024-01-09,1244,347
28,2024-01-10,1224,347
28,2024-01-11,1200,347
28,2024-01-12,1179,347
28,2024-01-13,1165,347
28,2024-01-14,1149,347
28,2024-01-15,1135,347
28,2024-01-16,1117,347
28,2024-01-17,1099,347
28,2024-01-18,1085,347
28,2024-01-19,1065,347
28,2024-01-20,1051,347
28,2024-01-21,1039,347
28,2024-01-22,1027,347
28,2024-01-23,1013,347
28,2024-01-24,997,347
28,2024-01-25,975,347
28,2024-01-26,961,347
28,2024-01-27,949,347
28,2024-01-28,943,347
28,2024-01-29,924,278
28,2024-01-30,901,278
28,2024-01-31,887,278
28,2024-02-01,870,278
28,2024-02-02,844,278
28,2024-02-03,827,278
28,2024-02-04,821,278
28,2024-02-05,799,278
28,2024-02-06,785,278
28,2024-02-07,765,278
28,2024-02-08,741,278
28,2024-02-09,724,278
28,2024-02-10,706,278
28,2024-02-11,694,278
28,2024-02-12,669,278
28,2024-02-13,645,278
28,2024-02-14,613,278
28,2024-02-15,592,278
28,2024-02-16,566,278
28,2024-02-17,555,278
28,2024-02-18,550,278
28,2024-02-19,537,278
28,2024-02-20,503,278
28,2024-02-21,489,278
28,2024-02-22,470,278
28,2024-02-23,450,278
28,2024-02-24,433,278
28,2024-02-25,425,278
28,2024-02-26,410,278
28,2024-02-27,393,278
28,2024-02-28,373,292
28,2024-02-29,355,292
28,2024-03-01,336,292
28,2024-03-02,307,292
28,2024-03-03,295,292
28,2024-03-04,267,292
28,2024-03-05,239,292
28,2024-03-06,1358,292
28,2024-03-07,1344,292
28,2024-03-08,1317,292
28,2024-03-09,1290,292
28,2024-03-10,1278,292
28,2024-03-11,1248,292
28,2024-03-12,1222,292
28,2024-03-13,1207,292
28,2024-03-14,1168,292
28,2024-03-15,1142,292
28,2024-03-16,1118,292
28,2024-03-17,1114,292
28,2024-03-18,1092,292
28,2024-03-19,1067,292
28,2024-03-20,1045,292
28,2024-03-21,1013,292
28,2024-03-22,966,292
28,2024-03-23,946,292
28,2024-03-24,930,292
28,2024-03-25,893,292
28,2024-03-26,869,292
28,2024-03-27,837,292
28,2024-03-28,815,292
28,2024-03-29,790,363
28,2024-03-30,766,363
28,2024-03-31,753,363
28,2024-04-01,724,363
28,2024-04-02,697,363
28,2024-04-03,669,363
28,2024-04-04,649,363
28,2024-04-05,614,363
28,2024-04-06,583,363
28,2024-04-07,573,363
28,2024-04-08,545,363
28,2024-04-09,518,363
28,2024-04-10,496,363
28,2024-04-11,472,363
28,2024-04-12,449,363
28,2024-04-13,429,363
28,2024-04-14,414,363
28,2024-04-15,382,363
28,2024-04-16,361,363
28,2024-04-17,338,363
28,2024-04-18,1813,363
28,2024-04-19,1790,363
28,2024-04-20,1773,363
28,2024-04-21,1762,363
28,2024-04-22,1730,363
28,2024-04-23,1697,363
28,2024-04-24,1674,363
28,2024-04-25,1640,363
28,2024-04-26,1620,363
28,2024-04-27,1598,363
28,2024-04-28,1586,411
28,2024-04-29,1557,411
28,2024-04-30,1535,411
28,2024-05-01,1506,411
28,2024-05-02,1487,411
28,2024-05-03,1465,411
28,2024-05-04,1444,411
28,2024-05-05,1431,411
28,2024-05-06,1414,411
28,2024-05-07,1395,411
28,2024-05-08,1375,411
28,2024-05-09,1353,411
28,2024-05-10,1335,411
28,2024-05-11,1319,411
28,2024-05-12,1311,411
28,2024-05-13,1295,411
28,2024-05-14,1270,411
28,2024-05-15,1254,411
28,2024-05-16,1236,411
28,2024-05-17,1219,411
28,2024-05-18,1210,411
28,2024-05-19,1204,411
28,2024-05-20,1186,411
28,2024-05-21,1167,411
28,2024-05-22,1147,411
28,2024-05-23,1134,411
28,2024-05-24,1111,411
28,2024-05-25,1100,411
28,2024-05-26,1083,411
28,2024-05-27,1066,411
28,2024-05-28,1046,354
28,2024-05-29,1028,354
28,2024-05-30,1014,354
28,2024-05-31,993,354
28,2024-06-01,982,354
28,2024-06-02,976,354
28,2024-06-03,962,354
28,2024-06-04,952,354
28,2024-06-05,932,354
28,2024-06-06,917,354
28,2024-06-07,895,354
28,2024-06-08,878,354
28,2024-06-09,872,354
28,2024-06-10,859,354
28,2024-06-11,841,354
28,2024-06-12,832,354
28,2024-06-13,817,354
28,2024-06-14,805,354
28,2024-06-15,794,354
28,2024-06-16,790,354
28,2024-06-17,775,354
28,2024-06-18,763,354
28,2024-06-19,744,354
28,2024-06-20,724,354
28,2024-06-21,705,354
28,2024-06-22,690,354
28,2024-06-23,682,354
28,2024-06-24,655,354
28,2024-06-25,642,354
28,2024-06-26,629,354
28,2024-06-27,611,275
28,2024-06-28,597,275
28,2024-06-29,581,275
28,2024-06-30,576,275
28,2024-07-01,564,275
28,2024-07-02,551,275
28,2024-07-03,536,275
28,2024-07-04,514,275
28,2024-07-05,503,275
28,2024-07-06,489,275
28,2024-07-07,485,275
28,2024-07-08,1932,275
28,2024-07-09,1905,275
28,2024-07-10,1888,275
28,2024-07-11,1869,275
28,2024-07-12,1849,275
28,2024-07-13,1835,275
28,2024-07-14,1829,275
28,2024-07-15,1814,275
28,2024-07-16,1800,275
28,2024-07-17,1788,275
28,2024-07-18,1768,275
28,2024-07-19,1753,275
28,2024-07-20,1734,275
28,2024-07-21,1725,275
28,2024-07-22,1707,275
28,2024-07-23,1693,275
28,2024-07-24,1673,275
28,2024-07-25,1659,275
28,2024-07-26,1651,275
28,2024-07-27,1637,250
28,2024-07-28,1630,250
28,2024-07-29,1624,250
28,2024-07-30,1610,250
28,2024-07-31,1592,250
28,2024-08-01,1573,250
28,2024-08-02,1560,250
28,2024-08-03,1549,250
28,2024-08-04,1543,250
28,2024-08-05,1527,250
28,2024-08-06,1504,250
28,2024-08-07,1483,250
28,2024-08-08,1465,250
28,2024-08-09,1439,250
28,2024-08-10,1427,250
28,2024-08-11,1418,250
28,2024-08-12,1384,250
28,2024-08-13,1361,250
28,2024-08-14,1345,250
28,2024-08-15,1330,250
28,2024-08-16,1315,250
28,2024-08-17,1290,250
28,2024-08-18,1284,250
28,2024-08-19,1263,250
28,2024-08-20,1243,250
28,2024-08-21,1229,250
28,2024-08-22,1209,250
28,2024-08-23,1185,250
28,2024-08-24,1164,250
28,2024-08-25,1160,250
28,2024-08-26,1136,266
28,2024-08-27,1118,266
28,2024-08-28,1096,266
28,2024-08-29,1078,266
28,2024-08-30,1055,266
28,2024-08-31,1039,266
28,2024-09-01,1022,266
28,2024-09-02,992,266
28,2024-09-03,968,266
28,2024-09-04,943,266
28,2024-09-05,919,266
28,2024-09-06,890,266
28,2024-09-07,866,266
28,2024-09-08,857,266
28,2024-09-09,828,266
28,2024-09-10,800,266
28,2024-09-11,776,266
28,2024-09-12,747,266
28,2024-09-13,716,266
28,2024-09-14,694,266
28,2024-09-15,680,266
28,2024-09-16,653,266
28,2024-09-17,632,266
28,2024-09-18,604,266
28,2024-09-19,583,266
28,2024-09-20,559,266
28,2024-09-21,537,266
28,2024-09-22,531,266
28,2024-09-23,512,266
28,2024-09-24,484,266
28,2024-09-25,459,331
28,2024-09-26,441,331
28,2024-09-27,421,331
28,2024-09-28,400,331
28,2024-09-29,389,331
28,2024-09-30,360,331
28,2024-10-01,328,331
28,2024-10-02,297,331
28,2024-10-03,275,331
28,2024-10-04,237,331
28,2024-10-05,220,331
28,2024-10-06,205,331
28,2024-10-07,168,331
28,2024-10-08,145,331
28,2024-10-09,1619,331
28,2024-10-10,1586,331
28,2024-10-11,1554,331
28,2024-10-12,1534,331
28,2024-10-13,1517,331
28,2024-10-14,1486,331
28,2024-10-15,1465,331
28,2024-10-16,1426,331
28,2024-10-17,1396,331
28,2024-10-18,1372,331
28,2024-10-19,1346,331
28,2024-10-20,1331,331
28,2024-10-21,1304,331
28,2024-10-22,1282,331
28,2024-10-23,1256,331
28,2024-10-24,1227,331
28,2024-10-25,1206,406
28,2024-10-26,1178,406
28,2024-10-27,1167,406
28,2024-10-28,1128,406
28,2024-10-29,1108,406
28,2024-10-30,1076,406
28,2024-10-31,1055,406
28,2024-11-01,1023,406
28,2024-11-02,1009,406
28,2024-11-03,996,406
28,2024-11-04,969,406
28,2024-11-05,944,406
28,2024-11-06,904,406
28,2024-11-07,884,406
28,2024-11-08,859,406
28,2024-11-09,832,406
28,2024-11-10,810,406
28,2024-11-11,782,406
28,2024-11-12,752,406
28,2024-11-13,719,406
28,2024-11-14,693,406
28,2024-11-15,665,406
28,2024-11-16,644,406
28,2024-11-17,629,406
28,2024-11-18,602,406
28,2024-11-19,584,406
28,2024-11-20,560,406
28,2024-11-21,526,406
28,2024-11-22,496,406
28,2024-11-23,459,406
28,2024-11-24,441,432
28,2024-11-25,405,432
28,2024-11-26,2057,432
28,2024-11-27,2031,432
28,2024-11-28,2016,432
28,2024-11-29,1996,432
28,2024-11-30,1981,432
28,2024-12-01,1967,432
28,2024-12-02,1947,432
28,2024-12-03,1924,432
28,2024-12-04,1900,432
28,2024-12-05,1877,432
28,2024-12-06,1860,432
28,2024-12-07,1839,432
28,2024-12-08,1828,432
28,2024-12-09,1802,432
28,2024-12-10,1773,432
28,2024-12-11,1757,432
28,2024-12-12,1737,432
28,2024-12-13,1716,432
28,2024-12-14,1691,432
28,2024-12-15,1683,432
28,2024-12-16,1660,432
28,2024-12-17,1635,432
28,2024-12-18,1615,432
28,2024-12-19,1590,432
28,2024-12-20,1567,432
28,2024-12-21,1547,432
28,2024-12-22,1542,432
28,2024-12-23,1523,432
28,2024-12-24,1503,393
28,2024-12-25,1488,393
28,2024-12-26,1473,393
28,2024-12-27,1455,393
28,2024-12-28,1445,393
28,2024-12-29,1435,393
28,2024-12-30,1417,393
28,2024-12-31,1401,393
28,2025-01-01,1384,393
28,2025-01-02,1368,393
28,2025-01-03,1342,393
28,2025-01-04,1335,393
28,2025-01-05,1331,393
28,2025-01-06,1310,393
28,2025-01-07,1295,393
28,2025-01-08,1271,393
28,2025-01-09,1261,393
28,2025-01-10,1234,393
28,2025-01-11,1224,393
28,2025-01-12,1214,393
28,2025-01-13,1196,393
28,2025-01-14,1183,393
28,2025-01-15,1158,393
28,2025-01-16,1127,393
28,2025-01-17,1109,393
28,2025-01-18,1087,393
28,2025-01-19,1080,393
28,2025-01-20,1057,393
28,2025-01-21,1044,393
28,2025-01-22,1024,393
28,2025-01-23,1000,317
28,2025-01-24,979,317
28,2025-01-25,963,317
28,2025-01-26,957,317
28,2025-01-27,933,317
28,2025-01-28,907,317
28,2025-01-29,892,317
28,2025-01-30,871,317
28,2025-01-31,856,317
28,2025-02-01,841,317
28,2025-02-02,831,317
28,2025-02-03,823,317
28,2025-02-04,811,317
28,2025-02-05,795,317
28,2025-02-06,780,317
28,2025-02-07,767,317
28,2025-02-08,742,317
28,2025-02-09,733,317
28,2025-02-10,717,317
28,2025-02-11,699,317
28,2025-02-12,687,317
28,2025-02-13,671,317
28,2025-02-14,650,317
28,2025-02-15,637,317
28,2025-02-16,621,317
28,2025-02-17,609,317
28,2025-02-18,586,317
28,2025-02-19,566,317
28,2025-02-20,536,317
28,2025-02-21,523,317
28,2025-02-22,502,284
28,2025-02-23,498,284
28,2025-02-24,484,284
28,2025-02-25,469,284
28,2025-02-26,444,284
28,2025-02-27,424,284
28,2025-02-28,398,284
28,2025-03-01,366,284
28,2025-03-02,357,284
28,2025-03-03,336,284
28,2025-03-04,1610,284
28,2025-03-05,1584,284
28,2025-03-06,1542,284
28,2025-03-07,1516,284
28,2025-03-08,1489,284
28,2025-03-09,1476,284
28,2025-03-10,1444,284
28,2025-03-11,1419,284
28,2025-03-12,1398,284
28,2025-03-13,1374,284
28,2025-03-14,1343,284
28,2025-03-15,1322,284
28,2025-03-16,1302,284
28,2025-03-17,1286,284
28,2025-03-18,1253,284
28,2025-03-19,1231,284
28,2025-03-20,1196,284
28,2025-03-21,1163,284
28,2025-03-22,1148,284
28,2025-03-23,1122,284
28,2025-03-24,1101,344
28,2025-03-25,1071,344
28,2025-03-26,1043,344
28,2025-03-27,1016,344
28,2025-03-28,982,344
28,2025-03-29,956,344
28,2025-03-30,942,344
28,2025-03-31,916,344
28,2025-04-01,883,344
28,2025-04-02,850,344
28,2025-04-03,839,344
28,2025-04-04,817,344
28,2025-04-05,802,344
28,2025-04-06,786,344
28,2025-04-07,760,344
28,2025-04-08,733,344
28,2025-04-09,698,344
28,2025-04-10,674,344
28,2025-04-11,647,344
28,2025-04-12,624,344
28,2025-04-13,610,344
28,2025-04-14,583,344
28,2025-04-15,561,344
28,2025-04-16,540,344
28,2025-04-17,517,344
28,2025-04-18,487,344
28,2025-04-19,470,344
28,2025-04-20,458,344
28,2025-04-21,425,344
28,2025-04-22,398,344
28,2025-04-23,365,407
28,2025-04-24,1763,407
28,2025-04-25,1730,407
28,2025-04-26,1714,407
28,2025-04-27,1700,407
28,2025-04-28,1674,407
28,2025-04-29,1655,407
28,2025-04-30,1629,407
28,2025-05-01,1611,407
28,2025-05-02,1589,407
28,2025-05-03,1561,407
28,2025-05-04,1554,407
28,2025-05-05,1529,407
28,2025-05-06,1510,407
28,2025-05-07,1489,407
28,2025-05-08,1463,407
28,2025-05-09,1441,407
28,2025-05-10,1421,407
28,2025-05-11,1410,407
28,2025-05-12,1382,407
28,2025-05-13,1359,407
28,2025-05-14,1345,407
28,2025-05-15,1325,407
28,2025-05-16,1305,407
28,2025-05-17,1292,407
28,2025-05-18,1277,407
28,2025-05-19,1266,407
28,2025-05-20,1240,407
28,2025-05-21,1224,407
28,2025-05-22,1213,407
28,2025-05-23,1186,378
28,2025-05-24,1174,378
28,2025-05-25,1166,378
28,2025-05-26,1148,378
28,2025-05-27,1138,378
28,2025-05-28,1128,378
28,2025-05-29,1109,378
28,2025-05-30,1089,378
28,2025-05-31,1068,378
28,2025-06-01,1060,378
28,2025-06-02,1041,378
28,2025-06-03,1020,378
28,2025-06-04,1008,378
28,2025-06-05,986,378
28,2025-06-06,972,378
28,2025-06-07,961,378
28,2025-06-08,958,378
28,2025-06-09,938,378
28,2025-06-10,922,378
28,2025-06-11,901,378
28,2025-06-12,889,378
28,2025-06-13,861,378
28,2025-06-14,849,378
28,2025-06-15,838,378
28,2025-06-16,818,378
28,2025-06-17,800,378
28,2025-06-18,781,378
28,2025-06-19,767,378
28,2025-06-20,745,378
28,2025-06-21,733,378
28,2025-06-22,727,309
28,2025-06-23,710,309
28,2025-06-24,700,309
28,2025-06-25,681,309
28,2025-06-26,663,309
28,2025-06-27,649,309
28,2025-06-28,640,309
28,2025-06-29,626,309
28,2025-06-30,606,309
28,2025-07-01,592,309
28,2025-07-02,579,309
28,2025-07-03,570,309
28,2025-07-04,548,309
28,2025-07-05,529,309
28,2025-07-06,524,309
28,2025-07-07,508,309
28,2025-07-08,494,309
28,2025-07-09,483,309
28,2025-07-10,469,309
28,2025-07-11,453,309
28,2025-07-12,438,309
28,2025-07-13,429,309
28,2025-07-14,419,309
28,2025-07-15,406,309
28,2025-07-16,1664,309
28,2025-07-17,1650,309
28,2025-07-18,1634,309
28,2025-07-19,1622,309
28,2025-07-20,1614,309
28,2025-07-21,1597,309
28,2025-07-22,1577,254
28,2025-07-23,1565,254
28,2025-07-24,1553,254
28,2025-07-25,1534,254
28,2025-07-26,1518,254
28,2025-07-27,1510,254
28,2025-07-28,1497,254
28,2025-07-29,1477,254
28,2025-07-30,1463,254
28,2025-07-31,1451,254
28,2025-08-01,1432,254
28,2025-08-02,1407,254
28,2025-08-03,1398,254
28,2025-08-04,1385,254
28,2025-08-05,1366,254
28,2025-08-06,1340,254
28,2025-08-07,1322,254
28,2025-08-08,1303,254
28,2025-08-09,1283,254
28,2025-08-10,1264,254
28,2025-08-11,1240,254
28,2025-08-12,1219,254
28,2025-08-13,1206,254
28,2025-08-14,1185,254
28,2025-08-15,1166,254
28,2025-08-16,1142,254
28,2025-08-17,1129,254
28,2025-08-18,1105,254
28,2025-08-19,1085,254
28,2025-08-20,1064,254
28,2025-08-21,1044,269
28,2025-08-22,1014,269
28,2025-08-23,993,269
28,2025-08-24,987,269
28,2025-08-25,968,269
28,2025-08-26,954,269
28,2025-08-27,933,269
28,2025-08-28,912,269
28,2025-08-29,890,269
28,2025-08-30,880,269
28,2025-08-31,873,269
28,2025-09-01,849,269
28,2025-09-02,822,269
28,2025-09-03,799,269
28,2025-09-04,775,269
28,2025-09-05,751,269
28,2025-09-06,724,269
28,2025-09-07,711,269
28,2025-09-08,682,269
28,2025-09-09,655,269
28,2025-09-10,634,269
28,2025-09-11,601,269
28,2025-09-12,565,269
28,2025-09-13,547,269
28,2025-09-14,539,269
28,2025-09-15,511,269
28,2025-09-16,486,269
28,2025-09-17,458,269
28,2025-09-18,434,269
28,2025-09-19,417,269
28,2025-09-20,390,335
28,2025-09-21,378,335
28,2025-09-22,352,335
28,2025-09-23,322,335
28,2025-09-24,298,335
28,2025-09-25,268,335
28,2025-09-26,245,335
28,2025-09-27,232,335
28,2025-09-28,1355,335
28,2025-09-29,1335,335
28,2025-09-30,1302,335
28,2025-10-01,1271,335
28,2025-10-02,1245,335
28,2025-10-03,1221,335
28,2025-10-04,1204,335
28,2025-10-05,1189,335
28,2025-10-06,1151,335
28,2025-10-07,1124,335
28,2025-10-08,1092,335
28,2025-10-09,1063,335
28,2025-10-10,1041,335
28,2025-10-11,1015,335
28,2025-10-12,1004,335
28,2025-10-13,959,335
28,2025-10-14,940,335
28,2025-10-15,910,335
28,2025-10-16,876,335
28,2025-10-17,845,335
28,2025-10-18,818,335
28,2025-10-19,796,335
28,2025-10-20,774,398
28,2025-10-21,746,398
28,2025-10-22,727,398
28,2025-10-23,698,398
28,2025-10-24,668,398
28,2025-10-25,638,398
28,2025-10-26,618,398
28,2025-10-27,589,398
28,2025-10-28,566,398
28,2025-10-29,530,398
28,2025-10-30,498,398
28,2025-10-31,465,398
28,2025-11-01,439,398
28,2025-11-02,423,398
28,2025-11-03,403,398
28,2025-11-04,375,398
28,2025-11-05,358,398
28,2025-11-06,1983,398
28,2025-11-07,1944,398
28,2025-11-08,1923,398
28,2025-11-09,1913,398
28,2025-11-10,1880,398
28,2025-11-11,1848,398
28,2025-11-12,1828,398
28,2025-11-13,1805,398
28,2025-11-14,1769,398
28,2025-11-15,1745,398
28,2025-11-16,1734,398
28,2025-11-17,1706,398
28,2025-11-18,1675,398
28,2025-11-19,1648,435
28,2025-11-20,1619,435
28,2025-11-21,1581,435
28,2025-11-22,1555,435
28,2025-11-23,1541,435
28,2025-11-24,1508,435
28,2025-11-25,1479,435
28,2025-11-26,1451,435
28,2025-11-27,1414,435
28,2025-11-28,1389,435
28,2025-11-29,1364,435
28,2025-11-30,1356,435
28,2025-12-01,1344,435
28,2025-12-02,1316,435
28,2025-12-03,1303,435
28,2025-12-04,1287,435
28,2025-12-05,1262,435
28,2025-12-06,1251,435
28,2025-12-07,1240,435
28,2025-12-08,1208,435
28,2025-12-09,1187,435
28,2025-12-10,1169,435
28,2025-12-11,1152,435
28,2025-12-12,1119,435
28,2025-12-13,1096,435
28,2025-12-14,1087,435
28,2025-12-15,1063,435
28,2025-12-16,1048,435
28,2025-12-17,1030,435
28,2025-12-18,1011,435
28,2025-12-19,987,409
28,2025-12-20,964,409
28,2025-12-21,950,409
28,2025-12-22,930,409
28,2025-12-23,902,409
28,2025-12-24,882,409
28,2025-12-25,858,409
28,2025-12-26,843,409
28,2025-12-27,819,409
28,2025-12-28,815,409
28,2025-12-29,786,409
28,2025-12-30,760,409
28,2025-12-31,744,409
28,2026-01-01,726,409
28,2026-01-02,713,409
28,2026-01-03,694,409
28,2026-01-04,685,409
28,2026-01-05,669,409
28,2026-01-06,654,409
28,2026-01-07,635,409
28,2026-01-08,605,409
28,2026-01-09,592,409
28,2026-01-10,574,409
28,2026-01-11,570,409
28,2026-01-12,554,409
28,2026-01-13,529,409
28,2026-01-14,514,409
28,2026-01-15,2194,409
28,2026-01-16,2173,409
28,2026-01-17,2158,409
28,2026-01-18,2154,343
28,2026-01-19,2138,343
28,2026-01-20,2123,343
28,2026-01-21,2106,343
28,2026-01-22,2080,343
28,2026-01-23,2066,343
28,2026-01-24,2053,343
28,2026-01-25,2048,343
28,2026-01-26,2037,343
28,2026-01-27,2021,343
28,2026-01-28,2002,343
28,2026-01-29,1985,343
28,2026-01-30,1959,343
28,2026-01-31,1937,343
28,2026-02-01,1921,343
28,2026-02-02,1899,343
28,2026-02-03,1891,343
28,2026-02-04,1870,343
28,2026-02-05,1847,343
28,2026-02-06,1831,343
28,2026-02-07,1816,343
28,2026-02-08,1810,343
28,2026-02-09,1773,343
28,2026-02-10,1755,343
28,2026-02-11,1737,343
28,2026-02-12,1708,343
28,2026-02-13,1684,343
28,2026-02-14,1669,343
28,2026-02-15,1660,343
28,2026-02-16,1641,343
28,2026-02-17,1619,302
28,2026-02-18,1603,302
28,2026-02-19,1575,302
28,2026-02-20,1548,302
28,2026-02-21,1531,302
28,2026-02-22,1525,302
28,2026-02-23,1501,302
28,2026-02-24,1487,302
28,2026-02-25,1462,302
28,2026-02-26,1448,302
28,2026-02-27,1428,302
28,2026-02-28,1409,302
28,2026-03-01,1396,302
28,2026-03-02,1371,302
28,2026-03-03,1347,302
28,2026-03-04,1322,302
28,2026-03-05,1287,302
28,2026-03-06,1272,302
28,2026-03-07,1250,302
28,2026-03-08,1233,302
28,2026-03-09,1199,302
28,2026-03-10,1167,302
28,2026-03-11,1150,302
28,2026-03-12,1121,302
28,2026-03-13,1100,302
28,2026-03-14,1081,302
28,2026-03-15,1067,302
28,2026-03-16,1038,302
28,2026-03-17,1014,302
28,2026-03-18,981,302
28,2026-03-19,955,334
28,2026-03-20,937,334
28,2026-03-21,894,334
28,2026-03-22,887,334
28,2026-03-23,852,334
28,2026-03-24,817,334
28,2026-03-25,786,334
28,2026-03-26,762,334
28,2026-03-27,726,334
28,2026-03-28,710,334
28,2026-03-29,697,334
28,2026-03-30,668,334
28,2026-03-31,646,334
28,2026-04-01,618,334
28,2026-04-02,558,334
28,2026-04-03,524,334
28,2026-04-04,498,334
28,2026-04-05,488,334
28,2026-04-06,453,334
28,2026-04-07,432,334
28,2026-04-08,402,334
28,2026-04-09,372,334
28,2026-04-10,345,334
28,2026-04-11,310,334
28,2026-04-12,291,334
28,2026-04-13,260,334
28,2026-04-14,1659,334
28,2026-04-15,1630,334
28,2026-04-16,1596,334
28,2026-04-17,1571,334
28,2026-04-18,1543,422
28,2026-04-19,1534,422
28,2026-04-20,1511,422
28,2026-04-21,1483,422
28,2026-04-22,1454,422
28,2026-04-23,1431,422
28,2026-04-24,1403,422
28,2026-04-25,1373,422
28,2026-04-26,1365,422
28,2026-04-27,1328,422
28,2026-04-28,1308,422
28,2026-04-29,1288,422
28,2026-04-30,1262,422
28,2026-05-01,1239,422
28,2026-05-02,1225,422
28,2026-05-03,1217,422
28,2026-05-04,1199,422
28,2026-05-05,1185,422
28,2026-05-06,1164,422
28,2026-05-07,1142,422
28,2026-05-08,1124,422
28,2026-05-09,1109,422
28,2026-05-10,1100,422
28,2026-05-11,1087,422
28,2026-05-12,1067,422
28,2026-05-13,1048,422
28,2026-05-14,1035,422
28,2026-05-15,1012,422
28,2026-05-16,998,422
28,2026-05-17,992,422
28,2026-05-18,969,399
28,2026-05-19,943,399
28,2026-05-20,918,399
28,2026-05-21,908,399
28,2026-05-22,894,399
28,2026-05-23,875,399
28,2026-05-24,867,399
28,2026-05-25,846,399
28,2026-05-26,823,399
28,2026-05-27,800,399
28,2026-05-28,784,399
28,2026-05-29,768,399
28,2026-05-30,745,399
28,2026-05-31,739,399
28,2026-06-01,710,399
28,2026-06-02,692,399
28,2026-06-03,669,399
28,2026-06-04,650,399
28,2026-06-05,631,399
28,2026-06-06,617,399
28,2026-06-07,606,399
28,2026-06-08,581,399
28,2026-06-09,563,399
28,2026-06-10,539,399
28,2026-06-11,518,399
28,2026-06-12,503,399
28,2026-06-13,494,399
28,2026-06-14,2137,399
28,2026-06-15,2122,399
28,2026-06-16,2099,399
28,2026-06-17,2083,319
28,2026-06-18,2069,319
28,2026-06-19,2056,319
28,2026-06-20,2042,319
28,2026-06-21,2037,319
28,2026-06-22,2022,319
28,2026-06-23,2004,319
28,2026-06-24,1990,319
28,2026-06-25,1974,319
28,2026-06-26,1962,319
28,2026-06-27,1949,319
28,2026-06-28,1945,319
28,2026-06-29,1928,319
28,2026-06-30,1910,319
28,2026-07-01,1894,319
28,2026-07-02,1882,319
28,2026-07-03,1859,319
28,2026-07-04,1847,319
28,2026-07-05,1838,319
28,2026-07-06,1821,319
28,2026-07-07,1793,319
28,2026-07-08,1771,319
28,2026-07-09,1757,319
28,2026-07-10,1742,319
28,2026-07-11,1720,319
28,2026-07-12,1712,319
28,2026-07-13,1698,319
28,2026-07-14,1678,319
28,2026-07-15,1664,319
28,2026-07-16,1645,319
28,2026-07-17,1631,283
28,2026-07-18,1621,283
28,2026-07-19,1611,283
28,2026-07-20,1598,283
28,2026-07-21,1581,283
28,2026-07-22,1561,283
28,2026-07-23,1544,283
28,2026-07-24,1525,283
28,2026-07-25,1508,283
28,2026-07-26,1503,283
28,2026-07-27,1479,283
28,2026-07-28,1458,283
28,2026-07-29,1446,283
28,2026-07-30,1433,283
28,2026-07-31,1412,283
28,2026-08-01,1400,283
28,2026-08-02,1392,283
28,2026-08-03,1376,283
28,2026-08-04,1351,283
28,2026-08-05,1330,283
28,2026-08-06,1313,283
28,2026-08-07,1299,283
28,2026-08-08,1280,283
28,2026-08-09,1271,283
28,2026-08-10,1244,283
28,2026-08-11,1223,283
28,2026-08-12,1215,283
28,2026-08-13,1192,283
28,2026-08-14,1171,283
28,2026-08-15,1160,283
28,2026-08-16,1147,267
28,2026-08-17,1128,267
28,2026-08-18,1110,267
28,2026-08-19,1094,267
28,2026-08-20,1074,267
28,2026-08-21,1044,267
28,2026-08-22,1031,267
28,2026-08-23,1020,267
28,2026-08-24,990,267
28,2026-08-25,965,267
28,2026-08-26,945,267
28,2026-08-27,925,267
28,2026-08-28,908,267
28,2026-08-29,879,267
28,2026-08-30,866,267
28,2026-08-31,845,267
28,2026-09-01,816,267
28,2026-09-02,781,267
28,2026-09-03,759,267
28,2026-09-04,726,267
28,2026-09-05,702,267
28,2026-09-06,689,267
28,2026-09-07,663,267
28,2026-09-08,627,267
28,2026-09-09,599,267
28,2026-09-10,576,267
28,2026-09-11,542,267
28,2026-09-12,513,267
28,2026-09-13,505,267
28,2026-09-14,470,267
28,2026-09-15,430,333
28,2026-09-16,406,333
28,2026-09-17,374,333
28,2026-09-18,356,333
28,2026-09-19,335,333
28,2026-09-20,323,333
28,2026-09-21,302,333
28,2026-09-22,276,333
28,2026-09-23,249,333
28,2026-09-24,226,333
28,2026-09-25,189,333
28,2026-09-26,172,333
28,2026-09-27,166,333
28,2026-09-28,1238,333
28,2026-09-29,1217,333
28,2026-09-30,1193,333
29,2023-10-01,1332,586
29,2023-10-02,1309,586
29,2023-10-03,1272,586
29,2023-10-04,1256,586
29,2023-10-05,1223,586
29,2023-10-06,1189,586
29,2023-10-07,1167,586
29,2023-10-08,1154,586
29,2023-10-09,1118,586
29,2023-10-10,1091,586
29,2023-10-11,1061,586
29,2023-10-12,1040,586
29,2023-10-13,1020,586
29,2023-10-14,998,586
29,2023-10-15,981,586
29,2023-10-16,952,586
29,2023-10-17,919,586
29,2023-10-18,889,586
29,2023-10-19,867,586
29,2023-10-20,833,586
29,2023-10-21,804,586
29,2023-10-22,798,586
29,2023-10-23,765,586
29,2023-10-24,733,586
29,2023-10-25,701,586
29,2023-10-26,675,586
29,2023-10-27,652,586
29,2023-10-28,637,586
29,2023-10-29,626,586
29,2023-10-30,597,586
29,2023-10-31,574,586
29,2023-11-01,551,586
29,2023-11-02,516,586
29,2023-11-03,474,586
29,2023-11-04,462,586
29,2023-11-05,456,586
29,2023-11-06,420,586
29,2023-11-07,395,586
29,2023-11-08,674,586
29,2023-11-09,648,586
29,2023-11-10,631,586
29,2023-11-11,613,586
29,2023-11-12,603,586
29,2023-11-13,574,586
29,2023-11-14,552,586
29,2023-11-15,538,586
29,2023-11-16,510,586
29,2023-11-17,489,586
29,2023-11-18,459,586
29,2023-11-19,438,586
29,2023-11-20,408,586
29,2023-11-21,388,586
29,2023-11-22,363,586
29,2023-11-23,342,586
29,2023-11-24,320,586
29,2023-11-25,306,586
29,2023-11-26,292,586
29,2023-11-27,269,586
29,2023-11-28,237,586
29,2023-11-29,210,586
29,2023-11-30,183,723
29,2023-12-01,167,723
29,2023-12-02,150,723
29,2023-12-03,817,723
29,2023-12-04,797,723
29,2023-12-05,782,723
29,2023-12-06,754,723
29,2023-12-07,736,723
29,2023-12-08,713,723
29,2023-12-09,699,723
29,2023-12-10,692,723
29,2023-12-11,675,723
29,2023-12-12,657,723
29,2023-12-13,640,723
29,2023-12-14,613,723
29,2023-12-15,592,723
29,2023-12-16,576,723
29,2023-12-17,570,723
29,2023-12-18,560,723
29,2023-12-19,541,723
29,2023-12-20,527,723
29,2023-12-21,506,723
29,2023-12-22,485,723
29,2023-12-23,468,723
29,2023-12-24,461,723
29,2023-12-25,442,723
29,2023-12-26,420,723
29,2023-12-27,1236,723
29,2023-12-28,1215,723
29,2023-12-29,1197,723
29,2023-12-30,1179,615
29,2023-12-31,1165,615
29,2024-01-01,1145,615
29,2024-01-02,1135,615
29,2024-01-03,1124,615
29,2024-01-04,1110,615
29,2024-01-05,1090,615
29,2024-01-06,1077,615
29,2024-01-07,1067,615
29,2024-01-08,1055,615
29,2024-01-09,1045,615
29,2024-01-10,1039,615
29,2024-01-11,1022,615
29,2024-01-12,1009,615
29,2024-01-13,999,615
29,2024-01-14,990,615
29,2024-01-15,970,615
29,2024-01-16,958,615
29,2024-01-17,947,615
29,2024-01-18,931,615
29,2024-01-19,910,615
29,2024-01-20,900,615
29,2024-01-21,888,615
29,2024-01-22,864,615
29,2024-01-23,1276,615
29,2024-01-24,1261,615
29,2024-01-25,1252,615
29,2024-01-26,1227,615
29,2024-01-27,1209,615
29,2024-01-28,1205,615
29,2024-01-29,1184,477
29,2024-01-30,1173,477
29,2024-01-31,1159,477
29,2024-02-01,1145,477
29,2024-02-02,1121,477
29,2024-02-03,1108,477
29,2024-02-04,1104,477
29,2024-02-05,1078,477
29,2024-02-06,1062,477
29,2024-02-07,1044,477
29,2024-02-08,1029,477
29,2024-02-09,1010,477
29,2024-02-10,997,477
29,2024-02-11,984,477
29,2024-02-12,967,477
29,2024-02-13,941,477
29,2024-02-14,926,477
29,2024-02-15,899,477
29,2024-02-16,877,477
29,2024-02-17,866,477
29,2024-02-18,861,477
29,2024-02-19,840,477
29,2024-02-20,820,477
29,2024-02-21,801,477
29,2024-02-22,777,477
29,2024-02-23,753,477
29,2024-02-24,743,477
29,2024-02-25,736,477
29,2024-02-26,715,477
29,2024-02-27,699,477
29,2024-02-28,682,463
29,2024-02-29,657,463
29,2024-03-01,637,463
29,2024-03-02,616,463
29,2024-03-03,610,463
29,2024-03-04,595,463
29,2024-03-05,578,463
29,2024-03-06,557,463
29,2024-03-07,535,463
29,2024-03-08,503,463
29,2024-03-09,488,463
29,2024-03-10,481,463
29,2024-03-11,450,463
29,2024-03-12,416,463
29,2024-03-13,388,463
29,2024-03-14,365,463
29,2024-03-15,348,463
29,2024-03-16,589,463
29,2024-03-17,582,463
29,2024-03-18,561,463
29,2024-03-19,531,463
29,2024-03-20,502,463
29,2024-03-21,475,463
29,2024-03-22,443,463
29,2024-03-23,419,463
29,2024-03-24,403,463
29,2024-03-25,381,463
29,2024-03-26,360,463
29,2024-03-27,334,463
29,2024-03-28,315,463
29,2024-03-29,294,574
29,2024-03-30,276,574
29,2024-03-31,271,574
29,2024-04-01,247,574
29,2024-04-02,223,574
29,2024-04-03,201,574
29,2024-04-04,184,574
29,2024-04-05,155,574
29,2024-04-06,134,574
29,2024-04-07,126,574
29,2024-04-08,104,574
29,2024-04-09,81,574
29,2024-04-10,56,574
29,2024-04-11,32,574
29,2024-04-12,491,574
29,2024-04-13,474,574
29,2024-04-14,461,574
29,2024-04-15,439,574
29,2024-04-16,412,574
29,2024-04-17,387,574
29,2024-04-18,363,574
29,2024-04-19,334,574
29,2024-04-20,312,574
29,2024-04-21,298,574
29,2024-04-22,274,574
29,2024-04-23,240,574
29,2024-04-24,221,574
29,2024-04-25,191,574
29,2024-04-26,176,574
29,2024-04-27,158,574
29,2024-04-28,150,638
29,2024-04-29,128,638
29,2024-04-30,104,638
29,2024-05-01,82,638
29,2024-05-02,67,638
29,2024-05-03,44,638
29,2024-05-04,32,638
29,2024-05-05,26,638
29,2024-05-06,831,638
29,2024-05-07,812,638
29,2024-05-08,801,638
29,2024-05-09,786,638
29,2024-05-10,758,638
29,2024-05-11,738,638
29,2024-05-12,734,638
29,2024-05-13,709,638
29,2024-05-14,688,638
29,2024-05-15,665,638
29,2024-05-16,646,638
29,2024-05-17,633,638
29,2024-05-18,615,638
29,2024-05-19,601,638
29,2024-05-20,581,638
29,2024-05-21,564,638
29,2024-05-22,551,638
29,2024-05-23,536,638
29,2024-05-24,512,638
29,2024-05-25,496,638
29,2024-05-26,490,638
29,2024-05-27,479,638
29,2024-05-28,462,572
29,2024-05-29,447,572
29,2024-05-30,424,572
29,2024-05-31,1042,572
29,2024-06-01,1034,572
29,2024-06-02,1022,572
29,2024-06-03,1007,572
29,2024-06-04,992,572
29,2024-06-05,974,572
29,2024-06-06,961,572
29,2024-06-07,946,572
29,2024-06-08,937,572
29,2024-06-09,927,572
29,2024-06-10,913,572
29,2024-06-11,898,572
29,2024-06-12,880,572
29,2024-06-13,868,572
29,2024-06-14,855,572
29,2024-06-15,843,572
29,2024-06-16,834,572
29,2024-06-17,811,572
29,2024-06-18,799,572
29,2024-06-19,781,572
29,2024-06-20,761,572
29,2024-06-21,747,572
29,2024-06-22,738,572
29,2024-06-23,732,572
29,2024-06-24,720,572
29,2024-06-25,705,572
29,2024-06-26,993,572
29,2024-06-27,969,463
29,2024-06-28,948,463
29,2024-06-29,937,463
29,2024-06-30,932,463
29,2024-07-01,914,463
29,2024-07-02,884,463
29,2024-07-03,856,463
29,2024-07-04,845,463
29,2024-07-05,826,463
29,2024-07-06,814,463
29,2024-07-07,805,463
29,2024-07-08,789,463
29,2024-07-09,776,463
29,2024-07-10,766,463
29,2024-07-11,739,463
29,2024-07-12,726,463
29,2024-07-13,713,463
29,2024-07-14,708,463
29,2024-07-15,691,463
29,2024-07-16,675,463
29,2024-07-17,657,463
29,2024-07-18,644,463
29,2024-07-19,632,463
29,2024-07-20,622,463
29,2024-07-21,617,463
29,2024-07-22,931,463
29,2024-07-23,912,463
29,2024-07-24,898,463
29,2024-07-25,874,463
29,2024-07-26,865,463
29,2024-07-27,852,434
29,2024-07-28,842,434
29,2024-07-29,825,434
29,2024-07-30,807,434
29,2024-07-31,781,434
29,2024-08-01,763,434
29,2024-08-02,743,434
29,2024-08-03,728,434
29,2024-08-04,716,434
29,2024-08-05,698,434
29,2024-08-06,681,434
29,2024-08-07,661,434
29,2024-08-08,648,434
29,2024-08-09,629,434
29,2024-08-10,612,434
29,2024-08-11,597,434
29,2024-08-12,574,434
29,2024-08-13,564,434
29,2024-08-14,536,434
29,2024-08-15,512,434
29,2024-08-16,495,434
29,2024-08-17,481,434
29,2024-08-18,474,434
29,2024-08-19,459,434
29,2024-08-20,436,434
29,2024-08-21,405,434
29,2024-08-22,390,434
29,2024-08-23,373,434
29,2024-08-24,358,434
29,2024-08-25,349,434
29,2024-08-26,336,484
29,2024-08-27,544,484
29,2024-08-28,522,484
29,2024-08-29,498,484
29,2024-08-30,475,484
29,2024-08-31,461,484
29,2024-09-01,449,484
29,2024-09-02,425,484
29,2024-09-03,400,484
29,2024-09-04,373,484
29,2024-09-05,347,484
29,2024-09-06,327,484
29,2024-09-07,313,484
29,2024-09-08,299,484
29,2024-09-09,251,484
29,2024-09-10,229,484
29,2024-09-11,208,484
29,2024-09-12,171,484
29,2024-09-13,132,484
29,2024-09-14,109,484
29,2024-09-15,99,484
29,2024-09-16,75,484
29,2024-09-17,44,484
29,2024-09-18,8,484
29,2024-09-19,0,484
29,2024-09-20,546,484
29,2024-09-21,528,484
29,2024-09-22,518,484
29,2024-09-23,493,484
29,2024-09-24,472,484
29,2024-09-25,454,600
29,2024-09-26,430,600
29,2024-09-27,410,600
29,2024-09-28,390,600
29,2024-09-29,381,600
29,2024-09-30,356,600
29,2024-10-01,327,600
29,2024-10-02,297,600
29,2024-10-03,272,600
29,2024-10-04,219,600
29,2024-10-05,193,600
29,2024-10-06,173,600
29,2024-10-07,146,600
29,2024-10-08,129,600
29,2024-10-09,103,600
29,2024-10-10,63,600
29,2024-10-11,30,600
29,2024-10-12,0,600
29,2024-10-13,0,600
29,2024-10-14,0,600
29,2024-10-15,0,600
29,2024-10-16,0,600
29,2024-10-17,543,600
29,2024-10-18,512,600
29,2024-10-19,493,600
29,2024-10-20,477,600
29,2024-10-21,444,600
29,2024-10-22,414,600
29,2024-10-23,394,600
29,2024-10-24,365,600
29,2024-10-25,339,738
29,2024-10-26,318,738
29,2024-10-27,310,738
29,2024-10-28,287,738
29,2024-10-29,261,738
29,2024-10-30,222,738
29,2024-10-31,203,738
29,2024-11-01,185,738
29,2024-11-02,170,738
29,2024-11-03,163,738
29,2024-11-04,140,738
29,2024-11-05,112,738
29,2024-11-06,94,738
29,2024-11-07,67,738
29,2024-11-08,39,738
29,2024-11-09,12,738
29,2024-11-10,0,738
29,2024-11-11,0,738
29,2024-11-12,0,738
29,2024-11-13,809,738
29,2024-11-14,787,738
29,2024-11-15,754,738
29,2024-11-16,740,738
29,2024-11-17,725,738
29,2024-11-18,699,738
29,2024-11-19,676,738
29,2024-11-20,648,738
29,2024-11-21,623,738
29,2024-11-22,598,738
29,2024-11-23,575,738
29,2024-11-24,562,741
29,2024-11-25,546,741
29,2024-11-26,518,741
29,2024-11-27,493,741
29,2024-11-28,462,741
29,2024-11-29,442,741
29,2024-11-30,422,741
29,2024-12-01,414,741
29,2024-12-02,383,741
29,2024-12-03,362,741
29,2024-12-04,337,741
29,2024-12-05,311,741
29,2024-12-06,295,741
29,2024-12-07,273,741
29,2024-12-08,263,741
29,2024-12-09,240,741
29,2024-12-10,1107,741
29,2024-12-11,1081,741
29,2024-12-12,1060,741
29,2024-12-13,1036,741
29,2024-12-14,1020,741
29,2024-12-15,1012,741
29,2024-12-16,991,741
29,2024-12-17,975,741
29,2024-12-18,953,741
29,2024-12-19,935,741
29,2024-12-20,911,741
29,2024-12-21,897,741
29,2024-12-22,889,741
29,2024-12-23,865,741
29,2024-12-24,849,645
29,2024-12-25,830,645
29,2024-12-26,812,645
29,2024-12-27,795,645
29,2024-12-28,784,645
29,2024-12-29,771,645
29,2024-12-30,753,645
29,2024-12-31,728,645
29,2025-01-01,707,645
29,2025-01-02,695,645
29,2025-01-03,676,645
29,2025-01-04,666,645
29,2025-01-05,1254,645
29,2025-01-06,1240,645
29,2025-01-07,1223,645
29,2025-01-08,1210,645
29,2025-01-09,1189,645
29,2025-01-10,1180,645
29,2025-01-11,1161,645
29,2025-01-12,1158,645
29,2025-01-13,1142,645
29,2025-01-14,1120,645
29,2025-01-15,1107,645
29,2025-01-16,1084,645
29,2025-01-17,1068,645
29,2025-01-18,1053,645
29,2025-01-19,1047,645
29,2025-01-20,1024,645
29,2025-01-21,1003,645
29,2025-01-22,984,645
29,2025-01-23,973,539
29,2025-01-24,955,539
29,2025-01-25,942,539
29,2025-01-26,923,539
29,2025-01-27,913,539
29,2025-01-28,893,539
29,2025-01-29,875,539
29,2025-01-30,862,539
29,2025-01-31,839,539
29,2025-02-01,833,539
29,2025-02-02,821,539
29,2025-02-03,798,539
29,2025-02-04,777,539
29,2025-02-05,752,539
29,2025-02-06,1055,539
29,2025-02-07,1036,539
29,2025-02-08,1018,539
29,2025-02-09,1010,539
29,2025-02-10,996,539
29,2025-02-11,983,539
29,2025-02-12,965,539
29,2025-02-13,949,539
29,2025-02-14,934,539
29,2025-02-15,920,539
29,2025-02-16,915,539
29,2025-02-17,900,539
29,2025-02-18,878,539
29,2025-02-19,855,539
29,2025-02-20,834,539
29,2025-02-21,822,539
29,2025-02-22,806,482
29,2025-02-23,797,482
29,2025-02-24,777,482
29,2025-02-25,749,482
29,2025-02-26,734,482
29,2025-02-27,714,482
29,2025-02-28,687,482
29,2025-03-01,667,482
29,2025-03-02,654,482
29,2025-03-03,620,482
29,2025-03-04,599,482
29,2025-03-05,577,482
29,2025-03-06,546,482
29,2025-03-07,512,482
29,2025-03-08,762,482
29,2025-03-09,754,482
29,2025-03-10,729,482
29,2025-03-11,710,482
29,2025-03-12,694,482
29,2025-03-13,660,482
29,2025-03-14,626,482
29,2025-03-15,593,482
29,2025-03-16,582,482
29,2025-03-17,563,482
29,2025-03-18,535,482
29,2025-03-19,511,482
29,2025-03-20,501,482
29,2025-03-21,472,482
29,2025-03-22,444,482
29,2025-03-23,436,482
29,2025-03-24,409,574
29,2025-03-25,391,574
29,2025-03-26,372,574
29,2025-03-27,338,574
29,2025-03-28,315,574
29,2025-03-29,293,574
29,2025-03-30,284,574
29,2025-03-31,259,574
29,2025-04-01,586,574
29,2025-04-02,553,574
29,2025-04-03,531,574
29,2025-04-04,506,574
29,2025-04-05,481,574
29,2025-04-06,463,574
29,2025-04-07,441,574
29,2025-04-08,424,574
29,2025-04-09,398,574
29,2025-04-10,375,574
29,2025-04-11,341,574
29,2025-04-12,322,574
29,2025-04-13,306,574
29,2025-04-14,288,574
29,2025-04-15,257,574
29,2025-04-16,234,574
29,2025-04-17,206,574
29,2025-04-18,177,574
29,2025-04-19,160,574
29,2025-04-20,147,574
29,2025-04-21,117,574
29,2025-04-22,90,574
29,2025-04-23,60,678
29,2025-04-24,33,678
29,2025-04-25,0,678
29,2025-04-26,0,678
29,2025-04-27,0,678
29,2025-04-28,707,678
29,2025-04-29,673,678
29,2025-04-30,646,678
29,2025-05-01,626,678
29,2025-05-02,602,678
29,2025-05-03,582,678
29,2025-05-04,571,678
29,2025-05-05,547,678
29,2025-05-06,533,678
29,2025-05-07,514,678
29,2025-05-08,498,678
29,2025-05-09,478,678
29,2025-05-10,462,678
29,2025-05-11,447,678
29,2025-05-12,429,678
29,2025-05-13,410,678
29,2025-05-14,386,678
29,2025-05-15,369,678
29,2025-05-16,344,678
29,2025-05-17,334,678
29,2025-05-18,325,678
29,2025-05-19,306,678
29,2025-05-20,287,678
29,2025-05-21,271,678
29,2025-05-22,1100,678
29,2025-05-23,1085,649
29,2025-05-24,1077,649
29,2025-05-25,1071,649
29,2025-05-26,1052,649
29,2025-05-27,1037,649
29,2025-05-28,1015,649
29,2025-05-29,998,649
29,2025-05-30,984,649
29,2025-05-31,969,649
29,2025-06-01,961,649
29,2025-06-02,949,649
29,2025-06-03,931,649
29,2025-06-04,910,649
29,2025-06-05,887,649
29,2025-06-06,869,649
29,2025-06-07,853,649
29,2025-06-08,845,649
29,2025-06-09,838,649
29,2025-06-10,824,649
29,2025-06-11,806,649
29,2025-06-12,788,649
29,2025-06-13,775,649
29,2025-06-14,763,649
29,2025-06-15,1216,649
29,2025-06-16,1192,649
29,2025-06-17,1172,649
29,2025-06-18,1156,649
29,2025-06-19,1138,649
29,2025-06-20,1121,649
29,2025-06-21,1111,649
29,2025-06-22,1104,527
29,2025-06-23,1087,527
29,2025-06-24,1074,527
29,2025-06-25,1052,527
29,2025-06-26,1029,527
29,2025-06-27,1004,527
29,2025-06-28,989,527
29,2025-06-29,985,527
29,2025-06-30,966,527
29,2025-07-01,956,527
29,2025-07-02,941,527
29,2025-07-03,929,527
29,2025-07-04,911,527
29,2025-07-05,887,527
29,2025-07-06,881,527
29,2025-07-07,867,527
29,2025-07-08,853,527
29,2025-07-09,841,527
29,2025-07-10,833,527
29,2025-07-11,819,527
29,2025-07-12,805,527
29,2025-07-13,799,527
29,2025-07-14,1120,527
29,2025-07-15,1109,527
29,2025-07-16,1095,527
29,2025-07-17,1078,527
29,2025-07-18,1066,527
29,2025-07-19,1056,527
29,2025-07-20,1053,527
29,2025-07-21,1035,527
29,2025-07-22,1025,432
29,2025-07-23,1009,432
29,2025-07-24,992,432
29,2025-07-25,979,432
29,2025-07-26,954,432
29,2025-07-27,954,432
29,2025-07-28,947,432
29,2025-07-29,934,432
29,2025-07-30,910,432
29,2025-07-31,895,432
29,2025-08-01,869,432
29,2025-08-02,859,432
29,2025-08-03,851,432
29,2025-08-04,832,432
29,2025-08-05,817,432
29,2025-08-06,800,432
29,2025-08-07,775,432
29,2025-08-08,755,432
29,2025-08-09,740,432
29,2025-08-10,735,432
29,2025-08-11,720,432
29,2025-08-12,707,432
29,2025-08-13,681,432
29,2025-08-14,667,432
29,2025-08-15,643,432
29,2025-08-16,623,432
29,2025-08-17,609,432
29,2025-08-18,590,432
29,2025-08-19,569,432
29,2025-08-20,544,432
29,2025-08-21,518,453
29,2025-08-22,490,453
29,2025-08-23,468,453
29,2025-08-24,455,453
29,2025-08-25,440,453
29,2025-08-26,426,453
29,2025-08-27,409,453
29,2025-08-28,389,453
29,2025-08-29,375,453
29,2025-08-30,358,453
29,2025-08-31,342,453
29,2025-09-01,321,453
29,2025-09-02,511,453
29,2025-09-03,485,453
29,2025-09-04,450,453
29,2025-09-05,423,453
29,2025-09-06,396,453
29,2025-09-07,389,453
29,2025-09-08,363,453
29,2025-09-09,323,453
29,2025-09-10,295,453
29,2025-09-11,273,453
29,2025-09-12,252,453
29,2025-09-13,230,453
29,2025-09-14,214,453
29,2025-09-15,192,453
29,2025-09-16,166,453
29,2025-09-17,145,453
29,2025-09-18,109,453
29,2025-09-19,73,453
29,2025-09-20,43,591
29,2025-09-21,33,591
29,2025-09-22,9,591
29,2025-09-23,0,591
29,2025-09-24,0,591
29,2025-09-25,0,591
29,2025-09-26,511,591
29,2025-09-27,492,591
29,2025-09-28,474,591
29,2025-09-29,450,591
29,2025-09-30,427,591
29,2025-10-01,393,591
29,2025-10-02,365,591
29,2025-10-03,329,591
29,2025-10-04,311,591
29,2025-10-05,296,591
29,2025-10-06,260,591
29,2025-10-07,246,591
29,2025-10-08,214,591
29,2025-10-09,182,591
29,2025-10-10,151,591
29,2025-10-11,131,591
29,2025-10-12,125,591
29,2025-10-13,100,591
29,2025-10-14,68,591
29,2025-10-15,38,591
29,2025-10-16,11,591
29,2025-10-17,0,591
29,2025-10-18,0,591
29,2025-10-19,0,591
29,2025-10-20,0,718
29,2025-10-21,824,718
29,2025-10-22,787,718
29,2025-10-23,758,718
29,2025-10-24,729,718
29,2025-10-25,707,718
29,2025-10-26,692,718
29,2025-10-27,676,718
29,2025-10-28,651,718
29,2025-10-29,620,718
29,2025-10-30,587,718
29,2025-10-31,562,718
29,2025-11-01,533,718
29,2025-11-02,519,718
29,2025-11-03,485,718
29,2025-11-04,466,718
29,2025-11-05,422,718
29,2025-11-06,383,718
29,2025-11-07,354,718
29,2025-11-08,335,718
29,2025-11-09,317,718
29,2025-11-10,280,718
29,2025-11-11,254,718
29,2025-11-12,226,718
29,2025-11-13,205,718
29,2025-11-14,1002,718
29,2025-11-15,969,718
29,2025-11-16,951,718
29,2025-11-17,922,718
29,2025-11-18,908,718
29,2025-11-19,870,769
29,2025-11-20,845,769
29,2025-11-21,818,769
29,2025-11-22,786,769
29,2025-11-23,774,769
29,2025-11-24,754,769
29,2025-11-25,735,769
29,2025-11-26,715,769
29,2025-11-27,679,769
29,2025-11-28,640,769
29,2025-11-29,628,769
29,2025-11-30,596,769
29,2025-12-01,581,769
29,2025-12-02,570,769
29,2025-12-03,555,769
29,2025-12-04,539,769
29,2025-12-05,525,769
29,2025-12-06,508,769
29,2025-12-07,498,769
29,2025-12-08,476,769
29,2025-12-09,1109,769
29,2025-12-10,1087,769
29,2025-12-11,1060,769
29,2025-12-12,1040,769
29,2025-12-13,1015,769
29,2025-12-14,1002,769
29,2025-12-15,979,769
29,2025-12-16,968,769
29,2025-12-17,949,769
29,2025-12-18,931,769
29,2025-12-19,903,710
29,2025-12-20,890,710
29,2025-12-21,880,710
29,2025-12-22,863,710
29,2025-12-23,848,710
29,2025-12-24,819,710
29,2025-12-25,786,710
29,2025-12-26,769,710
29,2025-12-27,755,710
29,2025-12-28,739,710
29,2025-12-29,714,710
29,2025-12-30,696,710
29,2025-12-31,679,710
29,2026-01-01,654,710
29,2026-01-02,638,710
29,2026-01-03,619,710
29,2026-01-04,611,710
29,2026-01-05,1254,710
29,2026-01-06,1238,710
29,2026-01-07,1219,710
29,2026-01-08,1199,710
29,2026-01-09,1173,710
29,2026-01-10,1161,710
29,2026-01-11,1151,710
29,2026-01-12,1142,710
29,2026-01-13,1127,710
29,2026-01-14,1107,710
29,2026-01-15,1083,710
29,2026-01-16,1060,710
29,2026-01-17,1047,710
29,2026-01-18,1041,586
29,2026-01-19,1022,586
29,2026-01-20,1006,586
29,2026-01-21,978,586
29,2026-01-22,961,586
29,2026-01-23,950,586
29,2026-01-24,927,586
29,2026-01-25,920,586
29,2026-01-26,901,586
29,2026-01-27,874,586
29,2026-01-28,854,586
29,2026-01-29,833,586
29,2026-01-30,1192,586
29,2026-01-31,1169,586
29,2026-02-01,1160,586
29,2026-02-02,1142,586
29,2026-02-03,1123,586
29,2026-02-04,1107,586
29,2026-02-05,1086,586
29,2026-02-06,1067,586
29,2026-02-07,1047,586
29,2026-02-08,1037,586
29,2026-02-09,1019,586
29,2026-02-10,1004,586
29,2026-02-11,990,586
29,2026-02-12,967,586
29,2026-02-13,945,586
29,2026-02-14,932,586
29,2026-02-15,919,586
29,2026-02-16,896,586
29,2026-02-17,863,538
29,2026-02-18,848,538
29,2026-02-19,828,538
29,2026-02-20,805,538
29,2026-02-21,781,538
29,2026-02-22,771,538
29,2026-02-23,749,538
29,2026-02-24,735,538
29,2026-02-25,711,538
29,2026-02-26,694,538
29,2026-02-27,676,538
29,2026-02-28,661,538
29,2026-03-01,647,538
29,2026-03-02,610,538
29,2026-03-03,891,538
29,2026-03-04,871,538
29,2026-03-05,845,538
29,2026-03-06,821,538
29,2026-03-07,802,538
29,2026-03-08,793,538
29,2026-03-09,770,538
29,2026-03-10,745,538
29,2026-03-11,718,538
29,2026-03-12,704,538
29,2026-03-13,679,538
29,2026-03-14,666,538
29,2026-03-15,646,538
29,2026-03-16,622,538
29,2026-03-17,603,538
29,2026-03-18,575,538
29,2026-03-19,554,576
29,2026-03-20,528,576
29,2026-03-21,506,576
29,2026-03-22,497,576
29,2026-03-23,477,576
29,2026-03-24,453,576
29,2026-03-25,415,576
29,2026-03-26,392,576
29,2026-03-27,718,576
29,2026-03-28,698,576
29,2026-03-29,685,576
29,2026-03-30,647,576
29,2026-03-31,628,576
29,2026-04-01,598,576
29,2026-04-02,571,576
29,2026-04-03,542,576
29,2026-04-04,513,576
29,2026-04-05,504,576
29,2026-04-06,479,576
29,2026-04-07,458,576
29,2026-04-08,428,576
29,2026-04-09,393,576
29,2026-04-10,359,576
29,2026-04-11,332,576
29,2026-04-12,321,576
29,2026-04-13,295,576
29,2026-04-14,273,576
29,2026-04-15,252,576
29,2026-04-16,226,576
29,2026-04-17,193,576
29,2026-04-18,165,676
29,2026-04-19,152,676
29,2026-04-20,734,676
29,2026-04-21,707,676
29,2026-04-22,689,676
29,2026-04-23,666,676
29,2026-04-24,616,676
29,2026-04-25,595,676
29,2026-04-26,580,676
29,2026-04-27,558,676
29,2026-04-28,531,676
29,2026-04-29,504,676
29,2026-04-30,480,676
29,2026-05-01,464,676
29,2026-05-02,452,676
29,2026-05-03,442,676
29,2026-05-04,424,676
29,2026-05-05,409,676
29,2026-05-06,388,676
29,2026-05-07,364,676
29,2026-05-08,343,676
29,2026-05-09,325,676
29,2026-05-10,319,676
29,2026-05-11,301,676
29,2026-05-12,270,676
29,2026-05-13,247,676
29,2026-05-14,226,676
29,2026-05-15,202,676
29,2026-05-16,183,676
29,2026-05-17,999,676
29,2026-05-18,980,676
29,2026-05-19,959,676
29,2026-05-20,937,676
29,2026-05-21,910,676
29,2026-05-22,887,676
29,2026-05-23,874,676
29,2026-05-24,860,676
29,2026-05-25,840,676
29,2026-05-26,829,676
29,2026-05-27,804,676
29,2026-05-28,785,676
29,2026-05-29,763,676
29,2026-05-30,746,676
29,2026-05-31,740,676
29,2026-06-01,719,676
29,2026-06-02,701,676
29,2026-06-03,682,676
29,2026-06-04,669,676
29,2026-06-05,656,676
29,2026-06-06,644,676
29,2026-06-07,634,676
29,2026-06-08,618,676
29,2026-06-09,607,676
29,2026-06-10,597,676
29,2026-06-11,578,676
29,2026-06-12,561,676
29,2026-06-13,1098,676
29,2026-06-14,1090,676
29,2026-06-15,1075,676
29,2026-06-16,1057,676
29,2026-06-17,1035,560
29,2026-06-18,1021,560
29,2026-06-19,1000,560
29,2026-06-20,981,560
29,2026-06-21,980,560
29,2026-06-22,968,560
29,2026-06-23,954,560
29,2026-06-24,937,560
29,2026-06-25,922,560
29,2026-06-26,915,560
29,2026-06-27,902,560
29,2026-06-28,894,560
29,2026-06-29,868,560
29,2026-06-30,842,560
29,2026-07-01,824,560
29,2026-07-02,809,560
29,2026-07-03,796,560
29,2026-07-04,783,560
29,2026-07-05,776,560
29,2026-07-06,756,560
29,2026-07-07,734,560
29,2026-07-08,1176,560
29,2026-07-09,1163,560
29,2026-07-10,1142,560
29,2026-07-11,1131,560
29,2026-07-12,1123,560
29,2026-07-13,1111,560
29,2026-07-14,1081,560
29,2026-07-15,1060,560
29,2026-07-16,1044,560
29,2026-07-17,1024,484
29,2026-07-18,1008,484
29,2026-07-19,996,484
29,2026-07-20,976,484
29,2026-07-21,958,484
29,2026-07-22,938,484
29,2026-07-23,919,484
29,2026-07-24,906,484
29,2026-07-25,891,484
29,2026-07-26,880,484
29,2026-07-27,866,484
29,2026-07-28,846,484
29,2026-07-29,832,484
29,2026-07-30,814,484
29,2026-07-31,801,484
29,2026-08-01,776,484
29,2026-08-02,770,484
29,2026-08-03,743,484
29,2026-08-04,719,484
29,2026-08-05,700,484
29,2026-08-06,682,484
29,2026-08-07,657,484
29,2026-08-08,645,484
29,2026-08-09,632,484
29,2026-08-10,613,484
29,2026-08-11,590,484
29,2026-08-12,570,484
29,2026-08-13,550,484
29,2026-08-14,533,484
29,2026-08-15,520,484
29,2026-08-16,512,497
29,2026-08-17,494,497
29,2026-08-18,483,497
29,2026-08-19,461,497
29,2026-08-20,442,497
29,2026-08-21,421,497
29,2026-08-22,400,497
29,2026-08-23,639,497
29,2026-08-24,621,497
29,2026-08-25,603,497
29,2026-08-26,584,497
29,2026-08-27,563,497
29,2026-08-28,537,497
29,2026-08-29,522,497
29,2026-08-30,514,497
29,2026-08-31,500,497
29,2026-09-01,481,497
29,2026-09-02,459,497
29,2026-09-03,434,497
29,2026-09-04,402,497
29,2026-09-05,389,497
29,2026-09-06,374,497
29,2026-09-07,359,497
29,2026-09-08,334,497
29,2026-09-09,311,497
29,2026-09-10,290,497
29,2026-09-11,266,497
29,2026-09-12,246,497
29,2026-09-13,230,497
29,2026-09-14,200,497
29,2026-09-15,179,546
29,2026-09-16,156,546
29,2026-09-17,141,546
29,2026-09-18,619,546
29,2026-09-19,598,546
29,2026-09-20,589,546
29,2026-09-21,563,546
29,2026-09-22,548,546
29,2026-09-23,523,546
29,2026-09-24,491,546
29,2026-09-25,468,546
29,2026-09-26,450,546
29,2026-09-27,439,546
29,2026-09-28,407,546
29,2026-09-29,380,546
29,2026-09-30,359,546
30,2023-10-01,979,371
30,2023-10-02,954,371
30,2023-10-03,921,371
30,2023-10-04,893,371
30,2023-10-05,861,371
30,2023-10-06,826,371
30,2023-10-07,793,371
30,2023-10-08,783,371
30,2023-10-09,748,371
30,2023-10-10,720,371
30,2023-10-11,691,371
30,2023-10-12,664,371
30,2023-10-13,633,371
30,2023-10-14,604,371
30,2023-10-15,585,371
30,2023-10-16,561,371
30,2023-10-17,526,371
30,2023-10-18,498,371
30,2023-10-19,465,371
30,2023-10-20,438,371
30,2023-10-21,399,371
30,2023-10-22,381,371
30,2023-10-23,356,371
30,2023-10-24,334,371
30,2023-10-25,642,371
30,2023-10-26,606,371
30,2023-10-27,580,371
30,2023-10-28,550,371
30,2023-10-29,534,371
30,2023-10-30,506,371
30,2023-10-31,464,371
30,2023-11-01,423,371
30,2023-11-02,386,371
30,2023-11-03,365,371
30,2023-11-04,341,371
30,2023-11-05,327,371
30,2023-11-06,296,371
30,2023-11-07,271,371
30,2023-11-08,595,371
30,2023-11-09,562,371
30,2023-11-10,529,371
30,2023-11-11,490,371
30,2023-11-12,480,371
30,2023-11-13,446,371
30,2023-11-14,421,371
30,2023-11-15,392,371
30,2023-11-16,369,371
30,2023-11-17,347,371
30,2023-11-18,320,371
30,2023-11-19,305,371
30,2023-11-20,267,371
30,2023-11-21,637,371
30,2023-11-22,606,371
30,2023-11-23,570,371
30,2023-11-24,534,371
30,2023-11-25,509,371
30,2023-11-26,498,371
30,2023-11-27,479,371
30,2023-11-28,436,371
30,2023-11-29,415,371
30,2023-11-30,380,472
30,2023-12-01,361,472
30,2023-12-02,346,472
30,2023-12-03,338,472
30,2023-12-04,307,472
30,2023-12-05,642,472
30,2023-12-06,615,472
30,2023-12-07,592,472
30,2023-12-08,566,472
30,2023-12-09,552,472
30,2023-12-10,542,472
30,2023-12-11,512,472
30,2023-12-12,487,472
30,2023-12-13,477,472
30,2023-12-14,461,472
30,2023-12-15,434,472
30,2023-12-16,1037,472
30,2023-12-17,1027,472
30,2023-12-18,1001,472
30,2023-12-19,981,472
30,2023-12-20,969,472
30,2023-12-21,954,472
30,2023-12-22,929,472
30,2023-12-23,913,472
30,2023-12-24,907,472
30,2023-12-25,885,472
30,2023-12-26,870,472
30,2023-12-27,851,472
30,2023-12-28,832,472
30,2023-12-29,816,472
30,2023-12-30,782,404
30,2023-12-31,774,404
30,2024-01-01,763,404
30,2024-01-02,751,404
30,2024-01-03,734,404
30,2024-01-04,713,404
30,2024-01-05,690,404
30,2024-01-06,666,404
30,2024-01-07,656,404
30,2024-01-08,639,404
30,2024-01-09,1051,404
30,2024-01-10,1024,404
30,2024-01-11,1008,404
30,2024-01-12,984,404
30,2024-01-13,973,404
30,2024-01-14,968,404
30,2024-01-15,948,404
30,2024-01-16,902,404
30,2024-01-17,886,404
30,2024-01-18,868,404
30,2024-01-19,839,404
30,2024-01-20,817,404
30,2024-01-21,809,404
30,2024-01-22,790,404
30,2024-01-23,776,404
30,2024-01-24,761,404
30,2024-01-25,744,404
30,2024-01-26,723,404
30,2024-01-27,707,404
30,2024-01-28,694,404
30,2024-01-29,679,323
30,2024-01-30,656,323
30,2024-01-31,637,323
30,2024-02-01,615,323
30,2024-02-02,599,323
30,2024-02-03,581,323
30,2024-02-04,574,323
30,2024-02-05,562,323
30,2024-02-06,901,323
30,2024-02-07,885,323
30,2024-02-08,857,323
30,2024-02-09,828,323
30,2024-02-10,812,323
30,2024-02-11,802,323
30,2024-02-12,777,323
30,2024-02-13,748,323
30,2024-02-14,740,323
30,2024-02-15,720,323
30,2024-02-16,698,323
30,2024-02-17,682,323
30,2024-02-18,674,323
30,2024-02-19,653,323
30,2024-02-20,633,323
30,2024-02-21,608,323
30,2024-02-22,586,323
30,2024-02-23,566,323
30,2024-02-24,554,323
30,2024-02-25,540,323
30,2024-02-26,516,323
30,2024-02-27,504,323
30,2024-02-28,478,314
30,2024-02-29,458,314
30,2024-03-01,443,314
30,2024-03-02,422,314
30,2024-03-03,412,314
30,2024-03-04,376,314
30,2024-03-05,354,314
30,2024-03-06,321,314
30,2024-03-07,598,314
30,2024-03-08,570,314
30,2024-03-09,544,314
30,2024-03-10,531,314
30,2024-03-11,504,314
30,2024-03-12,470,314
30,2024-03-13,436,314
30,2024-03-14,398,314
30,2024-03-15,363,314
30,2024-03-16,338,314
30,2024-03-17,324,314
30,2024-03-18,296,314
30,2024-03-19,270,314
30,2024-03-20,239,314
30,2024-03-21,501,314
30,2024-03-22,461,314
30,2024-03-23,427,314
30,2024-03-24,416,314
30,2024-03-25,384,314
30,2024-03-26,352,314
30,2024-03-27,306,314
30,2024-03-28,289,314
30,2024-03-29,261,388
30,2024-03-30,240,388
30,2024-03-31,227,388
30,2024-04-01,199,388
30,2024-04-02,163,388
30,2024-04-03,471,388
30,2024-04-04,433,388
30,2024-04-05,407,388
30,2024-04-06,377,388
30,2024-04-07,361,388
30,2024-04-08,328,388
30,2024-04-09,295,388
30,2024-04-10,265,388
30,2024-04-11,233,388
30,2024-04-12,210,388
30,2024-04-13,188,388
30,2024-04-14,167,388
30,2024-04-15,123,388
30,2024-04-16,656,388
30,2024-04-17,623,388
30,2024-04-18,601,388
30,2024-04-19,576,388
30,2024-04-20,541,388
30,2024-04-21,523,388
30,2024-04-22,506,388
30,2024-04-23,477,388
30,2024-04-24,449,388
30,2024-04-25,413,388
30,2024-04-26,390,388
30,2024-04-27,368,388
30,2024-04-28,356,467
30,2024-04-29,717,467
30,2024-04-30,695,467
30,2024-05-01,679,467
30,2024-05-02,658,467
30,2024-05-03,650,467
30,2024-05-04,634,467
30,2024-05-05,620,467
30,2024-05-06,594,467
30,2024-05-07,574,467
30,2024-05-08,540,467
30,2024-05-09,519,467
30,2024-05-10,485,467
30,2024-05-11,1007,467
30,2024-05-12,996,467
30,2024-05-13,975,467
30,2024-05-14,954,467
30,2024-05-15,930,467
30,2024-05-16,916,467
30,2024-05-17,882,467
30,2024-05-18,860,467
30,2024-05-19,845,467
30,2024-05-20,826,467
30,2024-05-21,801,467
30,2024-05-22,782,467
30,2024-05-23,762,467
30,2024-05-24,743,467
30,2024-05-25,729,467
30,2024-05-26,719,467
30,2024-05-27,691,467
30,2024-05-28,668,406
30,2024-05-29,647,406
30,2024-05-30,619,406
30,2024-05-31,589,406
30,2024-06-01,576,406
30,2024-06-02,993,406
30,2024-06-03,976,406
30,2024-06-04,957,406
30,2024-06-05,931,406
30,2024-06-06,914,406
30,2024-06-07,883,406
30,2024-06-08,870,406
30,2024-06-09,866,406
30,2024-06-10,836,406
30,2024-06-11,823,406
30,2024-06-12,798,406
30,2024-06-13,784,406
30,2024-06-14,758,406
30,2024-06-15,741,406
30,2024-06-16,733,406
30,2024-06-17,713,406
30,2024-06-18,694,406
30,2024-06-19,676,406
30,2024-06-20,662,406
30,2024-06-21,636,406
30,2024-06-22,615,406
30,2024-06-23,608,406
30,2024-06-24,582,406
30,2024-06-25,554,406
30,2024-06-26,536,406
30,2024-06-27,521,335
30,2024-06-28,502,335
30,2024-06-29,484,335
30,2024-06-30,478,335
30,2024-07-01,823,335
30,2024-07-02,806,335
30,2024-07-03,781,335
30,2024-07-04,766,335
30,2024-07-05,726,335
30,2024-07-06,711,335
30,2024-07-07,704,335
30,2024-07-08,692,335
30,2024-07-09,682,335
30,2024-07-10,672,335
30,2024-07-11,651,335
30,2024-07-12,620,335
30,2024-07-13,602,335
30,2024-07-14,593,335
30,2024-07-15,578,335
30,2024-07-16,556,335
30,2024-07-17,533,335
30,2024-07-18,508,335
30,2024-07-19,493,335
30,2024-07-20,470,335
30,2024-07-21,462,335
30,2024-07-22,435,335
30,2024-07-23,412,335
30,2024-07-24,395,335
30,2024-07-25,375,335
30,2024-07-26,656,335
30,2024-07-27,638,322
30,2024-07-28,630,322
30,2024-07-29,613,322
30,2024-07-30,596,322
30,2024-07-31,575,322
30,2024-08-01,557,322
30,2024-08-02,539,322
30,2024-08-03,522,322
30,2024-08-04,513,322
30,2024-08-05,485,322
30,2024-08-06,460,322
30,2024-08-07,430,322
30,2024-08-08,405,322
30,2024-08-09,367,322
30,2024-08-10,344,322
30,2024-08-11,336,322
30,2024-08-12,320,322
30,2024-08-13,306,322
30,2024-08-14,568,322
30,2024-08-15,532,322
30,2024-08-16,509,322
30,2024-08-17,497,322
30,2024-08-18,479,322
30,2024-08-19,459,322
30,2024-08-20,434,322
30,2024-08-21,422,322
30,2024-08-22,401,322
30,2024-08-23,376,322
30,2024-08-24,355,322
30,2024-08-25,349,322
30,2024-08-26,335,326
30,2024-08-27,311,326
30,2024-08-28,588,326
30,2024-08-29,569,326
30,2024-08-30,544,326
30,2024-08-31,512,326
30,2024-09-01,501,326
30,2024-09-02,473,326
30,2024-09-03,449,326
30,2024-09-04,407,326
30,2024-09-05,362,326
30,2024-09-06,335,326
30,2024-09-07,305,326
30,2024-09-08,288,326
30,2024-09-09,257,326
30,2024-09-10,532,326
30,2024-09-11,505,326
30,2024-09-12,473,326
30,2024-09-13,442,326
30,2024-09-14,418,326
30,2024-09-15,407,326
30,2024-09-16,377,326
30,2024-09-17,333,326
30,2024-09-18,312,326
30,2024-09-19,281,326
30,2024-09-20,244,326
30,2024-09-21,224,326
30,2024-09-22,214,326
30,2024-09-23,528,326
30,2024-09-24,498,326
30,2024-09-25,468,394
30,2024-09-26,434,394
30,2024-09-27,404,394
30,2024-09-28,370,394
30,2024-09-29,360,394
30,2024-09-30,332,394
30,2024-10-01,302,394
30,2024-10-02,262,394
30,2024-10-03,232,394
30,2024-10-04,191,394
30,2024-10-05,151,394
30,2024-10-06,481,394
30,2024-10-07,456,394
30,2024-10-08,436,394
30,2024-10-09,388,394
30,2024-10-10,322,394
30,2024-10-11,285,394
30,2024-10-12,267,394
30,2024-10-13,254,394
30,2024-10-14,227,394
30,2024-10-15,195,394
30,2024-10-16,174,394
30,2024-10-17,134,394
30,2024-10-18,91,394
30,2024-10-19,634,394
30,2024-10-20,621,394
30,2024-10-21,579,394
30,2024-10-22,541,394
30,2024-10-23,508,394
30,2024-10-24,474,394
30,2024-10-25,442,494
30,2024-10-26,418,494
30,2024-10-27,399,494
30,2024-10-28,374,494
30,2024-10-29,330,494
30,2024-10-30,290,494
30,2024-10-31,267,494
30,2024-11-01,666,494
30,2024-11-02,640,494
30,2024-11-03,629,494
30,2024-11-04,592,494
30,2024-11-05,563,494
30,2024-11-06,522,494
30,2024-11-07,473,494
30,2024-11-08,434,494
30,2024-11-09,404,494
30,2024-11-10,390,494
30,2024-11-11,354,494
30,2024-11-12,320,494
30,2024-11-13,285,494
30,2024-11-14,256,494
30,2024-11-15,881,494
30,2024-11-16,863,494
30,2024-11-17,844,494
30,2024-11-18,804,494
30,2024-11-19,767,494
30,2024-11-20,738,494
30,2024-11-21,696,494
30,2024-11-22,665,494
30,2024-11-23,641,494
30,2024-11-24,623,529
30,2024-11-25,581,529
30,2024-11-26,1004,529
30,2024-11-27,971,529
30,2024-11-28,944,529
30,2024-11-29,909,529
30,2024-11-30,878,529
30,2024-12-01,864,529
30,2024-12-02,845,529
30,2024-12-03,821,529
30,2024-12-04,798,529
30,2024-12-05,771,529
30,2024-12-06,756,529
30,2024-12-07,728,529
30,2024-12-08,718,529
30,2024-12-09,689,529
30,2024-12-10,657,529
30,2024-12-11,1114,529
30,2024-12-12,1086,529
30,2024-12-13,1063,529
30,2024-12-14,1045,529
30,2024-12-15,1029,529
30,2024-12-16,1012,529
30,2024-12-17,982,529
30,2024-12-18,963,529
30,2024-12-19,933,529
30,2024-12-20,916,529
30,2024-12-21,897,529
30,2024-12-22,877,529
30,2024-12-23,855,529
30,2024-12-24,824,460
30,2024-12-25,801,460
30,2024-12-26,776,460
30,2024-12-27,749,460
30,2024-12-28,724,460
30,2024-12-29,711,460
30,2024-12-30,686,460
30,2024-12-31,658,460
30,2025-01-01,630,460
30,2025-01-02,1089,460
30,2025-01-03,1068,460
30,2025-01-04,1054,460
30,2025-01-05,1047,460
30,2025-01-06,1033,460
30,2025-01-07,1016,460
30,2025-01-08,994,460
30,2025-01-09,975,460
30,2025-01-10,958,460
30,2025-01-11,929,460
30,2025-01-12,918,460
30,2025-01-13,896,460
30,2025-01-14,874,460
30,2025-01-15,851,460
30,2025-01-16,831,460
30,2025-01-17,811,460
30,2025-01-18,790,460
30,2025-01-19,779,460
30,2025-01-20,765,460
30,2025-01-21,748,460
30,2025-01-22,724,460
30,2025-01-23,711,375
30,2025-01-24,684,375
30,2025-01-25,660,375
30,2025-01-26,645,375
30,2025-01-27,619,375
30,2025-01-28,1024,375
30,2025-01-29,1005,375
30,2025-01-30,981,375
30,2025-01-31,963,375
30,2025-02-01,945,375
30,2025-02-02,927,375
30,2025-02-03,903,375
30,2025-02-04,881,375
30,2025-02-05,849,375
30,2025-02-06,828,375
30,2025-02-07,808,375
30,2025-02-08,791,375
30,2025-02-09,784,375
30,2025-02-10,761,375
30,2025-02-11,736,375
30,2025-02-12,715,375
30,2025-02-13,701,375
30,2025-02-14,677,375
30,2025-02-15,653,375
30,2025-02-16,635,375
30,2025-02-17,620,375
30,2025-02-18,594,375
30,2025-02-19,574,375
30,2025-02-20,550,375
30,2025-02-21,527,375
30,2025-02-22,503,351
30,2025-02-23,487,351
30,2025-02-24,451,351
30,2025-02-25,425,351
30,2025-02-26,395,351
30,2025-02-27,720,351
30,2025-02-28,687,351
30,2025-03-01,664,351
30,2025-03-02,656,351
30,2025-03-03,631,351
30,2025-03-04,600,351
30,2025-03-05,561,351
30,2025-03-06,530,351
30,2025-03-07,493,351
30,2025-03-08,459,351
30,2025-03-09,452,351
30,2025-03-10,418,351
30,2025-03-11,387,351
30,2025-03-12,352,351
30,2025-03-13,322,351
30,2025-03-14,291,351
30,2025-03-15,274,351
30,2025-03-16,262,351
30,2025-03-17,540,351
30,2025-03-18,518,351
30,2025-03-19,474,351
30,2025-03-20,433,351
30,2025-03-21,398,351
30,2025-03-22,366,351
30,2025-03-23,345,351
30,2025-03-24,313,416
30,2025-03-25,274,416
30,2025-03-26,258,416
30,2025-03-27,225,416
30,2025-03-28,198,416
30,2025-03-29,177,416
30,2025-03-30,161,416
30,2025-03-31,527,416
30,2025-04-01,497,416
30,2025-04-02,478,416
30,2025-04-03,456,416
30,2025-04-04,404,416
30,2025-04-05,374,416
30,2025-04-06,365,416
30,2025-04-07,331,416
30,2025-04-08,288,416
30,2025-04-09,255,416
30,2025-04-10,219,416
30,2025-04-11,177,416
30,2025-04-12,147,416
30,2025-04-13,129,416
30,2025-04-14,676,416
30,2025-04-15,645,416
30,2025-04-16,608,416
30,2025-04-17,576,416
30,2025-04-18,540,416
30,2025-04-19,510,416
30,2025-04-20,488,416
30,2025-04-21,458,416
30,2025-04-22,419,416
30,2025-04-23,382,500
30,2025-04-24,344,500
30,2025-04-25,752,500
30,2025-04-26,721,500
30,2025-04-27,704,500
30,2025-04-28,677,500
30,2025-04-29,643,500
30,2025-04-30,596,500
30,2025-05-01,566,500
30,2025-05-02,533,500
30,2025-05-03,511,500
30,2025-05-04,505,500
30,2025-05-05,479,500
30,2025-05-06,1047,500
30,2025-05-07,1021,500
30,2025-05-08,989,500
30,2025-05-09,963,500
30,2025-05-10,949,500
30,2025-05-11,943,500
30,2025-05-12,921,500
30,2025-05-13,890,500
30,2025-05-14,870,500
30,2025-05-15,848,500
30,2025-05-16,813,500
30,2025-05-17,787,500
30,2025-05-18,776,500
30,2025-05-19,743,500
30,2025-05-20,725,500
30,2025-05-21,704,500
30,2025-05-22,687,500
30,2025-05-23,674,476
30,2025-05-24,651,476
30,2025-05-25,639,476
30,2025-05-26,1062,476
30,2025-05-27,1035,476
30,2025-05-28,1012,476
30,2025-05-29,983,476
30,2025-05-30,962,476
30,2025-05-31,944,476
30,2025-06-01,933,476
30,2025-06-02,912,476
30,2025-06-03,892,476
30,2025-06-04,878,476
30,2025-06-05,863,476
30,2025-06-06,846,476
30,2025-06-07,822,476
30,2025-06-08,813,476
30,2025-06-09,789,476
30,2025-06-10,767,476
30,2025-06-11,749,476
30,2025-06-12,723,476
30,2025-06-13,692,476
30,2025-06-14,663,476
30,2025-06-15,653,476
30,2025-06-16,636,476
30,2025-06-17,617,476
30,2025-06-18,596,476
30,2025-06-19,1011,476
30,2025-06-20,989,476
30,2025-06-21,970,476
30,2025-06-22,960,386
30,2025-06-23,936,386
30,2025-06-24,911,386
30,2025-06-25,893,386
30,2025-06-26,875,386
30,2025-06-27,852,386
30,2025-06-28,837,386
30,2025-06-29,825,386
30,2025-06-30,797,386
30,2025-07-01,771,386
30,2025-07-02,754,386
30,2025-07-03,722,386
30,2025-07-04,700,386
30,2025-07-05,677,386
30,2025-07-06,668,386
30,2025-07-07,643,386
30,2025-07-08,632,386
30,2025-07-09,608,386
30,2025-07-10,584,386
30,2025-07-11,564,386
30,2025-07-12,543,386
30,2025-07-13,530,386
30,2025-07-14,506,386
30,2025-07-15,493,386
30,2025-07-16,460,386
30,2025-07-17,430,386
30,2025-07-18,407,386
30,2025-07-19,746,386
30,2025-07-20,738,386
30,2025-07-21,721,386
30,2025-07-22,694,342
30,2025-07-23,670,342
30,2025-07-24,658,342
30,2025-07-25,639,342
30,2025-07-26,609,342
30,2025-07-27,591,342
30,2025-07-28,563,342
30,2025-07-29,539,342
30,2025-07-30,521,342
30,2025-07-31,496,342
30,2025-08-01,466,342
30,2025-08-02,448,342
30,2025-08-03,438,342
30,2025-08-04,414,342
30,2025-08-05,379,342
30,2025-08-06,664,342
30,2025-08-07,629,342
30,2025-08-08,613,342
30,2025-08-09,598,342
30,2025-08-10,584,342
30,2025-08-11,550,342
30,2025-08-12,521,342
30,2025-08-13,502,342
30,2025-08-14,476,342
30,2025-08-15,448,342
30,2025-08-16,428,342
30,2025-08-17,422,342
30,2025-08-18,402,342
30,2025-08-19,681,342
30,2025-08-20,657,342
30,2025-08-21,630,365
30,2025-08-22,616,365
30,2025-08-23,599,365
30,2025-08-24,591,365
30,2025-08-25,562,365
30,2025-08-26,545,365
30,2025-08-27,504,365
30,2025-08-28,474,365
30,2025-08-29,451,365
30,2025-08-30,436,365
30,2025-08-31,426,365
30,2025-09-01,390,365
30,2025-09-02,364,365
30,2025-09-03,687,365
30,2025-09-04,647,365
30,2025-09-05,609,365
30,2025-09-06,583,365
30,2025-09-07,568,365
30,2025-09-08,516,365
30,2025-09-09,492,365
30,2025-09-10,449,365
30,2025-09-11,414,365
30,2025-09-12,383,365
30,2025-09-13,359,365
30,2025-09-14,350,365
30,2025-09-15,317,365
30,2025-09-16,275,365
30,2025-09-17,572,365
30,2025-09-18,532,365
30,2025-09-19,504,365
30,2025-09-20,476,429
30,2025-09-21,462,429
30,2025-09-22,433,429
30,2025-09-23,395,429
30,2025-09-24,366,429
30,2025-09-25,342,429
30,2025-09-26,309,429
30,2025-09-27,284,429
30,2025-09-28,272,429
30,2025-09-29,631,429
30,2025-09-30,592,429
30,2025-10-01,522,429
30,2025-10-02,483,429
30,2025-10-03,444,429
30,2025-10-04,415,429
30,2025-10-05,393,429
30,2025-10-06,344,429
30,2025-10-07,276,429
30,2025-10-08,244,429
30,2025-10-09,208,429
30,2025-10-10,177,429
30,2025-10-11,143,429
30,2025-10-12,647,429
30,2025-10-13,611,429
30,2025-10-14,565,429
30,2025-10-15,531,429
30,2025-10-16,497,429
30,2025-10-17,458,429
30,2025-10-18,426,429
30,2025-10-19,405,429
30,2025-10-20,366,527
30,2025-10-21,322,527
30,2025-10-22,281,527
30,2025-10-23,227,527
30,2025-10-24,201,527
30,2025-10-25,177,527
30,2025-10-26,664,527
30,2025-10-27,633,527
30,2025-10-28,600,527
30,2025-10-29,559,527
30,2025-10-30,521,527
30,2025-10-31,484,527
30,2025-11-01,463,527
30,2025-11-02,441,527
30,2025-11-03,411,527
30,2025-11-04,364,527
30,2025-11-05,329,527
30,2025-11-06,288,527
30,2025-11-07,262,527
30,2025-11-08,241,527
30,2025-11-09,978,527
30,2025-11-10,945,527
30,2025-11-11,903,527
30,2025-11-12,876,527
30,2025-11-13,839,527
30,2025-11-14,810,527
30,2025-11-15,773,527
30,2025-11-16,757,527
30,2025-11-17,726,527
30,2025-11-18,684,527
30,2025-11-19,647,567
30,2025-11-20,610,567
30,2025-11-21,560,567
30,2025-11-22,1005,567
30,2025-11-23,994,567
30,2025-11-24,956,567
30,2025-11-25,904,567
30,2025-11-26,874,567
30,2025-11-27,848,567
30,2025-11-28,826,567
30,2025-11-29,802,567
30,2025-11-30,782,567
30,2025-12-01,747,567
30,2025-12-02,723,567
30,2025-12-03,1206,567
30,2025-12-04,1177,567
30,2025-12-05,1140,567
30,2025-12-06,1117,567
30,2025-12-07,1105,567
30,2025-12-08,1078,567
30,2025-12-09,1055,567
30,2025-12-10,1035,567
30,2025-12-11,1004,567
30,2025-12-12,979,567
30,2025-12-13,956,567
30,2025-12-14,950,567
30,2025-12-15,917,567
30,2025-12-16,883,567
30,2025-12-17,853,567
30,2025-12-18,822,567
30,2025-12-19,796,517
30,2025-12-20,766,517
30,2025-12-21,748,517
30,2025-12-22,713,517
30,2025-12-23,694,517
30,2025-12-24,1179,517
30,2025-12-25,1158,517
30,2025-12-26,1131,517
30,2025-12-27,1111,517
30,2025-12-28,1104,517
30,2025-12-29,1070,517
30,2025-12-30,1053,517
30,2025-12-31,1013,517
30,2026-01-01,995,517
30,2026-01-02,969,517
30,2026-01-03,947,517
30,2026-01-04,931,517
30,2026-01-05,911,517
30,2026-01-06,897,517
30,2026-01-07,878,517
30,2026-01-08,851,517
30,2026-01-09,828,517
30,2026-01-10,811,517
30,2026-01-11,798,517
30,2026-01-12,773,517
30,2026-01-13,743,517
30,2026-01-14,715,517
30,2026-01-15,1142,517
30,2026-01-16,1123,517
30,2026-01-17,1101,517
30,2026-01-18,1089,438
30,2026-01-19,1070,438
30,2026-01-20,1033,438
30,2026-01-21,1009,438
30,2026-01-22,991,438
30,2026-01-23,973,438
30,2026-01-24,947,438
30,2026-01-25,936,438
30,2026-01-26,919,438
30,2026-01-27,893,438
30,2026-01-28,864,438
30,2026-01-29,847,438
30,2026-01-30,822,438
30,2026-01-31,781,438
30,2026-02-01,767,438
30,2026-02-02,746,438
30,2026-02-03,714,438
30,2026-02-04,691,438
30,2026-02-05,667,438
30,2026-02-06,645,438
30,2026-02-07,619,438
30,2026-02-08,608,438
30,2026-02-09,584,438
30,2026-02-10,553,438
30,2026-02-11,922,438
30,2026-02-12,893,438
30,2026-02-13,877,438
30,2026-02-14,855,438
30,2026-02-15,844,438
30,2026-02-16,814,438
30,2026-02-17,792,390
30,2026-02-18,753,390
30,2026-02-19,725,390
30,2026-02-20,698,390
30,2026-02-21,677,390
30,2026-02-22,669,390
30,2026-02-23,648,390
30,2026-02-24,607,390
30,2026-02-25,584,390
30,2026-02-26,545,390
30,2026-02-27,509,390
30,2026-02-28,476,390
30,2026-03-01,454,390
30,2026-03-02,408,390
30,2026-03-03,722,390
30,2026-03-04,681,390
30,2026-03-05,647,390
30,2026-03-06,601,390
30,2026-03-07,578,390
30,2026-03-08,555,390
30,2026-03-09,520,390
30,2026-03-10,487,390
30,2026-03-11,453,390
30,2026-03-12,422,390
30,2026-03-13,390,390
30,2026-03-14,329,390
30,2026-03-15,679,390
30,2026-03-16,656,390
30,2026-03-17,628,390
30,2026-03-18,594,390
30,2026-03-19,568,458
30,2026-03-20,526,458
30,2026-03-21,489,458
30,2026-03-22,475,458
30,2026-03-23,443,458
30,2026-03-24,418,458
30,2026-03-25,366,458
30,2026-03-26,324,458
30,2026-03-27,268,458
30,2026-03-28,249,458
30,2026-03-29,603,458
30,2026-03-30,567,458
30,2026-03-31,540,458
30,2026-04-01,494,458
30,2026-04-02,448,458
30,2026-04-03,409,458
30,2026-04-04,362,458
30,2026-04-05,347,458
30,2026-04-06,310,458
30,2026-04-07,264,458
30,2026-04-08,235,458
30,2026-04-09,192,458
30,2026-04-10,155,458
30,2026-04-11,746,458
30,2026-04-12,726,458
30,2026-04-13,693,458
30,2026-04-14,649,458
30,2026-04-15,616,458
30,2026-04-16,581,458
30,2026-04-17,546,458
30,2026-04-18,514,560
30,2026-04-19,499,560
30,2026-04-20,444,560
30,2026-04-21,409,560
30,2026-04-22,371,560
30,2026-04-23,343,560
30,2026-04-24,790,560
30,2026-04-25,769,560
30,2026-04-26,754,560
30,2026-04-27,703,560
30,2026-04-28,674,560
30,2026-04-29,641,560
30,2026-04-30,586,560
30,2026-05-01,551,560
30,2026-05-02,531,560
30,2026-05-03,515,560
30,2026-05-04,481,560
30,2026-05-05,449,560
30,2026-05-06,417,560
30,2026-05-07,1096,560
30,2026-05-08,1069,560
30,2026-05-09,1047,560
30,2026-05-10,1034,560
30,2026-05-11,1008,560
30,2026-05-12,972,560
30,2026-05-13,944,560
30,2026-05-14,919,560
30,2026-05-15,897,560
30,2026-05-16,870,560
30,2026-05-17,859,560
30,2026-05-18,839,545
30,2026-05-19,815,545
30,2026-05-20,786,545
30,2026-05-21,749,545
30,2026-05-22,1208,545
30,2026-05-23,1191,545
30,2026-05-24,1174,545
30,2026-05-25,1145,545
30,2026-05-26,1125,545
30,2026-05-27,1103,545
30,2026-05-28,1078,545
30,2026-05-29,1052,545
30,2026-05-30,1028,545
30,2026-05-31,1007,545
30,2026-06-01,985,545
30,2026-06-02,955,545
30,2026-06-03,928,545
30,2026-06-04,913,545
30,2026-06-05,891,545
30,2026-06-06,861,545
30,2026-06-07,854,545
30,2026-06-08,829,545
30,2026-06-09,795,545
30,2026-06-10,778,545
30,2026-06-11,743,545
30,2026-06-12,717,545
30,2026-06-13,1204,545
30,2026-06-14,1187,545
30,2026-06-15,1161,545
30,2026-06-16,1141,545
30,2026-06-17,1103,454
30,2026-06-18,1087,454
30,2026-06-19,1048,454
30,2026-06-20,1029,454
30,2026-06-21,1017,454
30,2026-06-22,999,454
30,2026-06-23,975,454
30,2026-06-24,954,454
30,2026-06-25,924,454
30,2026-06-26,894,454
30,2026-06-27,866,454
30,2026-06-28,852,454
30,2026-06-29,827,454
30,2026-06-30,799,454
30,2026-07-01,782,454
30,2026-07-02,751,454
30,2026-07-03,724,454
30,2026-07-04,694,454
30,2026-07-05,675,454
30,2026-07-06,635,454
30,2026-07-07,608,454
30,2026-07-08,580,454
30,2026-07-09,551,454
30,2026-07-10,522,454
30,2026-07-11,495,454
30,2026-07-12,490,454
30,2026-07-13,468,454
30,2026-07-14,868,454
30,2026-07-15,851,454
30,2026-07-16,824,454
30,2026-07-17,806,413
30,2026-07-18,777,413
30,2026-07-19,766,413
30,2026-07-20,740,413
30,2026-07-21,716,413
30,2026-07-22,705,413
30,2026-07-23,687,413
30,2026-07-24,663,413
30,2026-07-25,636,413
30,2026-07-26,613,413
30,2026-07-27,591,413
30,2026-07-28,570,413
30,2026-07-29,547,413
30,2026-07-30,514,413
30,2026-07-31,491,413
30,2026-08-01,473,413
30,2026-08-02,463,413
30,2026-08-03,810,413
30,2026-08-04,780,413
30,2026-08-05,745,413
30,2026-08-06,724,413
30,2026-08-07,693,413
30,2026-08-08,662,413
30,2026-08-09,646,413
30,2026-08-10,609,413
30,2026-08-11,583,413
30,2026-08-12,551,413
30,2026-08-13,512,413
30,2026-08-14,488,413
30,2026-08-15,470,413
30,2026-08-16,464,414
30,2026-08-17,829,414
30,2026-08-18,794,414
30,2026-08-19,773,414
30,2026-08-20,739,414
30,2026-08-21,711,414
30,2026-08-22,685,414
30,2026-08-23,673,414
30,2026-08-24,642,414
30,2026-08-25,618,414
30,2026-08-26,596,414
30,2026-08-27,560,414
30,2026-08-28,536,414
30,2026-08-29,512,414
30,2026-08-30,503,414
30,2026-08-31,469,414
30,2026-09-01,805,414
30,2026-09-02,759,414
30,2026-09-03,722,414
30,2026-09-04,684,414
30,2026-09-05,647,414
30,2026-09-06,615,414
30,2026-09-07,569,414
30,2026-09-08,512,414
30,2026-09-09,480,414
30,2026-09-10,451,414
30,2026-09-11,416,414
30,2026-09-12,385,414
30,2026-09-13,372,414
30,2026-09-14,336,414
30,2026-09-15,682,457
30,2026-09-16,653,457
30,2026-09-17,606,457
30,2026-09-18,579,457
30,2026-09-19,544,457
30,2026-09-20,523,457
30,2026-09-21,487,457
30,2026-09-22,426,457
30,2026-09-23,395,457
30,2026-09-24,351,457
30,2026-09-25,310,457
30,2026-09-26,818,457
30,2026-09-27,805,457
30,2026-09-28,764,457
30,2026-09-29,728,457
30,2026-09-30,686,457
31,2023-10-01,352,264
31,2023-10-02,333,264
31,2023-10-03,313,264
31,2023-10-04,293,264
31,2023-10-05,279,264
31,2023-10-06,259,264
31,2023-10-07,242,264
31,2023-10-08,234,264
31,2023-10-09,215,264
31,2023-10-10,184,264
31,2023-10-11,169,264
31,2023-10-12,151,264
31,2023-10-13,138,264
31,2023-10-14,123,264
31,2023-10-15,106,264
31,2023-10-16,82,264
31,2023-10-17,58,264
31,2023-10-18,35,264
31,2023-10-19,10,264
31,2023-10-20,115,264
31,2023-10-21,99,264
31,2023-10-22,88,264
31,2023-10-23,69,264
31,2023-10-24,45,264
31,2023-10-25,23,264
31,2023-10-26,9,264
31,2023-10-27,0,264
31,2023-10-28,0,264
31,2023-10-29,0,264
31,2023-10-30,0,264
31,2023-10-31,0,264
31,2023-11-01,227,264
31,2023-11-02,209,264
31,2023-11-03,197,264
31,2023-11-04,172,264
31,2023-11-05,161,264
31,2023-11-06,144,264
31,2023-11-07,123,264
31,2023-11-08,110,264
31,2023-11-09,85,264
31,2023-11-10,67,264
31,2023-11-11,55,264
31,2023-11-12,44,264
31,2023-11-13,34,264
31,2023-11-14,18,264
31,2023-11-15,125,264
31,2023-11-16,102,264
31,2023-11-17,80,264
31,2023-11-18,65,264
31,2023-11-19,54,264
31,2023-11-20,28,264
31,2023-11-21,18,264
31,2023-11-22,0,264
31,2023-11-23,0,264
31,2023-11-24,0,264
31,2023-11-25,0,264
31,2023-11-26,233,264
31,2023-11-27,220,264
31,2023-11-28,193,264
31,2023-11-29,171,264
31,2023-11-30,152,310
31,2023-12-01,138,310
31,2023-12-02,128,310
31,2023-12-03,116,310
31,2023-12-04,101,310
31,2023-12-05,87,310
31,2023-12-06,78,310
31,2023-12-07,65,310
31,2023-12-08,50,310
31,2023-12-09,41,310
31,2023-12-10,168,310
31,2023-12-11,141,310
31,2023-12-12,123,310
31,2023-12-13,100,310
31,2023-12-14,91,310
31,2023-12-15,78,310
31,2023-12-16,61,310
31,2023-12-17,54,310
31,2023-12-18,37,310
31,2023-12-19,15,310
31,2023-12-20,7,310
31,2023-12-21,0,310
31,2023-12-22,0,310
31,2023-12-23,0,310
31,2023-12-24,252,310
31,2023-12-25,229,310
31,2023-12-26,213,310
31,2023-12-27,198,310
31,2023-12-28,182,310
31,2023-12-29,171,310
31,2023-12-30,159,276
31,2023-12-31,152,276
31,2024-01-01,126,276
31,2024-01-02,117,276
31,2024-01-03,105,276
31,2024-01-04,270,276
31,2024-01-05,257,276
31,2024-01-06,248,276
31,2024-01-07,244,276
31,2024-01-08,233,276
31,2024-01-09,213,276
31,2024-01-10,193,276
31,2024-01-11,180,276
31,2024-01-12,172,276
31,2024-01-13,164,276
31,2024-01-14,161,276
31,2024-01-15,151,276
31,2024-01-16,127,276
31,2024-01-17,245,276
31,2024-01-18,226,276
31,2024-01-19,218,276
31,2024-01-20,203,276
31,2024-01-21,195,276
31,2024-01-22,173,276
31,2024-01-23,156,276
31,2024-01-24,142,276
31,2024-01-25,126,276
31,2024-01-26,121,276
31,2024-01-27,105,276
31,2024-01-28,234,276
31,2024-01-29,220,228
31,2024-01-30,210,228
31,2024-01-31,198,228
31,2024-02-01,186,228
31,2024-02-02,170,228
31,2024-02-03,160,228
31,2024-02-04,155,228
31,2024-02-05,135,228
31,2024-02-06,113,228
31,2024-02-07,94,228
31,2024-02-08,224,228
31,2024-02-09,205,228
31,2024-02-10,192,228
31,2024-02-11,187,228
31,2024-02-12,175,228
31,2024-02-13,154,228
31,2024-02-14,139,228
31,2024-02-15,133,228
31,2024-02-16,123,228
31,2024-02-17,110,228
31,2024-02-18,106,228
31,2024-02-19,91,228
31,2024-02-20,76,228
31,2024-02-21,66,228
31,2024-02-22,55,228
31,2024-02-23,147,228
31,2024-02-24,134,228
31,2024-02-25,133,228
31,2024-02-26,124,228
31,2024-02-27,105,228
31,2024-02-28,96,215
31,2024-02-29,85,215
31,2024-03-01,59,215
31,2024-03-02,45,215
31,2024-03-03,39,215
31,2024-03-04,19,215
31,2024-03-05,4,215
31,2024-03-06,0,215
31,2024-03-07,160,215
31,2024-03-08,143,215
31,2024-03-09,122,215
31,2024-03-10,108,215
31,2024-03-11,85,215
31,2024-03-12,70,215
31,2024-03-13,47,215
31,2024-03-14,24,215
31,2024-03-15,2,215
31,2024-03-16,0,215
31,2024-03-17,0,215
31,2024-03-18,0,215
31,2024-03-19,123,215
31,2024-03-20,98,215
31,2024-03-21,70,215
31,2024-03-22,53,215
31,2024-03-23,44,215
31,2024-03-24,28,215
31,2024-03-25,0,215
31,2024-03-26,0,215
31,2024-03-27,0,215
31,2024-03-28,0,215
31,2024-03-29,0,260
31,2024-03-30,0,260
31,2024-03-31,167,260
31,2024-04-01,153,260
31,2024-04-02,131,260
31,2024-04-03,103,260
31,2024-04-04,78,260
31,2024-04-05,56,260
31,2024-04-06,48,260
31,2024-04-07,43,260
31,2024-04-08,29,260
31,2024-04-09,6,260
31,2024-04-10,0,260
31,2024-04-11,172,260
31,2024-04-12,150,260
31,2024-04-13,128,260
31,2024-04-14,122,260
31,2024-04-15,100,260
31,2024-04-16,76,260
31,2024-04-17,58,260
31,2024-04-18,40,260
31,2024-04-19,18,260
31,2024-04-20,9,260
31,2024-04-21,1,260
31,2024-04-22,166,260
31,2024-04-23,148,260
31,2024-04-24,130,260
31,2024-04-25,104,260
31,2024-04-26,80,260
31,2024-04-27,64,260
31,2024-04-28,59,304
31,2024-04-29,36,304
31,2024-04-30,22,304
31,2024-05-01,8,304
31,2024-05-02,0,304
31,2024-05-03,0,304
31,2024-05-04,178,304
31,2024-05-05,170,304
31,2024-05-06,158,304
31,2024-05-07,145,304
31,2024-05-08,125,304
31,2024-05-09,112,304
31,2024-05-10,102,304
31,2024-05-11,92,304
31,2024-05-12,83,304
31,2024-05-13,66,304
31,2024-05-14,46,304
31,2024-05-15,24,304
31,2024-05-16,9,304
31,2024-05-17,0,304
31,2024-05-18,224,304
31,2024-05-19,220,304
31,2024-05-20,201,304
31,2024-05-21,188,304
31,2024-05-22,176,304
31,2024-05-23,162,304
31,2024-05-24,142,304
31,2024-05-25,133,304
31,2024-05-26,129,304
31,2024-05-27,116,304
31,2024-05-28,102,265
31,2024-05-29,289,265
31,2024-05-30,275,265
31,2024-05-31,258,265
31,2024-06-01,247,265
31,2024-06-02,241,265
31,2024-06-03,222,265
31,2024-06-04,208,265
31,2024-06-05,194,265
31,2024-06-06,180,265
31,2024-06-07,166,265
31,2024-06-08,157,265
31,2024-06-09,153,265
31,2024-06-10,145,265
31,2024-06-11,133,265
31,2024-06-12,115,265
31,2024-06-13,107,265
31,2024-06-14,94,265
31,2024-06-15,231,265
31,2024-06-16,221,265
31,2024-06-17,212,265
31,2024-06-18,199,265
31,2024-06-19,191,265
31,2024-06-20,187,265
31,2024-06-21,173,265
31,2024-06-22,166,265
31,2024-06-23,159,265
31,2024-06-24,145,265
31,2024-06-25,123,265
31,2024-06-26,113,265
31,2024-06-27,227,209
31,2024-06-28,218,209
31,2024-06-29,210,209
31,2024-06-30,201,209
31,2024-07-01,190,209
31,2024-07-02,186,209
31,2024-07-03,171,209
31,2024-07-04,166,209
31,2024-07-05,155,209
31,2024-07-06,145,209
31,2024-07-07,135,209
31,2024-07-08,119,209
31,2024-07-09,98,209
31,2024-07-10,85,209
31,2024-07-11,69,209
31,2024-07-12,57,209
31,2024-07-13,151,209
31,2024-07-14,147,209
31,2024-07-15,134,209
31,2024-07-16,120,209
31,2024-07-17,108,209
31,2024-07-18,97,209
31,2024-07-19,81,209
31,2024-07-20,68,209
31,2024-07-21,64,209
31,2024-07-22,51,209
31,2024-07-23,39,209
31,2024-07-24,23,209
31,2024-07-25,8,209
31,2024-07-26,0,209
31,2024-07-27,129,195
31,2024-07-28,124,195
31,2024-07-29,114,195
31,2024-07-30,99,195
31,2024-07-31,92,195
31,2024-08-01,66,195
31,2024-08-02,62,195
31,2024-08-03,54,195
31,2024-08-04,47,195
31,2024-08-05,34,195
31,2024-08-06,23,195
31,2024-08-07,14,195
31,2024-08-08,5,195
31,2024-08-09,0,195
31,2024-08-10,125,195
31,2024-08-11,119,195
31,2024-08-12,105,195
31,2024-08-13,92,195
31,2024-08-14,70,195
31,2024-08-15,56,195
31,2024-08-16,40,195
31,2024-08-17,24,195
31,2024-08-18,19,195
31,2024-08-19,8,195
31,2024-08-20,0,195
31,2024-08-21,0,195
31,2024-08-22,128,195
31,2024-08-23,118,195
31,2024-08-24,108,195
31,2024-08-25,104,195
31,2024-08-26,90,199
31,2024-08-27,71,199
31,2024-08-28,57,199
31,2024-08-29,39,199
31,2024-08-30,29,199
31,2024-08-31,15,199
31,2024-09-01,0,199
31,2024-09-02,0,199
31,2024-09-03,0,199
31,2024-09-04,0,199
31,2024-09-05,119,199
31,2024-09-06,104,199
31,2024-09-07,95,199
31,2024-09-08,85,199
31,2024-09-09,71,199
31,2024-09-10,56,199
31,2024-09-11,29,199
31,2024-09-12,12,199
31,2024-09-13,2,199
31,2024-09-14,0,199
31,2024-09-15,0,199
31,2024-09-16,131,199
31,2024-09-17,113,199
31,2024-09-18,94,199
31,2024-09-19,66,199
31,2024-09-20,38,199
31,2024-09-21,22,199
31,2024-09-22,10,199
31,2024-09-23,0,199
31,2024-09-24,0,199
31,2024-09-25,0,248
31,2024-09-26,0,248
31,2024-09-27,0,248
31,2024-09-28,0,248
31,2024-09-29,0,248
31,2024-09-30,124,248
31,2024-10-01,90,248
31,2024-10-02,75,248
31,2024-10-03,49,248
31,2024-10-04,27,248
31,2024-10-05,0,248
31,2024-10-06,0,248
31,2024-10-07,0,248
31,2024-10-08,0,248
31,2024-10-09,0,248
31,2024-10-10,0,248
31,2024-10-11,0,248
31,2024-10-12,0,248
31,2024-10-13,0,248
31,2024-10-14,210,248
31,2024-10-15,191,248
31,2024-10-16,175,248
31,2024-10-17,154,248
31,2024-10-18,133,248
31,2024-10-19,114,248
31,2024-10-20,106,248
31,2024-10-21,79,248
31,2024-10-22,62,248
31,2024-10-23,38,248
31,2024-10-24,13,248
31,2024-10-25,0,314
31,2024-10-26,113,314
31,2024-10-27,103,314
31,2024-10-28,76,314
31,2024-10-29,54,314
31,2024-10-30,33,314
31,2024-10-31,8,314
31,2024-11-01,0,314
31,2024-11-02,0,314
31,2024-11-03,0,314
31,2024-11-04,0,314
31,2024-11-05,0,314
31,2024-11-06,0,314
31,2024-11-07,288,314
31,2024-11-08,267,314
31,2024-11-09,254,314
31,2024-11-10,248,314
31,2024-11-11,227,314
31,2024-11-12,203,314
31,2024-11-13,191,314
31,2024-11-14,181,314
31,2024-11-15,157,314
31,2024-11-16,143,314
31,2024-11-17,136,314
31,2024-11-18,112,314
31,2024-11-19,96,314
31,2024-11-20,76,314
31,2024-11-21,57,314
31,2024-11-22,196,314
31,2024-11-23,180,314
31,2024-11-24,170,326
31,2024-11-25,159,326
31,2024-11-26,135,326
31,2024-11-27,112,326
31,2024-11-28,99,326
31,2024-11-29,74,326
31,2024-11-30,57,326
31,2024-12-01,51,326
31,2024-12-02,36,326
31,2024-12-03,20,326
31,2024-12-04,9,326
31,2024-12-05,0,326
31,2024-12-06,214,326
31,2024-12-07,207,326
31,2024-12-08,199,326
31,2024-12-09,186,326
31,2024-12-10,165,326
31,2024-12-11,140,326
31,2024-12-12,121,326
31,2024-12-13,114,326
31,2024-12-14,110,326
31,2024-12-15,98,326
31,2024-12-16,90,326
31,2024-12-17,78,326
31,2024-12-18,297,326
31,2024-12-19,287,326
31,2024-12-20,270,326
31,2024-12-21,259,326
31,2024-12-22,251,326
31,2024-12-23,235,326
31,2024-12-24,213,280
31,2024-12-25,194,280
31,2024-12-26,180,280
31,2024-12-27,168,280
31,2024-12-28,148,280
31,2024-12-29,139,280
31,2024-12-30,127,280
31,2024-12-31,107,280
31,2025-01-01,94,280
31,2025-01-02,239,280
31,2025-01-03,227,280
31,2025-01-04,218,280
31,2025-01-05,212,280
31,2025-01-06,198,280
31,2025-01-07,186,280
31,2025-01-08,173,280
31,2025-01-09,160,280
31,2025-01-10,157,280
31,2025-01-11,145,280
31,2025-01-12,139,280
31,2025-01-13,269,280
31,2025-01-14,258,280
31,2025-01-15,243,280
31,2025-01-16,232,280
31,2025-01-17,222,280
31,2025-01-18,207,280
31,2025-01-19,203,280
31,2025-01-20,184,280
31,2025-01-21,176,280
31,2025-01-22,155,280
31,2025-01-23,142,229
31,2025-01-24,128,229
31,2025-01-25,113,229
31,2025-01-26,104,229
31,2025-01-27,94,229
31,2025-01-28,222,229
31,2025-01-29,213,229
31,2025-01-30,198,229
31,2025-01-31,190,229
31,2025-02-01,173,229
31,2025-02-02,165,229
31,2025-02-03,147,229
31,2025-02-04,128,229
31,2025-02-05,112,229
31,2025-02-06,101,229
31,2025-02-07,80,229
31,2025-02-08,66,229
31,2025-02-09,61,229
31,2025-02-10,47,229
31,2025-02-11,151,229
31,2025-02-12,139,229
31,2025-02-13,124,229
31,2025-02-14,114,229
31,2025-02-15,106,229
31,2025-02-16,97,229
31,2025-02-17,85,229
31,2025-02-18,74,229
31,2025-02-19,61,229
31,2025-02-20,44,229
31,2025-02-21,27,229
31,2025-02-22,8,219
31,2025-02-23,165,219
31,2025-02-24,148,219
31,2025-02-25,132,219
31,2025-02-26,114,219
31,2025-02-27,97,219
31,2025-02-28,78,219
31,2025-03-01,60,219
31,2025-03-02,48,219
31,2025-03-03,35,219
31,2025-03-04,15,219
31,2025-03-05,1,219
31,2025-03-06,0,219
31,2025-03-07,112,219
31,2025-03-08,97,219
31,2025-03-09,86,219
31,2025-03-10,63,219
31,2025-03-11,41,219
31,2025-03-12,23,219
31,2025-03-13,3,219
31,2025-03-14,0,219
31,2025-03-15,0,219
31,2025-03-16,0,219
31,2025-03-17,0,219
31,2025-03-18,0,219
31,2025-03-19,0,219
31,2025-03-20,0,219
31,2025-03-21,172,219
31,2025-03-22,148,219
31,2025-03-23,139,219
31,2025-03-24,118,249
31,2025-03-25,108,249
31,2025-03-26,96,249
31,2025-03-27,83,249
31,2025-03-28,67,249
31,2025-03-29,49,249
31,2025-03-30,33,249
31,2025-03-31,15,249
31,2025-04-01,0,249
31,2025-04-02,0,249
31,2025-04-03,116,249
31,2025-04-04,93,249
31,2025-04-05,71,249
31,2025-04-06,56,249
31,2025-04-07,47,249
31,2025-04-08,24,249
31,2025-04-09,2,249
31,2025-04-10,0,249
31,2025-04-11,0,249
31,2025-04-12,0,249
31,2025-04-13,0,249
31,2025-04-14,0,249
31,2025-04-15,207,249
31,2025-04-16,189,249
31,2025-04-17,171,249
31,2025-04-18,157,249
31,2025-04-19,141,249
31,2025-04-20,132,249
31,2025-04-21,118,249
31,2025-04-22,110,249
31,2025-04-23,77,278
31,2025-04-24,53,278
31,2025-04-25,24,278
31,2025-04-26,145,278
31,2025-04-27,134,278
31,2025-04-28,114,278
31,2025-04-29,100,278
31,2025-04-30,78,278
31,2025-05-01,53,278
31,2025-05-02,32,278
31,2025-05-03,25,278
31,2025-05-04,18,278
31,2025-05-05,5,278
31,2025-05-06,0,278
31,2025-05-07,0,278
31,2025-05-08,0,278
31,2025-05-09,0,278
31,2025-05-10,224,278
31,2025-05-11,216,278
31,2025-05-12,203,278
31,2025-05-13,189,278
31,2025-05-14,178,278
31,2025-05-15,164,278
31,2025-05-16,144,278
31,2025-05-17,135,278
31,2025-05-18,122,278
31,2025-05-19,110,278
31,2025-05-20,94,278
31,2025-05-21,242,278
31,2025-05-22,225,278
31,2025-05-23,213,269
31,2025-05-24,199,269
31,2025-05-25,191,269
31,2025-05-26,170,269
31,2025-05-27,159,269
31,2025-05-28,146,269
31,2025-05-29,126,269
31,2025-05-30,111,269
31,2025-05-31,99,269
31,2025-06-01,93,269
31,2025-06-02,219,269
31,2025-06-03,203,269
31,2025-06-04,195,269
31,2025-06-05,180,269
31,2025-06-06,175,269
31,2025-06-07,162,269
31,2025-06-08,154,269
31,2025-06-09,142,269
31,2025-06-10,133,269
31,2025-06-11,124,269
31,2025-06-12,121,269
31,2025-06-13,254,269
31,2025-06-14,241,269
31,2025-06-15,232,269
31,2025-06-16,222,269
31,2025-06-17,211,269
31,2025-06-18,203,269
31,2025-06-19,190,269
31,2025-06-20,183,269
31,2025-06-21,169,269
31,2025-06-22,162,229
31,2025-06-23,157,229
31,2025-06-24,143,229
31,2025-06-25,125,229
31,2025-06-26,246,229
31,2025-06-27,235,229
31,2025-06-28,222,229
31,2025-06-29,217,229
31,2025-06-30,206,229
31,2025-07-01,193,229
31,2025-07-02,182,229
31,2025-07-03,166,229
31,2025-07-04,154,229
31,2025-07-05,145,229
31,2025-07-06,142,229
31,2025-07-07,124,229
31,2025-07-08,113,229
31,2025-07-09,98,229
31,2025-07-10,84,229
31,2025-07-11,72,229
31,2025-07-12,58,229
31,2025-07-13,51,229
31,2025-07-14,148,229
31,2025-07-15,138,229
31,2025-07-16,123,229
31,2025-07-17,115,229
31,2025-07-18,106,229
31,2025-07-19,95,229
31,2025-07-20,92,229
31,2025-07-21,82,229
31,2025-07-22,73,191
31,2025-07-23,66,191
31,2025-07-24,59,191
31,2025-07-25,47,191
31,2025-07-26,42,191
31,2025-07-27,39,191
31,2025-07-28,196,191
31,2025-07-29,177,191
31,2025-07-30,157,191
31,2025-07-31,146,191
31,2025-08-01,131,191
31,2025-08-02,111,191
31,2025-08-03,95,191
31,2025-08-04,76,191
31,2025-08-05,71,191
31,2025-08-06,66,191
31,2025-08-07,52,191
31,2025-08-08,42,191
31,2025-08-09,20,191
31,2025-08-10,13,191
31,2025-08-11,0,191
31,2025-08-12,0,191
31,2025-08-13,93,191
31,2025-08-14,78,191
31,2025-08-15,66,191
31,2025-08-16,49,191
31,2025-08-17,42,191
31,2025-08-18,31,191
31,2025-08-19,17,191
31,2025-08-20,6,191
31,2025-08-21,0,197
31,2025-08-22,0,197
31,2025-08-23,0,197
31,2025-08-24,0,197
31,2025-08-25,0,197
31,2025-08-26,0,197
31,2025-08-27,156,197
31,2025-08-28,144,197
31,2025-08-29,127,197
31,2025-08-30,123,197
31,2025-08-31,117,197
31,2025-09-01,97,197
31,2025-09-02,72,197
31,2025-09-03,63,197
31,2025-09-04,39,197
31,2025-09-05,23,197
31,2025-09-06,6,197
31,2025-09-07,119,197
31,2025-09-08,96,197
31,2025-09-09,81,197
31,2025-09-10,59,197
31,2025-09-11,36,197
31,2025-09-12,16,197
31,2025-09-13,0,197
31,2025-09-14,0,197
31,2025-09-15,0,197
31,2025-09-16,0,197
31,2025-09-17,0,197
31,2025-09-18,0,197
31,2025-09-19,127,197
31,2025-09-20,114,237
31,2025-09-21,106,237
31,2025-09-22,88,237
31,2025-09-23,75,237
31,2025-09-24,49,237
31,2025-09-25,30,237
31,2025-09-26,15,237
31,2025-09-27,5,237
31,2025-09-28,0,237
31,2025-09-29,0,237
31,2025-09-30,0,237
31,2025-10-01,0,237
31,2025-10-02,0,237
31,2025-10-03,126,237
31,2025-10-04,109,237
31,2025-10-05,93,237
31,2025-10-06,66,237
31,2025-10-07,39,237
31,2025-10-08,22,237
31,2025-10-09,0,237
31,2025-10-10,0,237
31,2025-10-11,0,237
31,2025-10-12,0,237
31,2025-10-13,0,237
31,2025-10-14,0,237
31,2025-10-15,0,237
31,2025-10-16,172,237
31,2025-10-17,155,237
31,2025-10-18,133,237
31,2025-10-19,125,237
31,2025-10-20,103,285
31,2025-10-21,83,285
31,2025-10-22,68,285
31,2025-10-23,48,285
31,2025-10-24,28,285
31,2025-10-25,12,285
31,2025-10-26,4,285
31,2025-10-27,0,285
31,2025-10-28,136,285
31,2025-10-29,118,285
31,2025-10-30,95,285
31,2025-10-31,75,285
31,2025-11-01,65,285
31,2025-11-02,58,285
31,2025-11-03,40,285
31,2025-11-04,22,285
31,2025-11-05,2,285
31,2025-11-06,0,285
31,2025-11-07,0,285
31,2025-11-08,0,285
31,2025-11-09,0,285
31,2025-11-10,0,285
31,2025-11-11,236,285
31,2025-11-12,222,285
31,2025-11-13,200,285
31,2025-11-14,186,285
31,2025-11-15,165,285
31,2025-11-16,152,285
31,2025-11-17,118,285
31,2025-11-18,102,285
31,2025-11-19,85,305
31,2025-11-20,68,305
31,2025-11-21,45,305
31,2025-11-22,30,305
31,2025-11-23,177,305
31,2025-11-24,167,305
31,2025-11-25,146,305
31,2025-11-26,127,305
31,2025-11-27,109,305
31,2025-11-28,93,305
31,2025-11-29,71,305
31,2025-11-30,64,305
31,2025-12-01,42,305
31,2025-12-02,26,305
31,2025-12-03,14,305
31,2025-12-04,0,305
31,2025-12-05,229,305
31,2025-12-06,216,305
31,2025-12-07,210,305
31,2025-12-08,190,305
31,2025-12-09,170,305
31,2025-12-10,148,305
31,2025-12-11,130,305
31,2025-12-12,112,305
31,2025-12-13,101,305
31,2025-12-14,95,305
31,2025-12-15,75,305
31,2025-12-16,65,305
31,2025-12-17,53,305
31,2025-12-18,42,305
31,2025-12-19,225,282
31,2025-12-20,215,282
31,2025-12-21,207,282
31,2025-12-22,197,282
31,2025-12-23,186,282
31,2025-12-24,171,282
31,2025-12-25,156,282
31,2025-12-26,136,282
31,2025-12-27,122,282
31,2025-12-28,114,282
31,2025-12-29,107,282
31,2025-12-30,93,282
31,2025-12-31,85,282
31,2026-01-01,74,282
31,2026-01-02,217,282
31,2026-01-03,209,282
31,2026-01-04,202,282
31,2026-01-05,191,282
31,2026-01-06,179,282
31,2026-01-07,167,282
31,2026-01-08,146,282
31,2026-01-09,139,282
31,2026-01-10,132,282
31,2026-01-11,124,282
31,2026-01-12,114,282
31,2026-01-13,88,282
31,2026-01-14,78,282
31,2026-01-15,236,282
31,2026-01-16,224,282
31,2026-01-17,213,282
31,2026-01-18,208,230
31,2026-01-19,194,230
31,2026-01-20,178,230
31,2026-01-21,164,230
31,2026-01-22,155,230
31,2026-01-23,141,230
31,2026-01-24,134,230
31,2026-01-25,128,230
31,2026-01-26,117,230
31,2026-01-27,111,230
31,2026-01-28,249,230
31,2026-01-29,228,230
31,2026-01-30,213,230
31,2026-01-31,204,230
31,2026-02-01,194,230
31,2026-02-02,178,230
31,2026-02-03,163,230
31,2026-02-04,147,230
31,2026-02-05,130,230
31,2026-02-06,116,230
31,2026-02-07,104,230
31,2026-02-08,101,230
31,2026-02-09,87,230
31,2026-02-10,74,230
31,2026-02-11,59,230
31,2026-02-12,158,230
31,2026-02-13,145,230
31,2026-02-14,135,230
31,2026-02-15,129,230
31,2026-02-16,120,230
31,2026-02-17,107,201
31,2026-02-18,92,201
31,2026-02-19,81,201
31,2026-02-20,65,201
31,2026-02-21,58,201
31,2026-02-22,47,201
31,2026-02-23,31,201
31,2026-02-24,17,201
31,2026-02-25,159,201
31,2026-02-26,154,201
31,2026-02-27,137,201
31,2026-02-28,122,201
31,2026-03-01,118,201
31,2026-03-02,96,201
31,2026-03-03,86,201
31,2026-03-04,75,201
31,2026-03-05,50,201
31,2026-03-06,34,201
31,2026-03-07,15,201
31,2026-03-08,122,201
31,2026-03-09,99,201
31,2026-03-10,76,201
31,2026-03-11,60,201
31,2026-03-12,49,201
31,2026-03-13,25,201
31,2026-03-14,12,201
31,2026-03-15,5,201
31,2026-03-16,0,201
31,2026-03-17,0,201
31,2026-03-18,0,201
31,2026-03-19,0,224
31,2026-03-20,147,224
31,2026-03-21,132,224
31,2026-03-22,121,224
31,2026-03-23,106,224
31,2026-03-24,79,224
31,2026-03-25,56,224
31,2026-03-26,40,224
31,2026-03-27,20,224
31,2026-03-28,2,224
31,2026-03-29,0,224
31,2026-03-30,0,224
31,2026-03-31,0,224
31,2026-04-01,0,224
31,2026-04-02,146,224
31,2026-04-03,126,224
31,2026-04-04,110,224
31,2026-04-05,102,224
31,2026-04-06,89,224
31,2026-04-07,72,224
31,2026-04-08,56,224
31,2026-04-09,21,224
31,2026-04-10,3,224
31,2026-04-11,0,224
31,2026-04-12,0,224
31,2026-04-13,0,224
31,2026-04-14,0,224
31,2026-04-15,136,224
31,2026-04-16,114,224
31,2026-04-17,92,224
31,2026-04-18,69,272
31,2026-04-19,61,272
31,2026-04-20,42,272
31,2026-04-21,21,272
31,2026-04-22,0,272
31,2026-04-23,0,272
31,2026-04-24,0,272
31,2026-04-25,0,272
31,2026-04-26,165,272
31,2026-04-27,136,272
31,2026-04-28,114,272
31,2026-04-29,94,272
31,2026-04-30,76,272
31,2026-05-01,65,272
31,2026-05-02,55,272
31,2026-05-03,47,272
31,2026-05-04,33,272
31,2026-05-05,18,272
31,2026-05-06,0,272
31,2026-05-07,0,272
31,2026-05-08,0,272
31,2026-05-09,0,272
31,2026-05-10,201,272
31,2026-05-11,187,272
31,2026-05-12,170,272
31,2026-05-13,162,272
31,2026-05-14,152,272
31,2026-05-15,139,272
31,2026-05-16,127,272
31,2026-05-17,123,272
31,2026-05-18,117,275
31,2026-05-19,104,275
31,2026-05-20,89,275
31,2026-05-21,246,275
31,2026-05-22,227,275
31,2026-05-23,205,275
31,2026-05-24,200,275
31,2026-05-25,187,275
31,2026-05-26,172,275
31,2026-05-27,158,275
31,2026-05-28,148,275
31,2026-05-29,129,275
31,2026-05-30,120,275
31,2026-05-31,110,275
31,2026-06-01,231,275
31,2026-06-02,214,275
31,2026-06-03,203,275
31,2026-06-04,193,275
31,2026-06-05,178,275
31,2026-06-06,168,275
31,2026-06-07,160,275
31,2026-06-08,145,275
31,2026-06-09,130,275
31,2026-06-10,120,275
31,2026-06-11,109,275
31,2026-06-12,95,275
31,2026-06-13,233,275
31,2026-06-14,226,275
31,2026-06-15,208,275
31,2026-06-16,198,275
31,2026-06-17,181,233
31,2026-06-18,164,233
31,2026-06-19,153,233
31,2026-06-20,135,233
31,2026-06-21,130,233
31,2026-06-22,114,233
31,2026-06-23,100,233
31,2026-06-24,234,233
31,2026-06-25,223,233
31,2026-06-26,217,233
31,2026-06-27,209,233
31,2026-06-28,204,233
31,2026-06-29,192,233
31,2026-06-30,183,233
31,2026-07-01,176,233
31,2026-07-02,162,233
31,2026-07-03,151,233
31,2026-07-04,136,233
31,2026-07-05,131,233
31,2026-07-06,116,233
31,2026-07-07,102,233
31,2026-07-08,83,233
31,2026-07-09,182,233
31,2026-07-10,170,233
31,2026-07-11,160,233
31,2026-07-12,150,233
31,2026-07-13,136,233
31,2026-07-14,123,233
31,2026-07-15,110,233
31,2026-07-16,96,233
31,2026-07-17,84,208
31,2026-07-18,77,208
31,2026-07-19,73,208
31,2026-07-20,65,208
31,2026-07-21,196,208
31,2026-07-22,185,208
31,2026-07-23,172,208
31,2026-07-24,157,208
31,2026-07-25,142,208
31,2026-07-26,135,208
31,2026-07-27,124,208
31,2026-07-28,107,208
31,2026-07-29,95,208
31,2026-07-30,87,208
31,2026-07-31,77,208
31,2026-08-01,66,208
31,2026-08-02,59,208
31,2026-08-03,142,208
31,2026-08-04,119,208
31,2026-08-05,103,208
31,2026-08-06,85,208
31,2026-08-07,75,208
31,2026-08-08,61,208
31,2026-08-09,55,208
31,2026-08-10,41,208
31,2026-08-11,21,208
31,2026-08-12,13,208
31,2026-08-13,0,208
31,2026-08-14,133,208
31,2026-08-15,128,208
31,2026-08-16,120,202
31,2026-08-17,106,202
31,2026-08-18,94,202
31,2026-08-19,83,202
31,2026-08-20,69,202
31,2026-08-21,58,202
31,2026-08-22,43,202
31,2026-08-23,37,202
31,2026-08-24,20,202
31,2026-08-25,6,202
31,2026-08-26,148,202
31,2026-08-27,135,202
31,2026-08-28,127,202
31,2026-08-29,125,202
31,2026-08-30,120,202
31,2026-08-31,106,202
31,2026-09-01,83,202
31,2026-09-02,67,202
31,2026-09-03,48,202
31,2026-09-04,20,202
31,2026-09-05,3,202
31,2026-09-06,121,202
31,2026-09-07,110,202
31,2026-09-08,95,202
31,2026-09-09,79,202
31,2026-09-10,59,202
31,2026-09-11,36,202
31,2026-09-12,26,202
31,2026-09-13,23,202
31,2026-09-14,13,202
31,2026-09-15,0,213
31,2026-09-16,0,213
31,2026-09-17,0,213
31,2026-09-18,134,213
31,2026-09-19,124,213
31,2026-09-20,116,213
31,2026-09-21,105,213
31,2026-09-22,86,213
31,2026-09-23,67,213
31,2026-09-24,48,213
31,2026-09-25,34,213
31,2026-09-26,22,213
31,2026-09-27,10,213
31,2026-09-28,0,213
31,2026-09-29,0,213
31,2026-09-30,0,213
32,2023-10-01,1529,373
32,2023-10-02,1510,373
32,2023-10-03,1497,373
32,2023-10-04,1477,373
32,2023-10-05,1459,373
32,2023-10-06,1439,373
32,2023-10-07,1418,373
32,2023-10-08,1413,373
32,2023-10-09,1386,373
32,2023-10-10,1359,373
32,2023-10-11,1331,373
32,2023-10-12,1308,373
32,2023-10-13,1294,373
32,2023-10-14,1272,373
32,2023-10-15,1265,373
32,2023-10-16,1251,373
32,2023-10-17,1240,373
32,2023-10-18,1225,373
32,2023-10-19,1205,373
32,2023-10-20,1184,373
32,2023-10-21,1171,373
32,2023-10-22,1163,373
32,2023-10-23,1148,373
32,2023-10-24,1127,373
32,2023-10-25,1107,373
32,2023-10-26,1083,373
32,2023-10-27,1064,373
32,2023-10-28,1049,373
32,2023-10-29,1045,373
32,2023-10-30,1028,373
32,2023-10-31,1010,373
32,2023-11-01,1001,373
32,2023-11-02,980,373
32,2023-11-03,953,373
32,2023-11-04,943,373
32,2023-11-05,932,373
32,2023-11-06,914,373
32,2023-11-07,898,373
32,2023-11-08,880,373
32,2023-11-09,874,373
32,2023-11-10,855,373
32,2023-11-11,841,373
32,2023-11-12,838,373
32,2023-11-13,823,373
32,2023-11-14,804,373
32,2023-11-15,791,373
32,2023-11-16,774,373
32,2023-11-17,756,373
32,2023-11-18,747,373
32,2023-11-19,736,373
32,2023-11-20,717,373
32,2023-11-21,690,373
32,2023-11-22,673,373
32,2023-11-23,656,373
32,2023-11-24,636,373
32,2023-11-25,618,373
32,2023-11-26,610,373
32,2023-11-27,600,373
32,2023-11-28,585,373
32,2023-11-29,567,373
32,2023-11-30,548,487
32,2023-12-01,535,487
32,2023-12-02,526,487
32,2023-12-03,517,487
32,2023-12-04,510,487
32,2023-12-05,497,487
32,2023-12-06,486,487
32,2023-12-07,467,487
32,2023-12-08,456,487
32,2023-12-09,443,487
32,2023-12-10,436,487
32,2023-12-11,420,487
32,2023-12-12,402,487
32,2023-12-13,392,487
32,2023-12-14,378,487
32,2023-12-15,364,487
32,2023-12-16,354,487
32,2023-12-17,339,487
32,2023-12-18,323,487
32,2023-12-19,1199,487
32,2023-12-20,1191,487
32,2023-12-21,1169,487
32,2023-12-22,1156,487
32,2023-12-23,1148,487
32,2023-12-24,1143,487
32,2023-12-25,1123,487
32,2023-12-26,1117,487
32,2023-12-27,1105,487
32,2023-12-28,1090,487
32,2023-12-29,1078,487
32,2023-12-30,1058,418
32,2023-12-31,1046,418
32,2024-01-01,1035,418
32,2024-01-02,1022,418
32,2024-01-03,1018,418
32,2024-01-04,1004,418
32,2024-01-05,995,418
32,2024-01-06,984,418
32,2024-01-07,982,418
32,2024-01-08,971,418
32,2024-01-09,959,418
32,2024-01-10,949,418
32,2024-01-11,936,418
32,2024-01-12,924,418
32,2024-01-13,910,418
32,2024-01-14,903,418
32,2024-01-15,889,418
32,2024-01-16,880,418
32,2024-01-17,869,418
32,2024-01-18,859,418
32,2024-01-19,845,418
32,2024-01-20,837,418
32,2024-01-21,833,418
32,2024-01-22,815,418
32,2024-01-23,805,418
32,2024-01-24,796,418
32,2024-01-25,786,418
32,2024-01-26,767,418
32,2024-01-27,755,418
32,2024-01-28,748,418
32,2024-01-29,737,352
32,2024-01-30,728,352
32,2024-01-31,715,352
32,2024-02-01,705,352
32,2024-02-02,692,352
32,2024-02-03,681,352
32,2024-02-04,677,352
32,2024-02-05,662,352
32,2024-02-06,653,352
32,2024-02-07,636,352
32,2024-02-08,612,352
32,2024-02-09,601,352
32,2024-02-10,591,352
32,2024-02-11,587,352
32,2024-02-12,573,352
32,2024-02-13,565,352
32,2024-02-14,555,352
32,2024-02-15,537,352
32,2024-02-16,528,352
32,2024-02-17,517,352
32,2024-02-18,513,352
32,2024-02-19,494,352
32,2024-02-20,486,352
32,2024-02-21,469,352
32,2024-02-22,456,352
32,2024-02-23,1418,352
32,2024-02-24,1406,352
32,2024-02-25,1399,352
32,2024-02-26,1386,352
32,2024-02-27,1374,352
32,2024-02-28,1365,342
32,2024-02-29,1357,342
32,2024-03-01,1342,342
32,2024-03-02,1327,342
32,2024-03-03,1316,342
32,2024-03-04,1305,342
32,2024-03-05,1292,342
32,2024-03-06,1278,342
32,2024-03-07,1261,342
32,2024-03-08,1246,342
32,2024-03-09,1231,342
32,2024-03-10,1223,342
32,2024-03-11,1200,342
32,2024-03-12,1186,342
32,2024-03-13,1162,342
32,2024-03-14,1145,342
32,2024-03-15,1136,342
32,2024-03-16,1111,342
32,2024-03-17,1097,342
32,2024-03-18,1085,342
32,2024-03-19,1063,342
32,2024-03-20,1043,342
32,2024-03-21,1025,342
32,2024-03-22,999,342
32,2024-03-23,983,342
32,2024-03-24,979,342
32,2024-03-25,958,342
32,2024-03-26,944,342
32,2024-03-27,925,342
32,2024-03-28,909,342
32,2024-03-29,892,410
32,2024-03-30,879,410
32,2024-03-31,869,410
32,2024-04-01,850,410
32,2024-04-02,825,410
32,2024-04-03,806,410
32,2024-04-04,780,410
32,2024-04-05,760,410
32,2024-04-06,738,410
32,2024-04-07,731,410
32,2024-04-08,717,410
32,2024-04-09,696,410
32,2024-04-10,667,410
32,2024-04-11,653,410
32,2024-04-12,641,410
32,2024-04-13,622,410
32,2024-04-14,614,410
32,2024-04-15,600,410
32,2024-04-16,583,410
32,2024-04-17,557,410
32,2024-04-18,541,410
32,2024-04-19,521,410
32,2024-04-20,500,410
32,2024-04-21,493,410
32,2024-04-22,477,410
32,2024-04-23,470,410
32,2024-04-24,454,410
32,2024-04-25,440,410
32,2024-04-26,420,410
32,2024-04-27,391,410
32,2024-04-28,384,492
32,2024-04-29,369,492
32,2024-04-30,1307,492
32,2024-05-01,1299,492
32,2024-05-02,1274,492
32,2024-05-03,1262,492
32,2024-05-04,1250,492
32,2024-05-05,1245,492
32,2024-05-06,1232,492
32,2024-05-07,1220,492
32,2024-05-08,1204,492
32,2024-05-09,1186,492
32,2024-05-10,1176,492
32,2024-05-11,1165,492
32,2024-05-12,1161,492
32,2024-05-13,1146,492
32,2024-05-14,1133,492
32,2024-05-15,1116,492
32,2024-05-16,1105,492
32,2024-05-17,1094,492
32,2024-05-18,1081,492
32,2024-05-19,1077,492
32,2024-05-20,1055,492
32,2024-05-21,1037,492
32,2024-05-22,1026,492
32,2024-05-23,1014,492
32,2024-05-24,1003,492
32,2024-05-25,989,492
32,2024-05-26,983,492
32,2024-05-27,970,492
32,2024-05-28,961,448
32,2024-05-29,951,448
32,2024-05-30,935,448
32,2024-05-31,926,448
32,2024-06-01,919,448
32,2024-06-02,910,448
32,2024-06-03,896,448
32,2024-06-04,885,448
32,2024-06-05,870,448
32,2024-06-06,852,448
32,2024-06-07,841,448
32,2024-06-08,832,448
32,2024-06-09,827,448
32,2024-06-10,816,448
32,2024-06-11,803,448
32,2024-06-12,795,448
32,2024-06-13,783,448
32,2024-06-14,774,448
32,2024-06-15,764,448
32,2024-06-16,755,448
32,2024-06-17,740,448
32,2024-06-18,722,448
32,2024-06-19,711,448
32,2024-06-20,699,448
32,2024-06-21,690,448
32,2024-06-22,678,448
32,2024-06-23,675,448
32,2024-06-24,662,448
32,2024-06-25,651,448
32,2024-06-26,640,448
32,2024-06-27,627,354
32,2024-06-28,616,354
32,2024-06-29,603,354
32,2024-06-30,592,354
32,2024-07-01,580,354
32,2024-07-02,573,354
32,2024-07-03,560,354
32,2024-07-04,548,354
32,2024-07-05,1585,354
32,2024-07-06,1571,354
32,2024-07-07,1566,354
32,2024-07-08,1554,354
32,2024-07-09,1551,354
32,2024-07-10,1538,354
32,2024-07-11,1525,354
32,2024-07-12,1516,354
32,2024-07-13,1510,354
32,2024-07-14,1506,354
32,2024-07-15,1500,354
32,2024-07-16,1487,354
32,2024-07-17,1475,354
32,2024-07-18,1462,354
32,2024-07-19,1446,354
32,2024-07-20,1433,354
32,2024-07-21,1425,354
32,2024-07-22,1418,354
32,2024-07-23,1401,354
32,2024-07-24,1393,354
32,2024-07-25,1383,354
32,2024-07-26,1359,354
32,2024-07-27,1347,330
32,2024-07-28,1340,330
32,2024-07-29,1329,330
32,2024-07-30,1315,330
32,2024-07-31,1309,330
32,2024-08-01,1296,330
32,2024-08-02,1283,330
32,2024-08-03,1267,330
32,2024-08-04,1259,330
32,2024-08-05,1243,330
32,2024-08-06,1228,330
32,2024-08-07,1211,330
32,2024-08-08,1199,330
32,2024-08-09,1185,330
32,2024-08-10,1175,330
32,2024-08-11,1168,330
32,2024-08-12,1163,330
32,2024-08-13,1146,330
32,2024-08-14,1135,330
32,2024-08-15,1121,330
32,2024-08-16,1109,330
32,2024-08-17,1097,330
32,2024-08-18,1092,330
32,2024-08-19,1075,330
32,2024-08-20,1064,330
32,2024-08-21,1051,330
32,2024-08-22,1040,330
32,2024-08-23,1026,330
32,2024-08-24,1014,330
32,2024-08-25,1007,330
32,2024-08-26,990,341
32,2024-08-27,980,341
32,2024-08-28,973,341
32,2024-08-29,956,341
32,2024-08-30,945,341
32,2024-08-31,931,341
32,2024-09-01,914,341
32,2024-09-02,898,341
32,2024-09-03,876,341
32,2024-09-04,858,341
32,2024-09-05,830,341
32,2024-09-06,801,341
32,2024-09-07,780,341
32,2024-09-08,773,341
32,2024-09-09,758,341
32,2024-09-10,737,341
32,2024-09-11,729,341
32,2024-09-12,715,341
32,2024-09-13,698,341
32,2024-09-14,683,341
32,2024-09-15,675,341
32,2024-09-16,647,341
32,2024-09-17,622,341
32,2024-09-18,602,341
32,2024-09-19,583,341
32,2024-09-20,565,341
32,2024-09-21,546,341
32,2024-09-22,537,341
32,2024-09-23,515,341
32,2024-09-24,492,341
32,2024-09-25,481,434
32,2024-09-26,466,434
32,2024-09-27,442,434
32,2024-09-28,416,434
32,2024-09-29,406,434
32,2024-09-30,386,434
32,2024-10-01,367,434
32,2024-10-02,343,434
32,2024-10-03,310,434
32,2024-10-04,295,434
32,2024-10-05,285,434
32,2024-10-06,283,434
32,2024-10-07,264,434
32,2024-10-08,243,434
32,2024-10-09,229,434
32,2024-10-10,210,434
32,2024-10-11,186,434
32,2024-10-12,165,434
32,2024-10-13,155,434
32,2024-10-14,936,434
32,2024-10-15,915,434
32,2024-10-16,899,434
32,2024-10-17,882,434
32,2024-10-18,867,434
32,2024-10-19,850,434
32,2024-10-20,838,434
32,2024-10-21,825,434
32,2024-10-22,799,434
32,2024-10-23,782,434
32,2024-10-24,760,434
32,2024-10-25,744,528
32,2024-10-26,725,528
32,2024-10-27,717,528
32,2024-10-28,691,528
32,2024-10-29,663,528
32,2024-10-30,649,528
32,2024-10-31,629,528
32,2024-11-01,611,528
32,2024-11-02,590,528
32,2024-11-03,578,528
32,2024-11-04,550,528
32,2024-11-05,530,528
32,2024-11-06,506,528
32,2024-11-07,489,528
32,2024-11-08,468,528
32,2024-11-09,446,528
32,2024-11-10,440,528
32,2024-11-11,427,528
32,2024-11-12,402,528
32,2024-11-13,389,528
32,2024-11-14,375,528
32,2024-11-15,357,528
32,2024-11-16,347,528
32,2024-11-17,336,528
32,2024-11-18,322,528
32,2024-11-19,1325,528
32,2024-11-20,1314,528
32,2024-11-21,1284,528
32,2024-11-22,1252,528
32,2024-11-23,1224,528
32,2024-11-24,1220,544
32,2024-11-25,1196,544
32,2024-11-26,1179,544
32,2024-11-27,1154,544
32,2024-11-28,1135,544
32,2024-11-29,1116,544
32,2024-11-30,1104,544
32,2024-12-01,1091,544
32,2024-12-02,1079,544
32,2024-12-03,1062,544
32,2024-12-04,1042,544
32,2024-12-05,1025,544
32,2024-12-06,1007,544
32,2024-12-07,996,544
32,2024-12-08,988,544
32,2024-12-09,972,544
32,2024-12-10,956,544
32,2024-12-11,937,544
32,2024-12-12,924,544
32,2024-12-13,914,544
32,2024-12-14,904,544
32,2024-12-15,896,544
32,2024-12-16,878,544
32,2024-12-17,867,544
32,2024-12-18,847,544
32,2024-12-19,837,544
32,2024-12-20,819,544
32,2024-12-21,808,544
32,2024-12-22,801,544
32,2024-12-23,783,544
32,2024-12-24,765,495
32,2024-12-25,750,495
32,2024-12-26,740,495
32,2024-12-27,727,495
32,2024-12-28,715,495
32,2024-12-29,707,495
32,2024-12-30,692,495
32,2024-12-31,677,495
32,2025-01-01,659,495
32,2025-01-02,651,495
32,2025-01-03,1919,495
32,2025-01-04,1909,495
32,2025-01-05,1902,495
32,2025-01-06,1889,495
32,2025-01-07,1877,495
32,2025-01-08,1867,495
32,2025-01-09,1861,495
32,2025-01-10,1851,495
32,2025-01-11,1836,495
32,2025-01-12,1826,495
32,2025-01-13,1810,495
32,2025-01-14,1796,495
32,2025-01-15,1787,495
32,2025-01-16,1774,495
32,2025-01-17,1766,495
32,2025-01-18,1756,495
32,2025-01-19,1746,495
32,2025-01-20,1736,495
32,2025-01-21,1723,495
32,2025-01-22,1716,495
32,2025-01-23,1696,393
32,2025-01-24,1685,393
32,2025-01-25,1667,393
32,2025-01-26,1662,393
32,2025-01-27,1646,393
32,2025-01-28,1631,393
32,2025-01-29,1612,393
32,2025-01-30,1595,393
32,2025-01-31,1578,393
32,2025-02-01,1565,393
32,2025-02-02,1555,393
32,2025-02-03,1548,393
32,2025-02-04,1528,393
32,2025-02-05,1517,393
32,2025-02-06,1497,393
32,2025-02-07,1488,393
32,2025-02-08,1467,393
32,2025-02-09,1463,393
32,2025-02-10,1446,393
32,2025-02-11,1431,393
32,2025-02-12,1419,393
32,2025-02-13,1410,393
32,2025-02-14,1396,393
32,2025-02-15,1377,393
32,2025-02-16,1372,393
32,2025-02-17,1358,393
32,2025-02-18,1351,393
32,2025-02-19,1332,393
32,2025-02-20,1317,393
32,2025-02-21,1306,393
32,2025-02-22,1294,378
32,2025-02-23,1291,378
32,2025-02-24,1269,378
32,2025-02-25,1253,378
32,2025-02-26,1236,378
32,2025-02-27,1227,378
32,2025-02-28,1210,378
32,2025-03-01,1189,378
32,2025-03-02,1180,378
32,2025-03-03,1161,378
32,2025-03-04,1143,378
32,2025-03-05,1123,378
32,2025-03-06,1110,378
32,2025-03-07,1090,378
32,2025-03-08,1066,378
32,2025-03-09,1058,378
32,2025-03-10,1029,378
32,2025-03-11,1011,378
32,2025-03-12,986,378
32,2025-03-13,966,378
32,2025-03-14,942,378
32,2025-03-15,918,378
32,2025-03-16,908,378
32,2025-03-17,881,378
32,2025-03-18,868,378
32,2025-03-19,845,378
32,2025-03-20,826,378
32,2025-03-21,804,378
32,2025-03-22,790,378
32,2025-03-23,778,378
32,2025-03-24,755,469
32,2025-03-25,726,469
32,2025-03-26,696,469
32,2025-03-27,674,469
32,2025-03-28,656,469
32,2025-03-29,640,469
32,2025-03-30,633,469
32,2025-03-31,615,469
32,2025-04-01,595,469
32,2025-04-02,571,469
32,2025-04-03,555,469
32,2025-04-04,536,469
32,2025-04-05,510,469
32,2025-04-06,501,469
32,2025-04-07,475,469
32,2025-04-08,454,469
32,2025-04-09,421,469
32,2025-04-10,392,469
32,2025-04-11,364,469
32,2025-04-12,346,469
32,2025-04-13,339,469
32,2025-04-14,325,469
32,2025-04-15,303,469
32,2025-04-16,289,469
32,2025-04-17,265,469
32,2025-04-18,249,469
32,2025-04-19,1409,469
32,2025-04-20,1399,469
32,2025-04-21,1376,469
32,2025-04-22,1355,469
32,2025-04-23,1324,568
32,2025-04-24,1297,568
32,2025-04-25,1274,568
32,2025-04-26,1254,568
32,2025-04-27,1248,568
32,2025-04-28,1227,568
32,2025-04-29,1207,568
32,2025-04-30,1178,568
32,2025-05-01,1164,568
32,2025-05-02,1146,568
32,2025-05-03,1132,568
32,2025-05-04,1128,568
32,2025-05-05,1106,568
32,2025-05-06,1096,568
32,2025-05-07,1078,568
32,2025-05-08,1061,568
32,2025-05-09,1049,568
32,2025-05-10,1036,568
32,2025-05-11,1029,568
32,2025-05-12,1018,568
32,2025-05-13,1002,568
32,2025-05-14,986,568
32,2025-05-15,970,568
32,2025-05-16,954,568
32,2025-05-17,936,568
32,2025-05-18,930,568
32,2025-05-19,920,568
32,2025-05-20,906,568
32,2025-05-21,892,568
32,2025-05-22,871,568
32,2025-05-23,855,546
32,2025-05-24,834,546
32,2025-05-25,825,546
32,2025-05-26,814,546
32,2025-05-27,800,546
32,2025-05-28,783,546
32,2025-05-29,769,546
32,2025-05-30,758,546
32,2025-05-31,745,546
32,2025-06-01,732,546
32,2025-06-02,716,546
32,2025-06-03,702,546
32,2025-06-04,685,546
32,2025-06-05,669,546
32,2025-06-06,1989,546
32,2025-06-07,1977,546
32,2025-06-08,1968,546
32,2025-06-09,1957,546
32,2025-06-10,1947,546
32,2025-06-11,1940,546
32,2025-06-12,1925,546
32,2025-06-13,1918,546
32,2025-06-14,1909,546
32,2025-06-15,1902,546
32,2025-06-16,1891,546
32,2025-06-17,1881,546
32,2025-06-18,1857,546
32,2025-06-19,1849,546
32,2025-06-20,1834,546
32,2025-06-21,1822,546
32,2025-06-22,1812,432
32,2025-06-23,1793,432
32,2025-06-24,1778,432
32,2025-06-25,1765,432
32,2025-06-26,1757,432
32,2025-06-27,1752,432
32,2025-06-28,1740,432
32,2025-06-29,1729,432
32,2025-06-30,1719,432
32,2025-07-01,1706,432
32,2025-07-02,1696,432
32,2025-07-03,1681,432
32,2025-07-04,1662,432
32,2025-07-05,1647,432
32,2025-07-06,1633,432
32,2025-07-07,1622,432
32,2025-07-08,1607,432
32,2025-07-09,1597,432
32,2025-07-10,1581,432
32,2025-07-11,1567,432
32,2025-07-12,1555,432
32,2025-07-13,1546,432
32,2025-07-14,1534,432
32,2025-07-15,1520,432
32,2025-07-16,1509,432
32,2025-07-17,1497,432
32,2025-07-18,1484,432
32,2025-07-19,1476,432
32,2025-07-20,1465,432
32,2025-07-21,1446,432
32,2025-07-22,1428,378
32,2025-07-23,1415,378
32,2025-07-24,1400,378
32,2025-07-25,1386,378
32,2025-07-26,1375,378
32,2025-07-27,1372,378
32,2025-07-28,1357,378
32,2025-07-29,1342,378
32,2025-07-30,1332,378
32,2025-07-31,1318,378
32,2025-08-01,1309,378
32,2025-08-02,1302,378
32,2025-08-03,1296,378
32,2025-08-04,1276,378
32,2025-08-05,1265,378
32,2025-08-06,1256,378
32,2025-08-07,1239,378
32,2025-08-08,1219,378
32,2025-08-09,1205,378
32,2025-08-10,1197,378
32,2025-08-11,1181,378
32,2025-08-12,1167,378
32,2025-08-13,1154,378
32,2025-08-14,1137,378
32,2025-08-15,1124,378
32,2025-08-16,1106,378
32,2025-08-17,1100,378
32,2025-08-18,1093,378
32,2025-08-19,1077,378
32,2025-08-20,1054,378
32,2025-08-21,1036,384
32,2025-08-22,1019,384
32,2025-08-23,1008,384
32,2025-08-24,1005,384
32,2025-08-25,991,384
32,2025-08-26,973,384
32,2025-08-27,962,384
32,2025-08-28,950,384
32,2025-08-29,927,384
32,2025-08-30,911,384
32,2025-08-31,904,384
32,2025-09-01,889,384
32,2025-09-02,871,384
32,2025-09-03,847,384
32,2025-09-04,824,384
32,2025-09-05,798,384
32,2025-09-06,785,384
32,2025-09-07,778,384
32,2025-09-08,759,384
32,2025-09-09,731,384
32,2025-09-10,699,384
32,2025-09-11,682,384
32,2025-09-12,658,384
32,2025-09-13,639,384
32,2025-09-14,630,384
32,2025-09-15,608,384
32,2025-09-16,590,384
32,2025-09-17,572,384
32,2025-09-18,554,384
32,2025-09-19,535,384
32,2025-09-20,520,456
32,2025-09-21,516,456
32,2025-09-22,494,456
32,2025-09-23,462,456
32,2025-09-24,434,456
32,2025-09-25,404,456
32,2025-09-26,383,456
32,2025-09-27,366,456
32,2025-09-28,357,456
32,2025-09-29,326,456
32,2025-09-30,300,456
32,2025-10-01,281,456
32,2025-10-02,258,456
32,2025-10-03,228,456
32,2025-10-04,203,456
32,2025-10-05,192,456
32,2025-10-06,1070,456
32,2025-10-07,1045,456
32,2025-10-08,1017,456
32,2025-10-09,998,456
32,2025-10-10,976,456
32,2025-10-11,951,456
32,2025-10-12,940,456
32,2025-10-13,908,456
32,2025-10-14,875,456
32,2025-10-15,849,456
32,2025-10-16,829,456
32,2025-10-17,796,456
32,2025-10-18,755,456
32,2025-10-19,740,456
32,2025-10-20,713,610
32,2025-10-21,681,610
32,2025-10-22,648,610
32,2025-10-23,620,610
32,2025-10-24,598,610
32,2025-10-25,577,610
32,2025-10-26,571,610
32,2025-10-27,545,610
32,2025-10-28,519,610
32,2025-10-29,495,610
32,2025-10-30,475,610
32,2025-10-31,450,610
32,2025-11-01,430,610
32,2025-11-02,421,610
32,2025-11-03,407,610
32,2025-11-04,375,610
32,2025-11-05,356,610
32,2025-11-06,335,610
32,2025-11-07,313,610
32,2025-11-08,299,610
32,2025-11-09,288,610
32,2025-11-10,264,610
32,2025-11-11,1324,610
32,2025-11-12,1298,610
32,2025-11-13,1272,610
32,2025-11-14,1249,610
32,2025-11-15,1227,610
32,2025-11-16,1217,610
32,2025-11-17,1187,610
32,2025-11-18,1170,610
32,2025-11-19,1146,680
32,2025-11-20,1121,680
32,2025-11-21,1093,680
32,2025-11-22,1073,680
32,2025-11-23,1065,680
32,2025-11-24,1035,680
32,2025-11-25,1014,680
32,2025-11-26,985,680
32,2025-11-27,962,680
32,2025-11-28,939,680
32,2025-11-29,924,680
32,2025-11-30,911,680
32,2025-12-01,894,680
32,2025-12-02,878,680
32,2025-12-03,863,680
32,2025-12-04,842,680
32,2025-12-05,823,680
32,2025-12-06,811,680
32,2025-12-07,805,680
32,2025-12-08,784,680
32,2025-12-09,762,680
32,2025-12-10,740,680
32,2025-12-11,724,680
32,2025-12-12,711,680
32,2025-12-13,698,680
32,2025-12-14,2351,680
32,2025-12-15,2339,680
32,2025-12-16,2329,680
32,2025-12-17,2317,680
32,2025-12-18,2299,680
32,2025-12-19,2281,597
32,2025-12-20,2272,597
32,2025-12-21,2263,597
32,2025-12-22,2245,597
32,2025-12-23,2228,597
32,2025-12-24,2221,597
32,2025-12-25,2210,597
32,2025-12-26,2189,597
32,2025-12-27,2172,597
32,2025-12-28,2161,597
32,2025-12-29,2139,597
32,2025-12-30,2124,597
32,2025-12-31,2109,597
32,2026-01-01,2097,597
32,2026-01-02,2080,597
32,2026-01-03,2065,597
32,2026-01-04,2061,597
32,2026-01-05,2048,597
32,2026-01-06,2033,597
32,2026-01-07,2025,597
32,2026-01-08,2016,597
32,2026-01-09,1989,597
32,2026-01-10,1975,597
32,2026-01-11,1967,597
32,2026-01-12,1945,597
32,2026-01-13,1929,597
32,2026-01-14,1912,597
32,2026-01-15,1894,597
32,2026-01-16,1878,597
32,2026-01-17,1868,597
32,2026-01-18,1857,484
32,2026-01-19,1844,484
32,2026-01-20,1833,484
32,2026-01-21,1819,484
32,2026-01-22,1801,484
32,2026-01-23,1784,484
32,2026-01-24,1773,484
32,2026-01-25,1762,484
32,2026-01-26,1742,484
32,2026-01-27,1721,484
32,2026-01-28,1703,484
32,2026-01-29,1690,484
32,2026-01-30,1663,484
32,2026-01-31,1646,484
32,2026-02-01,1637,484
32,2026-02-02,1617,484
32,2026-02-03,1597,484
32,2026-02-04,1583,484
32,2026-02-05,1563,484
32,2026-02-06,1542,484
32,2026-02-07,1532,484
32,2026-02-08,1523,484
32,2026-02-09,1502,484
32,2026-02-10,1489,484
32,2026-02-11,1464,484
32,2026-02-12,1442,484
32,2026-02-13,1416,484
32,2026-02-14,1404,484
32,2026-02-15,1394,484
32,2026-02-16,1380,484
32,2026-02-17,1365,460
32,2026-02-18,1346,460
32,2026-02-19,1327,460
32,2026-02-20,1311,460
32,2026-02-21,1291,460
32,2026-02-22,1283,460
32,2026-02-23,1261,460
32,2026-02-24,1243,460
32,2026-02-25,1224,460
32,2026-02-26,1206,460
32,2026-02-27,1184,460
32,2026-02-28,1173,460
32,2026-03-01,1160,460
32,2026-03-02,1139,460
32,2026-03-03,1115,460
32,2026-03-04,1095,460
32,2026-03-05,1066,460
32,2026-03-06,1044,460
32,2026-03-07,1021,460
32,2026-03-08,1014,460
32,2026-03-09,993,460
32,2026-03-10,977,460
32,2026-03-11,959,460
32,2026-03-12,940,460
32,2026-03-13,912,460
32,2026-03-14,896,460
32,2026-03-15,884,460
32,2026-03-16,870,460
32,2026-03-17,855,460
32,2026-03-18,831,460
32,2026-03-19,803,519
32,2026-03-20,783,519
32,2026-03-21,756,519
32,2026-03-22,749,519
32,2026-03-23,720,519
32,2026-03-24,698,519
32,2026-03-25,678,519
32,2026-03-26,636,519
32,2026-03-27,612,519
32,2026-03-28,591,519
32,2026-03-29,581,519
32,2026-03-30,565,519
32,2026-03-31,542,519
32,2026-04-01,522,519
32,2026-04-02,501,519
32,2026-04-03,470,519
32,2026-04-04,450,519
32,2026-04-05,439,519
32,2026-04-06,416,519
32,2026-04-07,392,519
32,2026-04-08,359,519
32,2026-04-09,337,519
32,2026-04-10,312,519
32,2026-04-11,300,519
32,2026-04-12,284,519
32,2026-04-13,255,519
32,2026-04-14,237,519
32,2026-04-15,1550,519
32,2026-04-16,1524,519
32,2026-04-17,1499,519
32,2026-04-18,1473,612
32,2026-04-19,1462,612
32,2026-04-20,1440,612
32,2026-04-21,1412,612
32,2026-04-22,1386,612
32,2026-04-23,1367,612
32,2026-04-24,1347,612
32,2026-04-25,1333,612
32,2026-04-26,1319,612
32,2026-04-27,1300,612
32,2026-04-28,1278,612
32,2026-04-29,1260,612
32,2026-04-30,1231,612
32,2026-05-01,1211,612
32,2026-05-02,1197,612
32,2026-05-03,1180,612
32,2026-05-04,1168,612
32,2026-05-05,1148,612
32,2026-05-06,1126,612
32,2026-05-07,1111,612
32,2026-05-08,1091,612
32,2026-05-09,1072,612
32,2026-05-10,1063,612
32,2026-05-11,1050,612
32,2026-05-12,1035,612
32,2026-05-13,1014,612
32,2026-05-14,996,612
32,2026-05-15,977,612
32,2026-05-16,963,612
32,2026-05-17,959,612
32,2026-05-18,938,607
32,2026-05-19,923,607
32,2026-05-20,914,607
32,2026-05-21,902,607
32,2026-05-22,882,607
32,2026-05-23,868,607
32,2026-05-24,857,607
32,2026-05-25,837,607
32,2026-05-26,821,607
32,2026-05-27,805,607
32,2026-05-28,791,607
32,2026-05-29,774,607
32,2026-05-30,763,607
32,2026-05-31,755,607
32,2026-06-01,2179,607
32,2026-06-02,2162,607
32,2026-06-03,2150,607
32,2026-06-04,2134,607
32,2026-06-05,2125,607
32,2026-06-06,2117,607
32,2026-06-07,2115,607
32,2026-06-08,2094,607
32,2026-06-09,2082,607
32,2026-06-10,2068,607
32,2026-06-11,2057,607
32,2026-06-12,2039,607
32,2026-06-13,2026,607
32,2026-06-14,2021,607
32,2026-06-15,2003,607
32,2026-06-16,1984,607
32,2026-06-17,1968,477
32,2026-06-18,1943,477
32,2026-06-19,1931,477
32,2026-06-20,1923,477
32,2026-06-21,1910,477
32,2026-06-22,1894,477
32,2026-06-23,1887,477
32,2026-06-24,1871,477
32,2026-06-25,1848,477
32,2026-06-26,1829,477
32,2026-06-27,1812,477
32,2026-06-28,1803,477
32,2026-06-29,1781,477
32,2026-06-30,1771,477
32,2026-07-01,1751,477
32,2026-07-02,1740,477
32,2026-07-03,1731,477
32,2026-07-04,1714,477
32,2026-07-05,1708,477
32,2026-07-06,1691,477
32,2026-07-07,1673,477
32,2026-07-08,1661,477
32,2026-07-09,1647,477
32,2026-07-10,1626,477
32,2026-07-11,1611,477
32,2026-07-12,1602,477
32,2026-07-13,1588,477
32,2026-07-14,1569,477
32,2026-07-15,1553,477
32,2026-07-16,1542,477
32,2026-07-17,1516,428
32,2026-07-18,1506,428
32,2026-07-19,1500,428
32,2026-07-20,1483,428
32,2026-07-21,1469,428
32,2026-07-22,1446,428
32,2026-07-23,1423,428
32,2026-07-24,1408,428
32,2026-07-25,1395,428
32,2026-07-26,1388,428
32,2026-07-27,1377,428
32,2026-07-28,1367,428
32,2026-07-29,1348,428
32,2026-07-30,1334,428
32,2026-07-31,1317,428
32,2026-08-01,1303,428
32,2026-08-02,1296,428
32,2026-08-03,1278,428
32,2026-08-04,1263,428
32,2026-08-05,1242,428
32,2026-08-06,1223,428
32,2026-08-07,1212,428
32,2026-08-08,1195,428
32,2026-08-09,1186,428
32,2026-08-10,1158,428
32,2026-08-11,1143,428
32,2026-08-12,1128,428
32,2026-08-13,1105,428
32,2026-08-14,1083,428
32,2026-08-15,1069,428
32,2026-08-16,1061,458
32,2026-08-17,1042,458
32,2026-08-18,1025,458
32,2026-08-19,1013,458
32,2026-08-20,995,458
32,2026-08-21,963,458
32,2026-08-22,942,458
32,2026-08-23,931,458
32,2026-08-24,915,458
32,2026-08-25,903,458
32,2026-08-26,889,458
32,2026-08-27,876,458
32,2026-08-28,856,458
32,2026-08-29,840,458
32,2026-08-30,826,458
32,2026-08-31,812,458
32,2026-09-01,793,458
32,2026-09-02,777,458
32,2026-09-03,747,458
32,2026-09-04,720,458
32,2026-09-05,700,458
32,2026-09-06,691,458
32,2026-09-07,658,458
32,2026-09-08,645,458
32,2026-09-09,618,458
32,2026-09-10,597,458
32,2026-09-11,571,458
32,2026-09-12,550,458
32,2026-09-13,535,458
32,2026-09-14,513,458
32,2026-09-15,488,515
32,2026-09-16,465,515
32,2026-09-17,446,515
32,2026-09-18,417,515
32,2026-09-19,402,515
32,2026-09-20,394,515
32,2026-09-21,367,515
32,2026-09-22,343,515
32,2026-09-23,315,515
32,2026-09-24,294,515
32,2026-09-25,1337,515
32,2026-09-26,1316,515
32,2026-09-27,1300,515
32,2026-09-28,1282,515
32,2026-09-29,1261,515
32,2026-09-30,1234,515
33,2023-10-01,1206,457
33,2023-10-02,1165,457
33,2023-10-03,1107,457
33,2023-10-04,1066,457
33,2023-10-05,1032,457
33,2023-10-06,1002,457
33,2023-10-07,954,457
33,2023-10-08,933,457
33,2023-10-09,897,457
33,2023-10-10,845,457
33,2023-10-11,803,457
33,2023-10-12,762,457
33,2023-10-13,717,457
33,2023-10-14,680,457
33,2023-10-15,669,457
33,2023-10-16,614,457
33,2023-10-17,566,457
33,2023-10-18,531,457
33,2023-10-19,495,457
33,2023-10-20,455,457
33,2023-10-21,412,457
33,2023-10-22,809,457
33,2023-10-23,774,457
33,2023-10-24,737,457
33,2023-10-25,704,457
33,2023-10-26,662,457
33,2023-10-27,625,457
33,2023-10-28,599,457
33,2023-10-29,589,457
33,2023-10-30,549,457
33,2023-10-31,510,457
33,2023-11-01,462,457
33,2023-11-02,834,457
33,2023-11-03,805,457
33,2023-11-04,773,457
33,2023-11-05,754,457
33,2023-11-06,727,457
33,2023-11-07,690,457
33,2023-11-08,656,457
33,2023-11-09,619,457
33,2023-11-10,578,457
33,2023-11-11,543,457
33,2023-11-12,505,457
33,2023-11-13,467,457
33,2023-11-14,431,457
33,2023-11-15,401,457
33,2023-11-16,778,457
33,2023-11-17,745,457
33,2023-11-18,722,457
33,2023-11-19,701,457
33,2023-11-20,674,457
33,2023-11-21,650,457
33,2023-11-22,605,457
33,2023-11-23,574,457
33,2023-11-24,546,457
33,2023-11-25,519,457
33,2023-11-26,501,457
33,2023-11-27,917,457
33,2023-11-28,886,457
33,2023-11-29,836,457
33,2023-11-30,804,595
33,2023-12-01,774,595
33,2023-12-02,754,595
33,2023-12-03,732,595
33,2023-12-04,709,595
33,2023-12-05,679,595
33,2023-12-06,649,595
33,2023-12-07,630,595
33,2023-12-08,604,595
33,2023-12-09,585,595
33,2023-12-10,575,595
33,2023-12-11,551,595
33,2023-12-12,516,595
33,2023-12-13,1271,595
33,2023-12-14,1249,595
33,2023-12-15,1227,595
33,2023-12-16,1214,595
33,2023-12-17,1200,595
33,2023-12-18,1154,595
33,2023-12-19,1126,595
33,2023-12-20,1103,595
33,2023-12-21,1079,595
33,2023-12-22,1050,595
33,2023-12-23,1022,595
33,2023-12-24,1010,595
33,2023-12-25,986,595
33,2023-12-26,964,595
33,2023-12-27,938,595
33,2023-12-28,928,595
33,2023-12-29,899,595
33,2023-12-30,844,490
33,2023-12-31,835,490
33,2024-01-01,825,490
33,2024-01-02,1356,490
33,2024-01-03,1320,490
33,2024-01-04,1295,490
33,2024-01-05,1275,490
33,2024-01-06,1259,490
33,2024-01-07,1247,490
33,2024-01-08,1221,490
33,2024-01-09,1200,490
33,2024-01-10,1184,490
33,2024-01-11,1164,490
33,2024-01-12,1121,490
33,2024-01-13,1102,490
33,2024-01-14,1089,490
33,2024-01-15,1070,490
33,2024-01-16,1055,490
33,2024-01-17,1033,490
33,2024-01-18,1008,490
33,2024-01-19,972,490
33,2024-01-20,946,490
33,2024-01-21,930,490
33,2024-01-22,911,490
33,2024-01-23,893,490
33,2024-01-24,867,490
33,2024-01-25,842,490
33,2024-01-26,809,490
33,2024-01-27,791,490
33,2024-01-28,780,490
33,2024-01-29,760,395
33,2024-01-30,730,395
33,2024-01-31,710,395
33,2024-02-01,674,395
33,2024-02-02,661,395
33,2024-02-03,640,395
33,2024-02-04,634,395
33,2024-02-05,601,395
33,2024-02-06,574,395
33,2024-02-07,1002,395
33,2024-02-08,972,395
33,2024-02-09,949,395
33,2024-02-10,928,395
33,2024-02-11,908,395
33,2024-02-12,887,395
33,2024-02-13,865,395
33,2024-02-14,839,395
33,2024-02-15,809,395
33,2024-02-16,780,395
33,2024-02-17,756,395
33,2024-02-18,744,395
33,2024-02-19,717,395
33,2024-02-20,696,395
33,2024-02-21,673,395
33,2024-02-22,641,395
33,2024-02-23,609,395
33,2024-02-24,584,395
33,2024-02-25,566,395
33,2024-02-26,549,395
33,2024-02-27,530,395
33,2024-02-28,503,386
33,2024-02-29,475,386
33,2024-03-01,444,386
33,2024-03-02,402,386
33,2024-03-03,381,386
33,2024-03-04,356,386
33,2024-03-05,685,386
33,2024-03-06,639,386
33,2024-03-07,612,386
33,2024-03-08,574,386
33,2024-03-09,546,386
33,2024-03-10,516,386
33,2024-03-11,457,386
33,2024-03-12,419,386
33,2024-03-13,386,386
33,2024-03-14,356,386
33,2024-03-15,323,386
33,2024-03-16,294,386
33,2024-03-17,276,386
33,2024-03-18,251,386
33,2024-03-19,572,386
33,2024-03-20,536,386
33,2024-03-21,508,386
33,2024-03-22,468,386
33,2024-03-23,434,386
33,2024-03-24,410,386
33,2024-03-25,386,386
33,2024-03-26,355,386
33,2024-03-27,315,386
33,2024-03-28,265,386
33,2024-03-29,227,476
33,2024-03-30,199,476
33,2024-03-31,185,476
33,2024-04-01,607,476
33,2024-04-02,572,476
33,2024-04-03,527,476
33,2024-04-04,488,476
33,2024-04-05,452,476
33,2024-04-06,427,476
33,2024-04-07,413,476
33,2024-04-08,359,476
33,2024-04-09,306,476
33,2024-04-10,264,476
33,2024-04-11,224,476
33,2024-04-12,848,476
33,2024-04-13,815,476
33,2024-04-14,802,476
33,2024-04-15,767,476
33,2024-04-16,726,476
33,2024-04-17,689,476
33,2024-04-18,657,476
33,2024-04-19,638,476
33,2024-04-20,611,476
33,2024-04-21,591,476
33,2024-04-22,551,476
33,2024-04-23,495,476
33,2024-04-24,462,476
33,2024-04-25,422,476
33,2024-04-26,814,476
33,2024-04-27,778,476
33,2024-04-28,753,576
33,2024-04-29,720,576
33,2024-04-30,668,576
33,2024-05-01,632,576
33,2024-05-02,611,576
33,2024-05-03,588,576
33,2024-05-04,572,576
33,2024-05-05,553,576
33,2024-05-06,526,576
33,2024-05-07,497,576
33,2024-05-08,475,576
33,2024-05-09,441,576
33,2024-05-10,887,576
33,2024-05-11,861,576
33,2024-05-12,850,576
33,2024-05-13,817,576
33,2024-05-14,781,576
33,2024-05-15,758,576
33,2024-05-16,728,576
33,2024-05-17,695,576
33,2024-05-18,666,576
33,2024-05-19,653,576
33,2024-05-20,623,576
33,2024-05-21,602,576
33,2024-05-22,579,576
33,2024-05-23,1204,576
33,2024-05-24,1173,576
33,2024-05-25,1154,576
33,2024-05-26,1144,576
33,2024-05-27,1119,576
33,2024-05-28,1096,519
33,2024-05-29,1073,519
33,2024-05-30,1031,519
33,2024-05-31,1000,519
33,2024-06-01,980,519
33,2024-06-02,968,519
33,2024-06-03,941,519
33,2024-06-04,901,519
33,2024-06-05,869,519
33,2024-06-06,841,519
33,2024-06-07,799,519
33,2024-06-08,779,519
33,2024-06-09,769,519
33,2024-06-10,744,519
33,2024-06-11,724,519
33,2024-06-12,686,519
33,2024-06-13,663,519
33,2024-06-14,633,519
33,2024-06-15,604,519
33,2024-06-16,592,519
33,2024-06-17,1066,519
33,2024-06-18,1046,519
33,2024-06-19,1025,519
33,2024-06-20,1008,519
33,2024-06-21,993,519
33,2024-06-22,973,519
33,2024-06-23,963,519
33,2024-06-24,938,519
33,2024-06-25,896,519
33,2024-06-26,869,519
33,2024-06-27,844,432
33,2024-06-28,811,432
33,2024-06-29,801,432
33,2024-06-30,789,432
33,2024-07-01,761,432
33,2024-07-02,745,432
33,2024-07-03,721,432
33,2024-07-04,691,432
33,2024-07-05,663,432
33,2024-07-06,1138,432
33,2024-07-07,1118,432
33,2024-07-08,1095,432
33,2024-07-09,1072,432
33,2024-07-10,1056,432
33,2024-07-11,1029,432
33,2024-07-12,1003,432
33,2024-07-13,982,432
33,2024-07-14,970,432
33,2024-07-15,950,432
33,2024-07-16,927,432
33,2024-07-17,905,432
33,2024-07-18,872,432
33,2024-07-19,857,432
33,2024-07-20,828,432
33,2024-07-21,813,432
33,2024-07-22,782,432
33,2024-07-23,757,432
33,2024-07-24,722,432
33,2024-07-25,696,432
33,2024-07-26,671,432
33,2024-07-27,655,408
33,2024-07-28,642,408
33,2024-07-29,616,408
33,2024-07-30,590,408
33,2024-07-31,569,408
33,2024-08-01,541,408
33,2024-08-02,510,408
33,2024-08-03,489,408
33,2024-08-04,476,408
33,2024-08-05,445,408
33,2024-08-06,825,408
33,2024-08-07,810,408
33,2024-08-08,787,408
33,2024-08-09,766,408
33,2024-08-10,739,408
33,2024-08-11,723,408
33,2024-08-12,707,408
33,2024-08-13,685,408
33,2024-08-14,641,408
33,2024-08-15,607,408
33,2024-08-16,592,408
33,2024-08-17,571,408
33,2024-08-18,561,408
33,2024-08-19,529,408
33,2024-08-20,510,408
33,2024-08-21,476,408
33,2024-08-22,445,408
33,2024-08-23,417,408
33,2024-08-24,394,408
33,2024-08-25,757,408
33,2024-08-26,733,392
33,2024-08-27,699,392
33,2024-08-28,670,392
33,2024-08-29,647,392
33,2024-08-30,617,392
33,2024-08-31,592,392
33,2024-09-01,572,392
33,2024-09-02,544,392
33,2024-09-03,492,392
33,2024-09-04,470,392
33,2024-09-05,434,392
33,2024-09-06,402,392
33,2024-09-07,373,392
33,2024-09-08,702,392
33,2024-09-09,650,392
33,2024-09-10,614,392
33,2024-09-11,585,392
33,2024-09-12,549,392
33,2024-09-13,508,392
33,2024-09-14,476,392
33,2024-09-15,459,392
33,2024-09-16,418,392
33,2024-09-17,383,392
33,2024-09-18,334,392
33,2024-09-19,637,392
33,2024-09-20,601,392
33,2024-09-21,577,392
33,2024-09-22,556,392
33,2024-09-23,509,392
33,2024-09-24,479,392
33,2024-09-25,443,473
33,2024-09-26,405,473
33,2024-09-27,364,473
33,2024-09-28,323,473
33,2024-09-29,315,473
33,2024-09-30,279,473
33,2024-10-01,639,473
33,2024-10-02,600,473
33,2024-10-03,554,473
33,2024-10-04,517,473
33,2024-10-05,481,473
33,2024-10-06,464,473
33,2024-10-07,415,473
33,2024-10-08,382,473
33,2024-10-09,345,473
33,2024-10-10,312,473
33,2024-10-11,256,473
33,2024-10-12,215,473
33,2024-10-13,202,473
33,2024-10-14,798,473
33,2024-10-15,768,473
33,2024-10-16,726,473
33,2024-10-17,687,473
33,2024-10-18,645,473
33,2024-10-19,623,473
33,2024-10-20,603,473
33,2024-10-21,556,473
33,2024-10-22,509,473
33,2024-10-23,462,473
33,2024-10-24,410,473
33,2024-10-25,344,594
33,2024-10-26,304,594
33,2024-10-27,281,594
33,2024-10-28,706,594
33,2024-10-29,651,594
33,2024-10-30,602,594
33,2024-10-31,556,594
33,2024-11-01,531,594
33,2024-11-02,492,594
33,2024-11-03,471,594
33,2024-11-04,423,594
33,2024-11-05,370,594
33,2024-11-06,343,594
33,2024-11-07,314,594
33,2024-11-08,275,594
33,2024-11-09,255,594
33,2024-11-10,237,594
33,2024-11-11,1074,594
33,2024-11-12,1035,594
33,2024-11-13,994,594
33,2024-11-14,954,594
33,2024-11-15,918,594
33,2024-11-16,880,594
33,2024-11-17,857,594
33,2024-11-18,818,594
33,2024-11-19,768,594
33,2024-11-20,720,594
33,2024-11-21,679,594
33,2024-11-22,638,594
33,2024-11-23,594,594
33,2024-11-24,572,650
33,2024-11-25,1086,650
33,2024-11-26,1042,650
33,2024-11-27,983,650
33,2024-11-28,933,650
33,2024-11-29,894,650
33,2024-11-30,870,650
33,2024-12-01,858,650
33,2024-12-02,823,650
33,2024-12-03,774,650
33,2024-12-04,748,650
33,2024-12-05,723,650
33,2024-12-06,689,650
33,2024-12-07,659,650
33,2024-12-08,1305,650
33,2024-12-09,1276,650
33,2024-12-10,1253,650
33,2024-12-11,1222,650
33,2024-12-12,1179,650
33,2024-12-13,1147,650
33,2024-12-14,1119,650
33,2024-12-15,1101,650
33,2024-12-16,1070,650
33,2024-12-17,1047,650
33,2024-12-18,1009,650
33,2024-12-19,979,650
33,2024-12-20,959,650
33,2024-12-21,932,650
33,2024-12-22,919,650
33,2024-12-23,885,650
33,2024-12-24,859,596
33,2024-12-25,842,596
33,2024-12-26,810,596
33,2024-12-27,1358,596
33,2024-12-28,1331,596
33,2024-12-29,1309,596
33,2024-12-30,1273,596
33,2024-12-31,1240,596
33,2025-01-01,1210,596
33,2025-01-02,1178,596
33,2025-01-03,1156,596
33,2025-01-04,1135,596
33,2025-01-05,1122,596
33,2025-01-06,1095,596
33,2025-01-07,1053,596
33,2025-01-08,1028,596
33,2025-01-09,995,596
33,2025-01-10,966,596
33,2025-01-11,945,596
33,2025-01-12,935,596
33,2025-01-13,903,596
33,2025-01-14,875,596
33,2025-01-15,847,596
33,2025-01-16,818,596
33,2025-01-17,794,596
33,2025-01-18,766,596
33,2025-01-19,1299,596
33,2025-01-20,1266,596
33,2025-01-21,1240,596
33,2025-01-22,1205,596
33,2025-01-23,1184,495
33,2025-01-24,1154,495
33,2025-01-25,1135,495
33,2025-01-26,1120,495
33,2025-01-27,1092,495
33,2025-01-28,1070,495
33,2025-01-29,1032,495
33,2025-01-30,996,495
33,2025-01-31,969,495
33,2025-02-01,941,495
33,2025-02-02,932,495
33,2025-02-03,903,495
33,2025-02-04,861,495
33,2025-02-05,829,495
33,2025-02-06,799,495
33,2025-02-07,756,495
33,2025-02-08,735,495
33,2025-02-09,720,495
33,2025-02-10,691,495
33,2025-02-11,661,495
33,2025-02-12,622,495
33,2025-02-13,596,495
33,2025-02-14,558,495
33,2025-02-15,535,495
33,2025-02-16,993,495
33,2025-02-17,964,495
33,2025-02-18,931,495
33,2025-02-19,897,495
33,2025-02-20,870,495
33,2025-02-21,851,495
33,2025-02-22,830,466
33,2025-02-23,814,466
33,2025-02-24,780,466
33,2025-02-25,754,466
33,2025-02-26,730,466
33,2025-02-27,702,466
33,2025-02-28,671,466
33,2025-03-01,644,466
33,2025-03-02,629,466
33,2025-03-03,584,466
33,2025-03-04,545,466
33,2025-03-05,961,466
33,2025-03-06,927,466
33,2025-03-07,887,466
33,2025-03-08,841,466
33,2025-03-09,817,466
33,2025-03-10,772,466
33,2025-03-11,729,466
33,2025-03-12,694,466
33,2025-03-13,653,466
33,2025-03-14,597,466
33,2025-03-15,559,466
33,2025-03-16,539,466
33,2025-03-17,511,466
33,2025-03-18,475,466
33,2025-03-19,441,466
33,2025-03-20,404,466
33,2025-03-21,365,466
33,2025-03-22,756,466
33,2025-03-23,736,466
33,2025-03-24,688,518
33,2025-03-25,653,518
33,2025-03-26,611,518
33,2025-03-27,568,518
33,2025-03-28,529,518
33,2025-03-29,493,518
33,2025-03-30,472,518
33,2025-03-31,432,518
33,2025-04-01,408,518
33,2025-04-02,367,518
33,2025-04-03,317,518
33,2025-04-04,770,518
33,2025-04-05,754,518
33,2025-04-06,739,518
33,2025-04-07,698,518
33,2025-04-08,641,518
33,2025-04-09,591,518
33,2025-04-10,553,518
33,2025-04-11,521,518
33,2025-04-12,482,518
33,2025-04-13,467,518
33,2025-04-14,439,518
33,2025-04-15,396,518
33,2025-04-16,353,518
33,2025-04-17,307,518
33,2025-04-18,881,518
33,2025-04-19,844,518
33,2025-04-20,826,518
33,2025-04-21,791,518
33,2025-04-22,733,518
33,2025-04-23,703,602
33,2025-04-24,662,602
33,2025-04-25,613,602
33,2025-04-26,586,602
33,2025-04-27,570,602
33,2025-04-28,536,602
33,2025-04-29,502,602
33,2025-04-30,460,602
33,2025-05-01,419,602
33,2025-05-02,887,602
33,2025-05-03,866,602
33,2025-05-04,857,602
33,2025-05-05,830,602
33,2025-05-06,816,602
33,2025-05-07,786,602
33,2025-05-08,758,602
33,2025-05-09,721,602
33,2025-05-10,709,602
33,2025-05-11,694,602
33,2025-05-12,671,602
33,2025-05-13,616,602
33,2025-05-14,590,602
33,2025-05-15,559,602
33,2025-05-16,1264,602
33,2025-05-17,1235,602
33,2025-05-18,1221,602
33,2025-05-19,1194,602
33,2025-05-20,1165,602
33,2025-05-21,1130,602
33,2025-05-22,1111,602
33,2025-05-23,1073,560
33,2025-05-24,1044,560
33,2025-05-25,1023,560
33,2025-05-26,997,560
33,2025-05-27,969,560
33,2025-05-28,949,560
33,2025-05-29,920,560
33,2025-05-30,893,560
33,2025-05-31,870,560
33,2025-06-01,855,560
33,2025-06-02,835,560
33,2025-06-03,806,560
33,2025-06-04,787,560
33,2025-06-05,768,560
33,2025-06-06,747,560
33,2025-06-07,719,560
33,2025-06-08,1208,560
33,2025-06-09,1184,560
33,2025-06-10,1159,560
33,2025-06-11,1136,560
33,2025-06-12,1104,560
33,2025-06-13,1078,560
33,2025-06-14,1049,560
33,2025-06-15,1037,560
33,2025-06-16,1009,560
33,2025-06-17,977,560
33,2025-06-18,941,560
33,2025-06-19,906,560
33,2025-06-20,890,560
33,2025-06-21,871,560
33,2025-06-22,865,455
33,2025-06-23,833,455
33,2025-06-24,811,455
33,2025-06-25,786,455
33,2025-06-26,758,455
33,2025-06-27,745,455
33,2025-06-28,721,455
33,2025-06-29,1234,455
33,2025-06-30,1207,455
33,2025-07-01,1190,455
33,2025-07-02,1168,455
33,2025-07-03,1129,455
33,2025-07-04,1094,455
33,2025-07-05,1081,455
33,2025-07-06,1066,455
33,2025-07-07,1038,455
33,2025-07-08,1007,455
33,2025-07-09,976,455
33,2025-07-10,951,455
33,2025-07-11,924,455
33,2025-07-12,906,455
33,2025-07-13,897,455
33,2025-07-14,860,455
33,2025-07-15,829,455
33,2025-07-16,808,455
33,2025-07-17,783,455
33,2025-07-18,755,455
33,2025-07-19,729,455
33,2025-07-20,712,455
33,2025-07-21,688,455
33,2025-07-22,651,412
33,2025-07-23,617,412
33,2025-07-24,592,412
33,2025-07-25,571,412
33,2025-07-26,553,412
33,2025-07-27,534,412
33,2025-07-28,501,412
33,2025-07-29,467,412
33,2025-07-30,842,412
33,2025-07-31,819,412
33,2025-08-01,793,412
33,2025-08-02,762,412
33,2025-08-03,756,412
33,2025-08-04,725,412
33,2025-08-05,684,412
33,2025-08-06,654,412
33,2025-08-07,619,412
33,2025-08-08,584,412
33,2025-08-09,561,412
33,2025-08-10,543,412
33,2025-08-11,503,412
33,2025-08-12,472,412
33,2025-08-13,452,412
33,2025-08-14,426,412
33,2025-08-15,778,412
33,2025-08-16,754,412
33,2025-08-17,731,412
33,2025-08-18,691,412
33,2025-08-19,665,412
33,2025-08-20,638,412
33,2025-08-21,599,440
33,2025-08-22,568,440
33,2025-08-23,543,440
33,2025-08-24,523,440
33,2025-08-25,484,440
33,2025-08-26,459,440
33,2025-08-27,433,440
33,2025-08-28,411,440
33,2025-08-29,763,440
33,2025-08-30,738,440
33,2025-08-31,724,440
33,2025-09-01,633,440
33,2025-09-02,583,440
33,2025-09-03,548,440
33,2025-09-04,488,440
33,2025-09-05,458,440
33,2025-09-06,420,440
33,2025-09-07,401,440
33,2025-09-08,341,440
33,2025-09-09,298,440
33,2025-09-10,687,440
33,2025-09-11,642,440
33,2025-09-12,599,440
33,2025-09-13,573,440
33,2025-09-14,552,440
33,2025-09-15,514,440
33,2025-09-16,467,440
33,2025-09-17,421,440
33,2025-09-18,371,440
33,2025-09-19,342,440
33,2025-09-20,314,548
33,2025-09-21,287,548
33,2025-09-22,748,548
33,2025-09-23,712,548
33,2025-09-24,669,548
33,2025-09-25,645,548
33,2025-09-26,591,548
33,2025-09-27,564,548
33,2025-09-28,539,548
33,2025-09-29,485,548
33,2025-09-30,447,548
33,2025-10-01,389,548
33,2025-10-02,355,548
33,2025-10-03,290,548
33,2025-10-04,955,548
33,2025-10-05,930,548
33,2025-10-06,883,548
33,2025-10-07,845,548
33,2025-10-08,810,548
33,2025-10-09,760,548
33,2025-10-10,725,548
33,2025-10-11,687,548
33,2025-10-12,667,548
33,2025-10-13,609,548
33,2025-10-14,557,548
33,2025-10-15,512,548
33,2025-10-16,464,548
33,2025-10-17,408,548
33,2025-10-18,885,548
33,2025-10-19,857,548
33,2025-10-20,806,653
33,2025-10-21,760,653
33,2025-10-22,720,653
33,2025-10-23,676,653
33,2025-10-24,640,653
33,2025-10-25,597,653
33,2025-10-26,579,653
33,2025-10-27,522,653
33,2025-10-28,482,653
33,2025-10-29,434,653
33,2025-10-30,977,653
33,2025-10-31,923,653
33,2025-11-01,870,653
33,2025-11-02,852,653
33,2025-11-03,808,653
33,2025-11-04,766,653
33,2025-11-05,720,653
33,2025-11-06,681,653
33,2025-11-07,625,653
33,2025-11-08,590,653
33,2025-11-09,566,653
33,2025-11-10,1295,653
33,2025-11-11,1247,653
33,2025-11-12,1197,653
33,2025-11-13,1151,653
33,2025-11-14,1102,653
33,2025-11-15,1059,653
33,2025-11-16,1038,653
33,2025-11-17,996,653
33,2025-11-18,961,653
33,2025-11-19,902,701
33,2025-11-20,857,701
33,2025-11-21,823,701
33,2025-11-22,797,701
33,2025-11-23,786,701
33,2025-11-24,1349,701
33,2025-11-25,1299,701
33,2025-11-26,1256,701
33,2025-11-27,1214,701
33,2025-11-28,1168,701
33,2025-11-29,1130,701
33,2025-11-30,1113,701
33,2025-12-01,1076,701
33,2025-12-02,1046,701
33,2025-12-03,1019,701
33,2025-12-04,989,701
33,2025-12-05,953,701
33,2025-12-06,931,701
33,2025-12-07,917,701
33,2025-12-08,1512,701
33,2025-12-09,1480,701
33,2025-12-10,1438,701
33,2025-12-11,1404,701
33,2025-12-12,1366,701
33,2025-12-13,1341,701
33,2025-12-14,1320,701
33,2025-12-15,1279,701
33,2025-12-16,1255,701
33,2025-12-17,1214,701
33,2025-12-18,1182,701
33,2025-12-19,1149,641
33,2025-12-20,1125,641
33,2025-12-21,1109,641
33,2025-12-22,1060,641
33,2025-12-23,1035,641
33,2025-12-24,1004,641
33,2025-12-25,979,641
33,2025-12-26,945,641
33,2025-12-27,1542,641
33,2025-12-28,1524,641
33,2025-12-29,1488,641
33,2025-12-30,1454,641
33,2025-12-31,1410,641
33,2026-01-01,1383,641
33,2026-01-02,1343,641
33,2026-01-03,1320,641
33,2026-01-04,1310,641
33,2026-01-05,1277,641
33,2026-01-06,1252,641
33,2026-01-07,1222,641
33,2026-01-08,1197,641
33,2026-01-09,1169,641
33,2026-01-10,1147,641
33,2026-01-11,1127,641
33,2026-01-12,1099,641
33,2026-01-13,1068,641
33,2026-01-14,1037,641
33,2026-01-15,1006,641
33,2026-01-16,978,641
33,2026-01-17,947,641
33,2026-01-18,935,529
33,2026-01-19,913,529
33,2026-01-20,866,529
33,2026-01-21,1412,529
33,2026-01-22,1382,529
33,2026-01-23,1349,529
33,2026-01-24,1319,529
33,2026-01-25,1304,529
33,2026-01-26,1275,529
33,2026-01-27,1235,529
33,2026-01-28,1196,529
33,2026-01-29,1163,529
33,2026-01-30,1132,529
33,2026-01-31,1090,529
33,2026-02-01,1081,529
33,2026-02-02,1049,529
33,2026-02-03,1032,529
33,2026-02-04,999,529
33,2026-02-05,959,529
33,2026-02-06,928,529
33,2026-02-07,907,529
33,2026-02-08,880,529
33,2026-02-09,848,529
33,2026-02-10,820,529
33,2026-02-11,782,529
33,2026-02-12,755,529
33,2026-02-13,725,529
33,2026-02-14,694,529
33,2026-02-15,672,529
33,2026-02-16,627,529
33,2026-02-17,595,497
33,2026-02-18,569,497
33,2026-02-19,1026,497
33,2026-02-20,993,497
33,2026-02-21,963,497
33,2026-02-22,944,497
33,2026-02-23,916,497
33,2026-02-24,880,497
33,2026-02-25,842,497
33,2026-02-26,807,497
33,2026-02-27,775,497
33,2026-02-28,752,497
33,2026-03-01,738,497
33,2026-03-02,697,497
33,2026-03-03,655,497
33,2026-03-04,618,497
33,2026-03-05,565,497
33,2026-03-06,520,497
33,2026-03-07,486,497
33,2026-03-08,471,497
33,2026-03-09,418,497
33,2026-03-10,827,497
33,2026-03-11,780,497
33,2026-03-12,739,497
33,2026-03-13,694,497
33,2026-03-14,666,497
33,2026-03-15,645,497
33,2026-03-16,596,497
33,2026-03-17,551,497
33,2026-03-18,512,497
33,2026-03-19,456,553
33,2026-03-20,410,553
33,2026-03-21,375,553
33,2026-03-22,353,553
33,2026-03-23,315,553
33,2026-03-24,769,553
33,2026-03-25,722,553
33,2026-03-26,667,553
33,2026-03-27,623,553
33,2026-03-28,588,553
33,2026-03-29,567,553
33,2026-03-30,520,553
33,2026-03-31,482,553
33,2026-04-01,440,553
33,2026-04-02,402,553
33,2026-04-03,342,553
33,2026-04-04,293,553
33,2026-04-05,270,553
33,2026-04-06,943,553
33,2026-04-07,909,553
33,2026-04-08,863,553
33,2026-04-09,818,553
33,2026-04-10,773,553
33,2026-04-11,734,553
33,2026-04-12,718,553
33,2026-04-13,679,553
33,2026-04-14,617,553
33,2026-04-15,561,553
33,2026-04-16,506,553
33,2026-04-17,990,553
33,2026-04-18,949,664
33,2026-04-19,924,664
33,2026-04-20,882,664
33,2026-04-21,833,664
33,2026-04-22,781,664
33,2026-04-23,731,664
33,2026-04-24,683,664
33,2026-04-25,655,664
33,2026-04-26,636,664
33,2026-04-27,576,664
33,2026-04-28,504,664
33,2026-04-29,943,664
33,2026-04-30,898,664
33,2026-05-01,875,664
33,2026-05-02,841,664
33,2026-05-03,828,664
33,2026-05-04,788,664
33,2026-05-05,768,664
33,2026-05-06,737,664
33,2026-05-07,697,664
33,2026-05-08,663,664
33,2026-05-09,631,664
33,2026-05-10,612,664
33,2026-05-11,560,664
33,2026-05-12,533,664
33,2026-05-13,1339,664
33,2026-05-14,1297,664
33,2026-05-15,1267,664
33,2026-05-16,1232,664
33,2026-05-17,1221,664
33,2026-05-18,1188,677
33,2026-05-19,1144,677
33,2026-05-20,1111,677
33,2026-05-21,1075,677
33,2026-05-22,1025,677
33,2026-05-23,994,677
33,2026-05-24,988,677
33,2026-05-25,958,677
33,2026-05-26,930,677
33,2026-05-27,903,677
33,2026-05-28,857,677
33,2026-05-29,816,677
33,2026-05-30,787,677
33,2026-05-31,1407,677
33,2026-06-01,1367,677
33,2026-06-02,1348,677
33,2026-06-03,1322,677
33,2026-06-04,1286,677
33,2026-06-05,1261,677
33,2026-06-06,1241,677
33,2026-06-07,1224,677
33,2026-06-08,1196,677
33,2026-06-09,1167,677
33,2026-06-10,1138,677
33,2026-06-11,1118,677
33,2026-06-12,1091,677
33,2026-06-13,1061,677
33,2026-06-14,1049,677
33,2026-06-15,1038,677
33,2026-06-16,1012,677
33,2026-06-17,982,550
33,2026-06-18,953,550
33,2026-06-19,923,550
33,2026-06-20,907,550
33,2026-06-21,1519,550
33,2026-06-22,1495,550
33,2026-06-23,1453,550
33,2026-06-24,1429,550
33,2026-06-25,1412,550
33,2026-06-26,1395,550
33,2026-06-27,1371,550
33,2026-06-28,1356,550
33,2026-06-29,1323,550
33,2026-06-30,1295,550
33,2026-07-01,1265,550
33,2026-07-02,1238,550
33,2026-07-03,1208,550
33,2026-07-04,1190,550
33,2026-07-05,1170,550
33,2026-07-06,1142,550
33,2026-07-07,1113,550
33,2026-07-08,1076,550
33,2026-07-09,1051,550
33,2026-07-10,1030,550
33,2026-07-11,1009,550
33,2026-07-12,998,550
33,2026-07-13,958,550
33,2026-07-14,927,550
33,2026-07-15,907,550
33,2026-07-16,886,550
33,2026-07-17,853,449
33,2026-07-18,839,449
33,2026-07-19,826,449
33,2026-07-20,797,449
33,2026-07-21,777,449
33,2026-07-22,743,449
33,2026-07-23,705,449
33,2026-07-24,667,449
33,2026-07-25,1161,449
33,2026-07-26,1148,449
33,2026-07-27,1111,449
33,2026-07-28,1087,449
33,2026-07-29,1043,449
33,2026-07-30,1013,449
33,2026-07-31,984,449
33,2026-08-01,966,449
33,2026-08-02,945,449
33,2026-08-03,906,449
33,2026-08-04,871,449
33,2026-08-05,836,449
33,2026-08-06,809,449
33,2026-08-07,783,449
33,2026-08-08,762,449
33,2026-08-09,747,449
33,2026-08-10,725,449
33,2026-08-11,697,449
33,2026-08-12,669,449
33,2026-08-13,628,449
33,2026-08-14,594,449
33,2026-08-15,565,449
33,2026-08-16,550,449
33,2026-08-17,515,449
33,2026-08-18,872,449
33,2026-08-19,842,449
33,2026-08-20,805,449
33,2026-08-21,749,449
33,2026-08-22,700,449
33,2026-08-23,688,449
33,2026-08-24,659,449
33,2026-08-25,631,449
33,2026-08-26,603,449
33,2026-08-27,565,449
33,2026-08-28,536,449
33,2026-08-29,505,449
33,2026-08-30,490,449
33,2026-08-31,468,449
33,2026-09-01,832,449
33,2026-09-02,784,449
33,2026-09-03,721,449
33,2026-09-04,672,449
33,2026-09-05,631,449
33,2026-09-06,610,449
33,2026-09-07,575,449
33,2026-09-08,538,449
33,2026-09-09,491,449
33,2026-09-10,454,449
33,2026-09-11,410,449
33,2026-09-12,373,449
33,2026-09-13,349,449
33,2026-09-14,299,449
33,2026-09-15,259,539
33,2026-09-16,647,539
33,2026-09-17,610,539
33,2026-09-18,575,539
33,2026-09-19,540,539
33,2026-09-20,523,539
33,2026-09-21,477,539
33,2026-09-22,424,539
33,2026-09-23,372,539
33,2026-09-24,328,539
33,2026-09-25,273,539
33,2026-09-26,238,539
33,2026-09-27,1021,539
33,2026-09-28,989,539
33,2026-09-29,951,539
33,2026-09-30,920,539
34,2023-10-01,1256,476
34,2023-10-02,1218,476
34,2023-10-03,1172,476
34,2023-10-04,1125,476
34,2023-10-05,1067,476
34,2023-10-06,1026,476
34,2023-10-07,986,476
34,2023-10-08,969,476
34,2023-10-09,940,476
34,2023-10-10,909,476
34,2023-10-11,862,476
34,2023-10-12,826,476
34,2023-10-13,779,476
34,2023-10-14,741,476
34,2023-10-15,720,476
34,2023-10-16,694,476
34,2023-10-17,663,476
34,2023-10-18,613,476
34,2023-10-19,580,476
34,2023-10-20,546,476
34,2023-10-21,522,476
34,2023-10-22,508,476
34,2023-10-23,477,476
34,2023-10-24,455,476
34,2023-10-25,860,476
34,2023-10-26,827,476
34,2023-10-27,796,476
34,2023-10-28,758,476
34,2023-10-29,739,476
34,2023-10-30,699,476
34,2023-10-31,647,476
34,2023-11-01,616,476
34,2023-11-02,581,476
34,2023-11-03,527,476
34,2023-11-04,491,476
34,2023-11-05,473,476
34,2023-11-06,440,476
34,2023-11-07,403,476
34,2023-11-08,817,476
34,2023-11-09,779,476
34,2023-11-10,743,476
34,2023-11-11,717,476
34,2023-11-12,701,476
34,2023-11-13,664,476
34,2023-11-14,636,476
34,2023-11-15,609,476
34,2023-11-16,580,476
34,2023-11-17,536,476
34,2023-11-18,500,476
34,2023-11-19,480,476
34,2023-11-20,443,476
34,2023-11-21,409,476
34,2023-11-22,840,476
34,2023-11-23,804,476
34,2023-11-24,763,476
34,2023-11-25,729,476
34,2023-11-26,701,476
34,2023-11-27,671,476
34,2023-11-28,618,476
34,2023-11-29,588,476
34,2023-11-30,555,581
34,2023-12-01,523,581
34,2023-12-02,501,581
34,2023-12-03,916,581
34,2023-12-04,891,581
34,2023-12-05,860,581
34,2023-12-06,824,581
34,2023-12-07,792,581
34,2023-12-08,751,581
34,2023-12-09,731,581
34,2023-12-10,722,581
34,2023-12-11,671,581
34,2023-12-12,640,581
34,2023-12-13,613,581
34,2023-12-14,1230,581
34,2023-12-15,1196,581
34,2023-12-16,1177,581
34,2023-12-17,1166,581
34,2023-12-18,1136,581
34,2023-12-19,1112,581
34,2023-12-20,1086,581
34,2023-12-21,1062,581
34,2023-12-22,1026,581
34,2023-12-23,997,581
34,2023-12-24,974,581
34,2023-12-25,953,581
34,2023-12-26,927,581
34,2023-12-27,905,581
34,2023-12-28,885,581
34,2023-12-29,852,581
34,2023-12-30,822,521
34,2023-12-31,813,521
34,2024-01-01,790,521
34,2024-01-02,777,521
34,2024-01-03,750,521
34,2024-01-04,1249,521
34,2024-01-05,1217,521
34,2024-01-06,1188,521
34,2024-01-07,1180,521
34,2024-01-08,1147,521
34,2024-01-09,1124,521
34,2024-01-10,1097,521
34,2024-01-11,1070,521
34,2024-01-12,1047,521
34,2024-01-13,1028,521
34,2024-01-14,1015,521
34,2024-01-15,988,521
34,2024-01-16,963,521
34,2024-01-17,930,521
34,2024-01-18,904,521
34,2024-01-19,880,521
34,2024-01-20,859,521
34,2024-01-21,850,521
34,2024-01-22,813,521
34,2024-01-23,788,521
34,2024-01-24,752,521
34,2024-01-25,722,521
34,2024-01-26,695,521
34,2024-01-27,677,521
34,2024-01-28,663,521
34,2024-01-29,641,436
34,2024-01-30,614,436
34,2024-01-31,1061,436
34,2024-02-01,1043,436
34,2024-02-02,1013,436
34,2024-02-03,985,436
34,2024-02-04,967,436
34,2024-02-05,945,436
34,2024-02-06,918,436
34,2024-02-07,895,436
34,2024-02-08,865,436
34,2024-02-09,834,436
34,2024-02-10,813,436
34,2024-02-11,807,436
34,2024-02-12,777,436
34,2024-02-13,760,436
34,2024-02-14,732,436
34,2024-02-15,711,436
34,2024-02-16,682,436
34,2024-02-17,652,436
34,2024-02-18,639,436
34,2024-02-19,615,436
34,2024-02-20,587,436
34,2024-02-21,562,436
34,2024-02-22,528,436
34,2024-02-23,496,436
34,2024-02-24,477,436
34,2024-02-25,463,436
34,2024-02-26,829,436
34,2024-02-27,789,436
34,2024-02-28,766,413
34,2024-02-29,741,413
34,2024-03-01,711,413
34,2024-03-02,662,413
34,2024-03-03,646,413
34,2024-03-04,621,413
34,2024-03-05,585,413
34,2024-03-06,542,413
34,2024-03-07,491,413
34,2024-03-08,452,413
34,2024-03-09,420,413
34,2024-03-10,390,413
34,2024-03-11,726,413
34,2024-03-12,688,413
34,2024-03-13,661,413
34,2024-03-14,623,413
34,2024-03-15,593,413
34,2024-03-16,562,413
34,2024-03-17,543,413
34,2024-03-18,508,413
34,2024-03-19,466,413
34,2024-03-20,432,413
34,2024-03-21,395,413
34,2024-03-22,347,413
34,2024-03-23,324,413
34,2024-03-24,693,413
34,2024-03-25,652,413
34,2024-03-26,624,413
34,2024-03-27,582,413
34,2024-03-28,547,413
34,2024-03-29,508,490
34,2024-03-30,486,490
34,2024-03-31,472,490
34,2024-04-01,425,490
34,2024-04-02,384,490
34,2024-04-03,352,490
34,2024-04-04,319,490
34,2024-04-05,280,490
34,2024-04-06,669,490
34,2024-04-07,655,490
34,2024-04-08,616,490
34,2024-04-09,583,490
34,2024-04-10,557,490
34,2024-04-11,526,490
34,2024-04-12,479,490
34,2024-04-13,437,490
34,2024-04-14,421,490
34,2024-04-15,386,490
34,2024-04-16,351,490
34,2024-04-17,315,490
34,2024-04-18,924,490
34,2024-04-19,893,490
34,2024-04-20,862,490
34,2024-04-21,841,490
34,2024-04-22,795,490
34,2024-04-23,760,490
34,2024-04-24,724,490
34,2024-04-25,691,490
34,2024-04-26,646,490
34,2024-04-27,618,490
34,2024-04-28,595,562
34,2024-04-29,544,562
34,2024-04-30,498,562
34,2024-05-01,464,562
34,2024-05-02,431,562
34,2024-05-03,850,562
34,2024-05-04,827,562
34,2024-05-05,815,562
34,2024-05-06,792,562
34,2024-05-07,763,562
34,2024-05-08,734,562
34,2024-05-09,705,562
34,2024-05-10,680,562
34,2024-05-11,659,562
34,2024-05-12,646,562
34,2024-05-13,609,562
34,2024-05-14,1222,562
34,2024-05-15,1197,562
34,2024-05-16,1169,562
34,2024-05-17,1138,562
34,2024-05-18,1122,562
34,2024-05-19,1111,562
34,2024-05-20,1088,562
34,2024-05-21,1068,562
34,2024-05-22,1018,562
34,2024-05-23,987,562
34,2024-05-24,960,562
34,2024-05-25,925,562
34,2024-05-26,914,562
34,2024-05-27,895,562
34,2024-05-28,875,517
34,2024-05-29,843,517
34,2024-05-30,811,517
34,2024-05-31,789,517
34,2024-06-01,762,517
34,2024-06-02,751,517
34,2024-06-03,728,517
34,2024-06-04,707,517
34,2024-06-05,1200,517
34,2024-06-06,1168,517
34,2024-06-07,1135,517
34,2024-06-08,1116,517
34,2024-06-09,1102,517
34,2024-06-10,1075,517
34,2024-06-11,1047,517
34,2024-06-12,1022,517
34,2024-06-13,1004,517
34,2024-06-14,984,517
34,2024-06-15,969,517
34,2024-06-16,956,517
34,2024-06-17,924,517
34,2024-06-18,910,517
34,2024-06-19,876,517
34,2024-06-20,846,517
34,2024-06-21,821,517
34,2024-06-22,797,517
34,2024-06-23,778,517
34,2024-06-24,757,517
34,2024-06-25,726,517
34,2024-06-26,700,517
34,2024-06-27,683,439
34,2024-06-28,655,439
34,2024-06-29,633,439
34,2024-06-30,1085,439
34,2024-07-01,1060,439
34,2024-07-02,1034,439
34,2024-07-03,999,439
34,2024-07-04,967,439
34,2024-07-05,946,439
34,2024-07-06,917,439
34,2024-07-07,903,439
34,2024-07-08,870,439
34,2024-07-09,849,439
34,2024-07-10,832,439
34,2024-07-11,801,439
34,2024-07-12,775,439
34,2024-07-13,758,439
34,2024-07-14,743,439
34,2024-07-15,722,439
34,2024-07-16,688,439
34,2024-07-17,656,439
34,2024-07-18,626,439
34,2024-07-19,599,439
34,2024-07-20,589,439
34,2024-07-21,572,439
34,2024-07-22,553,439
34,2024-07-23,522,439
34,2024-07-24,502,439
34,2024-07-25,885,439
34,2024-07-26,852,439
34,2024-07-27,829,406
34,2024-07-28,820,406
34,2024-07-29,785,406
34,2024-07-30,755,406
34,2024-07-31,727,406
34,2024-08-01,699,406
34,2024-08-02,656,406
34,2024-08-03,630,406
34,2024-08-04,617,406
34,2024-08-05,578,406
34,2024-08-06,545,406
34,2024-08-07,509,406
34,2024-08-08,467,406
34,2024-08-09,445,406
34,2024-08-10,422,406
34,2024-08-11,762,406
34,2024-08-12,730,406
34,2024-08-13,699,406
34,2024-08-14,675,406
34,2024-08-15,635,406
34,2024-08-16,599,406
34,2024-08-17,573,406
34,2024-08-18,557,406
34,2024-08-19,519,406
34,2024-08-20,481,406
34,2024-08-21,440,406
34,2024-08-22,419,406
34,2024-08-23,399,406
34,2024-08-24,374,406
34,2024-08-25,726,406
34,2024-08-26,702,443
34,2024-08-27,677,443
34,2024-08-28,640,443
34,2024-08-29,616,443
34,2024-08-30,590,443
34,2024-08-31,575,443
34,2024-09-01,562,443
34,2024-09-02,535,443
34,2024-09-03,485,443
34,2024-09-04,432,443
34,2024-09-05,390,443
34,2024-09-06,351,443
34,2024-09-07,684,443
34,2024-09-08,674,443
34,2024-09-09,645,443
34,2024-09-10,613,443
34,2024-09-11,566,443
34,2024-09-12,525,443
34,2024-09-13,480,443
34,2024-09-14,442,443
34,2024-09-15,427,443
34,2024-09-16,393,443
34,2024-09-17,344,443
34,2024-09-18,310,443
34,2024-09-19,273,443
34,2024-09-20,749,443
34,2024-09-21,722,443
34,2024-09-22,708,443
34,2024-09-23,674,443
34,2024-09-24,647,443
34,2024-09-25,601,509
34,2024-09-26,573,509
34,2024-09-27,533,509
34,2024-09-28,508,509
34,2024-09-29,487,509
34,2024-09-30,460,509
34,2024-10-01,853,509
34,2024-10-02,803,509
34,2024-10-03,759,509
34,2024-10-04,710,509
34,2024-10-05,672,509
34,2024-10-06,646,509
34,2024-10-07,617,509
34,2024-10-08,545,509
34,2024-10-09,505,509
34,2024-10-10,456,509
34,2024-10-11,417,509
34,2024-10-12,370,509
34,2024-10-13,864,509
34,2024-10-14,797,509
34,2024-10-15,762,509
34,2024-10-16,722,509
34,2024-10-17,690,509
34,2024-10-18,639,509
34,2024-10-19,608,509
34,2024-10-20,585,509
34,2024-10-21,540,509
34,2024-10-22,508,509
34,2024-10-23,475,509
34,2024-10-24,417,509
34,2024-10-25,368,604
34,2024-10-26,333,604
34,2024-10-27,812,604
34,2024-10-28,781,604
34,2024-10-29,729,604
34,2024-10-30,673,604
34,2024-10-31,640,604
34,2024-11-01,597,604
34,2024-11-02,567,604
34,2024-11-03,551,604
34,2024-11-04,515,604
34,2024-11-05,467,604
34,2024-11-06,426,604
34,2024-11-07,386,604
34,2024-11-08,1145,604
34,2024-11-09,1111,604
34,2024-11-10,1089,604
34,2024-11-11,1049,604
34,2024-11-12,1003,604
34,2024-11-13,968,604
34,2024-11-14,925,604
34,2024-11-15,887,604
34,2024-11-16,848,604
34,2024-11-17,819,604
34,2024-11-18,788,604
34,2024-11-19,738,604
34,2024-11-20,712,604
34,2024-11-21,680,604
34,2024-11-22,646,604
34,2024-11-23,602,604
34,2024-11-24,587,655
34,2024-11-25,1116,655
34,2024-11-26,1089,655
34,2024-11-27,1066,655
34,2024-11-28,1042,655
34,2024-11-29,1002,655
34,2024-11-30,976,655
34,2024-12-01,951,655
34,2024-12-02,925,655
34,2024-12-03,887,655
34,2024-12-04,850,655
34,2024-12-05,820,655
34,2024-12-06,788,655
34,2024-12-07,772,655
34,2024-12-08,759,655
34,2024-12-09,1373,655
34,2024-12-10,1344,655
34,2024-12-11,1329,655
34,2024-12-12,1296,655
34,2024-12-13,1259,655
34,2024-12-14,1232,655
34,2024-12-15,1220,655
34,2024-12-16,1195,655
34,2024-12-17,1159,655
34,2024-12-18,1105,655
34,2024-12-19,1078,655
34,2024-12-20,1058,655
34,2024-12-21,1041,655
34,2024-12-22,1030,655
34,2024-12-23,998,655
34,2024-12-24,976,551
34,2024-12-25,947,551
34,2024-12-26,926,551
34,2024-12-27,897,551
34,2024-12-28,878,551
34,2024-12-29,863,551
34,2024-12-30,831,551
34,2024-12-31,1393,551
34,2025-01-01,1367,551
34,2025-01-02,1349,551
34,2025-01-03,1316,551
34,2025-01-04,1290,551
34,2025-01-05,1281,551
34,2025-01-06,1256,551
34,2025-01-07,1225,551
34,2025-01-08,1205,551
34,2025-01-09,1188,551
34,2025-01-10,1160,551
34,2025-01-11,1142,551
34,2025-01-12,1130,551
34,2025-01-13,1103,551
34,2025-01-14,1070,551
34,2025-01-15,1044,551
34,2025-01-16,1019,551
34,2025-01-17,997,551
34,2025-01-18,978,551
34,2025-01-19,970,551
34,2025-01-20,928,551
34,2025-01-21,898,551
34,2025-01-22,868,551
34,2025-01-23,847,438
34,2025-01-24,809,438
34,2025-01-25,783,438
34,2025-01-26,767,438
34,2025-01-27,748,438
34,2025-01-28,731,438
34,2025-01-29,1200,438
34,2025-01-30,1178,438
34,2025-01-31,1152,438
34,2025-02-01,1131,438
34,2025-02-02,1122,438
34,2025-02-03,1089,438
34,2025-02-04,1062,438
34,2025-02-05,1030,438
34,2025-02-06,999,438
34,2025-02-07,965,438
34,2025-02-08,940,438
34,2025-02-09,928,438
34,2025-02-10,893,438
34,2025-02-11,869,438
34,2025-02-12,838,438
34,2025-02-13,812,438
34,2025-02-14,779,438
34,2025-02-15,741,438
34,2025-02-16,731,438
34,2025-02-17,704,438
34,2025-02-18,670,438
34,2025-02-19,639,438
34,2025-02-20,615,438
34,2025-02-21,592,438
34,2025-02-22,568,427
34,2025-02-23,553,427
34,2025-02-24,521,427
34,2025-02-25,488,427
34,2025-02-26,469,427
34,2025-02-27,845,427
34,2025-02-28,820,427
34,2025-03-01,784,427
34,2025-03-02,772,427
34,2025-03-03,729,427
34,2025-03-04,682,427
34,2025-03-05,645,427
34,2025-03-06,611,427
34,2025-03-07,576,427
34,2025-03-08,538,427
34,2025-03-09,522,427
34,2025-03-10,482,427
34,2025-03-11,456,427
34,2025-03-12,416,427
34,2025-03-13,380,427
34,2025-03-14,335,427
34,2025-03-15,306,427
34,2025-03-16,707,427
34,2025-03-17,662,427
34,2025-03-18,613,427
34,2025-03-19,571,427
34,2025-03-20,517,427
34,2025-03-21,461,427
34,2025-03-22,428,427
34,2025-03-23,414,427
34,2025-03-24,368,501
34,2025-03-25,343,501
34,2025-03-26,306,501
34,2025-03-27,712,501
34,2025-03-28,677,501
34,2025-03-29,634,501
34,2025-03-30,621,501
34,2025-03-31,580,501
34,2025-04-01,536,501
34,2025-04-02,505,501
34,2025-04-03,462,501
34,2025-04-04,422,501
34,2025-04-05,363,501
34,2025-04-06,342,501
34,2025-04-07,286,501
34,2025-04-08,886,501
34,2025-04-09,858,501
34,2025-04-10,808,501
34,2025-04-11,770,501
34,2025-04-12,742,501
34,2025-04-13,728,501
34,2025-04-14,687,501
34,2025-04-15,642,501
34,2025-04-16,619,501
34,2025-04-17,587,501
34,2025-04-18,539,501
34,2025-04-19,508,501
34,2025-04-20,951,501
34,2025-04-21,922,501
34,2025-04-22,877,501
34,2025-04-23,845,583
34,2025-04-24,789,583
34,2025-04-25,734,583
34,2025-04-26,699,583
34,2025-04-27,674,583
34,2025-04-28,639,583
34,2025-04-29,592,583
34,2025-04-30,557,583
34,2025-05-01,518,583
34,2025-05-02,490,583
34,2025-05-03,468,583
34,2025-05-04,914,583
34,2025-05-05,883,583
34,2025-05-06,864,583
34,2025-05-07,841,583
34,2025-05-08,799,583
34,2025-05-09,781,583
34,2025-05-10,756,583
34,2025-05-11,744,583
34,2025-05-12,726,583
34,2025-05-13,702,583
34,2025-05-14,682,583
34,2025-05-15,659,583
34,2025-05-16,1284,583
34,2025-05-17,1264,583
34,2025-05-18,1248,583
34,2025-05-19,1217,583
34,2025-05-20,1184,583
34,2025-05-21,1150,583
34,2025-05-22,1127,583
34,2025-05-23,1092,548
34,2025-05-24,1072,548
34,2025-05-25,1053,548
34,2025-05-26,1025,548
34,2025-05-27,985,548
34,2025-05-28,960,548
34,2025-05-29,930,548
34,2025-05-30,901,548
34,2025-05-31,887,548
34,2025-06-01,879,548
34,2025-06-02,849,548
34,2025-06-03,818,548
34,2025-06-04,789,548
34,2025-06-05,766,548
34,2025-06-06,734,548
34,2025-06-07,717,548
34,2025-06-08,1187,548
34,2025-06-09,1161,548
34,2025-06-10,1142,548
34,2025-06-11,1110,548
34,2025-06-12,1088,548
34,2025-06-13,1065,548
34,2025-06-14,1036,548
34,2025-06-15,1029,548
34,2025-06-16,1006,548
34,2025-06-17,980,548
34,2025-06-18,951,548
34,2025-06-19,910,548
34,2025-06-20,890,548
34,2025-06-21,861,548
34,2025-06-22,854,459
34,2025-06-23,839,459
34,2025-06-24,810,459
34,2025-06-25,790,459
34,2025-06-26,755,459
34,2025-06-27,733,459
34,2025-06-28,705,459
34,2025-06-29,1180,459
34,2025-06-30,1149,459
34,2025-07-01,1128,459
34,2025-07-02,1108,459
34,2025-07-03,1066,459
34,2025-07-04,1052,459
34,2025-07-05,1020,459
34,2025-07-06,1001,459
34,2025-07-07,961,459
34,2025-07-08,940,459
34,2025-07-09,903,459
34,2025-07-10,870,459
34,2025-07-11,847,459
34,2025-07-12,816,459
34,2025-07-13,804,459
34,2025-07-14,782,459
34,2025-07-15,758,459
34,2025-07-16,738,459
34,2025-07-17,714,459
34,2025-07-18,679,459
34,2025-07-19,667,459
34,2025-07-20,656,459
34,2025-07-21,628,459
34,2025-07-22,606,419
34,2025-07-23,997,419
34,2025-07-24,976,419
34,2025-07-25,946,419
34,2025-07-26,922,419
34,2025-07-27,910,419
34,2025-07-28,893,419
34,2025-07-29,864,419
34,2025-07-30,839,419
34,2025-07-31,810,419
34,2025-08-01,788,419
34,2025-08-02,759,419
34,2025-08-03,743,419
34,2025-08-04,712,419
34,2025-08-05,673,419
34,2025-08-06,643,419
34,2025-08-07,607,419
34,2025-08-08,572,419
34,2025-08-09,543,419
34,2025-08-10,526,419
34,2025-08-11,491,419
34,2025-08-12,466,419
34,2025-08-13,438,419
34,2025-08-14,413,419
34,2025-08-15,377,419
34,2025-08-16,360,419
34,2025-08-17,733,419
34,2025-08-18,710,419
34,2025-08-19,669,419
34,2025-08-20,637,419
34,2025-08-21,613,429
34,2025-08-22,577,429
34,2025-08-23,563,429
34,2025-08-24,555,429
34,2025-08-25,531,429
34,2025-08-26,503,429
34,2025-08-27,478,429
34,2025-08-28,433,429
34,2025-08-29,405,429
34,2025-08-30,780,429
34,2025-08-31,765,429
34,2025-09-01,712,429
34,2025-09-02,681,429
34,2025-09-03,652,429
34,2025-09-04,620,429
34,2025-09-05,594,429
34,2025-09-06,550,429
34,2025-09-07,536,429
34,2025-09-08,473,429
34,2025-09-09,431,429
34,2025-09-10,391,429
34,2025-09-11,732,429
34,2025-09-12,700,429
34,2025-09-13,670,429
34,2025-09-14,650,429
34,2025-09-15,607,429
34,2025-09-16,581,429
34,2025-09-17,543,429
34,2025-09-18,490,429
34,2025-09-19,444,429
34,2025-09-20,407,499
34,2025-09-21,394,499
34,2025-09-22,347,499
34,2025-09-23,720,499
34,2025-09-24,677,499
34,2025-09-25,642,499
34,2025-09-26,602,499
34,2025-09-27,569,499
34,2025-09-28,549,499
34,2025-09-29,512,499
34,2025-09-30,475,499
34,2025-10-01,433,499
34,2025-10-02,381,499
34,2025-10-03,343,499
34,2025-10-04,924,499
34,2025-10-05,901,499
34,2025-10-06,857,499
34,2025-10-07,802,499
34,2025-10-08,713,499
34,2025-10-09,665,499
34,2025-10-10,612,499
34,2025-10-11,577,499
34,2025-10-12,550,499
34,2025-10-13,509,499
34,2025-10-14,456,499
34,2025-10-15,407,499
34,2025-10-16,363,499
34,2025-10-17,799,499
34,2025-10-18,774,499
34,2025-10-19,751,499
34,2025-10-20,702,619
34,2025-10-21,622,619
34,2025-10-22,579,619
34,2025-10-23,539,619
34,2025-10-24,482,619
34,2025-10-25,418,619
34,2025-10-26,382,619
34,2025-10-27,325,619
34,2025-10-28,285,619
34,2025-10-29,261,619
34,2025-10-30,211,619
34,2025-10-31,712,619
34,2025-11-01,683,619
34,2025-11-02,664,619
34,2025-11-03,616,619
34,2025-11-04,575,619
34,2025-11-05,544,619
34,2025-11-06,512,619
34,2025-11-07,467,619
34,2025-11-08,406,619
34,2025-11-09,382,619
34,2025-11-10,339,619
34,2025-11-11,299,619
34,2025-11-12,1205,619
34,2025-11-13,1165,619
34,2025-11-14,1111,619
34,2025-11-15,1091,619
34,2025-11-16,1070,619
34,2025-11-17,1011,619
34,2025-11-18,971,619
34,2025-11-19,922,704
34,2025-11-20,882,704
34,2025-11-21,825,704
34,2025-11-22,791,704
34,2025-11-23,771,704
34,2025-11-24,718,704
34,2025-11-25,672,704
34,2025-11-26,631,704
34,2025-11-27,1154,704
34,2025-11-28,1104,704
34,2025-11-29,1061,704
34,2025-11-30,1043,704
34,2025-12-01,1008,704
34,2025-12-02,978,704
34,2025-12-03,951,704
34,2025-12-04,918,704
34,2025-12-05,895,704
34,2025-12-06,883,704
34,2025-12-07,866,704
34,2025-12-08,831,704
34,2025-12-09,793,704
34,2025-12-10,755,704
34,2025-12-11,1466,704
34,2025-12-12,1441,704
34,2025-12-13,1407,704
34,2025-12-14,1375,704
34,2025-12-15,1338,704
34,2025-12-16,1301,704
34,2025-12-17,1258,704
34,2025-12-18,1224,704
34,2025-12-19,1198,652
34,2025-12-20,1174,652
34,2025-12-21,1160,652
34,2025-12-22,1123,652
34,2025-12-23,1099,652
34,2025-12-24,1070,652
34,2025-12-25,1009,652
34,2025-12-26,974,652
34,2025-12-27,951,652
34,2025-12-28,935,652
34,2025-12-29,896,652
34,2025-12-30,868,652
34,2025-12-31,1454,652
34,2026-01-01,1419,652
34,2026-01-02,1391,652
34,2026-01-03,1360,652
34,2026-01-04,1340,652
34,2026-01-05,1305,652
34,2026-01-06,1280,652
34,2026-01-07,1248,652
34,2026-01-08,1220,652
34,2026-01-09,1194,652
34,2026-01-10,1173,652
34,2026-01-11,1159,652
34,2026-01-12,1126,652
34,2026-01-13,1107,652
34,2026-01-14,1077,652
34,2026-01-15,1043,652
34,2026-01-16,1015,652
34,2026-01-17,987,652
34,2026-01-18,969,539
34,2026-01-19,936,539
34,2026-01-20,904,539
34,2026-01-21,876,539
34,2026-01-22,854,539
34,2026-01-23,828,539
34,2026-01-24,1375,539
34,2026-01-25,1359,539
34,2026-01-26,1325,539
34,2026-01-27,1295,539
34,2026-01-28,1259,539
34,2026-01-29,1234,539
34,2026-01-30,1211,539
34,2026-01-31,1186,539
34,2026-02-01,1174,539
34,2026-02-02,1134,539
34,2026-02-03,1109,539
34,2026-02-04,1071,539
34,2026-02-05,1039,539
34,2026-02-06,1004,539
34,2026-02-07,969,539
34,2026-02-08,954,539
34,2026-02-09,909,539
34,2026-02-10,873,539
34,2026-02-11,834,539
34,2026-02-12,803,539
34,2026-02-13,770,539
34,2026-02-14,744,539
34,2026-02-15,719,539
34,2026-02-16,689,539
34,2026-02-17,655,494
34,2026-02-18,1100,494
34,2026-02-19,1078,494
34,2026-02-20,1043,494
34,2026-02-21,1014,494
34,2026-02-22,997,494
34,2026-02-23,967,494
34,2026-02-24,937,494
34,2026-02-25,916,494
34,2026-02-26,882,494
34,2026-02-27,854,494
34,2026-02-28,824,494
34,2026-03-01,799,494
34,2026-03-02,760,494
34,2026-03-03,713,494
34,2026-03-04,679,494
34,2026-03-05,630,494
34,2026-03-06,581,494
34,2026-03-07,543,494
34,2026-03-08,510,494
34,2026-03-09,457,494
34,2026-03-10,408,494
34,2026-03-11,787,494
34,2026-03-12,750,494
34,2026-03-13,708,494
34,2026-03-14,667,494
34,2026-03-15,655,494
34,2026-03-16,618,494
34,2026-03-17,570,494
34,2026-03-18,529,494
34,2026-03-19,481,555
34,2026-03-20,444,555
34,2026-03-21,414,555
34,2026-03-22,392,555
34,2026-03-23,885,555
34,2026-03-24,849,555
34,2026-03-25,809,555
34,2026-03-26,773,555
34,2026-03-27,731,555
34,2026-03-28,696,555
34,2026-03-29,685,555
34,2026-03-30,648,555
34,2026-03-31,601,555
34,2026-04-01,559,555
34,2026-04-02,529,555
34,2026-04-03,472,555
34,2026-04-04,1032,555
34,2026-04-05,1010,555
34,2026-04-06,970,555
34,2026-04-07,917,555
34,2026-04-08,870,555
34,2026-04-09,833,555
34,2026-04-10,794,555
34,2026-04-11,745,555
34,2026-04-12,728,555
34,2026-04-13,679,555
34,2026-04-14,642,555
34,2026-04-15,586,555
34,2026-04-16,541,555
34,2026-04-17,1005,555
34,2026-04-18,968,642
34,2026-04-19,950,642
34,2026-04-20,909,642
34,2026-04-21,872,642
34,2026-04-22,844,642
34,2026-04-23,789,642
34,2026-04-24,753,642
34,2026-04-25,724,642
34,2026-04-26,693,642
34,2026-04-27,654,642
34,2026-04-28,623,642
34,2026-04-29,570,642
34,2026-04-30,1274,642
34,2026-05-01,1244,642
34,2026-05-02,1214,642
34,2026-05-03,1197,642
34,2026-05-04,1156,642
34,2026-05-05,1125,642
34,2026-05-06,1095,642
34,2026-05-07,1070,642
34,2026-05-08,1033,642
34,2026-05-09,1006,642
34,2026-05-10,992,642
34,2026-05-11,955,642
34,2026-05-12,940,642
34,2026-05-13,902,642
34,2026-05-14,866,642
34,2026-05-15,1410,642
34,2026-05-16,1381,642
34,2026-05-17,1367,642
34,2026-05-18,1338,608
34,2026-05-19,1309,608
34,2026-05-20,1277,608
34,2026-05-21,1247,608
34,2026-05-22,1215,608
34,2026-05-23,1184,608
34,2026-05-24,1171,608
34,2026-05-25,1140,608
34,2026-05-26,1117,608
34,2026-05-27,1077,608
34,2026-05-28,1057,608
34,2026-05-29,1027,608
34,2026-05-30,1004,608
34,2026-05-31,976,608
34,2026-06-01,936,608
34,2026-06-02,912,608
34,2026-06-03,881,608
34,2026-06-04,853,608
34,2026-06-05,810,608
34,2026-06-06,787,608
34,2026-06-07,773,608
34,2026-06-08,1294,608
34,2026-06-09,1265,608
34,2026-06-10,1242,608
34,2026-06-11,1212,608
34,2026-06-12,1194,608
34,2026-06-13,1158,608
34,2026-06-14,1141,608
34,2026-06-15,1104,608
34,2026-06-16,1067,608
34,2026-06-17,1029,514
34,2026-06-18,987,514
34,2026-06-19,963,514
34,2026-06-20,940,514
34,2026-06-21,931,514
34,2026-06-22,898,514
34,2026-06-23,865,514
34,2026-06-24,842,514
34,2026-06-25,807,514
34,2026-06-26,787,514
34,2026-06-27,764,514
34,2026-06-28,749,514
34,2026-06-29,1285,514
34,2026-06-30,1254,514
34,2026-07-01,1225,514
34,2026-07-02,1197,514
34,2026-07-03,1164,514
34,2026-07-04,1143,514
34,2026-07-05,1130,514
34,2026-07-06,1108,514
34,2026-07-07,1066,514
34,2026-07-08,1036,514
34,2026-07-09,1000,514
34,2026-07-10,980,514
34,2026-07-11,954,514
34,2026-07-12,942,514
34,2026-07-13,914,514
34,2026-07-14,887,514
34,2026-07-15,855,514
34,2026-07-16,836,514
34,2026-07-17,811,468
34,2026-07-18,789,468
34,2026-07-19,774,468
34,2026-07-20,748,468
34,2026-07-21,721,468
34,2026-07-22,681,468
34,2026-07-23,649,468
34,2026-07-24,1088,468
34,2026-07-25,1053,468
34,2026-07-26,1043,468
34,2026-07-27,1010,468
34,2026-07-28,973,468
34,2026-07-29,947,468
34,2026-07-30,919,468
34,2026-07-31,883,468
34,2026-08-01,866,468
34,2026-08-02,841,468
34,2026-08-03,798,468
34,2026-08-04,757,468
34,2026-08-05,709,468
34,2026-08-06,680,468
34,2026-08-07,654,468
34,2026-08-08,624,468
34,2026-08-09,608,468
34,2026-08-10,579,468
34,2026-08-11,549,468
34,2026-08-12,524,468
34,2026-08-13,484,468
34,2026-08-14,460,468
34,2026-08-15,850,468
34,2026-08-16,831,471
34,2026-08-17,795,471
34,2026-08-18,760,471
34,2026-08-19,727,471
34,2026-08-20,693,471
34,2026-08-21,659,471
34,2026-08-22,631,471
34,2026-08-23,618,471
34,2026-08-24,580,471
34,2026-08-25,530,471
34,2026-08-26,504,471
34,2026-08-27,473,471
34,2026-08-28,436,471
34,2026-08-29,407,471
34,2026-08-30,831,471
34,2026-08-31,800,471
34,2026-09-01,753,471
34,2026-09-02,711,471
34,2026-09-03,652,471
34,2026-09-04,601,471
34,2026-09-05,559,471
34,2026-09-06,532,471
34,2026-09-07,486,471
34,2026-09-08,459,471
34,2026-09-09,410,471
34,2026-09-10,375,471
34,2026-09-11,763,471
34,2026-09-12,714,471
34,2026-09-13,696,471
34,2026-09-14,662,471
34,2026-09-15,612,545
34,2026-09-16,569,545
34,2026-09-17,521,545
34,2026-09-18,455,545
34,2026-09-19,420,545
34,2026-09-20,400,545
34,2026-09-21,358,545
34,2026-09-22,306,545
34,2026-09-23,262,545
34,2026-09-24,208,545
34,2026-09-25,670,545
34,2026-09-26,629,545
34,2026-09-27,605,545
34,2026-09-28,559,545
34,2026-09-29,516,545
34,2026-09-30,457,545
35,2023-10-01,699,307
35,2023-10-02,688,307
35,2023-10-03,672,307
35,2023-10-04,652,307
35,2023-10-05,639,307
35,2023-10-06,628,307
35,2023-10-07,615,307
35,2023-10-08,612,307
35,2023-10-09,601,307
35,2023-10-10,590,307
35,2023-10-11,571,307
35,2023-10-12,556,307
35,2023-10-13,543,307
35,2023-10-14,538,307
35,2023-10-15,531,307
35,2023-10-16,514,307
35,2023-10-17,499,307
35,2023-10-18,485,307
35,2023-10-19,470,307
35,2023-10-20,453,307
35,2023-10-21,438,307
35,2023-10-22,432,307
35,2023-10-23,415,307
35,2023-10-24,399,307
35,2023-10-25,384,307
35,2023-10-26,365,307
35,2023-10-27,360,307
35,2023-10-28,349,307
35,2023-10-29,347,307
35,2023-10-30,329,307
35,2023-10-31,314,307
35,2023-11-01,299,307
35,2023-11-02,291,307
35,2023-11-03,273,307
35,2023-11-04,262,307
35,2023-11-05,255,307
35,2023-11-06,401,307
35,2023-11-07,388,307
35,2023-11-08,376,307
35,2023-11-09,361,307
35,2023-11-10,352,307
35,2023-11-11,340,307
35,2023-11-12,335,307
35,2023-11-13,322,307
35,2023-11-14,305,307
35,2023-11-15,291,307
35,2023-11-16,283,307
35,2023-11-17,266,307
35,2023-11-18,250,307
35,2023-11-19,244,307
35,2023-11-20,230,307
35,2023-11-21,217,307
35,2023-11-22,207,307
35,2023-11-23,195,307
35,2023-11-24,177,307
35,2023-11-25,160,307
35,2023-11-26,158,307
35,2023-11-27,142,307
35,2023-11-28,132,307
35,2023-11-29,122,307
35,2023-11-30,110,375
35,2023-12-01,101,375
35,2023-12-02,99,375
35,2023-12-03,400,375
35,2023-12-04,390,375
35,2023-12-05,380,375
35,2023-12-06,366,375
35,2023-12-07,357,375
35,2023-12-08,346,375
35,2023-12-09,336,375
35,2023-12-10,330,375
35,2023-12-11,317,375
35,2023-12-12,311,375
35,2023-12-13,299,375
35,2023-12-14,287,375
35,2023-12-15,273,375
35,2023-12-16,265,375
35,2023-12-17,260,375
35,2023-12-18,246,375
35,2023-12-19,235,375
35,2023-12-20,223,375
35,2023-12-21,215,375
35,2023-12-22,201,375
35,2023-12-23,188,375
35,2023-12-24,186,375
35,2023-12-25,172,375
35,2023-12-26,167,375
35,2023-12-27,150,375
35,2023-12-28,140,375
35,2023-12-29,599,375
35,2023-12-30,593,332
35,2023-12-31,590,332
35,2024-01-01,581,332
35,2024-01-02,570,332
35,2024-01-03,562,332
35,2024-01-04,557,332
35,2024-01-05,544,332
35,2024-01-06,537,332
35,2024-01-07,531,332
35,2024-01-08,519,332
35,2024-01-09,511,332
35,2024-01-10,505,332
35,2024-01-11,493,332
35,2024-01-12,484,332
35,2024-01-13,476,332
35,2024-01-14,473,332
35,2024-01-15,469,332
35,2024-01-16,460,332
35,2024-01-17,446,332
35,2024-01-18,439,332
35,2024-01-19,430,332
35,2024-01-20,425,332
35,2024-01-21,424,332
35,2024-01-22,416,332
35,2024-01-23,408,332
35,2024-01-24,399,332
35,2024-01-25,653,332
35,2024-01-26,645,332
35,2024-01-27,641,332
35,2024-01-28,632,332
35,2024-01-29,614,262
35,2024-01-30,609,262
35,2024-01-31,600,262
35,2024-02-01,588,262
35,2024-02-02,575,262
35,2024-02-03,569,262
35,2024-02-04,567,262
35,2024-02-05,555,262
35,2024-02-06,544,262
35,2024-02-07,532,262
35,2024-02-08,526,262
35,2024-02-09,518,262
35,2024-02-10,514,262
35,2024-02-11,505,262
35,2024-02-12,492,262
35,2024-02-13,486,262
35,2024-02-14,474,262
35,2024-02-15,468,262
35,2024-02-16,457,262
35,2024-02-17,446,262
35,2024-02-18,435,262
35,2024-02-19,424,262
35,2024-02-20,414,262
35,2024-02-21,405,262
35,2024-02-22,394,262
35,2024-02-23,388,262
35,2024-02-24,378,262
35,2024-02-25,374,262
35,2024-02-26,358,262
35,2024-02-27,350,262
35,2024-02-28,341,257
35,2024-02-29,328,257
35,2024-03-01,313,257
35,2024-03-02,302,257
35,2024-03-03,294,257
35,2024-03-04,284,257
35,2024-03-05,276,257
35,2024-03-06,264,257
35,2024-03-07,253,257
35,2024-03-08,236,257
35,2024-03-09,231,257
35,2024-03-10,227,257
35,2024-03-11,216,257
35,2024-03-12,334,257
35,2024-03-13,315,257
35,2024-03-14,307,257
35,2024-03-15,289,257
35,2024-03-16,279,257
35,2024-03-17,274,257
35,2024-03-18,258,257
35,2024-03-19,245,257
35,2024-03-20,227,257
35,2024-03-21,215,257
35,2024-03-22,203,257
35,2024-03-23,194,257
35,2024-03-24,192,257
35,2024-03-25,179,257
35,2024-03-26,162,257
35,2024-03-27,138,257
35,2024-03-28,129,257
35,2024-03-29,115,319
35,2024-03-30,108,319
35,2024-03-31,106,319
35,2024-04-01,92,319
35,2024-04-02,86,319
35,2024-04-03,74,319
35,2024-04-04,65,319
35,2024-04-05,48,319
35,2024-04-06,35,319
35,2024-04-07,283,319
35,2024-04-08,268,319
35,2024-04-09,253,319
35,2024-04-10,235,319
35,2024-04-11,215,319
35,2024-04-12,196,319
35,2024-04-13,182,319
35,2024-04-14,175,319
35,2024-04-15,161,319
35,2024-04-16,143,319
35,2024-04-17,126,319
35,2024-04-18,113,319
35,2024-04-19,95,319
35,2024-04-20,82,319
35,2024-04-21,78,319
35,2024-04-22,62,319
35,2024-04-23,49,319
35,2024-04-24,29,319
35,2024-04-25,13,319
35,2024-04-26,5,319
35,2024-04-27,0,319
35,2024-04-28,0,373
35,2024-04-29,0,373
35,2024-04-30,0,373
35,2024-05-01,0,373
35,2024-05-02,0,373
35,2024-05-03,443,373
35,2024-05-04,440,373
35,2024-05-05,435,373
35,2024-05-06,427,373
35,2024-05-07,420,373
35,2024-05-08,413,373
35,2024-05-09,406,373
35,2024-05-10,400,373
35,2024-05-11,398,373
35,2024-05-12,395,373
35,2024-05-13,389,373
35,2024-05-14,375,373
35,2024-05-15,361,373
35,2024-05-16,349,373
35,2024-05-17,340,373
35,2024-05-18,330,373
35,2024-05-19,329,373
35,2024-05-20,319,373
35,2024-05-21,307,373
35,2024-05-22,291,373
35,2024-05-23,283,373
35,2024-05-24,273,373
35,2024-05-25,263,373
35,2024-05-26,259,373
35,2024-05-27,251,373
35,2024-05-28,240,318
35,2024-05-29,229,318
35,2024-05-30,637,318
35,2024-05-31,629,318
35,2024-06-01,622,318
35,2024-06-02,619,318
35,2024-06-03,613,318
35,2024-06-04,608,318
35,2024-06-05,597,318
35,2024-06-06,591,318
35,2024-06-07,580,318
35,2024-06-08,573,318
35,2024-06-09,567,318
35,2024-06-10,553,318
35,2024-06-11,543,318
35,2024-06-12,532,318
35,2024-06-13,524,318
35,2024-06-14,520,318
35,2024-06-15,511,318
35,2024-06-16,506,318
35,2024-06-17,498,318
35,2024-06-18,488,318
35,2024-06-19,484,318
35,2024-06-20,478,318
35,2024-06-21,473,318
35,2024-06-22,471,318
35,2024-06-23,465,318
35,2024-06-24,460,318
35,2024-06-25,455,318
35,2024-06-26,451,318
35,2024-06-27,446,231
35,2024-06-28,437,231
35,2024-06-29,432,231
35,2024-06-30,428,231
35,2024-07-01,421,231
35,2024-07-02,412,231
35,2024-07-03,406,231
35,2024-07-04,398,231
35,2024-07-05,552,231
35,2024-07-06,545,231
35,2024-07-07,541,231
35,2024-07-08,528,231
35,2024-07-09,514,231
35,2024-07-10,507,231
35,2024-07-11,498,231
35,2024-07-12,487,231
35,2024-07-13,480,231
35,2024-07-14,476,231
35,2024-07-15,466,231
35,2024-07-16,458,231
35,2024-07-17,450,231
35,2024-07-18,441,231
35,2024-07-19,434,231
35,2024-07-20,428,231
35,2024-07-21,421,231
35,2024-07-22,410,231
35,2024-07-23,395,231
35,2024-07-24,382,231
35,2024-07-25,379,231
35,2024-07-26,367,231
35,2024-07-27,364,230
35,2024-07-28,362,230
35,2024-07-29,353,230
35,2024-07-30,347,230
35,2024-07-31,338,230
35,2024-08-01,332,230
35,2024-08-02,324,230
35,2024-08-03,322,230
35,2024-08-04,319,230
35,2024-08-05,312,230
35,2024-08-06,306,230
35,2024-08-07,300,230
35,2024-08-08,294,230
35,2024-08-09,284,230
35,2024-08-10,276,230
35,2024-08-11,272,230
35,2024-08-12,264,230
35,2024-08-13,248,230
35,2024-08-14,244,230
35,2024-08-15,229,230
35,2024-08-16,340,230
35,2024-08-17,332,230
35,2024-08-18,331,230
35,2024-08-19,317,230
35,2024-08-20,311,230
35,2024-08-21,301,230
35,2024-08-22,294,230
35,2024-08-23,278,230
35,2024-08-24,273,230
35,2024-08-25,271,230
35,2024-08-26,267,231
35,2024-08-27,258,231
35,2024-08-28,245,231
35,2024-08-29,238,231
35,2024-08-30,230,231
35,2024-08-31,222,231
35,2024-09-01,216,231
35,2024-09-02,203,231
35,2024-09-03,189,231
35,2024-09-04,180,231
35,2024-09-05,166,231
35,2024-09-06,154,231
35,2024-09-07,142,231
35,2024-09-08,140,231
35,2024-09-09,128,231
35,2024-09-10,301,231
35,2024-09-11,290,231
35,2024-09-12,276,231
35,2024-09-13,257,231
35,2024-09-14,249,231
35,2024-09-15,244,231
35,2024-09-16,233,231
35,2024-09-17,216,231
35,2024-09-18,205,231
35,2024-09-19,194,231
35,2024-09-20,181,231
35,2024-09-21,176,231
35,2024-09-22,174,231
35,2024-09-23,155,231
35,2024-09-24,143,231
35,2024-09-25,131,268
35,2024-09-26,121,268
35,2024-09-27,109,268
35,2024-09-28,96,268
35,2024-09-29,93,268
35,2024-09-30,80,268
35,2024-10-01,60,268
35,2024-10-02,56,268
35,2024-10-03,35,268
35,2024-10-04,252,268
35,2024-10-05,241,268
35,2024-10-06,235,268
35,2024-10-07,213,268
35,2024-10-08,203,268
35,2024-10-09,190,268
35,2024-10-10,175,268
35,2024-10-11,164,268
35,2024-10-12,154,268
35,2024-10-13,146,268
35,2024-10-14,127,268
35,2024-10-15,107,268
35,2024-10-16,98,268
35,2024-10-17,82,268
35,2024-10-18,67,268
35,2024-10-19,55,268
35,2024-10-20,50,268
35,2024-10-21,39,268
35,2024-10-22,20,268
35,2024-10-23,8,268
35,2024-10-24,0,268
35,2024-10-25,0,349
35,2024-10-26,0,349
35,2024-10-27,0,349
35,2024-10-28,0,349
35,2024-10-29,358,349
35,2024-10-30,350,349
35,2024-10-31,339,349
35,2024-11-01,327,349
35,2024-11-02,317,349
35,2024-11-03,312,349
35,2024-11-04,294,349
35,2024-11-05,285,349
35,2024-11-06,272,349
35,2024-11-07,254,349
35,2024-11-08,245,349
35,2024-11-09,231,349
35,2024-11-10,223,349
35,2024-11-11,205,349
35,2024-11-12,185,349
35,2024-11-13,174,349
35,2024-11-14,161,349
35,2024-11-15,154,349
35,2024-11-16,140,349
35,2024-11-17,135,349
35,2024-11-18,126,349
35,2024-11-19,111,349
35,2024-11-20,101,349
35,2024-11-21,91,349
35,2024-11-22,84,349
35,2024-11-23,61,349
35,2024-11-24,502,355
35,2024-11-25,494,355
35,2024-11-26,474,355
35,2024-11-27,457,355
35,2024-11-28,441,355
35,2024-11-29,431,355
35,2024-11-30,420,355
35,2024-12-01,410,355
35,2024-12-02,397,355
35,2024-12-03,388,355
35,2024-12-04,373,355
35,2024-12-05,361,355
35,2024-12-06,346,355
35,2024-12-07,331,355
35,2024-12-08,323,355
35,2024-12-09,318,355
35,2024-12-10,308,355
35,2024-12-11,297,355
35,2024-12-12,291,355
35,2024-12-13,283,355
35,2024-12-14,278,355
35,2024-12-15,273,355
35,2024-12-16,259,355
35,2024-12-17,249,355
35,2024-12-18,239,355
35,2024-12-19,545,355
35,2024-12-20,535,355
35,2024-12-21,526,355
35,2024-12-22,523,355
35,2024-12-23,512,355
35,2024-12-24,505,320
35,2024-12-25,497,320
35,2024-12-26,489,320
35,2024-12-27,482,320
35,2024-12-28,473,320
35,2024-12-29,466,320
35,2024-12-30,458,320
35,2024-12-31,450,320
35,2025-01-01,445,320
35,2025-01-02,433,320
35,2025-01-03,428,320
35,2025-01-04,415,320
35,2025-01-05,406,320
35,2025-01-06,400,320
35,2025-01-07,387,320
35,2025-01-08,375,320
35,2025-01-09,361,320
35,2025-01-10,351,320
35,2025-01-11,345,320
35,2025-01-12,343,320
35,2025-01-13,331,320
35,2025-01-14,591,320
35,2025-01-15,586,320
35,2025-01-16,579,320
35,2025-01-17,564,320
35,2025-01-18,556,320
35,2025-01-19,552,320
35,2025-01-20,540,320
35,2025-01-21,530,320
35,2025-01-22,518,320
35,2025-01-23,502,288
35,2025-01-24,487,288
35,2025-01-25,476,288
35,2025-01-26,469,288
35,2025-01-27,460,288
35,2025-01-28,456,288
35,2025-01-29,444,288
35,2025-01-30,435,288
35,2025-01-31,432,288
35,2025-02-01,425,288
35,2025-02-02,422,288
35,2025-02-03,414,288
35,2025-02-04,407,288
35,2025-02-05,398,288
35,2025-02-06,390,288
35,2025-02-07,383,288
35,2025-02-08,375,288
35,2025-02-09,370,288
35,2025-02-10,528,288
35,2025-02-11,523,288
35,2025-02-12,518,288
35,2025-02-13,511,288
35,2025-02-14,499,288
35,2025-02-15,493,288
35,2025-02-16,490,288
35,2025-02-17,482,288
35,2025-02-18,474,288
35,2025-02-19,469,288
35,2025-02-20,463,288
35,2025-02-21,451,288
35,2025-02-22,449,253
35,2025-02-23,448,253
35,2025-02-24,435,253
35,2025-02-25,424,253
35,2025-02-26,412,253
35,2025-02-27,399,253
35,2025-02-28,390,253
35,2025-03-01,386,253
35,2025-03-02,382,253
35,2025-03-03,365,253
35,2025-03-04,348,253
35,2025-03-05,340,253
35,2025-03-06,331,253
35,2025-03-07,315,253
35,2025-03-08,450,253
35,2025-03-09,442,253
35,2025-03-10,431,253
35,2025-03-11,421,253
35,2025-03-12,411,253
35,2025-03-13,400,253
35,2025-03-14,382,253
35,2025-03-15,368,253
35,2025-03-16,361,253
35,2025-03-17,353,253
35,2025-03-18,342,253
35,2025-03-19,326,253
35,2025-03-20,313,253
35,2025-03-21,302,253
35,2025-03-22,295,253
35,2025-03-23,290,253
35,2025-03-24,281,273
35,2025-03-25,269,273
35,2025-03-26,262,273
35,2025-03-27,251,273
35,2025-03-28,238,273
35,2025-03-29,230,273
35,2025-03-30,227,273
35,2025-03-31,203,273
35,2025-04-01,189,273
35,2025-04-02,307,273
35,2025-04-03,295,273
35,2025-04-04,274,273
35,2025-04-05,260,273
35,2025-04-06,254,273
35,2025-04-07,248,273
35,2025-04-08,234,273
35,2025-04-09,213,273
35,2025-04-10,195,273
35,2025-04-11,171,273
35,2025-04-12,160,273
35,2025-04-13,156,273
35,2025-04-14,143,273
35,2025-04-15,133,273
35,2025-04-16,123,273
35,2025-04-17,105,273
35,2025-04-18,91,273
35,2025-04-19,83,273
35,2025-04-20,79,273
35,2025-04-21,61,273
35,2025-04-22,48,273
35,2025-04-23,42,341
35,2025-04-24,22,341
35,2025-04-25,13,341
35,2025-04-26,0,341
35,2025-04-27,0,341
35,2025-04-28,302,341
35,2025-04-29,286,341
35,2025-04-30,274,341
35,2025-05-01,269,341
35,2025-05-02,260,341
35,2025-05-03,252,341
35,2025-05-04,246,341
35,2025-05-05,237,341
35,2025-05-06,230,341
35,2025-05-07,224,341
35,2025-05-08,219,341
35,2025-05-09,205,341
35,2025-05-10,200,341
35,2025-05-11,191,341
35,2025-05-12,187,341
35,2025-05-13,174,341
35,2025-05-14,161,341
35,2025-05-15,154,341
35,2025-05-16,146,341
35,2025-05-17,141,341
35,2025-05-18,138,341
35,2025-05-19,125,341
35,2025-05-20,121,341
35,2025-05-21,112,341
35,2025-05-22,100,341
35,2025-05-23,91,325
35,2025-05-24,572,325
35,2025-05-25,566,325
35,2025-05-26,553,325
35,2025-05-27,541,325
35,2025-05-28,535,325
35,2025-05-29,529,325
35,2025-05-30,515,325
35,2025-05-31,507,325
35,2025-06-01,504,325
35,2025-06-02,498,325
35,2025-06-03,489,325
35,2025-06-04,478,325
35,2025-06-05,472,325
35,2025-06-06,460,325
35,2025-06-07,454,325
35,2025-06-08,449,325
35,2025-06-09,440,325
35,2025-06-10,434,325
35,2025-06-11,427,325
35,2025-06-12,420,325
35,2025-06-13,409,325
35,2025-06-14,400,325
35,2025-06-15,393,325
35,2025-06-16,387,325
35,2025-06-17,378,325
35,2025-06-18,368,325
35,2025-06-19,360,325
35,2025-06-20,529,325
35,2025-06-21,515,325
35,2025-06-22,510,260
35,2025-06-23,503,260
35,2025-06-24,490,260
35,2025-06-25,483,260
35,2025-06-26,477,260
35,2025-06-27,470,260
35,2025-06-28,465,260
35,2025-06-29,464,260
35,2025-06-30,454,260
35,2025-07-01,439,260
35,2025-07-02,427,260
35,2025-07-03,421,260
35,2025-07-04,413,260
35,2025-07-05,411,260
35,2025-07-06,406,260
35,2025-07-07,400,260
35,2025-07-08,393,260
35,2025-07-09,386,260
35,2025-07-10,376,260
35,2025-07-11,370,260
35,2025-07-12,365,260
35,2025-07-13,362,260
35,2025-07-14,356,260
35,2025-07-15,348,260
35,2025-07-16,560,260
35,2025-07-17,552,260
35,2025-07-18,544,260
35,2025-07-19,535,260
35,2025-07-20,532,260
35,2025-07-21,524,260
35,2025-07-22,512,227
35,2025-07-23,501,227
35,2025-07-24,493,227
35,2025-07-25,483,227
35,2025-07-26,473,227
35,2025-07-27,473,227
35,2025-07-28,468,227
35,2025-07-29,460,227
35,2025-07-30,452,227
35,2025-07-31,440,227
35,2025-08-01,429,227
35,2025-08-02,420,227
35,2025-08-03,415,227
35,2025-08-04,406,227
35,2025-08-05,399,227
35,2025-08-06,392,227
35,2025-08-07,384,227
35,2025-08-08,376,227
35,2025-08-09,368,227
35,2025-08-10,362,227
35,2025-08-11,345,227
35,2025-08-12,341,227
35,2025-08-13,328,227
35,2025-08-14,321,227
35,2025-08-15,311,227
35,2025-08-16,299,227
35,2025-08-17,296,227
35,2025-08-18,285,227
35,2025-08-19,280,227
35,2025-08-20,271,227
35,2025-08-21,262,232
35,2025-08-22,252,232
35,2025-08-23,247,232
35,2025-08-24,240,232
35,2025-08-25,229,232
35,2025-08-26,224,232
35,2025-08-27,212,232
35,2025-08-28,202,232
35,2025-08-29,184,232
35,2025-08-30,291,232
35,2025-08-31,290,232
35,2025-09-01,282,232
35,2025-09-02,272,232
35,2025-09-03,266,232
35,2025-09-04,257,232
35,2025-09-05,242,232
35,2025-09-06,232,232
35,2025-09-07,229,232
35,2025-09-08,216,232
35,2025-09-09,193,232
35,2025-09-10,183,232
35,2025-09-11,172,232
35,2025-09-12,161,232
35,2025-09-13,148,232
35,2025-09-14,137,232
35,2025-09-15,123,232
35,2025-09-16,113,232
35,2025-09-17,101,232
35,2025-09-18,84,232
35,2025-09-19,77,232
35,2025-09-20,65,282
35,2025-09-21,60,282
35,2025-09-22,49,282
35,2025-09-23,38,282
35,2025-09-24,26,282
35,2025-09-25,253,282
35,2025-09-26,235,282
35,2025-09-27,223,282
35,2025-09-28,221,282
35,2025-09-29,210,282
35,2025-09-30,200,282
35,2025-10-01,188,282
35,2025-10-02,172,282
35,2025-10-03,151,282
35,2025-10-04,141,282
35,2025-10-05,134,282
35,2025-10-06,119,282
35,2025-10-07,109,282
35,2025-10-08,97,282
35,2025-10-09,85,282
35,2025-10-10,67,282
35,2025-10-11,55,282
35,2025-10-12,49,282
35,2025-10-13,30,282
35,2025-10-14,14,282
35,2025-10-15,0,282
35,2025-10-16,0,282
35,2025-10-17,0,282
35,2025-10-18,0,282
35,2025-10-19,0,282
35,2025-10-20,0,338
35,2025-10-21,0,338
35,2025-10-22,366,338
35,2025-10-23,351,338
35,2025-10-24,339,338
35,2025-10-25,334,338
35,2025-10-26,325,338
35,2025-10-27,305,338
35,2025-10-28,295,338
35,2025-10-29,281,338
35,2025-10-30,264,338
35,2025-10-31,247,338
35,2025-11-01,236,338
35,2025-11-02,228,338
35,2025-11-03,219,338
35,2025-11-04,209,338
35,2025-11-05,190,338
35,2025-11-06,182,338
35,2025-11-07,168,338
35,2025-11-08,157,338
35,2025-11-09,149,338
35,2025-11-10,134,338
35,2025-11-11,119,338
35,2025-11-12,99,338
35,2025-11-13,86,338
35,2025-11-14,71,338
35,2025-11-15,65,338
35,2025-11-16,58,338
35,2025-11-17,464,338
35,2025-11-18,451,338
35,2025-11-19,445,372
35,2025-11-20,425,372
35,2025-11-21,415,372
35,2025-11-22,408,372
35,2025-11-23,401,372
35,2025-11-24,398,372
35,2025-11-25,388,372
35,2025-11-26,373,372
35,2025-11-27,357,372
35,2025-11-28,350,372
35,2025-11-29,341,372
35,2025-11-30,335,372
35,2025-12-01,327,372
35,2025-12-02,316,372
35,2025-12-03,306,372
35,2025-12-04,297,372
35,2025-12-05,286,372
35,2025-12-06,279,372
35,2025-12-07,275,372
35,2025-12-08,264,372
35,2025-12-09,254,372
35,2025-12-10,248,372
35,2025-12-11,234,372
35,2025-12-12,223,372
35,2025-12-13,528,372
35,2025-12-14,523,372
35,2025-12-15,516,372
35,2025-12-16,506,372
35,2025-12-17,497,372
35,2025-12-18,488,372
35,2025-12-19,473,328
35,2025-12-20,465,328
35,2025-12-21,464,328
35,2025-12-22,457,328
35,2025-12-23,450,328
35,2025-12-24,441,328
35,2025-12-25,425,328
35,2025-12-26,411,328
35,2025-12-27,401,328
35,2025-12-28,396,328
35,2025-12-29,389,328
35,2025-12-30,376,328
35,2025-12-31,367,328
35,2026-01-01,355,328
35,2026-01-02,344,328
35,2026-01-03,337,328
35,2026-01-04,335,328
35,2026-01-05,329,328
35,2026-01-06,321,328
35,2026-01-07,642,328
35,2026-01-08,640,328
35,2026-01-09,631,328
35,2026-01-10,627,328
35,2026-01-11,622,328
35,2026-01-12,612,328
35,2026-01-13,602,328
35,2026-01-14,593,328
35,2026-01-15,583,328
35,2026-01-16,575,328
35,2026-01-17,572,328
35,2026-01-18,571,261
35,2026-01-19,561,261
35,2026-01-20,550,261
35,2026-01-21,544,261
35,2026-01-22,535,261
35,2026-01-23,521,261
35,2026-01-24,506,261
35,2026-01-25,498,261
35,2026-01-26,496,261
35,2026-01-27,491,261
35,2026-01-28,484,261
35,2026-01-29,474,261
35,2026-01-30,465,261
35,2026-01-31,453,261
35,2026-02-01,449,261
35,2026-02-02,442,261
35,2026-02-03,434,261
35,2026-02-04,427,261
35,2026-02-05,415,261
35,2026-02-06,407,261
35,2026-02-07,393,261
35,2026-02-08,386,261
35,2026-02-09,378,261
35,2026-02-10,373,261
35,2026-02-11,537,261
35,2026-02-12,530,261
35,2026-02-13,524,261
35,2026-02-14,514,261
35,2026-02-15,512,261
35,2026-02-16,507,261
35,2026-02-17,499,241
35,2026-02-18,495,241
35,2026-02-19,485,241
35,2026-02-20,473,241
35,2026-02-21,464,241
35,2026-02-22,460,241
35,2026-02-23,453,241
35,2026-02-24,443,241
35,2026-02-25,435,241
35,2026-02-26,428,241
35,2026-02-27,417,241
35,2026-02-28,409,241
35,2026-03-01,407,241
35,2026-03-02,395,241
35,2026-03-03,381,241
35,2026-03-04,358,241
35,2026-03-05,347,241
35,2026-03-06,337,241
35,2026-03-07,326,241
35,2026-03-08,322,241
35,2026-03-09,311,241
35,2026-03-10,299,241
35,2026-03-11,286,241
35,2026-03-12,276,241
35,2026-03-13,268,241
35,2026-03-14,259,241
35,2026-03-15,257,241
35,2026-03-16,249,241
35,2026-03-17,241,241
35,2026-03-18,231,241
35,2026-03-19,220,257
35,2026-03-20,205,257
35,2026-03-21,197,257
35,2026-03-22,191,257
35,2026-03-23,178,257
35,2026-03-24,287,257
35,2026-03-25,274,257
35,2026-03-26,255,257
35,2026-03-27,247,257
35,2026-03-28,239,257
35,2026-03-29,237,257
35,2026-03-30,227,257
35,2026-03-31,217,257
35,2026-04-01,200,257
35,2026-04-02,189,257
35,2026-04-03,164,257
35,2026-04-04,155,257
35,2026-04-05,152,257
35,2026-04-06,145,257
35,2026-04-07,133,257
35,2026-04-08,113,257
35,2026-04-09,105,257
35,2026-04-10,90,257
35,2026-04-11,85,257
35,2026-04-12,78,257
35,2026-04-13,63,257
35,2026-04-14,47,257
35,2026-04-15,32,257
35,2026-04-16,17,257
35,2026-04-17,6,257
35,2026-04-18,305,314
35,2026-04-19,303,314
35,2026-04-20,286,314
35,2026-04-21,269,314
35,2026-04-22,256,314
35,2026-04-23,245,314
35,2026-04-24,235,314
35,2026-04-25,224,314
35,2026-04-26,224,314
35,2026-04-27,211,314
35,2026-04-28,197,314
35,2026-04-29,190,314
35,2026-04-30,183,314
35,2026-05-01,180,314
35,2026-05-02,170,314
35,2026-05-03,168,314
35,2026-05-04,152,314
35,2026-05-05,145,314
35,2026-05-06,135,314
35,2026-05-07,124,314
35,2026-05-08,114,314
35,2026-05-09,105,314
35,2026-05-10,101,314
35,2026-05-11,90,314
35,2026-05-12,87,314
35,2026-05-13,495,314
35,2026-05-14,481,314
35,2026-05-15,474,314
35,2026-05-16,467,314
35,2026-05-17,466,314
35,2026-05-18,460,308
35,2026-05-19,455,308
35,2026-05-20,445,308
35,2026-05-21,433,308
35,2026-05-22,427,308
35,2026-05-23,420,308
35,2026-05-24,415,308
35,2026-05-25,409,308
35,2026-05-26,403,308
35,2026-05-27,395,308
35,2026-05-28,388,308
35,2026-05-29,375,308
35,2026-05-30,364,308
35,2026-05-31,361,308
35,2026-06-01,352,308
35,2026-06-02,350,308
35,2026-06-03,344,308
35,2026-06-04,334,308
35,2026-06-05,331,308
35,2026-06-06,326,308
35,2026-06-07,323,308
35,2026-06-08,549,308
35,2026-06-09,546,308
35,2026-06-10,539,308
35,2026-06-11,537,308
35,2026-06-12,532,308
35,2026-06-13,527,308
35,2026-06-14,523,308
35,2026-06-15,513,308
35,2026-06-16,504,308
35,2026-06-17,492,227
35,2026-06-18,483,227
35,2026-06-19,473,227
35,2026-06-20,470,227
35,2026-06-21,463,227
35,2026-06-22,452,227
35,2026-06-23,442,227
35,2026-06-24,429,227
35,2026-06-25,419,227
35,2026-06-26,411,227
35,2026-06-27,405,227
35,2026-06-28,401,227
35,2026-06-29,397,227
35,2026-06-30,390,227
35,2026-07-01,385,227
35,2026-07-02,380,227
35,2026-07-03,371,227
35,2026-07-04,362,227
35,2026-07-05,520,227
35,2026-07-06,515,227
35,2026-07-07,510,227
35,2026-07-08,508,227
35,2026-07-09,503,227
35,2026-07-10,493,227
35,2026-07-11,490,227
35,2026-07-12,487,227
35,2026-07-13,483,227
35,2026-07-14,477,227
35,2026-07-15,469,227
35,2026-07-16,465,227
35,2026-07-17,455,195
35,2026-07-18,447,195
35,2026-07-19,442,195
35,2026-07-20,438,195
35,2026-07-21,435,195
35,2026-07-22,432,195
35,2026-07-23,424,195
35,2026-07-24,414,195
35,2026-07-25,404,195
35,2026-07-26,403,195
35,2026-07-27,395,195
35,2026-07-28,390,195
35,2026-07-29,382,195
35,2026-07-30,374,195
35,2026-07-31,364,195
35,2026-08-01,355,195
35,2026-08-02,353,195
35,2026-08-03,344,195
35,2026-08-04,336,195
35,2026-08-05,325,195
35,2026-08-06,314,195
35,2026-08-07,303,195
35,2026-08-08,295,195
35,2026-08-09,292,195
35,2026-08-10,276,195
35,2026-08-11,264,195
35,2026-08-12,259,195
35,2026-08-13,252,195
35,2026-08-14,244,195
35,2026-08-15,236,195
35,2026-08-16,230,214
35,2026-08-17,221,214
35,2026-08-18,215,214
35,2026-08-19,205,214
35,2026-08-20,196,214
35,2026-08-21,183,214
35,2026-08-22,173,214
35,2026-08-23,171,214
35,2026-08-24,167,214
35,2026-08-25,162,214
35,2026-08-26,155,214
35,2026-08-27,151,214
35,2026-08-28,139,214
35,2026-08-29,133,214
35,2026-08-30,235,214
35,2026-08-31,216,214
35,2026-09-01,202,214
35,2026-09-02,186,214
35,2026-09-03,177,214
35,2026-09-04,167,214
35,2026-09-05,157,214
35,2026-09-06,153,214
35,2026-09-07,142,214
35,2026-09-08,129,214
35,2026-09-09,115,214
35,2026-09-10,99,214
35,2026-09-11,85,214
35,2026-09-12,77,214
35,2026-09-13,71,214
35,2026-09-14,63,214
35,2026-09-15,48,254
35,2026-09-16,42,254
35,2026-09-17,27,254
35,2026-09-18,17,254
35,2026-09-19,7,254
35,2026-09-20,4,254
35,2026-09-21,0,254
35,2026-09-22,0,254
35,2026-09-23,0,254
35,2026-09-24,0,254
35,2026-09-25,0,254
35,2026-09-26,243,254
35,2026-09-27,242,254
35,2026-09-28,237,254
35,2026-09-29,225,254
35,2026-09-30,214,254
36,2023-10-01,1015,385
36,2023-10-02,986,385
36,2023-10-03,959,385
36,2023-10-04,930,385
36,2023-10-05,897,385
36,2023-10-06,874,385
36,2023-10-07,840,385
36,2023-10-08,827,385
36,2023-10-09,802,385
36,2023-10-10,764,385
36,2023-10-11,737,385
36,2023-10-12,698,385
36,2023-10-13,666,385
36,2023-10-14,641,385
36,2023-10-15,629,385
36,2023-10-16,595,385
36,2023-10-17,570,385
36,2023-10-18,545,385
36,2023-10-19,519,385
36,2023-10-20,477,385
36,2023-10-21,455,385
36,2023-10-22,439,385
36,2023-10-23,419,385
36,2023-10-24,388,385
36,2023-10-25,353,385
36,2023-10-26,695,385
36,2023-10-27,655,385
36,2023-10-28,629,385
36,2023-10-29,616,385
36,2023-10-30,588,385
36,2023-10-31,559,385
36,2023-11-01,535,385
36,2023-11-02,503,385
36,2023-11-03,460,385
36,2023-11-04,428,385
36,2023-11-05,417,385
36,2023-11-06,379,385
36,2023-11-07,351,385
36,2023-11-08,706,385
36,2023-11-09,671,385
36,2023-11-10,642,385
36,2023-11-11,621,385
36,2023-11-12,611,385
36,2023-11-13,572,385
36,2023-11-14,534,385
36,2023-11-15,506,385
36,2023-11-16,467,385
36,2023-11-17,435,385
36,2023-11-18,410,385
36,2023-11-19,393,385
36,2023-11-20,715,385
36,2023-11-21,681,385
36,2023-11-22,647,385
36,2023-11-23,607,385
36,2023-11-24,575,385
36,2023-11-25,549,385
36,2023-11-26,535,385
36,2023-11-27,494,385
36,2023-11-28,454,385
36,2023-11-29,423,385
36,2023-11-30,391,487
36,2023-12-01,371,487
36,2023-12-02,347,487
36,2023-12-03,338,487
36,2023-12-04,674,487
36,2023-12-05,652,487
36,2023-12-06,632,487
36,2023-12-07,603,487
36,2023-12-08,585,487
36,2023-12-09,563,487
36,2023-12-10,553,487
36,2023-12-11,521,487
36,2023-12-12,489,487
36,2023-12-13,470,487
36,2023-12-14,443,487
36,2023-12-15,412,487
36,2023-12-16,399,487
36,2023-12-17,394,487
36,2023-12-18,1002,487
36,2023-12-19,973,487
36,2023-12-20,934,487
36,2023-12-21,918,487
36,2023-12-22,898,487
36,2023-12-23,882,487
36,2023-12-24,869,487
36,2023-12-25,836,487
36,2023-12-26,813,487
36,2023-12-27,791,487
36,2023-12-28,769,487
36,2023-12-29,746,487
36,2023-12-30,730,444
36,2023-12-31,718,444
36,2024-01-01,702,444
36,2024-01-02,678,444
36,2024-01-03,667,444
36,2024-01-04,1080,444
36,2024-01-05,1065,444
36,2024-01-06,1041,444
36,2024-01-07,1034,444
36,2024-01-08,1022,444
36,2024-01-09,1004,444
36,2024-01-10,985,444
36,2024-01-11,962,444
36,2024-01-12,938,444
36,2024-01-13,919,444
36,2024-01-14,910,444
36,2024-01-15,890,444
36,2024-01-16,874,444
36,2024-01-17,856,444
36,2024-01-18,834,444
36,2024-01-19,808,444
36,2024-01-20,797,444
36,2024-01-21,783,444
36,2024-01-22,765,444
36,2024-01-23,740,444
36,2024-01-24,717,444
36,2024-01-25,695,444
36,2024-01-26,678,444
36,2024-01-27,665,444
36,2024-01-28,660,444
36,2024-01-29,638,337
36,2024-01-30,616,337
36,2024-01-31,984,337
36,2024-02-01,963,337
36,2024-02-02,936,337
36,2024-02-03,922,337
36,2024-02-04,911,337
36,2024-02-05,890,337
36,2024-02-06,863,337
36,2024-02-07,842,337
36,2024-02-08,823,337
36,2024-02-09,804,337
36,2024-02-10,787,337
36,2024-02-11,774,337
36,2024-02-12,750,337
36,2024-02-13,730,337
36,2024-02-14,708,337
36,2024-02-15,688,337
36,2024-02-16,660,337
36,2024-02-17,643,337
36,2024-02-18,631,337
36,2024-02-19,611,337
36,2024-02-20,586,337
36,2024-02-21,564,337
36,2024-02-22,550,337
36,2024-02-23,535,337
36,2024-02-24,522,337
36,2024-02-25,516,337
36,2024-02-26,495,337
36,2024-02-27,478,337
36,2024-02-28,463,312
36,2024-02-29,450,312
36,2024-03-01,410,312
36,2024-03-02,378,312
36,2024-03-03,683,312
36,2024-03-04,649,312
36,2024-03-05,629,312
36,2024-03-06,595,312
36,2024-03-07,568,312
36,2024-03-08,548,312
36,2024-03-09,526,312
36,2024-03-10,515,312
36,2024-03-11,488,312
36,2024-03-12,460,312
36,2024-03-13,432,312
36,2024-03-14,403,312
36,2024-03-15,356,312
36,2024-03-16,328,312
36,2024-03-17,311,312
36,2024-03-18,286,312
36,2024-03-19,261,312
36,2024-03-20,528,312
36,2024-03-21,492,312
36,2024-03-22,467,312
36,2024-03-23,444,312
36,2024-03-24,427,312
36,2024-03-25,390,312
36,2024-03-26,375,312
36,2024-03-27,331,312
36,2024-03-28,294,312
36,2024-03-29,252,388
36,2024-03-30,228,388
36,2024-03-31,209,388
36,2024-04-01,174,388
36,2024-04-02,458,388
36,2024-04-03,428,388
36,2024-04-04,404,388
36,2024-04-05,361,388
36,2024-04-06,339,388
36,2024-04-07,317,388
36,2024-04-08,290,388
36,2024-04-09,260,388
36,2024-04-10,226,388
36,2024-04-11,196,388
36,2024-04-12,165,388
36,2024-04-13,141,388
36,2024-04-14,115,388
36,2024-04-15,81,388
36,2024-04-16,639,388
36,2024-04-17,613,388
36,2024-04-18,577,388
36,2024-04-19,536,388
36,2024-04-20,516,388
36,2024-04-21,504,388
36,2024-04-22,459,388
36,2024-04-23,426,388
36,2024-04-24,397,388
36,2024-04-25,362,388
36,2024-04-26,336,388
36,2024-04-27,307,388
36,2024-04-28,696,475
36,2024-04-29,664,475
36,2024-04-30,634,475
36,2024-05-01,611,475
36,2024-05-02,585,475
36,2024-05-03,564,475
36,2024-05-04,536,475
36,2024-05-05,529,475
36,2024-05-06,517,475
36,2024-05-07,504,475
36,2024-05-08,472,475
36,2024-05-09,451,475
36,2024-05-10,1006,475
36,2024-05-11,985,475
36,2024-05-12,975,475
36,2024-05-13,952,475
36,2024-05-14,932,475
36,2024-05-15,907,475
36,2024-05-16,881,475
36,2024-05-17,852,475
36,2024-05-18,832,475
36,2024-05-19,823,475
36,2024-05-20,807,475
36,2024-05-21,787,475
36,2024-05-22,766,475
36,2024-05-23,743,475
36,2024-05-24,718,475
36,2024-05-25,701,475
36,2024-05-26,690,475
36,2024-05-27,679,475
36,2024-05-28,660,423
36,2024-05-29,638,423
36,2024-05-30,1042,423
36,2024-05-31,1018,423
36,2024-06-01,1000,423
36,2024-06-02,984,423
36,2024-06-03,971,423
36,2024-06-04,957,423
36,2024-06-05,933,423
36,2024-06-06,904,423
36,2024-06-07,880,423
36,2024-06-08,875,423
36,2024-06-09,862,423
36,2024-06-10,845,423
36,2024-06-11,824,423
36,2024-06-12,802,423
36,2024-06-13,757,423
36,2024-06-14,735,423
36,2024-06-15,718,423
36,2024-06-16,710,423
36,2024-06-17,693,423
36,2024-06-18,669,423
36,2024-06-19,646,423
36,2024-06-20,623,423
36,2024-06-21,604,423
36,2024-06-22,582,423
36,2024-06-23,573,423
36,2024-06-24,551,423
36,2024-06-25,531,423
36,2024-06-26,899,423
36,2024-06-27,875,337
36,2024-06-28,865,337
36,2024-06-29,845,337
36,2024-06-30,832,337
36,2024-07-01,810,337
36,2024-07-02,781,337
36,2024-07-03,773,337
36,2024-07-04,753,337
36,2024-07-05,733,337
36,2024-07-06,718,337
36,2024-07-07,712,337
36,2024-07-08,696,337
36,2024-07-09,684,337
36,2024-07-10,664,337
36,2024-07-11,641,337
36,2024-07-12,626,337
36,2024-07-13,605,337
36,2024-07-14,599,337
36,2024-07-15,578,337
36,2024-07-16,560,337
36,2024-07-17,544,337
36,2024-07-18,522,337
36,2024-07-19,501,337
36,2024-07-20,488,337
36,2024-07-21,482,337
36,2024-07-22,467,337
36,2024-07-23,448,337
36,2024-07-24,420,337
36,2024-07-25,393,337
36,2024-07-26,665,337
36,2024-07-27,649,316
36,2024-07-28,638,316
36,2024-07-29,617,316
36,2024-07-30,600,316
36,2024-07-31,573,316
36,2024-08-01,555,316
36,2024-08-02,529,316
36,2024-08-03,508,316
36,2024-08-04,504,316
36,2024-08-05,488,316
36,2024-08-06,475,316
36,2024-08-07,454,316
36,2024-08-08,427,316
36,2024-08-09,403,316
36,2024-08-10,384,316
36,2024-08-11,374,316
36,2024-08-12,328,316
36,2024-08-13,292,316
36,2024-08-14,267,316
36,2024-08-15,539,316
36,2024-08-16,517,316
36,2024-08-17,488,316
36,2024-08-18,475,316
36,2024-08-19,450,316
36,2024-08-20,424,316
36,2024-08-21,402,316
36,2024-08-22,375,316
36,2024-08-23,361,316
36,2024-08-24,340,316
36,2024-08-25,334,316
36,2024-08-26,313,329
36,2024-08-27,292,329
36,2024-08-28,274,329
36,2024-08-29,555,329
36,2024-08-30,532,329
36,2024-08-31,502,329
36,2024-09-01,488,329
36,2024-09-02,463,329
36,2024-09-03,443,329
36,2024-09-04,388,329
36,2024-09-05,355,329
36,2024-09-06,325,329
36,2024-09-07,303,329
36,2024-09-08,293,329
36,2024-09-09,255,329
36,2024-09-10,218,329
36,2024-09-11,511,329
36,2024-09-12,476,329
36,2024-09-13,436,329
36,2024-09-14,416,329
36,2024-09-15,407,329
36,2024-09-16,377,329
36,2024-09-17,343,329
36,2024-09-18,314,329
36,2024-09-19,283,329
36,2024-09-20,258,329
36,2024-09-21,225,329
36,2024-09-22,215,329
36,2024-09-23,187,329
36,2024-09-24,159,329
36,2024-09-25,501,407
36,2024-09-26,478,407
36,2024-09-27,453,407
36,2024-09-28,420,407
36,2024-09-29,401,407
36,2024-09-30,375,407
36,2024-10-01,332,407
36,2024-10-02,290,407
36,2024-10-03,260,407
36,2024-10-04,218,407
36,2024-10-05,178,407
36,2024-10-06,748,407
36,2024-10-07,700,407
36,2024-10-08,647,407
36,2024-10-09,601,407
36,2024-10-10,567,407
36,2024-10-11,526,407
36,2024-10-12,510,407
36,2024-10-13,491,407
36,2024-10-14,462,407
36,2024-10-15,431,407
36,2024-10-16,396,407
36,2024-10-17,370,407
36,2024-10-18,345,407
36,2024-10-19,319,407
36,2024-10-20,697,407
36,2024-10-21,665,407
36,2024-10-22,616,407
36,2024-10-23,582,407
36,2024-10-24,538,407
36,2024-10-25,501,507
36,2024-10-26,470,507
36,2024-10-27,450,507
36,2024-10-28,422,507
36,2024-10-29,377,507
36,2024-10-30,341,507
36,2024-10-31,324,507
36,2024-11-01,292,507
36,2024-11-02,264,507
36,2024-11-03,645,507
36,2024-11-04,614,507
36,2024-11-05,584,507
36,2024-11-06,564,507
36,2024-11-07,533,507
36,2024-11-08,489,507
36,2024-11-09,461,507
36,2024-11-10,446,507
36,2024-11-11,427,507
36,2024-11-12,400,507
36,2024-11-13,361,507
36,2024-11-14,1043,507
36,2024-11-15,1015,507
36,2024-11-16,984,507
36,2024-11-17,964,507
36,2024-11-18,933,507
36,2024-11-19,909,507
36,2024-11-20,878,507
36,2024-11-21,839,507
36,2024-11-22,800,507
36,2024-11-23,781,507
36,2024-11-24,757,523
36,2024-11-25,724,523
36,2024-11-26,698,523
36,2024-11-27,668,523
36,2024-11-28,632,523
36,2024-11-29,608,523
36,2024-11-30,581,523
36,2024-12-01,571,523
36,2024-12-02,545,523
36,2024-12-03,970,523
36,2024-12-04,950,523
36,2024-12-05,924,523
36,2024-12-06,907,523
36,2024-12-07,882,523
36,2024-12-08,865,523
36,2024-12-09,837,523
36,2024-12-10,806,523
36,2024-12-11,777,523
36,2024-12-12,749,523
36,2024-12-13,721,523
36,2024-12-14,701,523
36,2024-12-15,690,523
36,2024-12-16,671,523
36,2024-12-17,1121,523
36,2024-12-18,1090,523
36,2024-12-19,1054,523
36,2024-12-20,1040,523
36,2024-12-21,1020,523
36,2024-12-22,1008,523
36,2024-12-23,980,523
36,2024-12-24,956,453
36,2024-12-25,937,453
36,2024-12-26,918,453
36,2024-12-27,888,453
36,2024-12-28,858,453
36,2024-12-29,840,453
36,2024-12-30,821,453
36,2024-12-31,804,453
36,2025-01-01,783,453
36,2025-01-02,760,453
36,2025-01-03,736,453
36,2025-01-04,713,453
36,2025-01-05,701,453
36,2025-01-06,677,453
36,2025-01-07,650,453
36,2025-01-08,632,453
36,2025-01-09,608,453
36,2025-01-10,588,453
36,2025-01-11,570,453
36,2025-01-12,972,453
36,2025-01-13,948,453
36,2025-01-14,920,453
36,2025-01-15,899,453
36,2025-01-16,878,453
36,2025-01-17,859,453
36,2025-01-18,846,453
36,2025-01-19,834,453
36,2025-01-20,817,453
36,2025-01-21,797,453
36,2025-01-22,782,453
36,2025-01-23,764,380
36,2025-01-24,740,380
36,2025-01-25,721,380
36,2025-01-26,705,380
36,2025-01-27,691,380
36,2025-01-28,669,380
36,2025-01-29,645,380
36,2025-01-30,628,380
36,2025-01-31,607,380
36,2025-02-01,586,380
36,2025-02-02,579,380
36,2025-02-03,560,380
36,2025-02-04,957,380
36,2025-02-05,935,380
36,2025-02-06,909,380
36,2025-02-07,889,380
36,2025-02-08,870,380
36,2025-02-09,858,380
36,2025-02-10,795,380
36,2025-02-11,761,380
36,2025-02-12,734,380
36,2025-02-13,709,380
36,2025-02-14,685,380
36,2025-02-15,667,380
36,2025-02-16,658,380
36,2025-02-17,642,380
36,2025-02-18,629,380
36,2025-02-19,607,380
36,2025-02-20,586,380
36,2025-02-21,560,380
36,2025-02-22,532,355
36,2025-02-23,519,355
36,2025-02-24,501,355
36,2025-02-25,476,355
36,2025-02-26,458,355
36,2025-02-27,781,355
36,2025-02-28,750,355
36,2025-03-01,721,355
36,2025-03-02,708,355
36,2025-03-03,671,355
36,2025-03-04,644,355
36,2025-03-05,616,355
36,2025-03-06,586,355
36,2025-03-07,549,355
36,2025-03-08,530,355
36,2025-03-09,515,355
36,2025-03-10,481,355
36,2025-03-11,446,355
36,2025-03-12,419,355
36,2025-03-13,390,355
36,2025-03-14,357,355
36,2025-03-15,333,355
36,2025-03-16,316,355
36,2025-03-17,297,355
36,2025-03-18,271,355
36,2025-03-19,567,355
36,2025-03-20,543,355
36,2025-03-21,522,355
36,2025-03-22,491,355
36,2025-03-23,481,355
36,2025-03-24,444,400
36,2025-03-25,421,400
36,2025-03-26,382,400
36,2025-03-27,353,400
36,2025-03-28,323,400
36,2025-03-29,298,400
36,2025-03-30,671,400
36,2025-03-31,644,400
36,2025-04-01,609,400
36,2025-04-02,572,400
36,2025-04-03,536,400
36,2025-04-04,503,400
36,2025-04-05,479,400
36,2025-04-06,459,400
36,2025-04-07,431,400
36,2025-04-08,401,400
36,2025-04-09,371,400
36,2025-04-10,335,400
36,2025-04-11,700,400
36,2025-04-12,678,400
36,2025-04-13,660,400
36,2025-04-14,634,400
36,2025-04-15,603,400
36,2025-04-16,582,400
36,2025-04-17,560,400
36,2025-04-18,524,400
36,2025-04-19,494,400
36,2025-04-20,473,400
36,2025-04-21,443,400
36,2025-04-22,424,400
36,2025-04-23,385,457
36,2025-04-24,714,457
36,2025-04-25,671,457
36,2025-04-26,641,457
36,2025-04-27,627,457
36,2025-04-28,587,457
36,2025-04-29,552,457
36,2025-04-30,511,457
36,2025-05-01,478,457
36,2025-05-02,451,457
36,2025-05-03,431,457
36,2025-05-04,414,457
36,2025-05-05,394,457
36,2025-05-06,380,457
36,2025-05-07,353,457
36,2025-05-08,848,457
36,2025-05-09,819,457
36,2025-05-10,796,457
36,2025-05-11,782,457
36,2025-05-12,762,457
36,2025-05-13,740,457
36,2025-05-14,716,457
36,2025-05-15,702,457
36,2025-05-16,676,457
36,2025-05-17,659,457
36,2025-05-18,646,457
36,2025-05-19,613,457
36,2025-05-20,590,457
36,2025-05-21,566,457
36,2025-05-22,940,457
36,2025-05-23,915,459
36,2025-05-24,897,459
36,2025-05-25,890,459
36,2025-05-26,872,459
36,2025-05-27,841,459
36,2025-05-28,821,459
36,2025-05-29,797,459
36,2025-05-30,777,459
36,2025-05-31,748,459
36,2025-06-01,743,459
36,2025-06-02,730,459
36,2025-06-03,710,459
36,2025-06-04,694,459
36,2025-06-05,674,459
36,2025-06-06,645,459
36,2025-06-07,630,459
36,2025-06-08,1033,459
36,2025-06-09,1016,459
36,2025-06-10,990,459
36,2025-06-11,963,459
36,2025-06-12,941,459
36,2025-06-13,927,459
36,2025-06-14,901,459
36,2025-06-15,896,459
36,2025-06-16,877,459
36,2025-06-17,856,459
36,2025-06-18,826,459
36,2025-06-19,801,459
36,2025-06-20,774,459
36,2025-06-21,760,459
36,2025-06-22,749,388
36,2025-06-23,724,388
36,2025-06-24,715,388
36,2025-06-25,702,388
36,2025-06-26,682,388
36,2025-06-27,662,388
36,2025-06-28,650,388
36,2025-06-29,644,388
36,2025-06-30,618,388
36,2025-07-01,995,388
36,2025-07-02,976,388
36,2025-07-03,959,388
36,2025-07-04,925,388
36,2025-07-05,914,388
36,2025-07-06,902,388
36,2025-07-07,885,388
36,2025-07-08,872,388
36,2025-07-09,850,388
36,2025-07-10,829,388
36,2025-07-11,807,388
36,2025-07-12,797,388
36,2025-07-13,792,388
36,2025-07-14,775,388
36,2025-07-15,752,388
36,2025-07-16,736,388
36,2025-07-17,722,388
36,2025-07-18,698,388
36,2025-07-19,671,388
36,2025-07-20,665,388
36,2025-07-21,650,388
36,2025-07-22,635,314
36,2025-07-23,618,314
36,2025-07-24,598,314
36,2025-07-25,574,314
36,2025-07-26,552,314
36,2025-07-27,546,314
36,2025-07-28,524,314
36,2025-07-29,845,314
36,2025-07-30,828,314
36,2025-07-31,809,314
36,2025-08-01,784,314
36,2025-08-02,767,314
36,2025-08-03,752,314
36,2025-08-04,719,314
36,2025-08-05,700,314
36,2025-08-06,681,314
36,2025-08-07,658,314
36,2025-08-08,630,314
36,2025-08-09,600,314
36,2025-08-10,585,314
36,2025-08-11,564,314
36,2025-08-12,545,314
36,2025-08-13,516,314
36,2025-08-14,489,314
36,2025-08-15,466,314
36,2025-08-16,449,314
36,2025-08-17,436,314
36,2025-08-18,411,314
36,2025-08-19,390,314
36,2025-08-20,362,314
36,2025-08-21,338,325
36,2025-08-22,595,325
36,2025-08-23,576,325
36,2025-08-24,558,325
36,2025-08-25,540,325
36,2025-08-26,507,325
36,2025-08-27,488,325
36,2025-08-28,469,325
36,2025-08-29,450,325
36,2025-08-30,434,325
36,2025-08-31,427,325
36,2025-09-01,402,325
36,2025-09-02,358,325
36,2025-09-03,328,325
36,2025-09-04,591,325
36,2025-09-05,561,325
36,2025-09-06,528,325
36,2025-09-07,511,325
36,2025-09-08,482,325
36,2025-09-09,442,325
36,2025-09-10,418,325
36,2025-09-11,390,325
36,2025-09-12,357,325
36,2025-09-13,324,325
36,2025-09-14,303,325
36,2025-09-15,274,325
36,2025-09-16,551,325
36,2025-09-17,513,325
36,2025-09-18,468,325
36,2025-09-19,427,325
36,2025-09-20,401,412
36,2025-09-21,386,412
36,2025-09-22,349,412
36,2025-09-23,309,412
36,2025-09-24,272,412
36,2025-09-25,247,412
36,2025-09-26,223,412
36,2025-09-27,197,412
36,2025-09-28,180,412
36,2025-09-29,141,412
36,2025-09-30,437,412
36,2025-10-01,409,412
36,2025-10-02,379,412
36,2025-10-03,342,412
36,2025-10-04,318,412
36,2025-10-05,299,412
36,2025-10-06,265,412
36,2025-10-07,216,412
36,2025-10-08,180,412
36,2025-10-09,154,412
36,2025-10-10,118,412
36,2025-10-11,96,412
36,2025-10-12,73,412
36,2025-10-13,702,412
36,2025-10-14,670,412
36,2025-10-15,627,412
36,2025-10-16,583,412
36,2025-10-17,552,412
36,2025-10-18,524,412
36,2025-10-19,512,412
36,2025-10-20,470,489
36,2025-10-21,435,489
36,2025-10-22,382,489
36,2025-10-23,343,489
36,2025-10-24,302,489
36,2025-10-25,270,489
36,2025-10-26,659,489
36,2025-10-27,605,489
36,2025-10-28,566,489
36,2025-10-29,535,489
36,2025-10-30,508,489
36,2025-10-31,485,489
36,2025-11-01,446,489
36,2025-11-02,424,489
36,2025-11-03,394,489
36,2025-11-04,353,489
36,2025-11-05,323,489
36,2025-11-06,289,489
36,2025-11-07,250,489
36,2025-11-08,218,489
36,2025-11-09,862,489
36,2025-11-10,834,489
36,2025-11-11,809,489
36,2025-11-12,762,489
36,2025-11-13,729,489
36,2025-11-14,698,489
36,2025-11-15,675,489
36,2025-11-16,664,489
36,2025-11-17,620,489
36,2025-11-18,586,489
36,2025-11-19,550,535
36,2025-11-20,508,535
36,2025-11-21,470,535
36,2025-11-22,446,535
36,2025-11-23,881,535
36,2025-11-24,847,535
36,2025-11-25,813,535
36,2025-11-26,785,535
36,2025-11-27,749,535
36,2025-11-28,723,535
36,2025-11-29,689,535
36,2025-11-30,666,535
36,2025-12-01,647,535
36,2025-12-02,620,535
36,2025-12-03,596,535
36,2025-12-04,567,535
36,2025-12-05,542,535
36,2025-12-06,524,535
36,2025-12-07,1067,535
36,2025-12-08,1042,535
36,2025-12-09,1025,535
36,2025-12-10,964,535
36,2025-12-11,942,535
36,2025-12-12,918,535
36,2025-12-13,881,535
36,2025-12-14,869,535
36,2025-12-15,844,535
36,2025-12-16,823,535
36,2025-12-17,797,535
36,2025-12-18,773,535
36,2025-12-19,748,511
36,2025-12-20,732,511
36,2025-12-21,720,511
36,2025-12-22,697,511
36,2025-12-23,1164,511
36,2025-12-24,1137,511
36,2025-12-25,1114,511
36,2025-12-26,1094,511
36,2025-12-27,1070,511
36,2025-12-28,1056,511
36,2025-12-29,1040,511
36,2025-12-30,1005,511
36,2025-12-31,966,511
36,2026-01-01,944,511
36,2026-01-02,920,511
36,2026-01-03,901,511
36,2026-01-04,892,511
36,2026-01-05,865,511
36,2026-01-06,849,511
36,2026-01-07,822,511
36,2026-01-08,801,511
36,2026-01-09,776,511
36,2026-01-10,759,511
36,2026-01-11,752,511
36,2026-01-12,726,511
36,2026-01-13,710,511
36,2026-01-14,687,511
36,2026-01-15,1126,511
36,2026-01-16,1097,511
36,2026-01-17,1080,511
36,2026-01-18,1062,413
36,2026-01-19,1034,413
36,2026-01-20,1013,413
36,2026-01-21,990,413
36,2026-01-22,965,413
36,2026-01-23,941,413
36,2026-01-24,918,413
36,2026-01-25,906,413
36,2026-01-26,871,413
36,2026-01-27,854,413
36,2026-01-28,828,413
36,2026-01-29,803,413
36,2026-01-30,768,413
36,2026-01-31,744,413
36,2026-02-01,730,413
36,2026-02-02,701,413
36,2026-02-03,667,413
36,2026-02-04,645,413
36,2026-02-05,620,413
36,2026-02-06,588,413
36,2026-02-07,569,413
36,2026-02-08,556,413
36,2026-02-09,540,413
36,2026-02-10,509,413
36,2026-02-11,480,413
36,2026-02-12,452,413
36,2026-02-13,798,413
36,2026-02-14,768,413
36,2026-02-15,759,413
36,2026-02-16,744,413
36,2026-02-17,714,379
36,2026-02-18,690,379
36,2026-02-19,668,379
36,2026-02-20,645,379
36,2026-02-21,630,379
36,2026-02-22,615,379
36,2026-02-23,585,379
36,2026-02-24,557,379
36,2026-02-25,527,379
36,2026-02-26,504,379
36,2026-02-27,478,379
36,2026-02-28,458,379
36,2026-03-01,806,379
36,2026-03-02,776,379
36,2026-03-03,742,379
36,2026-03-04,703,379
36,2026-03-05,671,379
36,2026-03-06,633,379
36,2026-03-07,596,379
36,2026-03-08,582,379
36,2026-03-09,546,379
36,2026-03-10,503,379
36,2026-03-11,473,379
36,2026-03-12,441,379
36,2026-03-13,404,379
36,2026-03-14,376,379
36,2026-03-15,366,379
36,2026-03-16,334,379
36,2026-03-17,311,379
36,2026-03-18,275,379
36,2026-03-19,574,435
36,2026-03-20,546,435
36,2026-03-21,520,435
36,2026-03-22,507,435
36,2026-03-23,483,435
36,2026-03-24,448,435
36,2026-03-25,396,435
36,2026-03-26,362,435
36,2026-03-27,327,435
36,2026-03-28,285,435
36,2026-03-29,276,435
36,2026-03-30,252,435
36,2026-03-31,811,435
36,2026-04-01,766,435
36,2026-04-02,722,435
36,2026-04-03,684,435
36,2026-04-04,663,435
36,2026-04-05,649,435
36,2026-04-06,619,435
36,2026-04-07,582,435
36,2026-04-08,542,435
36,2026-04-09,509,435
36,2026-04-10,486,435
36,2026-04-11,450,435
36,2026-04-12,439,435
36,2026-04-13,398,435
36,2026-04-14,759,435
36,2026-04-15,722,435
36,2026-04-16,689,435
36,2026-04-17,650,435
36,2026-04-18,620,510
36,2026-04-19,603,510
36,2026-04-20,567,510
36,2026-04-21,529,510
36,2026-04-22,509,510
36,2026-04-23,453,510
36,2026-04-24,420,510
36,2026-04-25,391,510
36,2026-04-26,373,510
36,2026-04-27,748,510
36,2026-04-28,712,510
36,2026-04-29,675,510
36,2026-04-30,645,510
36,2026-05-01,619,510
36,2026-05-02,609,510
36,2026-05-03,596,510
36,2026-05-04,562,510
36,2026-05-05,535,510
36,2026-05-06,508,510
36,2026-05-07,483,510
36,2026-05-08,1077,510
36,2026-05-09,1060,510
36,2026-05-10,1049,510
36,2026-05-11,1021,510
36,2026-05-12,979,510
36,2026-05-13,954,510
36,2026-05-14,931,510
36,2026-05-15,903,510
36,2026-05-16,879,510
36,2026-05-17,867,510
36,2026-05-18,848,504
36,2026-05-19,823,504
36,2026-05-20,799,504
36,2026-05-21,770,504
36,2026-05-22,745,504
36,2026-05-23,729,504
36,2026-05-24,715,504
36,2026-05-25,679,504
36,2026-05-26,664,504
36,2026-05-27,635,504
36,2026-05-28,1064,504
36,2026-05-29,1031,504
36,2026-05-30,1015,504
36,2026-05-31,1004,504
36,2026-06-01,988,504
36,2026-06-02,960,504
36,2026-06-03,926,504
36,2026-06-04,906,504
36,2026-06-05,885,504
36,2026-06-06,867,504
36,2026-06-07,855,504
36,2026-06-08,834,504
36,2026-06-09,813,504
36,2026-06-10,798,504
36,2026-06-11,785,504
36,2026-06-12,760,504
36,2026-06-13,737,504
36,2026-06-14,731,504
36,2026-06-15,707,504
36,2026-06-16,683,504
36,2026-06-17,665,414
36,2026-06-18,1096,414
36,2026-06-19,1084,414
36,2026-06-20,1076,414
36,2026-06-21,1063,414
36,2026-06-22,1038,414
36,2026-06-23,1012,414
36,2026-06-24,1000,414
36,2026-06-25,978,414
36,2026-06-26,949,414
36,2026-06-27,931,414
36,2026-06-28,916,414
36,2026-06-29,892,414
36,2026-06-30,869,414
36,2026-07-01,841,414
36,2026-07-02,824,414
36,2026-07-03,795,414
36,2026-07-04,785,414
36,2026-07-05,773,414
36,2026-07-06,743,414
36,2026-07-07,710,414
36,2026-07-08,680,414
36,2026-07-09,662,414
36,2026-07-10,637,414
36,2026-07-11,618,414
36,2026-07-12,610,414
36,2026-07-13,582,414
36,2026-07-14,552,414
36,2026-07-15,529,414
36,2026-07-16,506,414
36,2026-07-17,480,361
36,2026-07-18,454,361
36,2026-07-19,443,361
36,2026-07-20,786,361
36,2026-07-21,773,361
36,2026-07-22,745,361
36,2026-07-23,712,361
36,2026-07-24,682,361
36,2026-07-25,666,361
36,2026-07-26,657,361
36,2026-07-27,623,361
36,2026-07-28,609,361
36,2026-07-29,593,361
36,2026-07-30,571,361
36,2026-07-31,549,361
36,2026-08-01,521,361
36,2026-08-02,509,361
36,2026-08-03,487,361
36,2026-08-04,451,361
36,2026-08-05,433,361
36,2026-08-06,410,361
36,2026-08-07,381,361
36,2026-08-08,707,361
36,2026-08-09,700,361
36,2026-08-10,677,361
36,2026-08-11,654,361
36,2026-08-12,625,361
36,2026-08-13,608,361
36,2026-08-14,587,361
36,2026-08-15,567,361
36,2026-08-16,548,362
36,2026-08-17,518,362
36,2026-08-18,493,362
36,2026-08-19,475,362
36,2026-08-20,457,362
36,2026-08-21,437,362
36,2026-08-22,412,362
36,2026-08-23,392,362
36,2026-08-24,373,362
36,2026-08-25,350,362
36,2026-08-26,671,362
36,2026-08-27,633,362
36,2026-08-28,599,362
36,2026-08-29,582,362
36,2026-08-30,573,362
36,2026-08-31,550,362
36,2026-09-01,519,362
36,2026-09-02,480,362
36,2026-09-03,451,362
36,2026-09-04,413,362
36,2026-09-05,393,362
36,2026-09-06,381,362
36,2026-09-07,350,362
36,2026-09-08,318,362
36,2026-09-09,287,362
36,2026-09-10,586,362
36,2026-09-11,547,362
36,2026-09-12,525,362
36,2026-09-13,512,362
36,2026-09-14,472,362
36,2026-09-15,442,406
36,2026-09-16,408,406
36,2026-09-17,381,406
36,2026-09-18,350,406
36,2026-09-19,325,406
36,2026-09-20,312,406
36,2026-09-21,272,406
36,2026-09-22,225,406
36,2026-09-23,575,406
36,2026-09-24,540,406
36,2026-09-25,506,406
36,2026-09-26,474,406
36,2026-09-27,462,406
36,2026-09-28,437,406
36,2026-09-29,400,406
36,2026-09-30,375,406
