fecha,id_producto,cantidad,monto
2023-10-01,1,9,2026.54
2023-10-02,1,28,6253.48
2023-10-03,1,30,6690.57
2023-10-04,1,36,8129.82
2023-10-05,1,49,11078.86
2023-10-06,1,23,5058.72
2023-10-07,1,21,4687.94
2023-10-08,1,27,5996.41
2023-10-09,1,38,8258.75
2023-10-10,1,37,8451.59
2023-10-11,1,28,6386.08
2023-10-12,1,37,8279.37
2023-10-13,1,33,7317.39
2023-10-14,1,16,3446.41
2023-10-15,1,12,2623.93
2023-10-16,1,37,8319.86
2023-10-17,1,39,8779.51
2023-10-18,1,39,8785.44
2023-10-19,1,38,8283.08
2023-10-20,1,22,4860.83
2023-10-21,1,45,9847.74
2023-10-22,1,19,4232.59
2023-10-23,1,38,8690.45
2023-10-24,1,33,7329.73
2023-10-25,1,32,7314.5
2023-10-26,1,28,6104.91
2023-10-27,1,28,6285.35
2023-10-28,1,36,7784.24
2023-10-29,1,11,2496.77
2023-10-30,1,27,6022.18
2023-10-31,1,42,9168.53
2023-11-01,1,29,6379.77
2023-11-02,1,33,7338.79
2023-11-03,1,44,9826.4
2023-11-04,1,26,5706.27
2023-11-05,1,16,3550.32
2023-11-06,1,50,11329.36
2023-11-07,1,47,10578.82
2023-11-08,1,28,6375.46
2023-11-09,1,34,7359.28
2023-11-10,1,51,11602.43
2023-11-11,1,28,6393.98
2023-11-12,1,25,5423.07
2023-11-13,1,46,10045.0
2023-11-14,1,45,10301.58
2023-11-15,1,50,10895.41
2023-11-16,1,30,6558.65
2023-11-17,1,50,11454.13
2023-11-18,1,32,7073.24
2023-11-19,1,13,2914.13
2023-11-20,1,33,7557.65
2023-11-21,1,43,9828.36
2023-11-22,1,36,8023.28
2023-11-23,1,34,7634.31
2023-11-24,1,38,8342.13
2023-11-25,1,40,8904.85
2023-11-26,1,21,4560.68
2023-11-27,1,38,8281.04
2023-11-28,1,55,11949.55
2023-11-29,1,44,10016.63
2023-11-30,1,36,7940.81
2023-12-01,1,37,8230.78
2023-12-02,1,40,8997.58
2023-12-03,1,16,3662.35
2023-12-04,1,49,10723.04
2023-12-05,1,40,8973.95
2023-12-06,1,28,6411.95
2023-12-07,1,42,9261.23
2023-12-08,1,58,13221.18
2023-12-09,1,31,6945.66
2023-12-10,1,16,3587.49
2023-12-11,1,33,7385.1
2023-12-12,1,47,10612.77
2023-12-13,1,41,9239.42
2023-12-14,1,66,14388.92
2023-12-15,1,44,9910.31
2023-12-16,1,35,8052.14
2023-12-17,1,19,4188.62
2023-12-18,1,44,9647.22
2023-12-19,1,50,11225.58
2023-12-20,1,42,9388.49
2023-12-21,1,54,12268.17
2023-12-22,1,29,6341.44
2023-12-23,1,48,10791.05
2023-12-24,1,15,3328.41
2023-12-25,1,42,9197.97
2023-12-26,1,46,10257.4
2023-12-27,1,45,9821.26
2023-12-28,1,53,11674.22
2023-12-29,1,42,9273.94
2023-12-30,1,42,9348.99
2023-12-31,1,21,4691.02
2024-01-01,1,30,6543.56
2024-01-02,1,32,6996.31
2024-01-03,1,37,8141.89
2024-01-04,1,40,8805.57
2024-01-05,1,36,8213.8
2024-01-06,1,25,5589.83
2024-01-07,1,16,3644.83
2024-01-08,1,43,9744.2
2024-01-09,1,87,19564.7
2024-01-10,1,39,8870.63
2024-01-11,1,38,8274.48
2024-01-12,1,43,9728.6
2024-01-13,1,39,8861.35
2024-01-14,1,17,3731.04
2024-01-15,1,23,5032.02
2024-01-16,1,33,7583.16
2024-01-17,1,53,12107.63
2024-01-18,1,48,11084.11
2024-01-19,1,44,9625.96
2024-01-20,1,40,8888.48
2024-01-21,1,26,5798.26
2024-01-22,1,27,5908.75
2024-01-23,1,33,7431.22
2024-01-24,1,33,7260.43
2024-01-25,1,34,7541.9
2024-01-26,1,46,10476.93
2024-01-27,1,24,5540.56
2024-01-28,1,26,5825.12
2024-01-29,1,43,9940.82
2024-01-30,1,52,11658.75
2024-01-31,1,44,9854.55
2024-02-01,1,34,7552.42
2024-02-02,1,30,6891.24
2024-02-03,1,24,5283.91
2024-02-04,1,14,3196.33
2024-02-05,1,40,8807.82
2024-02-06,1,41,9033.3
2024-02-07,1,42,9359.99
2024-02-08,1,39,8700.49
2024-02-09,1,47,10798.69
2024-02-10,1,44,9741.86
2024-02-11,1,25,5458.76
2024-02-12,1,41,9366.44
2024-02-13,1,37,8240.16
2024-02-14,1,39,8775.32
2024-02-15,1,37,8197.29
2024-02-16,1,37,8155.65
2024-02-17,1,30,6586.94
2024-02-18,1,14,3234.4
2024-02-19,1,44,10155.42
2024-02-20,1,41,9217.47
2024-02-21,1,47,10300.81
2024-02-22,1,45,10021.09
2024-02-23,1,50,11042.37
2024-02-24,1,45,10337.52
2024-02-25,1,24,5453.98
2024-02-26,1,38,8706.68
2024-02-27,1,27,5966.3
2024-02-28,1,33,7555.54
2024-02-29,1,34,7653.24
2024-03-01,1,36,7916.03
2024-03-02,1,33,7319.48
2024-03-03,1,18,4014.6
2024-03-04,1,32,7319.88
2024-03-05,1,41,9012.14
2024-03-06,1,34,7441.63
2024-03-07,1,47,10319.39
2024-03-08,1,40,9108.87
2024-03-09,1,40,9282.06
2024-03-10,1,18,4160.93
2024-03-11,1,36,8113.61
2024-03-12,1,52,11858.59
2024-03-13,1,44,10121.21
2024-03-14,1,38,8827.86
2024-03-15,1,60,13860.37
2024-03-16,1,51,11722.47
2024-03-17,1,14,3226.01
2024-03-18,1,36,8074.53
2024-03-19,1,36,8109.46
2024-03-20,1,46,10628.91
2024-03-21,1,39,8999.35
2024-03-22,1,48,10819.94
2024-03-23,1,38,8669.16
2024-03-24,1,15,3430.63
2024-03-25,1,50,11280.37
2024-03-26,1,38,8397.77
2024-03-27,1,33,7240.71
2024-03-28,1,41,9270.84
2024-03-29,1,42,9764.71
2024-03-30,1,39,8797.36
2024-03-31,1,24,5464.78
2024-04-01,1,58,13250.1
2024-04-02,1,62,14363.47
2024-04-03,1,43,9758.6
2024-04-04,1,56,12591.59
2024-04-05,1,54,12538.88
2024-04-06,1,43,9900.52
2024-04-07,1,29,6368.54
2024-04-08,1,47,10891.29
2024-04-09,1,63,14639.4
2024-04-10,1,68,15803.74
2024-04-11,1,56,12768.79
2024-04-12,1,52,11704.4
2024-04-13,1,31,6957.98
2024-04-14,1,14,3148.16
2024-04-15,1,54,12314.89
2024-04-16,1,55,12158.41
2024-04-17,1,53,12046.27
2024-04-18,1,38,8568.35
2024-04-19,1,42,9763.67
2024-04-20,1,46,10724.9
2024-04-21,1,19,4234.64
2024-04-22,1,47,10836.99
2024-04-23,1,53,11985.54
2024-04-24,1,44,9794.87
2024-04-25,1,53,11728.72
2024-04-26,1,41,9066.71
2024-04-27,1,50,11468.73
2024-04-28,1,12,2759.94
2024-04-29,1,61,14114.4
2024-04-30,1,38,8395.14
2024-05-01,1,65,15026.35
2024-05-02,1,59,13717.45
2024-05-03,1,62,14413.86
2024-05-04,1,38,8700.17
2024-05-05,1,24,5327.94
2024-05-06,1,55,12464.05
2024-05-07,1,75,16725.68
2024-05-08,1,48,11030.21
2024-05-09,1,55,12218.32
2024-05-10,1,51,11660.35
2024-05-11,1,41,9139.95
2024-05-12,1,24,5367.13
2024-05-13,1,38,8469.77
2024-05-14,1,61,13999.98
2024-05-15,1,57,12758.85
2024-05-16,1,62,14373.71
2024-05-17,1,78,18042.15
2024-05-18,1,48,11221.79
2024-05-19,1,31,6986.1
2024-05-20,1,58,13465.51
2024-05-21,1,49,10965.99
2024-05-22,1,43,9778.48
2024-05-23,1,56,12822.05
2024-05-24,1,49,11130.43
2024-05-25,1,47,10787.27
2024-05-26,1,18,4134.54
2024-05-27,1,58,13537.3
2024-05-28,1,42,9450.43
2024-05-29,1,59,13053.36
2024-05-30,1,53,12028.73
2024-05-31,1,85,19418.34
2024-06-01,1,38,8407.89
2024-06-02,1,15,3507.92
2024-06-03,1,48,11003.83
2024-06-04,1,56,12419.19
2024-06-05,1,49,11342.1
2024-06-06,1,51,11542.58
2024-06-07,1,58,13021.8
2024-06-08,1,32,7091.18
2024-06-09,1,27,5982.64
2024-06-10,1,54,12167.48
2024-06-11,1,45,10215.75
2024-06-12,1,48,11202.74
2024-06-13,1,57,12802.27
2024-06-14,1,51,11285.14
2024-06-15,1,56,12763.29
2024-06-16,1,18,4096.43
2024-06-17,1,40,9243.78
2024-06-18,1,45,10174.88
2024-06-19,1,45,10082.76
2024-06-20,1,60,13581.11
2024-06-21,1,48,10789.71
2024-06-22,1,46,10193.76
2024-06-23,1,34,7654.97
2024-06-24,1,39,8847.39
2024-06-25,1,73,16872.11
2024-06-26,1,75,16751.13
2024-06-27,1,58,13183.58
2024-06-28,1,48,11104.97
2024-06-29,1,43,9681.34
2024-06-30,1,22,5150.65
2024-07-01,1,49,10947.27
2024-07-02,1,58,13394.56
2024-07-03,1,53,12073.47
2024-07-04,1,44,10157.17
2024-07-05,1,52,12108.9
2024-07-06,1,33,7409.49
2024-07-07,1,24,5441.86
2024-07-08,1,44,10334.66
2024-07-09,1,40,9107.63
2024-07-10,1,46,10446.41
2024-07-11,1,61,13656.68
2024-07-12,1,42,9363.55
2024-07-13,1,34,7608.57
2024-07-14,1,23,5279.91
2024-07-15,1,55,12670.45
2024-07-16,1,50,11468.12
2024-07-17,1,42,9632.65
2024-07-18,1,55,12896.76
2024-07-19,1,59,13200.64
2024-07-20,1,45,10169.2
2024-07-21,1,20,4619.55
2024-07-22,1,38,8740.55
2024-07-23,1,40,8914.72
2024-07-24,1,56,13136.37
2024-07-25,1,34,7603.66
2024-07-26,1,54,12199.0
2024-07-27,1,42,9759.29
2024-07-28,1,9,2034.03
2024-07-29,1,42,9349.58
2024-07-30,1,39,8788.24
2024-07-31,1,52,11942.32
2024-08-01,1,44,10361.39
2024-08-02,1,48,11153.28
2024-08-03,1,33,7751.91
2024-08-04,1,11,2558.0
2024-08-05,1,37,8309.86
2024-08-06,1,43,9788.31
2024-08-07,1,33,7698.01
2024-08-08,1,40,9098.09
2024-08-09,1,45,10047.17
2024-08-10,1,46,10728.65
2024-08-11,1,21,4925.17
2024-08-12,1,37,8727.61
2024-08-13,1,44,9961.24
2024-08-14,1,49,11265.06
2024-08-15,1,44,10226.73
2024-08-16,1,39,9026.28
2024-08-17,1,31,7240.08
2024-08-18,1,23,5192.01
2024-08-19,1,42,9687.61
2024-08-20,1,41,9640.7
2024-08-21,1,53,11834.65
2024-08-22,1,59,13470.75
2024-08-23,1,20,4462.88
2024-08-24,1,30,6742.2
2024-08-25,1,21,4808.59
2024-08-26,1,35,7795.35
2024-08-27,1,42,9833.67
2024-08-28,1,61,14048.11
2024-08-29,1,37,8623.24
2024-08-30,1,47,10792.04
2024-08-31,1,45,10083.14
2024-09-01,1,25,5755.57
2024-09-02,1,36,8316.71
2024-09-03,1,44,10290.24
2024-09-04,1,40,9239.93
2024-09-05,1,31,6934.42
2024-09-06,1,30,6903.07
2024-09-07,1,41,9700.7
2024-09-08,1,24,5474.58
2024-09-09,1,44,10301.54
2024-09-10,1,43,9931.81
2024-09-11,1,53,11927.3
2024-09-12,1,29,6655.78
2024-09-13,1,45,10590.97
2024-09-14,1,23,5280.55
2024-09-15,1,18,4091.42
2024-09-16,1,58,13107.76
2024-09-17,1,37,8536.55
2024-09-18,1,50,11554.86
2024-09-19,1,32,7402.15
2024-09-20,1,42,9775.26
2024-09-21,1,29,6828.31
2024-09-22,1,18,4197.93
2024-09-23,1,38,8671.31
2024-09-24,1,33,7658.46
2024-09-25,1,32,7195.81
2024-09-26,1,51,12023.02
2024-09-27,1,44,10271.31
2024-09-28,1,37,8637.87
2024-09-29,1,15,3461.36
2024-09-30,1,36,8286.45
2024-10-01,1,51,11628.35
2024-10-02,1,59,13242.27
2024-10-03,1,42,9607.39
2024-10-04,1,28,6566.53
2024-10-05,1,27,6069.4
2024-10-06,1,28,6492.88
2024-10-07,1,55,12485.97
2024-10-08,1,47,10529.93
2024-10-09,1,39,9002.54
2024-10-10,1,54,12363.06
2024-10-11,1,41,9434.76
2024-10-12,1,43,9935.49
2024-10-13,1,15,3499.36
2024-10-14,1,43,9629.01
2024-10-15,1,29,6813.94
2024-10-16,1,25,5644.44
2024-10-17,1,29,6663.82
2024-10-18,1,33,7756.63
2024-10-19,1,35,7908.32
2024-10-20,1,16,3790.29
2024-10-21,1,54,12371.23
2024-10-22,1,47,11155.52
2024-10-23,1,38,8664.65
2024-10-24,1,43,10046.93
2024-10-25,1,46,10749.49
2024-10-26,1,31,6999.93
2024-10-27,1,9,2026.03
2024-10-28,1,49,11513.02
2024-10-29,1,40,9265.03
2024-10-30,1,41,9383.37
2024-10-31,1,38,8597.17
2024-11-01,1,48,10913.88
2024-11-02,1,59,14048.92
2024-11-03,1,22,5140.17
2024-11-04,1,42,9733.94
2024-11-05,1,34,7935.07
2024-11-06,1,50,11229.09
2024-11-07,1,77,18055.51
2024-11-08,1,42,9921.1
2024-11-09,1,38,8835.54
2024-11-10,1,22,5150.06
2024-11-11,1,40,9243.7
2024-11-12,1,44,10148.65
2024-11-13,1,34,7976.89
2024-11-14,1,60,13620.37
2024-11-15,1,45,10540.23
2024-11-16,1,28,6622.76
2024-11-17,1,13,3027.95
2024-11-18,1,46,10823.6
2024-11-19,1,34,7713.71
2024-11-20,1,49,11317.44
2024-11-21,1,42,9839.07
2024-11-22,1,44,10107.83
2024-11-23,1,40,9066.49
2024-11-24,1,20,4551.88
2024-11-25,1,38,8915.72
2024-11-26,1,46,10772.27
2024-11-27,1,32,7379.03
2024-11-28,1,49,11512.94
2024-11-29,1,48,10964.07
2024-11-30,1,44,10232.58
2024-12-01,1,23,5359.83
2024-12-02,1,50,11503.43
2024-12-03,1,32,7520.73
2024-12-04,1,44,9928.75
2024-12-05,1,47,10974.77
2024-12-06,1,48,11282.37
2024-12-07,1,50,11574.79
2024-12-08,1,22,4979.44
2024-12-09,1,56,13072.9
2024-12-10,1,42,9758.39
2024-12-11,1,58,13247.48
2024-12-12,1,59,13377.74
2024-12-13,1,37,8664.89
2024-12-14,1,37,8565.94
2024-12-15,1,36,8601.25
2024-12-16,1,65,14960.62
2024-12-17,1,60,13981.66
2024-12-18,1,51,12086.76
2024-12-19,1,75,17463.21
2024-12-20,1,45,10643.93
2024-12-21,1,56,12716.86
2024-12-22,1,21,4903.79
2024-12-23,1,51,12057.3
2024-12-24,1,52,12445.9
2024-12-25,1,58,13665.87
2024-12-26,1,60,13864.15
2024-12-27,1,36,8264.02
2024-12-28,1,36,8467.3
2024-12-29,1,16,3659.99
2024-12-30,1,41,9508.47
2024-12-31,1,32,7654.53
2025-01-01,1,45,10396.6
2025-01-02,1,32,7504.87
2025-01-03,1,37,8695.61
2025-01-04,1,38,8749.19
2025-01-05,1,25,5877.78
2025-01-06,1,36,8228.73
2025-01-07,1,43,10042.58
2025-01-08,1,40,9524.89
2025-01-09,1,40,9219.11
2025-01-10,1,40,9166.92
2025-01-11,1,37,8499.59
2025-01-12,1,19,4314.59
2025-01-13,1,51,11807.02
2025-01-14,1,52,11804.91
2025-01-15,1,56,12893.24
2025-01-16,1,53,12243.32
2025-01-17,1,48,11177.82
2025-01-18,1,39,9238.2
2025-01-19,1,15,3556.48
2025-01-20,1,43,10159.41
2025-01-21,1,35,8126.74
2025-01-22,1,61,14521.09
2025-01-23,1,44,10562.71
2025-01-24,1,42,9920.62
2025-01-25,1,33,7875.37
2025-01-26,1,24,5615.23
2025-01-27,1,48,10871.38
2025-01-28,1,47,11142.39
2025-01-29,1,45,10207.26
2025-01-30,1,46,10897.41
2025-01-31,1,46,10598.15
2025-02-01,1,37,8617.68
2025-02-02,1,24,5693.01
2025-02-03,1,53,12346.07
2025-02-04,1,40,9372.37
2025-02-05,1,47,10729.92
2025-02-06,1,38,8902.05
2025-02-07,1,58,13722.38
2025-02-08,1,48,11264.86
2025-02-09,1,15,3498.27
2025-02-10,1,51,11993.81
2025-02-11,1,40,9324.18
2025-02-12,1,36,8658.55
2025-02-13,1,41,9560.38
2025-02-14,1,31,7313.39
2025-02-15,1,40,9559.84
2025-02-16,1,20,4582.51
2025-02-17,1,44,10368.84
2025-02-18,1,41,9760.72
2025-02-19,1,41,9535.1
2025-02-20,1,54,12715.23
2025-02-21,1,32,7530.33
2025-02-22,1,38,9014.88
2025-02-23,1,27,6327.35
2025-02-24,1,36,8234.18
2025-02-25,1,43,9910.02
2025-02-26,1,53,12151.41
2025-02-27,1,41,9469.22
2025-02-28,1,48,11300.09
2025-03-01,1,43,9877.05
2025-03-02,1,16,3657.66
2025-03-03,1,43,10347.16
2025-03-04,1,44,10591.98
2025-03-05,1,54,12359.8
2025-03-06,1,40,9377.1
2025-03-07,1,33,7905.73
2025-03-08,1,51,12145.94
2025-03-09,1,30,6911.91
2025-03-10,1,51,11669.63
2025-03-11,1,36,8464.53
2025-03-12,1,48,11084.35
2025-03-13,1,32,7286.15
2025-03-14,1,49,11254.08
2025-03-15,1,27,6303.79
2025-03-16,1,21,4842.27
2025-03-17,1,39,9262.75
2025-03-18,1,39,9339.88
2025-03-19,1,64,15397.43
2025-03-20,1,55,13036.02
2025-03-21,1,38,9107.16
2025-03-22,1,45,10296.99
2025-03-23,1,27,6492.85
2025-03-24,1,50,11524.25
2025-03-25,1,54,12537.95
2025-03-26,1,39,8924.64
2025-03-27,1,50,11426.28
2025-03-28,1,33,7581.57
2025-03-29,1,34,7862.11
2025-03-30,1,28,6739.1
2025-03-31,1,36,8319.57
2025-04-01,1,48,11417.07
2025-04-02,1,66,15737.18
2025-04-03,1,88,20514.78
2025-04-04,1,47,11253.71
2025-04-05,1,33,7531.4
2025-04-06,1,17,4094.78
2025-04-07,1,53,12671.86
2025-04-08,1,40,9552.99
2025-04-09,1,53,12116.6
2025-04-10,1,59,14141.74
2025-04-11,1,50,11856.42
2025-04-12,1,42,10077.68
2025-04-13,1,31,7362.65
2025-04-14,1,69,16630.49
2025-04-15,1,69,15998.92
2025-04-16,1,56,12949.94
2025-04-17,1,48,11148.75
2025-04-18,1,61,14334.02
2025-04-19,1,30,7195.4
2025-04-20,1,40,9539.69
2025-04-21,1,52,11951.33
2025-04-22,1,74,17303.59
2025-04-23,1,57,13709.71
2025-04-24,1,68,16441.54
2025-04-25,1,34,7867.81
2025-04-26,1,51,11831.73
2025-04-27,1,24,5616.28
2025-04-28,1,56,13073.55
2025-04-29,1,49,11429.1
2025-04-30,1,70,16222.06
2025-05-01,1,65,15653.1
2025-05-02,1,59,13901.52
2025-05-03,1,53,12563.02
2025-05-04,1,27,6446.11
2025-05-05,1,58,13487.72
2025-05-06,1,56,13164.24
2025-05-07,1,62,14202.48
2025-05-08,1,53,12720.66
2025-05-09,1,72,16494.4
2025-05-10,1,49,11646.19
2025-05-11,1,22,5117.14
2025-05-12,1,74,17290.89
2025-05-13,1,75,17688.39
2025-05-14,1,50,11560.46
2025-05-15,1,54,12775.85
2025-05-16,1,76,17873.38
2025-05-17,1,52,12041.41
2025-05-18,1,36,8714.65
2025-05-19,1,60,14484.28
2025-05-20,1,73,17703.98
2025-05-21,1,58,13613.22
2025-05-22,1,72,17320.24
2025-05-23,1,76,17924.87
2025-05-24,1,62,14684.24
2025-05-25,1,19,4600.25
2025-05-26,1,80,19032.61
2025-05-27,1,53,12811.59
2025-05-28,1,84,20059.2
2025-05-29,1,64,15105.71
2025-05-30,1,64,15571.99
2025-05-31,1,48,11443.98
2025-06-01,1,22,5355.08
2025-06-02,1,60,13948.42
2025-06-03,1,72,16649.85
2025-06-04,1,40,9280.49
2025-06-05,1,46,10784.18
2025-06-06,1,45,10680.83
2025-06-07,1,31,7541.03
2025-06-08,1,29,6999.8
2025-06-09,1,43,9868.33
2025-06-10,1,42,9840.53
2025-06-11,1,64,14726.11
2025-06-12,1,51,12209.22
2025-06-13,1,60,14546.66
2025-06-14,1,52,12435.0
2025-06-15,1,58,14132.57
2025-06-16,1,48,11558.77
2025-06-17,1,55,12676.15
2025-06-18,1,65,15488.06
2025-06-19,1,56,12876.74
2025-06-20,1,62,14956.96
2025-06-21,1,45,10844.9
2025-06-22,1,33,7610.5
2025-06-23,1,52,12016.06
2025-06-24,1,63,14761.81
2025-06-25,1,52,12185.57
2025-06-26,1,46,11132.06
2025-06-27,1,46,10829.13
2025-06-28,1,48,11039.02
2025-06-29,1,26,6055.17
2025-06-30,1,40,9318.51
2025-07-01,1,47,10834.65
2025-07-02,1,54,13035.04
2025-07-03,1,34,8118.47
2025-07-04,1,42,9823.24
2025-07-05,1,33,8058.34
2025-07-06,1,28,6806.88
2025-07-07,1,70,16323.48
2025-07-08,1,54,12535.34
2025-07-09,1,56,13122.26
2025-07-10,1,40,9409.87
2025-07-11,1,58,13435.9
2025-07-12,1,45,10666.16
2025-07-13,1,28,6530.35
2025-07-14,1,48,11262.87
2025-07-15,1,46,11144.84
2025-07-16,1,60,14487.09
2025-07-17,1,57,13460.67
2025-07-18,1,60,14630.79
2025-07-19,1,45,10594.42
2025-07-20,1,23,5604.02
2025-07-21,1,57,13945.15
2025-07-22,1,57,13933.44
2025-07-23,1,41,9531.26
2025-07-24,1,42,9702.93
2025-07-25,1,51,12068.55
2025-07-26,1,58,13741.14
2025-07-27,1,40,9734.84
2025-07-28,1,56,13290.14
2025-07-29,1,57,13667.5
2025-07-30,1,57,13170.4
2025-07-31,1,53,12373.13
2025-08-01,1,42,10258.29
2025-08-02,1,40,9627.22
2025-08-03,1,21,5054.16
2025-08-04,1,53,12248.38
2025-08-05,1,59,13702.49
2025-08-06,1,53,12781.73
2025-08-07,1,43,10024.15
2025-08-08,1,49,12008.74
2025-08-09,1,49,11499.55
2025-08-10,1,38,9239.28
2025-08-11,1,51,11983.0
2025-08-12,1,44,10497.48
2025-08-13,1,48,11587.6
2025-08-14,1,40,9441.52
2025-08-15,1,32,7705.28
2025-08-16,1,35,8444.31
2025-08-17,1,17,4116.83
2025-08-18,1,36,8347.96
2025-08-19,1,51,12273.65
2025-08-20,1,64,14910.76
2025-08-21,1,57,13188.85
2025-08-22,1,45,11039.29
2025-08-23,1,37,8726.07
2025-08-24,1,22,5144.69
2025-08-25,1,47,11243.67
2025-08-26,1,43,10320.11
2025-08-27,1,44,10594.25
2025-08-28,1,47,11078.38
2025-08-29,1,37,8876.5
2025-08-30,1,35,8486.83
2025-08-31,1,18,4195.06
2025-09-01,1,61,14554.33
2025-09-02,1,53,12768.53
2025-09-03,1,46,10940.99
2025-09-04,1,53,12914.44
2025-09-05,1,40,9663.02
2025-09-06,1,49,11442.07
2025-09-07,1,29,6764.58
2025-09-08,1,50,11964.45
2025-09-09,1,53,12406.76
2025-09-10,1,38,8999.11
2025-09-11,1,51,12144.85
2025-09-12,1,47,11216.63
2025-09-13,1,39,9155.95
2025-09-14,1,27,6278.86
2025-09-15,1,59,14111.73
2025-09-16,1,67,15896.44
2025-09-17,1,48,11507.96
2025-09-18,1,43,10161.81
2025-09-19,1,46,11079.0
2025-09-20,1,35,8507.3
2025-09-21,1,29,7072.89
2025-09-22,1,66,16006.68
2025-09-23,1,60,14080.59
2025-09-24,1,56,13538.01
2025-09-25,1,53,12330.32
2025-09-26,1,34,8067.59
2025-09-27,1,42,10069.31
2025-09-28,1,18,4416.02
2025-09-29,1,45,10546.04
2025-09-30,1,46,10752.54
2025-10-01,1,48,11605.39
2025-10-02,1,40,9658.65
2025-10-03,1,40,9454.05
2025-10-04,1,54,13286.77
2025-10-05,1,23,5442.14
2025-10-06,1,42,10318.08
2025-10-07,1,55,13300.9
2025-10-08,1,35,8174.76
2025-10-09,1,41,10043.11
2025-10-10,1,59,14108.04
2025-10-11,1,45,10823.59
2025-10-12,1,20,4848.64
2025-10-13,1,35,8244.38
2025-10-14,1,37,8945.82
2025-10-15,1,48,11587.61
2025-10-16,1,55,13344.54
2025-10-17,1,55,13003.98
2025-10-18,1,26,6341.11
2025-10-19,1,30,7405.53
2025-10-20,1,57,14072.43
2025-10-21,1,34,8011.23
2025-10-22,1,45,11007.49
2025-10-23,1,54,12978.29
2025-10-24,1,46,11095.56
2025-10-25,1,40,9556.75
2025-10-26,1,34,8178.37
2025-10-27,1,67,16195.28
2025-10-28,1,47,11402.35
2025-10-29,1,58,13988.29
2025-10-30,1,43,10193.47
2025-10-31,1,64,15275.39
2025-11-01,1,41,9989.53
2025-11-02,1,25,6129.28
2025-11-03,1,53,12529.85
2025-11-04,1,59,14389.08
2025-11-05,1,49,11708.93
2025-11-06,1,42,10230.92
2025-11-07,1,55,12900.34
2025-11-08,1,37,8953.96
2025-11-09,1,21,5173.24
2025-11-10,1,56,13192.48
2025-11-11,1,47,11529.87
2025-11-12,1,54,12914.6
2025-11-13,1,62,14783.67
2025-11-14,1,43,10272.8
2025-11-15,1,46,10954.33
2025-11-16,1,24,5607.35
2025-11-17,1,46,11241.68
2025-11-18,1,45,10986.28
2025-11-19,1,48,11862.78
2025-11-20,1,59,13782.22
2025-11-21,1,52,12211.06
2025-11-22,1,49,12129.11
2025-11-23,1,19,4697.78
2025-11-24,1,50,12371.3
2025-11-25,1,51,12185.84
2025-11-26,1,53,12929.33
2025-11-27,1,37,8884.76
2025-11-28,1,46,10969.29
2025-11-29,1,36,8641.74
2025-11-30,1,19,4508.9
2025-12-01,1,49,11764.6
2025-12-02,1,49,11812.07
2025-12-03,1,37,9168.65
2025-12-04,1,67,16198.48
2025-12-05,1,47,11093.28
2025-12-06,1,54,12671.62
2025-12-07,1,21,5074.14
2025-12-08,1,69,16209.65
2025-12-09,1,68,16569.15
2025-12-10,1,58,13599.19
2025-12-11,1,50,12334.44
2025-12-12,1,45,10951.95
2025-12-13,1,58,14050.46
2025-12-14,1,25,6193.68
2025-12-15,1,55,13014.18
2025-12-16,1,30,7420.07
2025-12-17,1,46,10795.4
2025-12-18,1,62,14554.37
2025-12-19,1,61,14514.03
2025-12-20,1,47,11132.51
2025-12-21,1,27,6507.8
2025-12-22,1,65,15940.53
2025-12-23,1,45,10897.88
2025-12-24,1,62,15129.69
2025-12-25,1,56,13381.31
2025-12-26,1,57,13948.47
2025-12-27,1,43,10645.6
2025-12-28,1,18,4323.29
2025-12-29,1,60,14363.31
2025-12-30,1,54,13101.11
2025-12-31,1,72,17114.31
2026-01-01,1,50,12026.49
2026-01-02,1,60,14515.34
2026-01-03,1,33,8151.15
2026-01-04,1,18,4350.53
2026-01-05,1,52,12500.2
2026-01-06,1,50,11860.62
2026-01-07,1,52,12221.9
2026-01-08,1,54,13162.38
2026-01-09,1,51,11982.2
2026-01-10,1,40,9774.77
2026-01-11,1,16,3909.22
2026-01-12,1,58,13763.76
2026-01-13,1,72,17524.06
2026-01-14,1,67,16591.92
2026-01-15,1,58,13953.18
2026-01-16,1,28,6921.6
2026-01-17,1,47,11205.74
2026-01-18,1,15,3708.25
2026-01-19,1,44,10535.95
2026-01-20,1,56,13147.55
2026-01-21,1,56,13895.23
2026-01-22,1,47,11686.74
2026-01-23,1,45,11093.45
2026-01-24,1,50,11957.15
2026-01-25,1,24,5974.16
2026-01-26,1,40,9932.29
2026-01-27,1,52,12969.3
2026-01-28,1,51,12134.17
2026-01-29,1,47,11273.44
2026-01-30,1,52,12729.77
2026-01-31,1,37,8876.41
2026-02-01,1,23,5606.2
2026-02-02,1,43,10162.46
2026-02-03,1,61,14457.26
2026-02-04,1,47,11688.77
2026-02-05,1,57,13779.96
2026-02-06,1,57,13406.91
2026-02-07,1,51,12121.93
2026-02-08,1,24,5887.75
2026-02-09,1,64,15513.63
2026-02-10,1,58,13768.72
2026-02-11,1,53,13096.42
2026-02-12,1,47,11247.04
2026-02-13,1,37,8958.66
2026-02-14,1,43,10273.26
2026-02-15,1,11,2670.13
2026-02-16,1,33,8003.01
2026-02-17,1,59,13950.09
2026-02-18,1,53,12657.97
2026-02-19,1,37,8878.05
2026-02-20,1,40,9847.73
2026-02-21,1,48,11329.48
2026-02-22,1,17,4143.8
2026-02-23,1,78,18923.85
2026-02-24,1,48,11527.03
2026-02-25,1,54,12957.27
2026-02-26,1,55,13492.78
2026-02-27,1,47,11422.0
2026-02-28,1,35,8442.71
2026-03-01,1,35,8677.69
2026-03-02,1,55,13141.95
2026-03-03,1,47,11454.56
2026-03-04,1,58,14396.39
2026-03-05,1,48,11352.0
2026-03-06,1,65,15421.45
2026-03-07,1,56,13454.68
2026-03-08,1,25,6165.65
2026-03-09,1,78,18635.93
2026-03-10,1,49,11918.85
2026-03-11,1,55,13170.54
2026-03-12,1,53,13188.05
2026-03-13,1,44,10834.56
2026-03-14,1,58,14058.26
2026-03-15,1,22,5511.42
2026-03-16,1,38,9520.0
2026-03-17,1,60,14746.81
2026-03-18,1,48,11583.29
2026-03-19,1,44,10744.63
2026-03-20,1,58,14531.6
2026-03-21,1,59,14773.59
2026-03-22,1,27,6664.91
2026-03-23,1,60,14176.91
2026-03-24,1,46,10935.46
2026-03-25,1,51,12465.45
2026-03-26,1,51,12779.85
2026-03-27,1,54,13320.54
2026-03-28,1,44,11015.07
2026-03-29,1,29,6926.06
2026-03-30,1,65,15956.37
2026-03-31,1,60,15029.71
2026-04-01,1,62,14705.68
2026-04-02,1,78,19085.64
2026-04-03,1,73,17373.58
2026-04-04,1,61,14620.79
2026-04-05,1,32,7761.57
2026-04-06,1,68,17064.74
2026-04-07,1,65,15708.61
2026-04-08,1,47,11797.87
2026-04-09,1,72,18003.89
2026-04-10,1,67,16298.35
2026-04-11,1,56,13325.75
2026-04-12,1,28,6681.57
2026-04-13,1,66,15815.79
2026-04-14,1,67,16503.69
2026-04-15,1,76,18557.92
2026-04-16,1,75,18593.22
2026-04-17,1,62,15257.39
2026-04-18,1,60,14692.72
2026-04-19,1,35,8444.11
2026-04-20,1,57,13846.79
2026-04-21,1,60,14459.26
2026-04-22,1,69,16695.96
2026-04-23,1,63,15483.11
2026-04-24,1,56,13347.48
2026-04-25,1,41,9860.62
2026-04-26,1,23,5618.38
2026-04-27,1,76,18446.2
2026-04-28,1,76,18614.57
2026-04-29,1,83,20675.49
2026-04-30,1,83,19761.54
2026-05-01,1,56,13966.17
2026-05-02,1,52,12358.31
2026-05-03,1,21,5052.49
2026-05-04,1,70,16681.75
2026-05-05,1,76,18168.64
2026-05-06,1,77,18935.83
2026-05-07,1,75,18856.15
2026-05-08,1,69,16994.8
2026-05-09,1,57,13885.85
2026-05-10,1,32,8054.72
2026-05-11,1,69,16752.46
2026-05-12,1,72,17450.51
2026-05-13,1,99,23680.21
2026-05-14,1,80,19718.7
2026-05-15,1,83,20925.82
2026-05-16,1,63,15454.18
2026-05-17,1,27,6604.62
2026-05-18,1,80,19765.88
2026-05-19,1,72,17479.9
2026-05-20,1,55,13188.79
2026-05-21,1,71,17287.93
2026-05-22,1,58,14567.37
2026-05-23,1,38,9192.3
2026-05-24,1,31,7395.15
2026-05-25,1,64,15776.28
2026-05-26,1,85,21078.38
2026-05-27,1,52,12951.82
2026-05-28,1,58,13926.81
2026-05-29,1,64,15624.67
2026-05-30,1,99,23550.87
2026-05-31,1,20,4880.26
2026-06-01,1,77,19053.23
2026-06-02,1,64,15505.8
2026-06-03,1,64,15676.29
2026-06-04,1,63,15781.96
2026-06-05,1,65,15939.61
2026-06-06,1,47,11240.12
2026-06-07,1,30,7219.95
2026-06-08,1,60,14641.65
2026-06-09,1,76,18878.6
2026-06-10,1,68,17033.57
2026-06-11,1,60,14465.24
2026-06-12,1,68,17002.87
2026-06-13,1,65,15630.95
2026-06-14,1,38,9286.47
2026-06-15,1,65,16329.77
2026-06-16,1,63,15192.21
2026-06-17,1,54,13383.66
2026-06-18,1,64,15843.93
2026-06-19,1,52,12542.87
2026-06-20,1,46,10968.03
2026-06-21,1,42,10076.48
2026-06-22,1,70,17570.28
2026-06-23,1,97,23429.1
2026-06-24,1,53,12673.92
2026-06-25,1,81,19777.72
2026-06-26,1,72,17717.58
2026-06-27,1,53,13226.72
2026-06-28,1,29,7249.78
2026-06-29,1,66,16696.54
2026-06-30,1,82,20608.81
2026-07-01,1,50,12146.5
2026-07-02,1,55,13868.7
2026-07-03,1,33,7922.19
2026-07-04,1,58,13987.6
2026-07-05,1,23,5666.19
2026-07-06,1,50,12508.42
2026-07-07,1,62,15368.21
2026-07-08,1,53,13005.15
2026-07-09,1,61,15347.29
2026-07-10,1,54,13634.62
2026-07-11,1,60,14687.82
2026-07-12,1,45,11149.19
2026-07-13,1,63,15162.77
2026-07-14,1,67,16894.18
2026-07-15,1,63,15683.99
2026-07-16,1,69,16612.82
2026-07-17,1,69,16966.12
2026-07-18,1,52,12448.01
2026-07-19,1,29,7274.56
2026-07-20,1,39,9357.49
2026-07-21,1,51,12208.52
2026-07-22,1,54,13582.83
2026-07-23,1,63,15594.54
2026-07-24,1,76,18603.94
2026-07-25,1,60,14600.47
2026-07-26,1,48,11622.31
2026-07-27,1,50,12258.47
2026-07-28,1,51,12735.82
2026-07-29,1,64,15611.91
2026-07-30,1,53,13452.34
2026-07-31,1,59,14477.97
2026-08-01,1,61,14667.0
2026-08-02,1,27,6528.25
2026-08-03,1,61,14652.75
2026-08-04,1,54,13266.53
2026-08-05,1,76,19119.92
2026-08-06,1,57,14291.59
2026-08-07,1,53,13145.83
2026-08-08,1,42,10200.3
2026-08-09,1,30,7470.55
2026-08-10,1,53,13076.2
2026-08-11,1,68,16801.27
2026-08-12,1,68,16753.32
2026-08-13,1,51,12323.34
2026-08-14,1,49,12220.83
2026-08-15,1,51,12274.33
2026-08-16,1,25,6197.31
2026-08-17,1,51,12819.05
2026-08-18,1,62,15200.73
2026-08-19,1,59,14873.31
2026-08-20,1,74,18065.8
2026-08-21,1,63,15915.58
2026-08-22,1,40,10170.89
2026-08-23,1,38,9436.8
2026-08-24,1,60,15206.24
2026-08-25,1,65,15969.11
2026-08-26,1,53,13350.79
2026-08-27,1,51,12490.57
2026-08-28,1,43,10912.21
2026-08-29,1,43,10587.5
2026-08-30,1,32,8113.95
2026-08-31,1,54,13266.04
2026-09-01,1,54,13388.58
2026-09-02,1,63,15255.53
2026-09-03,1,66,16182.23
2026-09-04,1,52,12575.77
2026-09-05,1,54,13428.53
2026-09-06,1,24,5997.32
2026-09-07,1,59,14903.14
2026-09-08,1,64,15517.81
2026-09-09,1,50,12317.72
2026-09-10,1,49,11921.27
2026-09-11,1,65,15997.63
2026-09-12,1,35,8678.86
2026-09-13,1,26,6265.71
2026-09-14,1,43,10595.79
2026-09-15,1,62,14923.68
2026-09-16,1,54,13359.53
2026-09-17,1,36,9078.83
2026-09-18,1,42,10575.08
2026-09-19,1,42,10223.69
2026-09-20,1,79,19059.57
2026-09-21,1,76,19355.5
2026-09-22,1,50,12294.12
2026-09-23,1,44,10765.98
2026-09-24,1,57,13991.82
2026-09-25,1,40,9857.61
2026-09-26,1,46,11351.1
2026-09-27,1,20,5031.08
2026-09-28,1,57,14117.65
2026-09-29,1,40,10146.71
2026-09-30,1,42,10203.13
2023-10-01,2,26,6127.96
2023-10-02,2,46,11144.64
2023-10-03,2,62,14511.83
2023-10-04,2,38,9107.7
2023-10-05,2,57,13345.03
2023-10-06,2,44,10634.69
2023-10-07,2,39,9384.11
2023-10-08,2,22,5208.03
2023-10-09,2,50,12110.15
2023-10-10,2,44,10215.72
2023-10-11,2,56,13132.36
2023-10-12,2,36,8547.65
2023-10-13,2,40,9718.68
2023-10-14,2,30,7167.99
2023-10-15,2,23,5336.03
2023-10-16,2,40,9516.24
2023-10-17,2,40,9203.25
2023-10-18,2,61,14050.34
2023-10-19,2,47,11298.9
2023-10-20,2,47,11029.1
2023-10-21,2,45,10340.21
2023-10-22,2,23,5504.74
2023-10-23,2,32,7451.57
2023-10-24,2,46,10935.8
2023-10-25,2,47,11038.43
2023-10-26,2,45,10724.57
2023-10-27,2,36,8299.36
2023-10-28,2,51,11884.52
2023-10-29,2,21,4942.24
2023-10-30,2,46,10853.02
2023-10-31,2,37,8777.48
2023-11-01,2,42,9681.15
2023-11-02,2,46,10968.56
2023-11-03,2,45,10845.25
2023-11-04,2,54,12807.55
2023-11-05,2,24,5625.77
2023-11-06,2,53,12358.82
2023-11-07,2,70,16256.27
2023-11-08,2,40,9320.11
2023-11-09,2,56,13607.6
2023-11-10,2,42,10016.67
2023-11-11,2,46,10906.82
2023-11-12,2,21,5046.1
2023-11-13,2,59,13642.77
2023-11-14,2,40,9727.58
2023-11-15,2,68,16208.8
2023-11-16,2,55,13027.76
2023-11-17,2,37,8819.61
2023-11-18,2,38,8805.47
2023-11-19,2,32,7728.65
2023-11-20,2,61,14785.3
2023-11-21,2,59,13763.89
2023-11-22,2,49,11320.2
2023-11-23,2,59,13590.22
2023-11-24,2,34,8184.09
2023-11-25,2,49,11369.13
2023-11-26,2,15,3590.09
2023-11-27,2,43,10410.52
2023-11-28,2,53,12299.17
2023-11-29,2,47,11201.31
2023-11-30,2,59,13609.59
2023-12-01,2,54,13035.51
2023-12-02,2,83,19205.64
2023-12-03,2,28,6657.04
2023-12-04,2,61,14753.74
2023-12-05,2,54,13168.4
2023-12-06,2,56,13015.51
2023-12-07,2,58,13762.08
2023-12-08,2,56,13265.53
2023-12-09,2,75,17624.48
2023-12-10,2,25,5820.74
2023-12-11,2,65,15412.83
2023-12-12,2,61,14821.62
2023-12-13,2,59,13818.77
2023-12-14,2,54,12530.43
2023-12-15,2,64,15461.06
2023-12-16,2,45,10900.8
2023-12-17,2,36,8532.88
2023-12-18,2,58,13765.15
2023-12-19,2,50,11625.88
2023-12-20,2,61,14654.14
2023-12-21,2,55,13147.45
2023-12-22,2,37,8675.63
2023-12-23,2,52,12752.29
2023-12-24,2,26,6195.07
2023-12-25,2,50,11877.2
2023-12-26,2,79,19206.81
2023-12-27,2,77,18308.09
2023-12-28,2,51,12079.9
2023-12-29,2,65,15025.38
2023-12-30,2,55,12993.51
2023-12-31,2,33,8093.81
2024-01-01,2,37,8827.12
2024-01-02,2,71,17114.73
2024-01-03,2,49,11757.82
2024-01-04,2,42,10242.47
2024-01-05,2,43,10504.44
2024-01-06,2,50,11602.66
2024-01-07,2,14,3413.5
2024-01-08,2,44,10794.24
2024-01-09,2,57,13563.03
2024-01-10,2,117,27312.64
2024-01-11,2,54,12854.44
2024-01-12,2,50,11998.5
2024-01-13,2,44,10351.05
2024-01-14,2,21,5098.8
2024-01-15,2,36,8424.52
2024-01-16,2,63,15406.7
2024-01-17,2,60,14428.35
2024-01-18,2,61,14535.16
2024-01-19,2,71,16484.82
2024-01-20,2,38,9266.69
2024-01-21,2,21,5057.35
2024-01-22,2,45,10622.55
2024-01-23,2,53,12714.08
2024-01-24,2,67,16221.2
2024-01-25,2,51,12081.26
2024-01-26,2,38,9068.24
2024-01-27,2,43,10439.7
2024-01-28,2,18,4206.98
2024-01-29,2,63,15384.89
2024-01-30,2,37,8709.09
2024-01-31,2,56,13309.0
2024-02-01,2,45,10926.51
2024-02-02,2,49,11503.84
2024-02-03,2,36,8506.61
2024-02-04,2,24,5759.43
2024-02-05,2,72,17521.21
2024-02-06,2,63,15005.97
2024-02-07,2,55,12957.29
2024-02-08,2,43,10526.27
2024-02-09,2,58,14106.47
2024-02-10,2,57,13405.73
2024-02-11,2,21,5126.62
2024-02-12,2,51,11866.56
2024-02-13,2,36,8577.87
2024-02-14,2,70,16800.53
2024-02-15,2,79,19172.96
2024-02-16,2,57,13739.55
2024-02-17,2,39,9521.85
2024-02-18,2,19,4471.73
2024-02-19,2,51,12147.25
2024-02-20,2,47,11190.77
2024-02-21,2,60,14701.95
2024-02-22,2,51,12069.03
2024-02-23,2,56,13204.98
2024-02-24,2,42,10031.44
2024-02-25,2,25,5827.99
2024-02-26,2,53,12497.63
2024-02-27,2,45,10621.33
2024-02-28,2,53,12663.25
2024-02-29,2,50,12090.07
2024-03-01,2,47,11432.57
2024-03-02,2,36,8869.67
2024-03-03,2,35,8353.05
2024-03-04,2,34,8353.7
2024-03-05,2,42,10264.58
2024-03-06,2,36,8603.6
2024-03-07,2,78,18937.62
2024-03-08,2,69,16156.1
2024-03-09,2,53,13048.24
2024-03-10,2,22,5349.62
2024-03-11,2,44,10852.82
2024-03-12,2,62,14482.6
2024-03-13,2,40,9669.07
2024-03-14,2,86,20332.59
2024-03-15,2,44,10781.13
2024-03-16,2,47,11124.18
2024-03-17,2,27,6358.86
2024-03-18,2,70,16491.58
2024-03-19,2,57,13873.86
2024-03-20,2,81,19241.43
2024-03-21,2,44,10805.58
2024-03-22,2,33,7966.28
2024-03-23,2,43,10119.64
2024-03-24,2,31,7365.24
2024-03-25,2,67,16564.96
2024-03-26,2,62,14668.84
2024-03-27,2,54,12670.56
2024-03-28,2,75,17532.72
2024-03-29,2,65,15268.66
2024-03-30,2,54,12849.03
2024-03-31,2,30,7140.94
2024-04-01,2,65,15217.53
2024-04-02,2,46,11041.3
2024-04-03,2,82,20104.43
2024-04-04,2,74,17427.17
2024-04-05,2,53,12768.35
2024-04-06,2,53,13141.94
2024-04-07,2,36,8474.75
2024-04-08,2,69,16654.07
2024-04-09,2,75,17955.33
2024-04-10,2,62,14728.8
2024-04-11,2,68,16640.46
2024-04-12,2,64,15488.43
2024-04-13,2,74,17921.6
2024-04-14,2,34,8253.03
2024-04-15,2,80,19519.81
2024-04-16,2,56,13576.25
2024-04-17,2,75,17754.93
2024-04-18,2,62,15165.26
2024-04-19,2,67,16568.11
2024-04-20,2,49,11564.45
2024-04-21,2,40,9669.7
2024-04-22,2,56,13621.85
2024-04-23,2,39,9630.22
2024-04-24,2,70,16964.6
2024-04-25,2,54,12875.03
2024-04-26,2,67,16173.91
2024-04-27,2,70,17128.25
2024-04-28,2,34,8102.25
2024-04-29,2,50,12353.76
2024-04-30,2,74,18061.66
2024-05-01,2,80,18940.62
2024-05-02,2,89,21780.07
2024-05-03,2,82,19667.55
2024-05-04,2,79,19025.34
2024-05-05,2,32,7639.94
2024-05-06,2,75,17970.32
2024-05-07,2,64,15858.34
2024-05-08,2,53,12586.76
2024-05-09,2,65,15556.14
2024-05-10,2,82,20164.26
2024-05-11,2,58,14283.2
2024-05-12,2,37,8831.45
2024-05-13,2,62,14631.9
2024-05-14,2,56,13934.45
2024-05-15,2,84,20443.39
2024-05-16,2,85,20740.83
2024-05-17,2,71,17142.47
2024-05-18,2,56,13672.0
2024-05-19,2,46,11294.81
2024-05-20,2,75,18055.7
2024-05-21,2,85,20674.9
2024-05-22,2,80,19049.15
2024-05-23,2,64,15306.36
2024-05-24,2,67,15804.57
2024-05-25,2,53,12517.46
2024-05-26,2,32,7884.47
2024-05-27,2,63,15538.99
2024-05-28,2,71,17536.14
2024-05-29,2,72,17397.42
2024-05-30,2,63,14889.09
2024-05-31,2,79,19568.61
2024-06-01,2,63,14977.54
2024-06-02,2,32,7796.56
2024-06-03,2,68,16886.16
2024-06-04,2,64,15200.62
2024-06-05,2,61,14831.48
2024-06-06,2,89,21430.43
2024-06-07,2,63,14888.06
2024-06-08,2,83,19810.29
2024-06-09,2,26,6207.51
2024-06-10,2,64,15852.5
2024-06-11,2,90,21389.48
2024-06-12,2,52,12960.91
2024-06-13,2,98,24048.21
2024-06-14,2,66,16085.55
2024-06-15,2,71,16755.28
2024-06-16,2,36,8910.71
2024-06-17,2,69,16244.75
2024-06-18,2,55,13718.84
2024-06-19,2,69,16453.46
2024-06-20,2,56,13301.16
2024-06-21,2,68,16564.77
2024-06-22,2,54,12809.55
2024-06-23,2,39,9732.06
2024-06-24,2,91,22316.4
2024-06-25,2,55,13421.01
2024-06-26,2,70,16564.36
2024-06-27,2,56,13611.57
2024-06-28,2,91,22569.54
2024-06-29,2,56,13596.26
2024-06-30,2,17,4232.81
2024-07-01,2,52,12875.11
2024-07-02,2,53,13114.58
2024-07-03,2,58,14092.48
2024-07-04,2,56,13666.98
2024-07-05,2,69,16401.49
2024-07-06,2,59,14156.48
2024-07-07,2,19,4583.99
2024-07-08,2,56,14002.82
2024-07-09,2,57,13880.63
2024-07-10,2,67,16609.74
2024-07-11,2,72,17190.18
2024-07-12,2,54,12925.27
2024-07-13,2,46,11086.9
2024-07-14,2,27,6587.25
2024-07-15,2,60,14202.95
2024-07-16,2,51,12084.5
2024-07-17,2,62,15534.55
2024-07-18,2,73,17958.38
2024-07-19,2,57,13518.37
2024-07-20,2,56,13726.53
2024-07-21,2,24,5747.34
2024-07-22,2,71,16949.67
2024-07-23,2,50,11895.74
2024-07-24,2,63,15418.11
2024-07-25,2,64,15794.76
2024-07-26,2,50,12348.33
2024-07-27,2,51,12711.5
2024-07-28,2,17,4158.91
2024-07-29,2,47,11422.97
2024-07-30,2,40,9886.89
2024-07-31,2,74,18030.31
2024-08-01,2,60,15037.6
2024-08-02,2,50,12219.49
2024-08-03,2,51,12278.72
2024-08-04,2,31,7626.51
2024-08-05,2,80,19021.51
2024-08-06,2,49,11813.25
2024-08-07,2,60,14506.37
2024-08-08,2,46,10972.3
2024-08-09,2,59,14629.71
2024-08-10,2,41,9933.91
2024-08-11,2,28,6843.62
2024-08-12,2,44,10539.98
2024-08-13,2,53,13096.97
2024-08-14,2,57,14308.21
2024-08-15,2,61,14698.73
2024-08-16,2,45,11123.11
2024-08-17,2,50,12273.9
2024-08-18,2,29,7053.31
2024-08-19,2,41,10001.02
2024-08-20,2,45,11137.11
2024-08-21,2,60,14938.42
2024-08-22,2,40,9866.02
2024-08-23,2,60,14611.97
2024-08-24,2,56,14004.36
2024-08-25,2,25,6223.24
2024-08-26,2,55,13087.72
2024-08-27,2,59,14114.87
2024-08-28,2,72,17878.95
2024-08-29,2,60,14613.96
2024-08-30,2,51,12558.25
2024-08-31,2,73,18154.51
2024-09-01,2,24,6009.54
2024-09-02,2,53,12825.58
2024-09-03,2,57,13820.76
2024-09-04,2,66,15669.04
2024-09-05,2,41,10110.76
2024-09-06,2,41,9936.94
2024-09-07,2,61,15110.31
2024-09-08,2,27,6436.11
2024-09-09,2,82,19622.93
2024-09-10,2,112,27404.69
2024-09-11,2,45,10924.47
2024-09-12,2,49,11693.49
2024-09-13,2,58,14179.55
2024-09-14,2,50,11937.92
2024-09-15,2,32,7699.28
2024-09-16,2,79,19447.01
2024-09-17,2,64,15626.97
2024-09-18,2,50,12496.71
2024-09-19,2,46,11003.06
2024-09-20,2,53,12693.54
2024-09-21,2,62,15259.7
2024-09-22,2,24,5898.2
2024-09-23,2,69,16613.03
2024-09-24,2,66,15742.29
2024-09-25,2,41,10121.85
2024-09-26,2,46,11461.76
2024-09-27,2,59,14641.65
2024-09-28,2,46,11616.76
2024-09-29,2,31,7784.69
2024-09-30,2,75,18697.4
2024-10-01,2,47,11463.41
2024-10-02,2,49,12281.26
2024-10-03,2,63,15357.6
2024-10-04,2,56,13875.2
2024-10-05,2,43,10814.3
2024-10-06,2,29,7211.77
2024-10-07,2,49,11979.43
2024-10-08,2,49,11933.32
2024-10-09,2,55,13361.7
2024-10-10,2,59,14561.41
2024-10-11,2,64,15960.01
2024-10-12,2,55,13694.13
2024-10-13,2,27,6579.79
2024-10-14,2,40,9948.04
2024-10-15,2,40,10084.06
2024-10-16,2,39,9653.87
2024-10-17,2,66,16675.0
2024-10-18,2,52,12567.54
2024-10-19,2,54,13578.96
2024-10-20,2,17,4281.7
2024-10-21,2,49,12400.84
2024-10-22,2,61,15331.07
2024-10-23,2,48,11662.44
2024-10-24,2,53,13120.94
2024-10-25,2,66,16492.4
2024-10-26,2,37,9273.69
2024-10-27,2,31,7492.81
2024-10-28,2,62,15669.53
2024-10-29,2,48,11778.81
2024-10-30,2,56,14179.57
2024-10-31,2,57,13773.48
2024-11-01,2,64,15987.34
2024-11-02,2,52,12854.96
2024-11-03,2,30,7299.32
2024-11-04,2,60,14562.44
2024-11-05,2,56,13381.06
2024-11-06,2,61,15074.78
2024-11-07,2,47,11361.61
2024-11-08,2,60,15069.37
2024-11-09,2,41,10013.44
2024-11-10,2,31,7610.25
2024-11-11,2,72,17995.07
2024-11-12,2,51,12280.52
2024-11-13,2,53,12863.13
2024-11-14,2,62,15546.94
2024-11-15,2,49,12360.33
2024-11-16,2,59,14149.02
2024-11-17,2,26,6373.98
2024-11-18,2,55,13942.98
2024-11-19,2,87,21461.43
2024-11-20,2,55,13776.09
2024-11-21,2,54,13098.79
2024-11-22,2,58,14694.59
2024-11-23,2,65,16519.74
2024-11-24,2,24,5761.75
2024-11-25,2,64,15819.94
2024-11-26,2,74,18724.65
2024-11-27,2,54,13133.19
2024-11-28,2,57,13996.63
2024-11-29,2,57,13887.69
2024-11-30,2,59,14930.71
2024-12-01,2,29,7340.0
2024-12-02,2,90,21978.91
2024-12-03,2,95,23574.38
2024-12-04,2,70,16809.91
2024-12-05,2,60,14987.99
2024-12-06,2,72,18159.73
2024-12-07,2,73,17636.22
2024-12-08,2,48,11952.34
2024-12-09,2,66,15972.51
2024-12-10,2,75,18361.16
2024-12-11,2,49,12000.68
2024-12-12,2,71,17403.83
2024-12-13,2,56,13744.89
2024-12-14,2,44,10778.24
2024-12-15,2,25,6066.29
2024-12-16,2,54,13540.87
2024-12-17,2,54,13504.83
2024-12-18,2,58,14350.26
2024-12-19,2,78,18790.13
2024-12-20,2,50,12331.57
2024-12-21,2,49,11851.14
2024-12-22,2,27,6848.58
2024-12-23,2,39,9724.44
2024-12-24,2,88,21437.04
2024-12-25,2,52,12668.31
2024-12-26,2,68,16754.97
2024-12-27,2,80,19636.15
2024-12-28,2,49,12254.08
2024-12-29,2,30,7239.61
2024-12-30,2,62,15661.71
2024-12-31,2,52,12853.1
2025-01-01,2,48,11744.06
2025-01-02,2,65,16002.57
2025-01-03,2,47,11848.04
2025-01-04,2,78,18980.42
2025-01-05,2,21,5194.31
2025-01-06,2,53,13460.61
2025-01-07,2,46,11105.36
2025-01-08,2,60,15207.8
2025-01-09,2,57,13940.72
2025-01-10,2,48,12190.66
2025-01-11,2,46,11077.85
2025-01-12,2,21,5150.2
2025-01-13,2,58,14779.86
2025-01-14,2,70,17060.02
2025-01-15,2,69,16943.49
2025-01-16,2,49,12010.71
2025-01-17,2,59,14356.55
2025-01-18,2,80,19531.79
2025-01-19,2,22,5509.94
2025-01-20,2,68,16588.93
2025-01-21,2,51,12660.87
2025-01-22,2,59,14501.94
2025-01-23,2,62,14997.54
2025-01-24,2,63,15561.08
2025-01-25,2,34,8653.61
2025-01-26,2,28,7047.95
2025-01-27,2,65,16598.09
2025-01-28,2,61,15029.42
2025-01-29,2,68,16896.85
2025-01-30,2,59,14404.77
2025-01-31,2,50,12480.02
2025-02-01,2,53,13556.49
2025-02-02,2,24,5984.49
2025-02-03,2,52,13194.04
2025-02-04,2,61,15125.1
2025-02-05,2,47,11725.84
2025-02-06,2,66,16781.71
2025-02-07,2,45,11180.77
2025-02-08,2,49,12055.38
2025-02-09,2,29,7200.92
2025-02-10,2,63,15751.77
2025-02-11,2,75,18643.88
2025-02-12,2,43,10854.42
2025-02-13,2,60,15335.74
2025-02-14,2,57,14213.29
2025-02-15,2,42,10264.94
2025-02-16,2,26,6415.89
2025-02-17,2,50,12709.53
2025-02-18,2,61,15376.8
2025-02-19,2,70,16993.77
2025-02-20,2,80,20461.93
2025-02-21,2,43,10778.3
2025-02-22,2,59,14577.8
2025-02-23,2,32,7931.54
2025-02-24,2,59,15139.03
2025-02-25,2,54,13291.88
2025-02-26,2,68,17161.99
2025-02-27,2,56,13798.36
2025-02-28,2,74,17923.16
2025-03-01,2,67,17181.06
2025-03-02,2,34,8590.44
2025-03-03,2,72,18489.49
2025-03-04,2,69,17715.13
2025-03-05,2,80,19985.61
2025-03-06,2,56,14025.68
2025-03-07,2,60,14819.39
2025-03-08,2,53,13363.15
2025-03-09,2,26,6607.37
2025-03-10,2,50,12218.79
2025-03-11,2,69,17641.89
2025-03-12,2,56,13762.86
2025-03-13,2,140,35308.0
2025-03-14,2,77,18774.39
2025-03-15,2,54,13779.01
2025-03-16,2,28,6817.59
2025-03-17,2,62,15450.49
2025-03-18,2,79,19498.18
2025-03-19,2,51,12414.01
2025-03-20,2,62,15556.48
2025-03-21,2,79,19955.83
2025-03-22,2,36,8871.85
2025-03-23,2,31,7757.74
2025-03-24,2,45,11149.48
2025-03-25,2,67,16803.0
2025-03-26,2,74,18626.81
2025-03-27,2,76,18470.26
2025-03-28,2,81,19793.92
2025-03-29,2,64,16079.14
2025-03-30,2,36,8747.16
2025-03-31,2,83,20443.78
2025-04-01,2,63,15523.27
2025-04-02,2,103,26237.28
2025-04-03,2,74,18009.85
2025-04-04,2,115,28610.88
2025-04-05,2,70,17484.09
2025-04-06,2,29,7465.73
2025-04-07,2,60,14813.98
2025-04-08,2,65,16148.11
2025-04-09,2,72,17907.14
2025-04-10,2,87,22414.59
2025-04-11,2,67,16449.53
2025-04-12,2,40,10046.84
2025-04-13,2,45,11512.45
2025-04-14,2,75,19111.75
2025-04-15,2,105,25980.04
2025-04-16,2,61,15107.72
2025-04-17,2,68,16913.96
2025-04-18,2,140,35295.98
2025-04-19,2,80,19692.17
2025-04-20,2,43,10650.75
2025-04-21,2,68,17394.46
2025-04-22,2,61,15594.79
2025-04-23,2,72,18354.3
2025-04-24,2,82,20690.93
2025-04-25,2,82,20348.81
2025-04-26,2,47,12129.27
2025-04-27,2,27,6853.51
2025-04-28,2,66,16964.06
2025-04-29,2,84,21587.04
2025-04-30,2,98,24548.09
2025-05-01,2,82,21155.75
2025-05-02,2,93,22938.47
2025-05-03,2,50,12672.46
2025-05-04,2,36,8846.8
2025-05-05,2,74,18679.38
2025-05-06,2,84,21042.72
2025-05-07,2,67,16651.87
2025-05-08,2,84,20774.03
2025-05-09,2,81,20312.46
2025-05-10,2,87,21265.77
2025-05-11,2,34,8720.63
2025-05-12,2,78,20062.12
2025-05-13,2,52,12769.91
2025-05-14,2,83,20655.93
2025-05-15,2,95,23551.25
2025-05-16,2,83,21332.46
2025-05-17,2,70,17196.2
2025-05-18,2,31,7713.8
2025-05-19,2,99,24920.25
2025-05-20,2,71,17379.97
2025-05-21,2,89,22027.51
2025-05-22,2,95,24135.17
2025-05-23,2,58,14922.61
2025-05-24,2,72,18625.63
2025-05-25,2,51,12580.41
2025-05-26,2,70,18047.06
2025-05-27,2,82,20725.55
2025-05-28,2,80,20609.75
2025-05-29,2,85,21225.01
2025-05-30,2,70,17309.99
2025-05-31,2,61,15175.21
2025-06-01,2,31,7802.17
2025-06-02,2,88,21625.85
2025-06-03,2,84,21541.02
2025-06-04,2,55,14237.84
2025-06-05,2,77,19040.24
2025-06-06,2,63,16313.28
2025-06-07,2,87,21440.29
2025-06-08,2,34,8632.05
2025-06-09,2,73,18128.38
2025-06-10,2,81,20222.14
2025-06-11,2,65,16307.52
2025-06-12,2,84,21326.08
2025-06-13,2,84,21246.57
2025-06-14,2,68,17599.87
2025-06-15,2,32,8234.44
2025-06-16,2,93,24135.67
2025-06-17,2,63,15567.97
2025-06-18,2,79,19949.32
2025-06-19,2,77,19597.09
2025-06-20,2,57,14520.09
2025-06-21,2,63,16364.55
2025-06-22,2,39,9781.65
2025-06-23,2,64,16061.32
2025-06-24,2,74,18764.39
2025-06-25,2,63,16073.94
2025-06-26,2,90,22235.17
2025-06-27,2,45,11663.35
2025-06-28,2,55,13793.3
2025-06-29,2,30,7403.29
2025-06-30,2,65,16248.44
2025-07-01,2,58,15001.61
2025-07-02,2,70,17888.62
2025-07-03,2,79,20190.6
2025-07-04,2,66,16882.58
2025-07-05,2,52,12923.81
2025-07-06,2,28,6956.85
2025-07-07,2,64,16487.62
2025-07-08,2,53,13738.74
2025-07-09,2,65,16144.34
2025-07-10,2,75,18856.08
2025-07-11,2,82,21251.12
2025-07-12,2,64,16080.09
2025-07-13,2,33,8308.21
2025-07-14,2,73,18223.53
2025-07-15,2,63,16117.92
2025-07-16,2,67,17010.53
2025-07-17,2,71,17758.47
2025-07-18,2,61,15354.15
2025-07-19,2,41,10467.97
2025-07-20,2,23,5807.42
2025-07-21,2,58,14962.52
2025-07-22,2,77,19765.41
2025-07-23,2,56,14207.74
2025-07-24,2,56,13944.15
2025-07-25,2,68,17655.01
2025-07-26,2,48,12307.76
2025-07-27,2,32,8307.97
2025-07-28,2,66,16777.35
2025-07-29,2,65,16452.71
2025-07-30,2,87,21598.41
2025-07-31,2,70,17730.58
2025-08-01,2,61,15673.96
2025-08-02,2,51,12641.6
2025-08-03,2,30,7704.62
2025-08-04,2,45,11362.35
2025-08-05,2,56,13865.08
2025-08-06,2,51,12686.84
2025-08-07,2,70,17706.65
2025-08-08,2,76,19696.49
2025-08-09,2,46,11909.42
2025-08-10,2,37,9654.6
2025-08-11,2,81,20103.67
2025-08-12,2,55,14154.37
2025-08-13,2,69,17994.53
2025-08-14,2,65,16687.72
2025-08-15,2,72,18334.32
2025-08-16,2,50,12666.18
2025-08-17,2,31,7866.89
2025-08-18,2,43,10748.89
2025-08-19,2,64,16643.33
2025-08-20,2,58,15140.17
2025-08-21,2,54,13690.12
2025-08-22,2,68,17762.03
2025-08-23,2,59,14713.41
2025-08-24,2,31,8087.93
2025-08-25,2,44,11277.78
2025-08-26,2,60,15163.7
2025-08-27,2,52,13434.58
2025-08-28,2,79,20387.86
2025-08-29,2,56,14024.42
2025-08-30,2,61,15277.52
2025-08-31,2,35,8733.93
2025-09-01,2,52,12856.75
2025-09-02,2,62,16203.57
2025-09-03,2,68,17550.51
2025-09-04,2,64,16142.8
2025-09-05,2,73,18925.02
2025-09-06,2,46,11539.95
2025-09-07,2,27,6839.87
2025-09-08,2,63,16130.15
2025-09-09,2,77,19005.37
2025-09-10,2,49,12645.26
2025-09-11,2,62,15715.59
2025-09-12,2,60,15010.88
2025-09-13,2,49,12548.15
2025-09-14,2,21,5458.12
2025-09-15,2,56,14656.51
2025-09-16,2,54,13360.77
2025-09-17,2,63,15854.15
2025-09-18,2,48,12106.34
2025-09-19,2,53,13767.18
2025-09-20,2,49,12632.7
2025-09-21,2,25,6522.27
2025-09-22,2,59,15341.32
2025-09-23,2,57,14554.07
2025-09-24,2,57,14752.83
2025-09-25,2,57,14283.99
2025-09-26,2,65,16425.88
2025-09-27,2,59,14655.4
2025-09-28,2,35,9025.71
2025-09-29,2,90,23001.1
2025-09-30,2,59,15432.53
2025-10-01,2,48,12216.05
2025-10-02,2,86,22040.4
2025-10-03,2,74,18933.89
2025-10-04,2,45,11225.22
2025-10-05,2,31,7721.07
2025-10-06,2,64,16417.92
2025-10-07,2,67,16741.33
2025-10-08,2,53,13305.63
2025-10-09,2,64,15912.06
2025-10-10,2,53,13693.04
2025-10-11,2,47,12062.02
2025-10-12,2,37,9677.27
2025-10-13,2,78,19535.06
2025-10-14,2,65,16176.43
2025-10-15,2,43,11178.03
2025-10-16,2,51,13057.61
2025-10-17,2,65,16643.35
2025-10-18,2,58,14984.45
2025-10-19,2,14,3528.09
2025-10-20,2,46,12092.13
2025-10-21,2,75,18741.91
2025-10-22,2,70,17930.15
2025-10-23,2,60,15048.48
2025-10-24,2,58,14789.13
2025-10-25,2,62,16280.57
2025-10-26,2,54,13992.2
2025-10-27,2,57,14234.32
2025-10-28,2,55,13703.49
2025-10-29,2,54,13467.68
2025-10-30,2,69,17638.03
2025-10-31,2,68,17515.64
2025-11-01,2,61,15637.57
2025-11-02,2,28,7110.74
2025-11-03,2,50,12929.77
2025-11-04,2,61,16056.54
2025-11-05,2,61,15841.25
2025-11-06,2,70,18041.69
2025-11-07,2,69,18078.09
2025-11-08,2,58,14554.68
2025-11-09,2,36,9059.17
2025-11-10,2,57,14933.73
2025-11-11,2,65,16900.86
2025-11-12,2,74,18977.25
2025-11-13,2,57,14602.72
2025-11-14,2,81,21140.37
2025-11-15,2,69,17965.27
2025-11-16,2,28,7333.17
2025-11-17,2,64,16558.62
2025-11-18,2,41,10665.11
2025-11-19,2,56,14765.94
2025-11-20,2,64,16436.52
2025-11-21,2,62,15731.68
2025-11-22,2,62,16335.6
2025-11-23,2,34,8689.33
2025-11-24,2,75,19556.1
2025-11-25,2,78,20182.07
2025-11-26,2,68,17888.38
2025-11-27,2,70,17707.31
2025-11-28,2,68,16950.14
2025-11-29,2,59,15023.97
2025-11-30,2,30,7643.65
2025-12-01,2,75,18894.18
2025-12-02,2,70,17873.52
2025-12-03,2,55,14126.0
2025-12-04,2,90,23683.67
2025-12-05,2,74,19259.37
2025-12-06,2,55,14439.58
2025-12-07,2,28,7153.71
2025-12-08,2,57,14599.58
2025-12-09,2,81,21287.47
2025-12-10,2,74,19256.88
2025-12-11,2,98,25126.78
2025-12-12,2,66,17294.08
2025-12-13,2,69,17513.51
2025-12-14,2,26,6668.28
2025-12-15,2,68,17509.82
2025-12-16,2,89,23397.76
2025-12-17,2,81,20556.9
2025-12-18,2,41,10723.02
2025-12-19,2,75,19780.67
2025-12-20,2,74,19051.05
2025-12-21,2,26,6806.94
2025-12-22,2,97,25319.62
2025-12-23,2,53,13449.23
2025-12-24,2,91,23024.79
2025-12-25,2,68,17753.58
2025-12-26,2,73,19127.75
2025-12-27,2,68,17137.97
2025-12-28,2,42,10498.64
2025-12-29,2,81,21286.64
2025-12-30,2,79,19913.04
2025-12-31,2,73,19200.74
2026-01-01,2,52,13290.35
2026-01-02,2,57,14682.78
2026-01-03,2,82,21533.24
2026-01-04,2,37,9735.95
2026-01-05,2,53,13822.14
2026-01-06,2,50,13003.46
2026-01-07,2,45,11408.29
2026-01-08,2,48,12341.28
2026-01-09,2,75,18994.3
2026-01-10,2,45,11590.38
2026-01-11,2,23,5924.57
2026-01-12,2,79,20704.32
2026-01-13,2,68,17105.58
2026-01-14,2,56,14598.3
2026-01-15,2,50,12622.91
2026-01-16,2,45,11930.98
2026-01-17,2,55,14193.78
2026-01-18,2,29,7577.09
2026-01-19,2,51,13197.62
2026-01-20,2,67,17657.09
2026-01-21,2,68,17805.92
2026-01-22,2,55,14076.94
2026-01-23,2,58,15309.9
2026-01-24,2,51,13008.81
2026-01-25,2,25,6569.64
2026-01-26,2,65,16522.29
2026-01-27,2,81,20596.17
2026-01-28,2,54,13535.79
2026-01-29,2,76,19509.44
2026-01-30,2,56,14210.06
2026-01-31,2,53,13988.3
2026-02-01,2,22,5599.68
2026-02-02,2,56,14649.49
2026-02-03,2,64,16622.88
2026-02-04,2,65,16515.58
2026-02-05,2,49,12985.88
2026-02-06,2,73,18670.32
2026-02-07,2,67,17804.85
2026-02-08,2,29,7504.09
2026-02-09,2,63,16287.92
2026-02-10,2,101,26239.06
2026-02-11,2,59,15389.33
2026-02-12,2,50,13159.44
2026-02-13,2,57,14329.1
2026-02-14,2,41,10845.94
2026-02-15,2,42,10746.1
2026-02-16,2,70,18148.25
2026-02-17,2,74,19252.44
2026-02-18,2,49,12739.02
2026-02-19,2,91,24082.07
2026-02-20,2,49,12975.49
2026-02-21,2,61,15568.68
2026-02-22,2,39,10008.21
2026-02-23,2,79,20168.96
2026-02-24,2,85,22498.94
2026-02-25,2,46,12232.91
2026-02-26,2,51,13179.71
2026-02-27,2,47,12482.83
2026-02-28,2,44,11655.1
2026-03-01,2,22,5544.84
2026-03-02,2,91,22963.75
2026-03-03,2,60,15873.45
2026-03-04,2,67,16955.26
2026-03-05,2,77,20397.98
2026-03-06,2,58,15279.96
2026-03-07,2,64,16987.34
2026-03-08,2,36,9073.97
2026-03-09,2,70,17818.3
2026-03-10,2,78,19762.31
2026-03-11,2,81,20789.18
2026-03-12,2,49,12992.76
2026-03-13,2,75,19121.07
2026-03-14,2,100,26505.17
2026-03-15,2,25,6639.75
2026-03-16,2,55,14667.36
2026-03-17,2,64,16890.2
2026-03-18,2,71,18126.01
2026-03-19,2,80,20370.74
2026-03-20,2,57,14834.56
2026-03-21,2,63,15991.31
2026-03-22,2,23,6074.39
2026-03-23,2,73,18665.95
2026-03-24,2,114,28717.48
2026-03-25,2,73,19152.49
2026-03-26,2,67,17890.4
2026-03-27,2,50,12754.22
2026-03-28,2,58,14975.71
2026-03-29,2,45,11854.1
2026-03-30,2,60,15487.94
2026-03-31,2,59,15226.56
2026-04-01,2,85,21423.77
2026-04-02,2,77,19593.06
2026-04-03,2,80,20208.49
2026-04-04,2,67,17106.44
2026-04-05,2,27,7147.41
2026-04-06,2,95,24720.06
2026-04-07,2,72,18281.57
2026-04-08,2,57,14724.21
2026-04-09,2,82,21199.06
2026-04-10,2,87,22806.76
2026-04-11,2,96,25688.92
2026-04-12,2,42,11093.65
2026-04-13,2,98,25375.02
2026-04-14,2,97,24971.31
2026-04-15,2,81,21087.44
2026-04-16,2,69,18029.01
2026-04-17,2,78,20787.15
2026-04-18,2,68,18110.22
2026-04-19,2,41,10921.31
2026-04-20,2,84,21229.4
2026-04-21,2,88,23499.87
2026-04-22,2,80,20531.75
2026-04-23,2,98,24858.79
2026-04-24,2,70,18394.88
2026-04-25,2,73,19135.14
2026-04-26,2,39,10413.71
2026-04-27,2,112,29389.04
2026-04-28,2,76,19231.82
2026-04-29,2,61,15571.09
2026-04-30,2,107,28337.95
2026-05-01,2,106,27834.05
2026-05-02,2,63,16020.77
2026-05-03,2,52,13816.54
2026-05-04,2,87,23251.63
2026-05-05,2,98,25526.75
2026-05-06,2,74,19247.96
2026-05-07,2,131,33755.72
2026-05-08,2,82,21623.2
2026-05-09,2,132,35226.2
2026-05-10,2,49,12479.29
2026-05-11,2,91,23236.65
2026-05-12,2,81,21008.33
2026-05-13,2,107,27922.9
2026-05-14,2,107,27503.16
2026-05-15,2,82,20871.27
2026-05-16,2,70,18036.83
2026-05-17,2,46,11867.07
2026-05-18,2,95,24369.42
2026-05-19,2,69,17491.52
2026-05-20,2,70,18328.32
2026-05-21,2,81,21541.72
2026-05-22,2,81,20559.21
2026-05-23,2,65,16707.63
2026-05-24,2,42,10966.85
2026-05-25,2,127,34005.41
2026-05-26,2,98,24883.7
2026-05-27,2,70,18101.8
2026-05-28,2,74,18823.68
2026-05-29,2,109,28458.56
2026-05-30,2,79,20052.14
2026-05-31,2,80,20985.36
2026-06-01,2,69,18373.63
2026-06-02,2,77,20601.22
2026-06-03,2,71,18090.16
2026-06-04,2,96,25755.79
2026-06-05,2,128,34060.75
2026-06-06,2,69,17571.54
2026-06-07,2,38,9683.0
2026-06-08,2,87,23179.25
2026-06-09,2,80,20823.0
2026-06-10,2,56,14604.52
2026-06-11,2,83,21832.22
2026-06-12,2,94,24957.59
2026-06-13,2,65,16954.59
2026-06-14,2,32,8615.42
2026-06-15,2,94,25112.67
2026-06-16,2,82,20934.59
2026-06-17,2,71,18512.4
2026-06-18,2,78,19849.91
2026-06-19,2,89,23017.39
2026-06-20,2,62,15853.71
2026-06-21,2,45,11507.52
2026-06-22,2,97,25310.04
2026-06-23,2,79,20324.5
2026-06-24,2,82,21026.78
2026-06-25,2,87,23215.36
2026-06-26,2,89,22710.71
2026-06-27,2,78,20153.07
2026-06-28,2,44,11811.9
2026-06-29,2,85,22051.74
2026-06-30,2,72,18409.83
2026-07-01,2,78,21033.46
2026-07-02,2,55,14135.49
2026-07-03,2,43,11182.94
2026-07-04,2,74,18827.86
2026-07-05,2,46,11732.03
2026-07-06,2,99,25268.57
2026-07-07,2,58,15478.39
2026-07-08,2,71,18724.27
2026-07-09,2,63,16590.68
2026-07-10,2,70,18794.68
2026-07-11,2,64,16990.69
2026-07-12,2,26,6915.76
2026-07-13,2,68,17996.17
2026-07-14,2,73,18922.2
2026-07-15,2,77,20165.65
2026-07-16,2,71,18968.35
2026-07-17,2,65,16651.28
2026-07-18,2,51,13145.87
2026-07-19,2,22,5669.09
2026-07-20,2,76,19658.14
2026-07-21,2,79,20589.28
2026-07-22,2,82,20943.7
2026-07-23,2,82,22023.42
2026-07-24,2,84,22176.34
2026-07-25,2,95,25065.37
2026-07-26,2,38,9879.06
2026-07-27,2,87,23321.92
2026-07-28,2,67,17213.64
2026-07-29,2,82,21279.95
2026-07-30,2,83,21306.94
2026-07-31,2,78,20214.72
2026-08-01,2,57,15221.58
2026-08-02,2,36,9271.86
2026-08-03,2,64,17131.83
2026-08-04,2,83,21889.76
2026-08-05,2,78,20859.01
2026-08-06,2,91,23290.37
2026-08-07,2,82,21911.4
2026-08-08,2,57,14726.9
2026-08-09,2,42,10772.85
2026-08-10,2,59,15313.34
2026-08-11,2,68,18221.46
2026-08-12,2,75,19741.32
2026-08-13,2,48,12555.26
2026-08-14,2,59,15467.47
2026-08-15,2,53,13975.84
2026-08-16,2,33,8847.42
2026-08-17,2,86,22704.71
2026-08-18,2,63,16407.68
2026-08-19,2,87,23247.56
2026-08-20,2,60,16185.2
2026-08-21,2,85,21722.9
2026-08-22,2,53,14048.71
2026-08-23,2,36,9310.99
2026-08-24,2,73,19783.12
2026-08-25,2,64,16565.83
2026-08-26,2,66,17503.63
2026-08-27,2,77,20122.26
2026-08-28,2,89,23356.63
2026-08-29,2,51,13770.29
2026-08-30,2,44,11315.47
2026-08-31,2,60,15364.47
2026-09-01,2,75,19993.3
2026-09-02,2,70,18086.54
2026-09-03,2,73,18904.79
2026-09-04,2,81,21392.19
2026-09-05,2,66,17831.33
2026-09-06,2,36,9643.96
2026-09-07,2,86,22436.18
2026-09-08,2,94,25136.18
2026-09-09,2,83,22543.79
2026-09-10,2,77,20568.37
2026-09-11,2,60,15734.3
2026-09-12,2,51,13708.63
2026-09-13,2,34,9024.1
2026-09-14,2,85,22292.51
2026-09-15,2,56,14623.95
2026-09-16,2,76,20169.29
2026-09-17,2,68,18232.88
2026-09-18,2,52,13752.18
2026-09-19,2,59,15916.16
2026-09-20,2,38,9987.99
2026-09-21,2,82,21083.02
2026-09-22,2,58,15426.61
2026-09-23,2,70,17951.03
2026-09-24,2,57,15408.67
2026-09-25,2,86,23283.18
2026-09-26,2,56,14678.53
2026-09-27,2,24,6527.08
2026-09-28,2,71,18345.61
2026-09-29,2,66,17153.09
2026-09-30,2,63,16263.44
2023-10-01,3,26,2738.0
2023-10-02,3,38,4003.51
2023-10-03,3,39,4139.23
2023-10-04,3,51,5348.52
2023-10-05,3,30,3101.18
2023-10-06,3,56,5867.67
2023-10-07,3,39,4258.6
2023-10-08,3,25,2647.99
2023-10-09,3,30,3093.33
2023-10-10,3,49,5164.55
2023-10-11,3,45,4769.17
2023-10-12,3,45,4879.02
2023-10-13,3,33,3518.33
2023-10-14,3,39,4148.31
2023-10-15,3,22,2330.64
2023-10-16,3,53,5790.58
2023-10-17,3,44,4793.2
2023-10-18,3,59,6429.58
2023-10-19,3,48,4991.94
2023-10-20,3,41,4463.82
2023-10-21,3,46,4973.98
2023-10-22,3,23,2416.57
2023-10-23,3,40,4226.01
2023-10-24,3,47,4961.07
2023-10-25,3,54,5797.77
2023-10-26,3,56,6114.09
2023-10-27,3,40,4322.15
2023-10-28,3,46,4798.86
2023-10-29,3,20,2078.44
2023-10-30,3,51,5434.57
2023-10-31,3,41,4427.53
2023-11-01,3,42,4583.53
2023-11-02,3,49,5188.19
2023-11-03,3,54,5866.72
2023-11-04,3,52,5477.75
2023-11-05,3,18,1900.52
2023-11-06,3,58,6066.2
2023-11-07,3,43,4448.8
2023-11-08,3,44,4628.36
2023-11-09,3,44,4614.47
2023-11-10,3,46,4967.49
2023-11-11,3,42,4410.44
2023-11-12,3,28,2987.44
2023-11-13,3,51,5466.85
2023-11-14,3,59,6100.78
2023-11-15,3,39,4040.35
2023-11-16,3,53,5559.61
2023-11-17,3,39,4051.29
2023-11-18,3,44,4827.9
2023-11-19,3,20,2191.14
2023-11-20,3,43,4532.68
2023-11-21,3,58,6211.04
2023-11-22,3,59,6116.42
2023-11-23,3,59,6465.02
2023-11-24,3,48,5081.57
2023-11-25,3,48,5055.74
2023-11-26,3,42,4516.45
2023-11-27,3,46,5005.77
2023-11-28,3,49,5349.47
2023-11-29,3,30,3155.17
2023-11-30,3,53,5508.93
2023-12-01,3,61,6572.82
2023-12-02,3,44,4648.89
2023-12-03,3,21,2216.34
2023-12-04,3,67,6946.49
2023-12-05,3,55,5891.47
2023-12-06,3,49,5220.76
2023-12-07,3,43,4653.23
2023-12-08,3,51,5566.97
2023-12-09,3,29,3183.26
2023-12-10,3,20,2186.95
2023-12-11,3,61,6570.38
2023-12-12,3,54,5849.92
2023-12-13,3,52,5538.21
2023-12-14,3,63,6823.4
2023-12-15,3,76,8266.8
2023-12-16,3,43,4528.08
2023-12-17,3,26,2739.71
2023-12-18,3,54,5658.4
2023-12-19,3,42,4605.24
2023-12-20,3,45,4832.48
2023-12-21,3,48,5244.53
2023-12-22,3,40,4365.74
2023-12-23,3,48,5201.9
2023-12-24,3,24,2520.36
2023-12-25,3,54,5800.55
2023-12-26,3,48,5213.46
2023-12-27,3,48,5057.79
2023-12-28,3,62,6748.62
2023-12-29,3,71,7577.7
2023-12-30,3,63,6721.56
2023-12-31,3,26,2789.52
2024-01-01,3,32,3391.76
2024-01-02,3,47,5140.34
2024-01-03,3,69,7533.37
2024-01-04,3,51,5457.85
2024-01-05,3,34,3612.8
2024-01-06,3,51,5461.48
2024-01-07,3,28,3086.73
2024-01-08,3,38,4107.43
2024-01-09,3,47,5153.74
2024-01-10,3,35,3756.89
2024-01-11,3,38,4013.05
2024-01-12,3,38,4166.25
2024-01-13,3,36,3975.09
2024-01-14,3,19,2067.39
2024-01-15,3,40,4182.43
2024-01-16,3,51,5395.73
2024-01-17,3,32,3529.55
2024-01-18,3,38,4148.64
2024-01-19,3,49,5303.05
2024-01-20,3,46,4951.05
2024-01-21,3,27,2964.57
2024-01-22,3,31,3310.91
2024-01-23,3,51,5424.22
2024-01-24,3,42,4491.39
2024-01-25,3,47,5057.67
2024-01-26,3,41,4399.26
2024-01-27,3,51,5586.8
2024-01-28,3,22,2303.85
2024-01-29,3,56,6104.43
2024-01-30,3,40,4183.15
2024-01-31,3,55,5953.85
2024-02-01,3,58,6085.03
2024-02-02,3,44,4642.19
2024-02-03,3,39,4279.72
2024-02-04,3,17,1782.51
2024-02-05,3,39,4177.08
2024-02-06,3,46,5010.47
2024-02-07,3,45,4903.05
2024-02-08,3,40,4242.65
2024-02-09,3,37,3913.76
2024-02-10,3,44,4647.16
2024-02-11,3,20,2211.85
2024-02-12,3,59,6401.81
2024-02-13,3,59,6526.44
2024-02-14,3,49,5140.79
2024-02-15,3,32,3461.31
2024-02-16,3,46,5017.31
2024-02-17,3,44,4808.22
2024-02-18,3,21,2218.13
2024-02-19,3,55,5761.53
2024-02-20,3,51,5384.0
2024-02-21,3,31,3316.88
2024-02-22,3,45,4758.39
2024-02-23,3,37,3896.92
2024-02-24,3,26,2794.97
2024-02-25,3,18,1942.85
2024-02-26,3,52,5589.39
2024-02-27,3,36,3787.79
2024-02-28,3,58,6129.72
2024-02-29,3,43,4649.0
2024-03-01,3,58,6107.47
2024-03-02,3,38,4099.67
2024-03-03,3,14,1518.68
2024-03-04,3,48,5201.39
2024-03-05,3,41,4375.28
2024-03-06,3,75,8019.33
2024-03-07,3,55,5840.02
2024-03-08,3,46,5082.1
2024-03-09,3,55,5904.47
2024-03-10,3,25,2617.4
2024-03-11,3,61,6438.93
2024-03-12,3,59,6317.84
2024-03-13,3,45,4770.15
2024-03-14,3,37,4092.2
2024-03-15,3,56,6074.29
2024-03-16,3,44,4886.19
2024-03-17,3,22,2371.92
2024-03-18,3,50,5533.87
2024-03-19,3,58,6423.84
2024-03-20,3,44,4806.73
2024-03-21,3,53,5801.54
2024-03-22,3,59,6453.02
2024-03-23,3,47,5137.35
2024-03-24,3,24,2614.86
2024-03-25,3,74,8182.5
2024-03-26,3,45,4918.19
2024-03-27,3,54,5661.11
2024-03-28,3,63,6826.65
2024-03-29,3,43,4652.4
2024-03-30,3,40,4429.51
2024-03-31,3,13,1394.83
2024-04-01,3,51,5612.9
2024-04-02,3,73,7954.7
2024-04-03,3,68,7460.4
2024-04-04,3,51,5543.64
2024-04-05,3,61,6593.37
2024-04-06,3,44,4793.38
2024-04-07,3,32,3392.3
2024-04-08,3,46,4851.69
2024-04-09,3,61,6480.9
2024-04-10,3,63,6615.25
2024-04-11,3,65,7235.43
2024-04-12,3,77,8122.7
2024-04-13,3,48,5298.63
2024-04-14,3,24,2561.62
2024-04-15,3,40,4380.19
2024-04-16,3,76,8109.33
2024-04-17,3,49,5420.21
2024-04-18,3,52,5595.44
2024-04-19,3,52,5729.6
2024-04-20,3,55,6005.3
2024-04-21,3,34,3684.94
2024-04-22,3,52,5497.46
2024-04-23,3,67,7101.28
2024-04-24,3,62,6874.98
2024-04-25,3,55,6069.34
2024-04-26,3,52,5484.69
2024-04-27,3,50,5578.93
2024-04-28,3,32,3385.68
2024-04-29,3,63,6772.27
2024-04-30,3,85,9260.76
2024-05-01,3,54,5714.08
2024-05-02,3,56,5993.57
2024-05-03,3,66,7149.89
2024-05-04,3,56,6228.33
2024-05-05,3,28,3071.49
2024-05-06,3,63,6986.41
2024-05-07,3,67,7374.51
2024-05-08,3,57,6313.21
2024-05-09,3,63,6929.02
2024-05-10,3,51,5439.91
2024-05-11,3,53,5584.38
2024-05-12,3,23,2507.16
2024-05-13,3,85,9175.06
2024-05-14,3,48,5137.0
2024-05-15,3,62,6811.26
2024-05-16,3,87,9494.42
2024-05-17,3,61,6618.74
2024-05-18,3,44,4685.79
2024-05-19,3,28,3014.02
2024-05-20,3,47,5085.84
2024-05-21,3,60,6657.06
2024-05-22,3,63,6792.7
2024-05-23,3,70,7777.87
2024-05-24,3,77,8455.28
2024-05-25,3,71,7839.27
2024-05-26,3,29,3066.59
2024-05-27,3,62,6580.95
2024-05-28,3,56,6193.67
2024-05-29,3,53,5673.02
2024-05-30,3,62,6665.46
2024-05-31,3,72,7674.88
2024-06-01,3,61,6572.59
2024-06-02,3,23,2572.08
2024-06-03,3,94,10347.44
2024-06-04,3,59,6484.69
2024-06-05,3,60,6691.13
2024-06-06,3,58,6155.77
2024-06-07,3,60,6371.64
2024-06-08,3,52,5818.98
2024-06-09,3,28,2993.71
2024-06-10,3,63,7017.56
2024-06-11,3,58,6450.48
2024-06-12,3,62,6888.84
2024-06-13,3,58,6145.78
2024-06-14,3,56,6113.83
2024-06-15,3,50,5590.8
2024-06-16,3,26,2850.61
2024-06-17,3,77,8395.12
2024-06-18,3,55,6079.65
2024-06-19,3,58,6217.67
2024-06-20,3,56,6179.44
2024-06-21,3,69,7402.02
2024-06-22,3,48,5267.78
2024-06-23,3,29,3148.89
2024-06-24,3,77,8467.18
2024-06-25,3,59,6352.93
2024-06-26,3,59,6443.89
2024-06-27,3,73,8032.03
2024-06-28,3,78,8636.98
2024-06-29,3,53,5772.63
2024-06-30,3,22,2341.5
2024-07-01,3,61,6718.91
2024-07-02,3,53,5808.98
2024-07-03,3,42,4678.43
2024-07-04,3,43,4716.37
2024-07-05,3,52,5773.64
2024-07-06,3,45,4922.32
2024-07-07,3,27,2931.01
2024-07-08,3,50,5537.71
2024-07-09,3,49,5467.38
2024-07-10,3,60,6744.72
2024-07-11,3,58,6156.51
2024-07-12,3,63,7063.51
2024-07-13,3,50,5350.27
2024-07-14,3,25,2784.92
2024-07-15,3,53,5808.51
2024-07-16,3,51,5652.27
2024-07-17,3,41,4490.77
2024-07-18,3,49,5508.42
2024-07-19,3,50,5358.37
2024-07-20,3,55,6038.18
2024-07-21,3,20,2148.57
2024-07-22,3,47,5079.68
2024-07-23,3,65,7057.84
2024-07-24,3,51,5435.96
2024-07-25,3,32,3440.05
2024-07-26,3,57,6229.59
2024-07-27,3,71,7613.53
2024-07-28,3,26,2784.01
2024-07-29,3,57,6088.7
2024-07-30,3,38,4206.61
2024-07-31,3,49,5487.12
2024-08-01,3,51,5512.9
2024-08-02,3,34,3780.14
2024-08-03,3,47,5171.47
2024-08-04,3,26,2835.75
2024-08-05,3,43,4749.88
2024-08-06,3,48,5377.0
2024-08-07,3,56,6219.57
2024-08-08,3,43,4594.47
2024-08-09,3,44,4807.63
2024-08-10,3,36,3830.34
2024-08-11,3,23,2590.73
2024-08-12,3,47,5028.78
2024-08-13,3,57,6353.05
2024-08-14,3,56,6083.04
2024-08-15,3,62,6990.68
2024-08-16,3,45,5015.75
2024-08-17,3,43,4859.12
2024-08-18,3,22,2449.0
2024-08-19,3,49,5365.51
2024-08-20,3,57,6366.39
2024-08-21,3,35,3859.21
2024-08-22,3,46,5052.24
2024-08-23,3,43,4733.93
2024-08-24,3,47,5114.46
2024-08-25,3,23,2515.16
2024-08-26,3,45,4992.21
2024-08-27,3,47,5084.73
2024-08-28,3,56,6260.87
2024-08-29,3,54,5917.43
2024-08-30,3,49,5366.29
2024-08-31,3,50,5604.2
2024-09-01,3,15,1679.26
2024-09-02,3,32,3595.63
2024-09-03,3,51,5445.97
2024-09-04,3,38,4071.86
2024-09-05,3,56,6182.48
2024-09-06,3,60,6421.0
2024-09-07,3,47,5216.81
2024-09-08,3,21,2353.84
2024-09-09,3,60,6577.58
2024-09-10,3,57,6133.64
2024-09-11,3,77,8552.72
2024-09-12,3,42,4604.15
2024-09-13,3,60,6613.73
2024-09-14,3,31,3490.2
2024-09-15,3,25,2822.08
2024-09-16,3,50,5573.97
2024-09-17,3,45,4897.14
2024-09-18,3,57,6385.46
2024-09-19,3,56,6035.92
2024-09-20,3,41,4423.07
2024-09-21,3,49,5353.68
2024-09-22,3,22,2357.25
2024-09-23,3,46,5068.74
2024-09-24,3,44,4832.29
2024-09-25,3,45,4979.3
2024-09-26,3,62,6832.97
2024-09-27,3,44,4723.56
2024-09-28,3,43,4665.99
2024-09-29,3,14,1514.75
2024-09-30,3,53,5901.72
2024-10-01,3,51,5755.59
2024-10-02,3,36,3851.93
2024-10-03,3,52,5754.13
2024-10-04,3,75,8467.5
2024-10-05,3,49,5247.12
2024-10-06,3,26,2848.58
2024-10-07,3,51,5713.95
2024-10-08,3,68,7461.44
2024-10-09,3,70,7756.54
2024-10-10,3,42,4522.86
2024-10-11,3,64,6941.95
2024-10-12,3,58,6502.82
2024-10-13,3,23,2572.62
2024-10-14,3,32,3559.67
2024-10-15,3,42,4705.23
2024-10-16,3,51,5799.56
2024-10-17,3,43,4775.63
2024-10-18,3,50,5621.51
2024-10-19,3,45,4968.46
2024-10-20,3,23,2489.48
2024-10-21,3,56,6178.12
2024-10-22,3,53,5980.35
2024-10-23,3,49,5439.12
2024-10-24,3,56,6351.77
2024-10-25,3,47,5204.67
2024-10-26,3,50,5471.07
2024-10-27,3,24,2594.72
2024-10-28,3,47,5302.83
2024-10-29,3,46,5203.86
2024-10-30,3,51,5779.01
2024-10-31,3,51,5472.33
2024-11-01,3,57,6476.59
2024-11-02,3,35,3876.51
2024-11-03,3,23,2526.24
2024-11-04,3,44,4944.54
2024-11-05,3,53,5772.86
2024-11-06,3,47,5251.57
2024-11-07,3,47,5126.22
2024-11-08,3,60,6460.66
2024-11-09,3,38,4147.3
2024-11-10,3,30,3331.22
2024-11-11,3,51,5766.96
2024-11-12,3,53,5730.21
2024-11-13,3,50,5463.12
2024-11-14,3,60,6766.32
2024-11-15,3,53,5955.41
2024-11-16,3,37,4158.39
2024-11-17,3,27,2921.77
2024-11-18,3,57,6195.97
2024-11-19,3,51,5789.64
2024-11-20,3,63,6882.25
2024-11-21,3,51,5803.65
2024-11-22,3,48,5182.59
2024-11-23,3,44,4967.15
2024-11-24,3,24,2625.98
2024-11-25,3,53,6045.99
2024-11-26,3,48,5430.85
2024-11-27,3,32,3581.26
2024-11-28,3,51,5498.77
2024-11-29,3,55,6024.98
2024-11-30,3,43,4891.6
2024-12-01,3,26,2848.65
2024-12-02,3,51,5583.47
2024-12-03,3,47,5125.06
2024-12-04,3,72,8018.41
2024-12-05,3,51,5616.96
2024-12-06,3,66,7419.79
2024-12-07,3,51,5498.85
2024-12-08,3,26,2895.53
2024-12-09,3,55,6066.69
2024-12-10,3,55,6128.79
2024-12-11,3,76,8306.99
2024-12-12,3,87,9684.61
2024-12-13,3,59,6747.83
2024-12-14,3,52,5793.48
2024-12-15,3,21,2290.12
2024-12-16,3,56,6188.73
2024-12-17,3,69,7607.95
2024-12-18,3,62,6785.55
2024-12-19,3,67,7231.74
2024-12-20,3,58,6418.12
2024-12-21,3,54,5867.04
2024-12-22,3,29,3269.57
2024-12-23,3,59,6409.35
2024-12-24,3,70,7860.36
2024-12-25,3,62,6837.51
2024-12-26,3,55,5970.82
2024-12-27,3,61,6676.82
2024-12-28,3,56,6184.13
2024-12-29,3,29,3236.52
2024-12-30,3,54,6060.3
2024-12-31,3,49,5417.0
2025-01-01,3,38,4237.92
2025-01-02,3,35,3835.33
2025-01-03,3,38,4326.65
2025-01-04,3,59,6681.22
2025-01-05,3,41,4469.23
2025-01-06,3,57,6284.87
2025-01-07,3,67,7361.81
2025-01-08,3,42,4807.61
2025-01-09,3,45,4975.92
2025-01-10,3,48,5504.03
2025-01-11,3,41,4600.03
2025-01-12,3,22,2492.59
2025-01-13,3,68,7745.36
2025-01-14,3,44,4846.85
2025-01-15,3,58,6477.59
2025-01-16,3,50,5549.25
2025-01-17,3,43,4688.47
2025-01-18,3,44,4802.88
2025-01-19,3,29,3308.89
2025-01-20,3,53,5868.8
2025-01-21,3,43,4720.53
2025-01-22,3,27,2981.07
2025-01-23,3,47,5207.94
2025-01-24,3,45,4946.38
2025-01-25,3,42,4698.92
2025-01-26,3,16,1773.76
2025-01-27,3,46,4999.42
2025-01-28,3,46,5273.79
2025-01-29,3,45,4881.76
2025-01-30,3,44,4989.15
2025-01-31,3,63,7111.36
2025-02-01,3,57,6320.82
2025-02-02,3,27,2973.4
2025-02-03,3,51,5651.18
2025-02-04,3,41,4648.97
2025-02-05,3,60,6635.63
2025-02-06,3,39,4254.52
2025-02-07,3,45,5048.61
2025-02-08,3,39,4478.7
2025-02-09,3,29,3280.59
2025-02-10,3,56,6413.71
2025-02-11,3,52,5858.23
2025-02-12,3,63,6975.86
2025-02-13,3,53,5855.34
2025-02-14,3,47,5231.27
2025-02-15,3,53,5870.75
2025-02-16,3,26,2896.79
2025-02-17,3,49,5486.37
2025-02-18,3,45,5092.67
2025-02-19,3,54,5938.06
2025-02-20,3,48,5335.59
2025-02-21,3,43,4819.63
2025-02-22,3,44,4970.86
2025-02-23,3,22,2513.93
2025-02-24,3,54,6030.33
2025-02-25,3,46,5249.86
2025-02-26,3,52,5695.58
2025-02-27,3,46,5216.79
2025-02-28,3,44,5053.04
2025-03-01,3,50,5758.18
2025-03-02,3,20,2219.0
2025-03-03,3,76,8349.52
2025-03-04,3,58,6402.01
2025-03-05,3,63,6972.53
2025-03-06,3,43,4757.93
2025-03-07,3,53,6009.99
2025-03-08,3,40,4455.46
2025-03-09,3,27,2997.99
2025-03-10,3,52,5841.33
2025-03-11,3,62,6801.63
2025-03-12,3,43,4737.65
2025-03-13,3,72,7982.89
2025-03-14,3,64,7370.73
2025-03-15,3,69,7840.52
2025-03-16,3,25,2745.71
2025-03-17,3,49,5546.88
2025-03-18,3,48,5342.23
2025-03-19,3,46,5193.2
2025-03-20,3,57,6251.5
2025-03-21,3,76,8370.6
2025-03-22,3,40,4449.59
2025-03-23,3,33,3618.66
2025-03-24,3,65,7244.88
2025-03-25,3,58,6635.85
2025-03-26,3,51,5589.98
2025-03-27,3,49,5370.28
2025-03-28,3,44,5056.27
2025-03-29,3,43,4928.92
2025-03-30,3,20,2313.68
2025-03-31,3,54,6012.37
2025-04-01,3,72,7898.82
2025-04-02,3,73,8369.99
2025-04-03,3,76,8688.05
2025-04-04,3,82,9320.31
2025-04-05,3,38,4227.28
2025-04-06,3,26,2923.11
2025-04-07,3,43,4733.44
2025-04-08,3,60,6768.44
2025-04-09,3,77,8416.79
2025-04-10,3,71,7924.47
2025-04-11,3,73,8238.11
2025-04-12,3,60,6923.62
2025-04-13,3,23,2626.76
2025-04-14,3,61,6741.37
2025-04-15,3,67,7324.52
2025-04-16,3,64,7362.61
2025-04-17,3,67,7501.32
2025-04-18,3,69,7559.06
2025-04-19,3,65,7266.36
2025-04-20,3,39,4330.96
2025-04-21,3,91,10009.91
2025-04-22,3,67,7676.22
2025-04-23,3,81,8968.26
2025-04-24,3,72,8133.83
2025-04-25,3,63,7035.69
2025-04-26,3,64,7091.97
2025-04-27,3,33,3696.36
2025-04-28,3,62,7078.59
2025-04-29,3,76,8416.34
2025-04-30,3,83,9609.78
2025-05-01,3,137,15886.77
2025-05-02,3,25,2806.75
2025-05-06,3,68,7791.71
2025-05-07,3,57,6287.15
2025-05-08,3,82,9060.82
2025-05-09,3,66,7665.75
2025-05-10,3,59,6516.6
2025-05-11,3,33,3745.27
2025-05-12,3,79,8892.33
2025-05-13,3,71,8235.64
2025-05-14,3,68,7530.52
2025-05-15,3,61,6722.17
2025-05-16,3,58,6543.51
2025-05-17,3,66,7366.52
2025-05-18,3,32,3551.37
2025-05-19,3,42,4754.67
2025-05-20,3,75,8409.68
2025-05-21,3,71,7985.62
2025-05-22,3,80,9288.64
2025-05-23,3,70,7917.78
2025-05-24,3,59,6490.13
2025-05-25,3,35,4017.18
2025-05-26,3,78,8635.78
2025-05-27,3,62,6984.12
2025-05-28,3,70,7828.84
2025-05-29,3,63,7068.51
2025-05-30,3,89,10086.62
2025-05-31,3,45,5209.3
2025-06-01,3,34,3863.73
2025-06-02,3,72,8342.2
2025-06-03,3,83,9196.67
2025-06-04,3,84,9414.06
2025-06-05,3,55,6305.89
2025-06-06,3,32,3695.93
2025-06-07,3,45,5140.27
2025-06-08,3,33,3656.0
2025-06-09,3,74,8463.25
2025-06-10,3,62,7106.12
2025-06-11,3,73,8500.0
2025-06-12,3,57,6309.62
2025-06-13,3,53,6142.69
2025-06-14,3,71,7896.3
2025-06-15,3,36,3981.67
2025-06-16,3,59,6769.21
2025-06-17,3,81,9408.95
2025-06-18,3,63,6964.73
2025-06-19,3,77,8739.74
2025-06-20,3,70,8083.96
2025-06-21,3,60,6986.35
2025-06-22,3,39,4541.52
2025-06-23,3,53,5891.41
2025-06-24,3,45,5058.98
2025-06-25,3,55,6335.67
2025-06-26,3,74,8372.01
2025-06-27,3,56,6244.94
2025-06-28,3,68,7786.39
2025-06-29,3,32,3562.56
2025-06-30,3,67,7746.36
2025-07-01,3,76,8805.75
2025-07-02,3,56,6289.4
2025-07-03,3,71,8218.83
2025-07-04,3,55,6315.22
2025-07-05,3,52,6023.37
2025-07-06,3,21,2365.14
2025-07-07,3,63,7196.89
2025-07-08,3,60,6931.6
2025-07-09,3,66,7379.96
2025-07-10,3,43,5008.15
2025-07-11,3,59,6735.57
2025-07-12,3,57,6536.6
2025-07-13,3,40,4621.86
2025-07-14,3,56,6439.62
2025-07-15,3,61,7081.74
2025-07-16,3,71,8152.15
2025-07-17,3,69,7862.66
2025-07-18,3,55,6407.04
2025-07-19,3,56,6306.15
2025-07-20,3,33,3671.78
2025-07-21,3,73,8319.38
2025-07-22,3,69,7910.59
2025-07-23,3,41,4696.48
2025-07-24,3,52,6079.85
2025-07-25,3,63,7250.75
2025-07-26,3,47,5249.19
2025-07-27,3,33,3691.73
2025-07-28,3,37,4094.35
2025-07-29,3,66,7423.81
2025-07-30,3,61,6932.31
2025-07-31,3,54,6202.87
2025-08-01,3,58,6437.72
2025-08-02,3,44,4884.73
2025-08-03,3,21,2426.81
2025-08-04,3,66,7326.48
2025-08-05,3,55,6437.17
2025-08-06,3,68,7755.07
2025-08-07,3,51,5900.85
2025-08-08,3,64,7259.64
2025-08-09,3,69,7701.15
2025-08-10,3,30,3387.96
2025-08-11,3,88,9789.71
2025-08-12,3,46,5170.19
2025-08-13,3,61,6998.59
2025-08-14,3,47,5245.04
2025-08-15,3,50,5767.97
2025-08-16,3,50,5535.94
2025-08-17,3,24,2673.67
2025-08-18,3,76,8561.29
2025-08-19,3,66,7412.41
2025-08-20,3,67,7429.53
2025-08-21,3,55,6351.29
2025-08-22,3,51,5718.62
2025-08-23,3,34,3807.03
2025-08-24,3,20,2217.5
2025-08-25,3,72,8003.41
2025-08-26,3,48,5398.9
2025-08-27,3,64,7188.53
2025-08-28,3,67,7589.94
2025-08-29,3,57,6352.94
2025-08-30,3,30,3386.05
2025-08-31,3,28,3171.8
2025-09-01,3,49,5452.77
2025-09-02,3,36,4189.85
2025-09-03,3,47,5292.96
2025-09-04,3,53,6161.16
2025-09-05,3,71,8021.99
2025-09-06,3,47,5526.28
2025-09-07,3,24,2706.11
2025-09-08,3,56,6561.82
2025-09-09,3,44,4960.84
2025-09-10,3,47,5291.65
2025-09-11,3,47,5240.66
2025-09-12,3,54,6334.21
2025-09-13,3,59,6766.96
2025-09-14,3,28,3168.06
2025-09-15,3,68,7896.22
2025-09-16,3,58,6614.98
2025-09-17,3,60,6897.42
2025-09-18,3,46,5121.88
2025-09-19,3,53,6079.05
2025-09-20,3,48,5537.85
2025-09-21,3,32,3647.23
2025-09-22,3,75,8766.42
2025-09-23,3,46,5409.58
2025-09-24,3,53,5922.14
2025-09-25,3,54,6183.14
2025-09-26,3,49,5719.69
2025-09-27,3,43,4827.63
2025-09-28,3,24,2731.98
2025-09-29,3,47,5535.26
2025-09-30,3,54,6306.81
2025-10-01,3,57,6566.68
2025-10-02,3,49,5615.63
2025-10-03,3,51,5872.84
2025-10-04,3,52,6087.88
2025-10-05,3,24,2782.95
2025-10-06,3,48,5545.86
2025-10-07,3,74,8413.39
2025-10-08,3,58,6673.78
2025-10-09,3,65,7461.03
2025-10-10,3,52,5878.98
2025-10-11,3,50,5727.64
2025-10-12,3,32,3718.12
2025-10-13,3,65,7380.18
2025-10-14,3,67,7708.59
2025-10-15,3,61,6969.46
2025-10-16,3,51,5760.85
2025-10-17,3,72,8318.74
2025-10-18,3,47,5239.84
2025-10-19,3,21,2454.82
2025-10-20,3,74,8386.89
2025-10-21,3,67,7797.22
2025-10-22,3,64,7274.27
2025-10-23,3,63,7384.29
2025-10-24,3,75,8745.52
2025-10-25,3,57,6595.45
2025-10-26,3,28,3220.09
2025-10-27,3,55,6493.69
2025-10-28,3,40,4717.62
2025-10-29,3,64,7529.66
2025-10-30,3,54,6184.66
2025-10-31,3,59,6959.58
2025-11-01,3,48,5532.95
2025-11-02,3,36,4124.45
2025-11-03,3,52,5832.26
2025-11-04,3,47,5352.75
2025-11-05,3,48,5537.37
2025-11-06,3,47,5505.49
2025-11-07,3,56,6370.41
2025-11-08,3,60,6811.27
2025-11-09,3,30,3546.98
2025-11-10,3,50,5882.47
2025-11-11,3,56,6255.98
2025-11-12,3,56,6585.9
2025-11-13,3,54,6196.95
2025-11-14,3,45,5020.71
2025-11-15,3,57,6483.6
2025-11-16,3,29,3417.63
2025-11-17,3,57,6469.57
2025-11-18,3,80,9280.33
2025-11-19,3,67,7761.75
2025-11-20,3,43,4818.51
2025-11-21,3,50,5919.26
2025-11-22,3,39,4611.81
2025-11-23,3,26,2906.82
2025-11-24,3,62,7175.03
2025-11-25,3,73,8466.74
2025-11-26,3,66,7528.49
2025-11-27,3,55,6268.2
2025-11-28,3,74,8542.1
2025-11-29,3,55,6278.06
2025-11-30,3,30,3483.78
2025-12-01,3,76,8795.17
2025-12-02,3,55,6419.7
2025-12-03,3,58,6584.67
2025-12-04,3,90,10077.35
2025-12-05,3,73,8305.96
2025-12-06,3,76,8986.93
2025-12-07,3,28,3193.67
2025-12-08,3,74,8674.89
2025-12-09,3,52,5974.59
2025-12-10,3,57,6682.78
2025-12-11,3,63,7417.58
2025-12-12,3,83,9519.97
2025-12-13,3,69,7871.14
2025-12-14,3,27,3044.73
2025-12-15,3,73,8578.29
2025-12-16,3,51,5751.59
2025-12-17,3,59,6667.7
2025-12-18,3,75,8831.71
2025-12-19,3,72,8255.19
2025-12-20,3,67,7819.16
2025-12-21,3,29,3256.21
2025-12-22,3,63,7111.01
2025-12-23,3,61,6866.91
2025-12-24,3,92,10706.1
2025-12-25,3,67,7855.46
2025-12-26,3,65,7540.04
2025-12-27,3,58,6535.26
2025-12-28,3,38,4460.93
2025-12-29,3,87,9787.13
2025-12-30,3,50,5868.91
2025-12-31,3,56,6642.13
2026-01-01,3,49,5601.95
2026-01-02,3,45,5064.19
2026-01-03,3,41,4760.96
2026-01-04,3,25,2841.54
2026-01-05,3,66,7668.6
2026-01-06,3,63,7436.51
2026-01-07,3,58,6598.68
2026-01-08,3,62,7284.7
2026-01-09,3,53,6182.3
2026-01-10,3,48,5422.54
2026-01-11,3,26,2918.5
2026-01-12,3,75,8748.02
2026-01-13,3,51,5871.78
2026-01-14,3,45,5107.18
2026-01-15,3,44,5042.5
2026-01-16,3,61,7233.58
2026-01-17,3,42,4960.38
2026-01-18,3,37,4297.52
2026-01-19,3,61,7037.17
2026-01-20,3,57,6723.28
2026-01-21,3,46,5420.76
2026-01-22,3,61,7123.62
2026-01-23,3,58,6765.84
2026-01-24,3,52,6091.94
2026-01-25,3,58,6765.14
2026-01-26,3,41,4764.98
2026-01-27,3,71,8231.63
2026-01-28,3,50,5715.51
2026-01-29,3,62,7328.94
2026-01-30,3,46,5197.76
2026-01-31,3,49,5734.51
2026-02-01,3,24,2824.78
2026-02-02,3,48,5446.9
2026-02-03,3,59,6662.3
2026-02-04,3,58,6557.83
2026-02-05,3,58,6773.9
2026-02-06,3,53,5988.13
2026-02-07,3,45,5146.49
2026-02-08,3,27,3071.07
2026-02-09,3,73,8424.44
2026-02-10,3,37,4391.8
2026-02-11,3,47,5372.65
2026-02-12,3,49,5693.86
2026-02-13,3,50,5834.03
2026-02-14,3,41,4769.2
2026-02-15,3,26,3057.82
2026-02-16,3,67,7547.99
2026-02-17,3,62,6985.48
2026-02-18,3,59,6787.89
2026-02-19,3,47,5474.25
2026-02-20,3,56,6419.98
2026-02-21,3,42,4889.01
2026-02-22,3,26,3072.84
2026-02-23,3,48,5538.68
2026-02-24,3,59,7040.47
2026-02-25,3,55,6512.4
2026-02-26,3,67,7560.49
2026-02-27,3,85,9605.73
2026-02-28,3,55,6278.14
2026-03-01,3,25,2970.36
2026-03-02,3,75,8475.05
2026-03-03,3,68,7742.99
2026-03-04,3,97,10991.36
2026-03-05,3,59,6992.17
2026-03-06,3,78,9154.32
2026-03-07,3,66,7681.87
2026-03-08,3,40,4669.18
2026-03-09,3,71,8345.74
2026-03-10,3,66,7880.8
2026-03-11,3,51,5887.13
2026-03-12,3,82,9267.14
2026-03-13,3,77,9212.21
2026-03-14,3,68,7879.06
2026-03-15,3,32,3723.63
2026-03-16,3,60,6937.13
2026-03-17,3,76,8810.31
2026-03-18,3,67,7616.58
2026-03-19,3,4,477.14
2026-03-21,3,58,6590.2
2026-03-22,3,36,4246.04
2026-03-23,3,46,5336.88
2026-03-24,3,67,7913.23
2026-03-25,3,75,8600.1
2026-03-26,3,57,6563.18
2026-03-27,3,73,8529.18
2026-03-28,3,75,8741.75
2026-03-29,3,35,4201.48
2026-03-30,3,76,8694.19
2026-03-31,3,61,7152.34
2026-04-01,3,68,8035.46
2026-04-02,3,88,10356.62
2026-04-03,3,87,10422.36
2026-04-04,3,50,5677.5
2026-04-05,3,51,5823.62
2026-04-06,3,66,7781.77
2026-04-07,3,98,11371.11
2026-04-08,3,55,6403.42
2026-04-09,3,75,8692.1
2026-04-10,3,77,9073.86
2026-04-11,3,56,6564.74
2026-04-12,3,48,5585.82
2026-04-13,3,112,12770.15
2026-04-14,3,78,8882.82
2026-04-15,3,74,8424.67
2026-04-16,3,78,9045.74
2026-04-17,3,79,9404.67
2026-04-18,3,70,8055.23
2026-04-19,3,35,4121.89
2026-04-20,3,73,8778.15
2026-04-21,3,36,4139.76
2026-04-22,3,66,7937.74
2026-04-23,3,62,7392.42
2026-04-24,3,53,6305.75
2026-04-25,3,84,9980.14
2026-04-26,3,37,4303.61
2026-04-27,3,75,8948.59
2026-04-28,3,89,10407.71
2026-04-29,3,55,6273.21
2026-04-30,3,93,11081.02
2026-05-01,3,97,11183.3
2026-05-02,3,113,12907.16
2026-05-03,3,46,5300.04
2026-05-04,3,79,9403.84
2026-05-05,3,76,9126.53
2026-05-06,3,61,7219.14
2026-05-07,3,89,10261.5
2026-05-08,3,63,7328.09
2026-05-09,3,67,7974.22
2026-05-10,3,35,3978.39
2026-05-11,3,99,11500.44
2026-05-12,3,75,8756.81
2026-05-13,3,97,11197.15
2026-05-14,3,94,11109.83
2026-05-15,3,76,8844.91
2026-05-16,3,74,8449.91
2026-05-17,3,37,4378.05
2026-05-18,3,73,8416.28
2026-05-19,3,76,9009.8
2026-05-20,3,71,8081.12
2026-05-21,3,67,7941.82
2026-05-22,3,95,10877.39
2026-05-23,3,70,8022.65
2026-05-24,3,38,4371.44
2026-05-25,3,89,10603.43
2026-05-26,3,95,10971.41
2026-05-27,3,65,7564.17
2026-05-28,3,74,8893.27
2026-05-29,3,50,5999.57
2026-05-30,3,64,7529.51
2026-05-31,3,48,5570.03
2026-06-01,3,82,9670.07
2026-06-02,3,69,8286.67
2026-06-03,3,66,7681.04
2026-06-04,3,83,9852.96
2026-06-05,3,83,9482.43
2026-06-06,3,74,8611.24
2026-06-07,3,22,2575.81
2026-06-08,3,79,9030.36
2026-06-09,3,112,13071.7
2026-06-10,3,69,8238.01
2026-06-11,3,87,10206.99
2026-06-12,3,70,8433.43
2026-06-13,3,58,6696.18
2026-06-14,3,28,3325.53
2026-06-15,3,93,10962.93
2026-06-16,3,70,8001.28
2026-06-17,3,83,9781.42
2026-06-18,3,85,9738.2
2026-06-19,3,58,6672.29
2026-06-20,3,67,7975.07
2026-06-21,3,36,4107.42
2026-06-22,3,63,7253.88
2026-06-23,3,86,10001.86
2026-06-24,3,82,9695.35
2026-06-25,3,70,8435.52
2026-06-26,3,82,9499.09
2026-06-27,3,62,7446.56
2026-06-28,3,48,5612.23
2026-06-29,3,88,10099.76
2026-06-30,3,77,9298.41
2026-07-01,3,89,10193.91
2026-07-02,3,81,9519.2
2026-07-03,3,79,9413.3
2026-07-04,3,54,6381.81
2026-07-05,3,39,4584.41
2026-07-06,3,63,7201.79
2026-07-07,3,57,6774.84
2026-07-08,3,59,6876.7
2026-07-09,3,76,8869.7
2026-07-10,3,91,10551.64
2026-07-11,3,69,8149.98
2026-07-12,3,33,3832.09
2026-07-13,3,66,7738.53
2026-07-14,3,74,8720.05
2026-07-15,3,57,6548.93
2026-07-16,3,67,7888.66
2026-07-17,3,77,9187.03
2026-07-18,3,72,8305.64
2026-07-19,3,37,4468.24
2026-07-20,3,71,8417.51
2026-07-21,3,58,6669.48
2026-07-22,3,61,7193.19
2026-07-23,3,72,8539.93
2026-07-24,3,79,9207.56
2026-07-25,3,62,7367.88
2026-07-26,3,37,4331.85
2026-07-27,3,59,6907.51
2026-07-28,3,82,9669.47
2026-07-29,3,62,7444.38
2026-07-30,3,90,10535.06
2026-07-31,3,65,7705.1
2026-08-01,3,63,7249.44
2026-08-02,3,29,3378.92
2026-08-03,3,60,6951.76
2026-08-04,3,66,7881.4
2026-08-05,3,64,7630.15
2026-08-06,3,72,8283.83
2026-08-07,3,72,8662.09
2026-08-08,3,49,5841.48
2026-08-09,3,45,5277.16
2026-08-10,3,88,10306.63
2026-08-11,3,65,7760.46
2026-08-12,3,83,9748.84
2026-08-13,3,57,6704.3
2026-08-14,3,67,7947.22
2026-08-15,3,50,5798.74
2026-08-16,3,20,2390.71
2026-08-17,3,72,8726.14
2026-08-18,3,50,5776.26
2026-08-19,3,66,7861.79
2026-08-20,3,108,12488.28
2026-08-21,3,56,6682.8
2026-08-22,3,40,4807.95
2026-08-23,3,24,2778.2
2026-08-24,3,83,9993.41
2026-08-25,3,79,9396.25
2026-08-26,3,89,10758.24
2026-08-27,3,68,8189.79
2026-08-28,3,53,6290.99
2026-08-29,3,35,4249.52
2026-08-30,3,37,4335.98
2026-08-31,3,72,8331.21
2026-09-01,3,83,9788.88
2026-09-02,3,59,7130.1
2026-09-03,3,64,7575.24
2026-09-04,3,63,7643.01
2026-09-05,3,35,4214.89
2026-09-06,3,20,2339.58
2026-09-07,3,61,7053.2
2026-09-08,3,52,6015.62
2026-09-09,3,46,5520.97
2026-09-10,3,63,7245.39
2026-09-11,3,69,8078.01
2026-09-12,3,60,7014.78
2026-09-13,3,34,4125.71
2026-09-14,3,61,7203.3
2026-09-15,3,63,7552.6
2026-09-16,3,77,9341.42
2026-09-17,3,57,6557.05
2026-09-18,3,64,7607.26
2026-09-19,3,44,5372.59
2026-09-20,3,34,3914.64
2026-09-21,3,72,8284.82
2026-09-22,3,57,6661.1
2026-09-23,3,86,9990.77
2026-09-24,3,73,8750.0
2026-09-25,3,66,7660.72
2026-09-26,3,32,3733.44
2026-09-27,3,31,3663.76
2026-09-28,3,44,5324.19
2026-09-29,3,59,6846.63
2026-09-30,3,62,7210.06
2023-10-01,4,16,3578.19
2023-10-02,4,25,5596.94
2023-10-03,4,41,8863.48
2023-10-04,4,34,7459.81
2023-10-05,4,50,10913.67
2023-10-06,4,48,10331.78
2023-10-07,4,35,7694.17
2023-10-08,4,18,3965.29
2023-10-09,4,34,7328.94
2023-10-10,4,34,7307.76
2023-10-11,4,35,7765.32
2023-10-12,4,73,15890.7
2023-10-13,4,33,7067.7
2023-10-14,4,27,5867.21
2023-10-15,4,15,3382.44
2023-10-16,4,47,10093.43
2023-10-17,4,24,5329.05
2023-10-18,4,38,8573.67
2023-10-19,4,35,7668.6
2023-10-20,4,33,7170.74
2023-10-21,4,41,9002.26
2023-10-22,4,20,4350.44
2023-10-23,4,30,6444.04
2023-10-24,4,35,7821.72
2023-10-25,4,30,6455.83
2023-10-26,4,39,8331.76
2023-10-27,4,49,10866.22
2023-10-28,4,57,12729.65
2023-10-29,4,13,2835.01
2023-10-30,4,46,10186.84
2023-10-31,4,30,6575.31
2023-11-01,4,44,9627.57
2023-11-02,4,45,9713.18
2023-11-03,4,47,10350.1
2023-11-04,4,50,10847.47
2023-11-05,4,26,5883.09
2023-11-06,4,41,9126.11
2023-11-07,4,41,8980.32
2023-11-08,4,104,23182.97
2023-11-09,4,32,7161.17
2023-11-10,4,50,10990.29
2023-11-11,4,49,11046.03
2023-11-12,4,16,3593.87
2023-11-13,4,47,10521.81
2023-11-14,4,43,9440.43
2023-11-15,4,46,10261.18
2023-11-16,4,44,9770.95
2023-11-17,4,33,7366.79
2023-11-18,4,36,7916.83
2023-11-19,4,16,3576.82
2023-11-20,4,45,9928.57
2023-11-21,4,38,8410.96
2023-11-22,4,47,10313.36
2023-11-23,4,28,6021.14
2023-11-24,4,32,7261.83
2023-11-25,4,38,8340.23
2023-11-26,4,22,4925.42
2023-11-27,4,48,10671.55
2023-11-28,4,51,11098.34
2023-11-29,4,31,6682.73
2023-11-30,4,45,9918.61
2023-12-01,4,50,11073.97
2023-12-02,4,43,9504.19
2023-12-03,4,22,4944.62
2023-12-04,4,44,9798.14
2023-12-05,4,49,11082.09
2023-12-06,4,48,10464.01
2023-12-07,4,54,11965.75
2023-12-08,4,44,9570.23
2023-12-09,4,33,7392.9
2023-12-10,4,33,7124.21
2023-12-11,4,41,9212.32
2023-12-12,4,41,8928.1
2023-12-13,4,31,6725.87
2023-12-14,4,40,8849.67
2023-12-15,4,45,9952.2
2023-12-16,4,43,9298.82
2023-12-17,4,26,5754.11
2023-12-18,4,58,12800.87
2023-12-19,4,49,10616.43
2023-12-20,4,47,10414.19
2023-12-21,4,57,12513.7
2023-12-22,4,38,8226.2
2023-12-23,4,35,7848.47
2023-12-24,4,23,5232.26
2023-12-25,4,50,11347.02
2023-12-26,4,46,10267.11
2023-12-27,4,54,11728.71
2023-12-28,4,39,8439.66
2023-12-29,4,37,8157.75
2023-12-30,4,54,12176.11
2023-12-31,4,28,6062.99
2024-01-01,4,31,7067.47
2024-01-02,4,36,7867.9
2024-01-03,4,37,8009.66
2024-01-04,4,50,11410.55
2024-01-05,4,26,5624.25
2024-01-06,4,46,10205.94
2024-01-07,4,12,2668.27
2024-01-08,4,36,7797.03
2024-01-09,4,31,6812.17
2024-01-10,4,32,7038.35
2024-01-11,4,37,8313.81
2024-01-12,4,41,9173.39
2024-01-13,4,44,9549.51
2024-01-14,4,18,4079.3
2024-01-15,4,37,8373.98
2024-01-16,4,34,7700.27
2024-01-17,4,46,9923.86
2024-01-18,4,37,8060.44
2024-01-19,4,42,9176.76
2024-01-20,4,24,5371.07
2024-01-21,4,25,5675.82
2024-01-22,4,44,9849.87
2024-01-23,4,35,7552.37
2024-01-24,4,40,8991.28
2024-01-25,4,38,8205.95
2024-01-26,4,38,8515.51
2024-01-27,4,25,5483.92
2024-01-28,4,25,5458.22
2024-01-29,4,42,9464.82
2024-01-30,4,31,6737.75
2024-01-31,4,38,8343.55
2024-02-01,4,39,8807.35
2024-02-02,4,45,10037.25
2024-02-03,4,39,8765.87
2024-02-04,4,25,5707.63
2024-02-05,4,39,8558.14
2024-02-06,4,29,6299.82
2024-02-07,4,52,11312.54
2024-02-08,4,39,8552.54
2024-02-09,4,35,7928.1
2024-02-10,4,35,7869.89
2024-02-11,4,15,3298.22
2024-02-12,4,53,12025.76
2024-02-13,4,42,9462.11
2024-02-14,4,45,9726.96
2024-02-15,4,45,9728.63
2024-02-16,4,39,8852.28
2024-02-17,4,37,8081.49
2024-02-18,4,15,3326.7
2024-02-19,4,36,8222.36
2024-02-20,4,28,6424.27
2024-02-21,4,40,8945.08
2024-02-22,4,25,5683.54
2024-02-23,4,63,13824.75
2024-02-24,4,28,6197.39
2024-02-25,4,21,4810.17
2024-02-26,4,40,8890.69
2024-02-27,4,46,10174.03
2024-02-28,4,34,7623.64
2024-02-29,4,40,9061.21
2024-03-01,4,30,6694.13
2024-03-02,4,42,9233.18
2024-03-03,4,12,2749.25
2024-03-04,4,46,10477.64
2024-03-05,4,46,10529.22
2024-03-06,4,47,10706.2
2024-03-07,4,35,7726.12
2024-03-08,4,35,7697.96
2024-03-09,4,78,17764.09
2024-03-10,4,10,2298.82
2024-03-11,4,55,12218.86
2024-03-12,4,51,11272.03
2024-03-13,4,38,8331.68
2024-03-14,4,30,6816.31
2024-03-15,4,69,15604.73
2024-03-16,4,40,9147.08
2024-03-17,4,35,7815.68
2024-03-18,4,53,12002.77
2024-03-19,4,41,9253.55
2024-03-20,4,41,8949.14
2024-03-21,4,42,9245.5
2024-03-22,4,41,9321.8
2024-03-23,4,41,9427.62
2024-03-24,4,32,7155.77
2024-03-25,4,38,8686.78
2024-03-26,4,33,7179.06
2024-03-27,4,47,10573.13
2024-03-28,4,33,7448.21
2024-03-29,4,44,9699.31
2024-03-30,4,34,7498.04
2024-03-31,4,19,4376.49
2024-04-01,4,51,11104.8
2024-04-02,4,35,7753.55
2024-04-03,4,45,10225.8
2024-04-04,4,53,11638.19
2024-04-05,4,62,13730.16
2024-04-06,4,56,12765.75
2024-04-07,4,26,5969.82
2024-04-08,4,52,11687.98
2024-04-09,4,51,11707.63
2024-04-10,4,42,9258.63
2024-04-11,4,51,11482.73
2024-04-12,4,55,12032.31
2024-04-13,4,46,10473.39
2024-04-14,4,24,5450.46
2024-04-15,4,63,14476.93
2024-04-16,4,49,11219.17
2024-04-17,4,64,14694.52
2024-04-18,4,56,12854.74
2024-04-19,4,47,10640.54
2024-04-20,4,37,8265.94
2024-04-21,4,30,6736.69
2024-04-22,4,42,9681.41
2024-04-23,4,67,14715.29
2024-04-24,4,58,12948.11
2024-04-25,4,56,12591.41
2024-04-26,4,73,16064.67
2024-04-27,4,28,6209.57
2024-04-28,4,32,6969.8
2024-04-29,4,52,11982.07
2024-04-30,4,39,8529.8
2024-05-01,4,66,15235.46
2024-05-02,4,67,15396.61
2024-05-03,4,59,13197.98
2024-05-04,4,40,8865.97
2024-05-05,4,18,4133.31
2024-05-06,4,65,14456.61
2024-05-07,4,61,13311.02
2024-05-08,4,49,11005.5
2024-05-09,4,44,10104.89
2024-05-10,4,45,10276.66
2024-05-11,4,37,8447.49
2024-05-12,4,28,6205.96
2024-05-13,4,58,12750.77
2024-05-14,4,43,9617.22
2024-05-15,4,46,10185.82
2024-05-16,4,46,10459.64
2024-05-17,4,53,12022.99
2024-05-18,4,34,7597.79
2024-05-19,4,13,2937.21
2024-05-20,4,52,11770.81
2024-05-21,4,56,12792.93
2024-05-22,4,57,12789.78
2024-05-23,4,60,13653.88
2024-05-24,4,44,9850.67
2024-05-25,4,53,12220.3
2024-05-26,4,29,6516.77
2024-05-27,4,73,16839.78
2024-05-28,4,54,12404.59
2024-05-29,4,70,15849.89
2024-05-30,4,57,12946.87
2024-05-31,4,44,9929.23
2024-06-01,4,45,10092.15
2024-06-02,4,41,9381.86
2024-06-03,4,54,11863.89
2024-06-04,4,54,12236.08
2024-06-05,4,58,13132.35
2024-06-06,4,56,12805.93
2024-06-07,4,57,12517.37
2024-06-08,4,41,9008.86
2024-06-09,4,41,9163.24
2024-06-10,4,58,12986.08
2024-06-11,4,46,10318.61
2024-06-12,4,60,13418.57
2024-06-13,4,105,23680.04
2024-06-14,4,62,13578.32
2024-06-15,4,48,11149.99
2024-06-16,4,18,3973.47
2024-06-17,4,44,9687.58
2024-06-18,4,42,9688.59
2024-06-19,4,44,9881.72
2024-06-20,4,55,12729.24
2024-06-21,4,47,10466.72
2024-06-22,4,53,12054.28
2024-06-23,4,25,5567.02
2024-06-24,4,52,11979.53
2024-06-25,4,64,14806.0
2024-06-26,4,44,10187.69
2024-06-27,4,50,11061.96
2024-06-28,4,52,11706.94
2024-06-29,4,52,11703.44
2024-06-30,4,29,6707.58
2024-07-01,4,46,10628.31
2024-07-02,4,33,7628.42
2024-07-03,4,44,9739.21
2024-07-04,4,45,10204.82
2024-07-05,4,36,8013.99
2024-07-06,4,46,10226.68
2024-07-07,4,15,3386.33
2024-07-08,4,37,8145.64
2024-07-09,4,34,7519.17
2024-07-10,4,43,9891.64
2024-07-11,4,47,10478.76
2024-07-12,4,43,9923.29
2024-07-13,4,30,6644.55
2024-07-14,4,24,5501.19
2024-07-15,4,50,11230.4
2024-07-16,4,45,10097.92
2024-07-17,4,36,8393.13
2024-07-18,4,44,9868.23
2024-07-19,4,38,8564.88
2024-07-20,4,43,9982.66
2024-07-21,4,31,6936.84
2024-07-22,4,47,10937.79
2024-07-23,4,38,8564.64
2024-07-24,4,50,11178.79
2024-07-25,4,42,9299.91
2024-07-26,4,45,10174.54
2024-07-27,4,30,6726.09
2024-07-28,4,28,6333.32
2024-07-29,4,39,9032.58
2024-07-30,4,45,10504.04
2024-07-31,4,32,7223.63
2024-08-01,4,27,6061.21
2024-08-02,4,45,10471.85
2024-08-03,4,38,8361.71
2024-08-04,4,20,4508.72
2024-08-05,4,48,10837.59
2024-08-06,4,56,12807.34
2024-08-07,4,54,12531.05
2024-08-08,4,24,5476.43
2024-08-09,4,48,11028.08
2024-08-10,4,30,6959.97
2024-08-11,4,24,5316.21
2024-08-12,4,28,6510.1
2024-08-13,4,42,9815.22
2024-08-14,4,30,6802.74
2024-08-15,4,41,9135.45
2024-08-16,4,43,9935.65
2024-08-17,4,29,6576.92
2024-08-18,4,15,3315.96
2024-08-19,4,46,10737.71
2024-08-20,4,33,7403.73
2024-08-21,4,39,9017.45
2024-08-22,4,37,8320.56
2024-08-23,4,36,8002.74
2024-08-24,4,30,6781.77
2024-08-25,4,19,4292.87
2024-08-26,4,48,10952.46
2024-08-27,4,34,7635.25
2024-08-28,4,40,9173.06
2024-08-29,4,51,11750.91
2024-08-30,4,41,9241.59
2024-08-31,4,39,8903.76
2024-09-01,4,20,4676.54
2024-09-02,4,35,7864.81
2024-09-03,4,33,7709.73
2024-09-04,4,41,9197.53
2024-09-05,4,37,8418.81
2024-09-06,4,32,7423.2
2024-09-07,4,40,8930.34
2024-09-08,4,14,3144.38
2024-09-09,4,50,11387.62
2024-09-10,4,36,8013.34
2024-09-11,4,58,13453.38
2024-09-12,4,43,9621.67
2024-09-13,4,34,7733.38
2024-09-14,4,40,9012.52
2024-09-15,4,15,3448.33
2024-09-16,4,44,10116.39
2024-09-17,4,44,9900.84
2024-09-18,4,37,8303.64
2024-09-19,4,38,8429.87
2024-09-20,4,39,8891.69
2024-09-21,4,28,6369.09
2024-09-22,4,19,4443.63
2024-09-23,4,38,8670.02
2024-09-24,4,40,9035.32
2024-09-25,4,39,8758.15
2024-09-26,4,43,9737.51
2024-09-27,4,48,10908.16
2024-09-28,4,29,6525.37
2024-09-29,4,28,6527.95
2024-09-30,4,36,8082.07
2024-10-01,4,34,7805.73
2024-10-02,4,37,8689.19
2024-10-03,4,42,9723.04
2024-10-04,4,53,12190.07
2024-10-05,4,23,5101.77
2024-10-06,4,16,3749.51
2024-10-07,4,31,6874.35
2024-10-08,4,47,10739.29
2024-10-09,4,41,9622.91
2024-10-10,4,55,12877.77
2024-10-11,4,39,8818.84
2024-10-12,4,16,3703.35
2024-10-13,4,21,4858.84
2024-10-14,4,38,8511.61
2024-10-15,4,45,10565.24
2024-10-16,4,45,10169.11
2024-10-17,4,31,6988.45
2024-10-18,4,52,11604.86
2024-10-19,4,45,10485.72
2024-10-20,4,16,3649.65
2024-10-21,4,39,9177.31
2024-10-22,4,37,8633.99
2024-10-23,4,33,7493.71
2024-10-24,4,34,7898.86
2024-10-25,4,41,9151.5
2024-10-26,4,31,7224.87
2024-10-27,4,21,4891.46
2024-10-28,4,41,9287.61
2024-10-29,4,30,6818.04
2024-10-30,4,41,9364.34
2024-10-31,4,34,7604.08
2024-11-01,4,38,8629.69
2024-11-02,4,34,7822.7
2024-11-03,4,17,3936.65
2024-11-04,4,49,11264.47
2024-11-05,4,42,9444.95
2024-11-06,4,31,7299.72
2024-11-07,4,48,10966.46
2024-11-08,4,47,11078.98
2024-11-09,4,43,10055.83
2024-11-10,4,12,2800.72
2024-11-11,4,46,10756.0
2024-11-12,4,42,9507.95
2024-11-13,4,40,8949.86
2024-11-14,4,44,10064.09
2024-11-15,4,34,7638.02
2024-11-16,4,54,12485.57
2024-11-17,4,21,4867.14
2024-11-18,4,40,8978.35
2024-11-19,4,44,10236.18
2024-11-20,4,31,6959.87
2024-11-21,4,34,7757.93
2024-11-22,4,37,8257.43
2024-11-23,4,29,6499.6
2024-11-24,4,21,4714.75
2024-11-25,4,43,9719.47
2024-11-26,4,47,11103.09
2024-11-27,4,47,10883.78
2024-11-28,4,26,6035.08
2024-11-29,4,62,14021.42
2024-11-30,4,49,11477.2
2024-12-01,4,23,5232.3
2024-12-02,4,43,10159.43
2024-12-03,4,66,15042.15
2024-12-04,4,48,10763.75
2024-12-05,4,47,11109.4
2024-12-06,4,41,9653.97
2024-12-07,4,45,10213.63
2024-12-08,4,21,4700.0
2024-12-09,4,41,9451.17
2024-12-10,4,29,6807.52
2024-12-11,4,64,14990.88
2024-12-12,4,66,14967.14
2024-12-13,4,44,10053.06
2024-12-14,4,45,10138.26
2024-12-15,4,22,5184.29
2024-12-16,4,40,8962.55
2024-12-17,4,34,7947.53
2024-12-18,4,41,9397.68
2024-12-19,4,48,10850.64
2024-12-20,4,58,13063.84
2024-12-21,4,35,8247.32
2024-12-22,4,17,3815.81
2024-12-23,4,92,21207.01
2024-12-24,4,47,10773.44
2024-12-25,4,57,12868.45
2024-12-26,4,53,12125.91
2024-12-27,4,115,26307.3
2024-12-28,4,31,7202.6
2024-12-29,4,33,7766.5
2024-12-30,4,53,12459.65
2024-12-31,4,55,12588.03
2025-01-01,4,32,7547.76
2025-01-02,4,43,10185.96
2025-01-03,4,26,6169.95
2025-01-04,4,37,8585.9
2025-01-05,4,21,4916.66
2025-01-06,4,39,8794.79
2025-01-07,4,49,11321.2
2025-01-08,4,62,13938.94
2025-01-09,4,25,5646.71
2025-01-10,4,45,10467.25
2025-01-11,4,17,3901.91
2025-01-12,4,26,5891.99
2025-01-13,4,38,8752.96
2025-01-14,4,45,10567.67
2025-01-15,4,30,7081.37
2025-01-16,4,36,8526.06
2025-01-17,4,34,7804.55
2025-01-18,4,30,6722.24
2025-01-19,4,19,4337.74
2025-01-20,4,53,12430.91
2025-01-21,4,41,9420.74
2025-01-22,4,54,12616.3
2025-01-23,4,23,5376.45
2025-01-24,4,39,8994.58
2025-01-25,4,47,10790.52
2025-01-26,4,13,2982.87
2025-01-27,4,24,5663.54
2025-01-28,4,51,11896.5
2025-01-29,4,41,9592.36
2025-01-30,4,43,9836.12
2025-01-31,4,45,10275.38
2025-02-01,4,27,6114.63
2025-02-02,4,25,5610.98
2025-02-03,4,33,7795.49
2025-02-04,4,33,7486.08
2025-02-05,4,36,8246.3
2025-02-06,4,54,12365.03
2025-02-07,4,55,12516.95
2025-02-08,4,32,7493.59
2025-02-09,4,18,4239.99
2025-02-10,4,40,9100.41
2025-02-11,4,29,6669.21
2025-02-12,4,33,7452.57
2025-02-13,4,30,6877.54
2025-02-14,4,40,9376.34
2025-02-15,4,35,8108.81
2025-02-16,4,15,3564.75
2025-02-17,4,43,10182.76
2025-02-18,4,27,6109.57
2025-02-19,4,49,11351.1
2025-02-20,4,50,11530.01
2025-02-21,4,32,7459.37
2025-02-22,4,31,7297.02
2025-02-23,4,19,4437.09
2025-02-24,4,42,9705.46
2025-02-25,4,38,8592.96
2025-02-26,4,36,8505.91
2025-02-27,4,26,6096.42
2025-02-28,4,40,9510.9
2025-03-01,4,27,6258.11
2025-03-02,4,30,6949.59
2025-03-03,4,45,10170.0
2025-03-04,4,38,8866.08
2025-03-05,4,64,14554.07
2025-03-06,4,52,12180.21
2025-03-07,4,45,10179.7
2025-03-08,4,23,5382.79
2025-03-09,4,18,4134.06
2025-03-10,4,52,12124.06
2025-03-11,4,50,11299.07
2025-03-12,4,40,9068.29
2025-03-13,4,52,12120.87
2025-03-14,4,44,9940.54
2025-03-15,4,28,6343.96
2025-03-16,4,21,4923.36
2025-03-17,4,47,10820.84
2025-03-18,4,43,9959.91
2025-03-19,4,42,10006.65
2025-03-20,4,50,11708.43
2025-03-21,4,62,14348.42
2025-03-22,4,29,6839.36
2025-03-23,4,14,3344.78
2025-03-24,4,21,4915.76
2025-03-25,4,49,11614.14
2025-03-26,4,59,14076.84
2025-03-27,4,36,8139.68
2025-03-28,4,27,6319.7
2025-03-29,4,27,6254.4
2025-03-30,4,15,3553.15
2025-03-31,4,46,10949.3
2025-04-01,4,40,9133.46
2025-04-02,4,60,14113.76
2025-04-03,4,40,9404.45
2025-04-04,4,65,14818.99
2025-04-05,4,23,5304.9
2025-04-06,4,19,4486.37
2025-04-07,4,65,15423.05
2025-04-08,4,50,11877.37
2025-04-09,4,50,11470.69
2025-04-10,4,41,9670.84
2025-04-11,4,43,9748.11
2025-04-12,4,42,9892.75
2025-04-13,4,18,4133.56
2025-04-14,4,45,10670.62
2025-04-15,4,79,18780.46
2025-04-16,4,43,9898.59
2025-04-17,4,50,11876.26
2025-04-18,4,54,12470.76
2025-04-19,4,41,9527.38
2025-04-20,4,20,4782.22
2025-04-21,4,53,12621.61
2025-04-22,4,51,12140.33
2025-04-23,4,53,12419.0
2025-04-24,4,48,11011.04
2025-04-25,4,45,10542.9
2025-04-26,4,34,7883.87
2025-04-27,4,20,4676.45
2025-04-28,4,44,10172.25
2025-04-29,4,47,10740.4
2025-04-30,4,40,9542.57
2025-05-01,4,67,15814.63
2025-05-02,4,59,13671.76
2025-05-03,4,44,10507.09
2025-05-04,4,25,5708.03
2025-05-05,4,65,14956.29
2025-05-06,4,45,10406.16
2025-05-07,4,66,15788.6
2025-05-08,4,65,15577.37
2025-05-09,4,59,13373.29
2025-05-10,4,48,11362.37
2025-05-11,4,29,6884.88
2025-05-12,4,41,9399.39
2025-05-13,4,54,12797.08
2025-05-14,4,47,10836.57
2025-05-15,4,44,10324.41
2025-05-16,4,66,15222.92
2025-05-17,4,49,11544.85
2025-05-18,4,21,4949.51
2025-05-19,4,48,10902.14
2025-05-20,4,53,12692.17
2025-05-21,4,36,8276.96
2025-05-22,4,50,11375.16
2025-05-23,4,46,10610.25
2025-05-24,4,46,10647.93
2025-05-25,4,34,8160.02
2025-05-26,4,40,9224.17
2025-05-27,4,53,12253.71
2025-05-28,4,55,13211.11
2025-05-29,4,58,13520.2
2025-05-30,4,38,9122.38
2025-05-31,4,46,10564.15
2025-06-01,4,33,7655.98
2025-06-02,4,46,10556.76
2025-06-03,4,37,8557.15
2025-06-04,4,50,11367.11
2025-06-05,4,33,7514.75
2025-06-06,4,62,14174.94
2025-06-07,4,62,14458.69
2025-06-08,4,23,5246.12
2025-06-09,4,35,8398.87
2025-06-10,4,45,10582.16
2025-06-11,4,57,13043.95
2025-06-12,4,58,13335.73
2025-06-13,4,45,10767.0
2025-06-14,4,39,8880.77
2025-06-15,4,21,4852.32
2025-06-16,4,57,13057.11
2025-06-17,4,67,15272.4
2025-06-18,4,32,7581.91
2025-06-19,4,39,8998.5
2025-06-20,4,52,12065.04
2025-06-21,4,33,7658.47
2025-06-22,4,26,6182.69
2025-06-23,4,50,11697.95
2025-06-24,4,63,14907.47
2025-06-25,4,63,14891.03
2025-06-26,4,50,11633.29
2025-06-27,4,50,12011.9
2025-06-28,4,44,10169.6
2025-06-29,4,22,5182.84
2025-06-30,4,59,14259.33
2025-07-01,4,61,14105.42
2025-07-02,4,36,8409.47
2025-07-03,4,34,7856.44
2025-07-04,4,57,13612.91
2025-07-05,4,46,10811.25
2025-07-06,4,23,5486.09
2025-07-07,4,37,8672.67
2025-07-08,4,46,10830.33
2025-07-09,4,53,12275.64
2025-07-10,4,36,8393.56
2025-07-11,4,49,11777.81
2025-07-12,4,51,11996.09
2025-07-13,4,15,3463.25
2025-07-14,4,50,11432.39
2025-07-15,4,38,8931.5
2025-07-16,4,50,11895.08
2025-07-17,4,44,10296.89
2025-07-18,4,61,13956.83
2025-07-19,4,37,8721.19
2025-07-20,4,16,3829.4
2025-07-21,4,34,7912.28
2025-07-22,4,44,10601.21
2025-07-23,4,48,11315.45
2025-07-24,4,45,10485.88
2025-07-25,4,34,7973.42
2025-07-26,4,29,6918.01
2025-07-27,4,11,2583.94
2025-07-28,4,47,11172.72
2025-07-29,4,37,8742.36
2025-07-30,4,44,10357.76
2025-07-31,4,50,11522.38
2025-08-01,4,41,9932.51
2025-08-02,4,32,7374.35
2025-08-03,4,19,4402.03
2025-08-04,4,43,9959.97
2025-08-05,4,43,10241.91
2025-08-06,4,44,10413.12
2025-08-07,4,46,11003.33
2025-08-08,4,41,9589.41
2025-08-09,4,25,5743.13
2025-08-10,4,18,4204.71
2025-08-11,4,30,6872.96
2025-08-12,4,46,10659.2
2025-08-13,4,33,7915.75
2025-08-14,4,43,10151.32
2025-08-15,4,39,9053.86
2025-08-16,4,33,7625.86
2025-08-17,4,22,5168.32
2025-08-18,4,30,7110.02
2025-08-19,4,35,8448.89
2025-08-20,4,43,10178.08
2025-08-21,4,27,6469.1
2025-08-22,4,40,9207.35
2025-08-23,4,34,7961.16
2025-08-24,4,15,3462.06
2025-08-25,4,35,8047.85
2025-08-26,4,44,10691.12
2025-08-27,4,39,9183.28
2025-08-28,4,49,11318.3
2025-08-29,4,39,9180.99
2025-08-30,4,37,8517.58
2025-08-31,4,21,4907.68
2025-09-01,4,42,9895.21
2025-09-02,4,55,12635.4
2025-09-03,4,32,7573.53
2025-09-04,4,34,8045.69
2025-09-05,4,32,7563.7
2025-09-06,4,31,7380.72
2025-09-07,4,15,3609.88
2025-09-08,4,37,8489.5
2025-09-09,4,31,7290.27
2025-09-10,4,32,7476.0
2025-09-11,4,34,7910.47
2025-09-12,4,54,12975.1
2025-09-13,4,25,5935.6
2025-09-14,4,19,4372.2
2025-09-15,4,44,10529.54
2025-09-16,4,35,8160.8
2025-09-17,4,33,7694.34
2025-09-18,4,37,8562.24
2025-09-19,4,44,10285.0
2025-09-20,4,31,7268.25
2025-09-21,4,19,4605.15
2025-09-22,4,39,9059.35
2025-09-23,4,34,8224.32
2025-09-24,4,34,7964.22
2025-09-25,4,45,10527.59
2025-09-26,4,34,8263.42
2025-09-27,4,31,7480.27
2025-09-28,4,18,4272.66
2025-09-29,4,31,7251.06
2025-09-30,4,36,8452.63
2025-10-01,4,50,11726.65
2025-10-02,4,36,8557.43
2025-10-03,4,56,13414.2
2025-10-04,4,40,9689.29
2025-10-05,4,19,4469.63
2025-10-06,4,42,9810.95
2025-10-07,4,47,11169.26
2025-10-08,4,37,8578.56
2025-10-09,4,29,6843.17
2025-10-10,4,40,9638.46
2025-10-11,4,48,11345.44
2025-10-12,4,15,3485.75
2025-10-13,4,59,13801.52
2025-10-14,4,41,9453.28
2025-10-15,4,42,9951.75
2025-10-16,4,45,10823.58
2025-10-17,4,46,10653.47
2025-10-18,4,24,5607.36
2025-10-19,4,14,3419.18
2025-10-20,4,31,7339.69
2025-10-21,4,33,7733.04
2025-10-22,4,36,8374.65
2025-10-23,4,40,9755.05
2025-10-24,4,31,7258.9
2025-10-25,4,37,8860.78
2025-10-26,4,37,8883.83
2025-10-27,4,36,8809.03
2025-10-28,4,40,9509.34
2025-10-29,4,52,12354.31
2025-10-30,4,33,7641.98
2025-10-31,4,33,7980.8
2025-11-01,4,35,8077.75
2025-11-02,4,15,3612.79
2025-11-03,4,60,13996.56
2025-11-04,4,28,6613.81
2025-11-05,4,46,11046.19
2025-11-06,4,41,9857.0
2025-11-07,4,50,11875.23
2025-11-08,4,45,10605.44
2025-11-09,4,14,3370.75
2025-11-10,4,39,9393.82
2025-11-11,4,47,11467.86
2025-11-12,4,38,8926.98
2025-11-13,4,43,10374.86
2025-11-14,4,44,10608.18
2025-11-15,4,29,6727.93
2025-11-16,4,15,3664.31
2025-11-17,4,52,12474.14
2025-11-18,4,27,6492.87
2025-11-19,4,41,9474.99
2025-11-20,4,32,7422.54
2025-11-21,4,48,11266.82
2025-11-22,4,43,10305.98
2025-11-23,4,21,4980.66
2025-11-24,4,40,9393.13
2025-11-25,4,43,10356.78
2025-11-26,4,38,8867.2
2025-11-27,4,44,10195.15
2025-11-28,4,42,9833.52
2025-11-29,4,23,5484.26
2025-11-30,4,17,4149.21
2025-12-01,4,42,10206.3
2025-12-02,4,58,13846.16
2025-12-03,4,46,11176.58
2025-12-04,4,38,9026.06
2025-12-05,4,68,16695.12
2025-12-06,4,27,6589.28
2025-12-07,4,14,3430.89
2025-12-08,4,39,9427.39
2025-12-09,4,41,9867.66
2025-12-10,4,58,13719.29
2025-12-11,4,47,11534.11
2025-12-12,4,61,14250.94
2025-12-13,4,42,9821.33
2025-12-14,4,26,6360.49
2025-12-15,4,45,10523.92
2025-12-16,4,37,8623.87
2025-12-17,4,53,12722.45
2025-12-18,4,43,10372.37
2025-12-19,4,46,11091.01
2025-12-20,4,39,9326.59
2025-12-21,4,24,5618.19
2025-12-22,4,53,12570.1
2025-12-23,4,36,8711.21
2025-12-24,4,32,7554.97
2025-12-25,4,29,6786.52
2025-12-26,4,46,10870.28
2025-12-27,4,38,8872.89
2025-12-28,4,20,4711.02
2025-12-29,4,75,17859.35
2025-12-30,4,45,10816.62
2025-12-31,4,58,14043.98
2026-01-01,4,40,9663.55
2026-01-02,4,27,6312.97
2026-01-03,4,37,8847.47
2026-01-04,4,28,6552.06
2026-01-05,4,48,11342.88
2026-01-06,4,36,8734.57
2026-01-07,4,21,5175.01
2026-01-08,4,43,10546.29
2026-01-09,4,44,10426.47
2026-01-10,4,18,4350.63
2026-01-11,4,10,2379.13
2026-01-12,4,39,9421.88
2026-01-13,4,37,8682.34
2026-01-14,4,41,9525.11
2026-01-15,4,38,9198.13
2026-01-16,4,34,8026.39
2026-01-17,4,36,8463.14
2026-01-18,4,8,1913.82
2026-01-19,4,48,11672.22
2026-01-20,4,56,13143.87
2026-01-21,4,37,8752.47
2026-01-22,4,32,7507.75
2026-01-23,4,33,7698.29
2026-01-24,4,19,4522.62
2026-01-25,4,14,3350.22
2026-01-26,4,26,6154.47
2026-01-27,4,47,11465.82
2026-01-28,4,41,9706.76
2026-01-29,4,56,13380.61
2026-01-30,4,43,10121.65
2026-01-31,4,33,7898.44
2026-02-01,4,31,7244.58
2026-02-02,4,52,12669.0
2026-02-03,4,46,11225.33
2026-02-04,4,37,8640.03
2026-02-05,4,39,9421.74
2026-02-06,4,26,6168.19
2026-02-07,4,31,7376.63
2026-02-08,4,18,4375.61
2026-02-09,4,43,10239.1
2026-02-10,4,40,9660.82
2026-02-11,4,39,9383.81
2026-02-12,4,47,11532.34
2026-02-13,4,46,11000.19
2026-02-14,4,39,9346.55
2026-02-15,4,18,4409.29
2026-02-16,4,43,10624.84
2026-02-17,4,33,8059.65
2026-02-18,4,47,11209.38
2026-02-19,4,47,11519.3
2026-02-20,4,35,8332.92
2026-02-21,4,36,8797.04
2026-02-22,4,12,2921.63
2026-02-23,4,39,9194.51
2026-02-24,4,31,7601.51
2026-02-25,4,39,9645.13
2026-02-26,4,20,4778.88
2026-02-27,4,40,9744.2
2026-02-28,4,27,6460.75
2026-03-01,4,21,5110.07
2026-03-02,4,41,9884.48
2026-03-03,4,42,10030.47
2026-03-04,4,36,8497.83
2026-03-05,4,34,7979.46
2026-03-06,4,50,12367.56
2026-03-07,4,61,14812.4
2026-03-08,4,17,4102.56
2026-03-09,4,49,11660.0
2026-03-10,4,36,8742.17
2026-03-11,4,44,10526.98
2026-03-12,4,40,9406.65
2026-03-13,4,45,10814.85
2026-03-14,4,28,6779.24
2026-03-15,4,25,5905.53
2026-03-16,4,35,8644.06
2026-03-17,4,44,10499.91
2026-03-18,4,37,9005.35
2026-03-19,4,53,13000.8
2026-03-20,4,55,13274.31
2026-03-21,4,34,8116.98
2026-03-22,4,17,4177.48
2026-03-23,4,41,10026.08
2026-03-24,4,55,13016.68
2026-03-25,4,47,11495.81
2026-03-26,4,52,12712.21
2026-03-27,4,38,9148.58
2026-03-28,4,30,7344.3
2026-03-29,4,22,5357.58
2026-03-30,4,44,10460.15
2026-03-31,4,48,11757.55
2026-04-01,4,50,12273.34
2026-04-02,4,47,11176.38
2026-04-03,4,51,12175.15
2026-04-04,4,54,13203.4
2026-04-05,4,25,6043.35
2026-04-06,4,37,8774.5
2026-04-07,4,42,10370.91
2026-04-08,4,44,10865.63
2026-04-09,4,42,9980.83
2026-04-10,4,66,16404.7
2026-04-11,4,40,9746.46
2026-04-12,4,23,5443.06
2026-04-13,4,51,12657.52
2026-04-14,4,58,14030.21
2026-04-15,4,35,8620.62
2026-04-16,4,51,12291.93
2026-04-17,4,34,8000.8
2026-04-18,4,43,10554.3
2026-04-19,4,13,3078.08
2026-04-20,4,53,12627.29
2026-04-21,4,54,13433.28
2026-04-22,4,55,13626.4
2026-04-23,4,51,12217.66
2026-04-24,4,37,8709.76
2026-04-25,4,43,10173.12
2026-04-26,4,32,7622.05
2026-04-27,4,37,9137.56
2026-04-28,4,42,10428.96
2026-04-29,4,39,9465.05
2026-04-30,4,37,9006.01
2026-05-01,4,47,11123.89
2026-05-02,4,53,12532.11
2026-05-03,4,19,4489.4
2026-05-04,4,50,11902.79
2026-05-05,4,71,17098.75
2026-05-06,4,52,12386.77
2026-05-07,4,42,10335.24
2026-05-08,4,39,9699.47
2026-05-09,4,48,11826.19
2026-05-10,4,17,4190.49
2026-05-11,4,55,13444.0
2026-05-12,4,51,12016.42
2026-05-13,4,71,17399.17
2026-05-14,4,62,15236.28
2026-05-15,4,55,12944.64
2026-05-16,4,59,14583.74
2026-05-17,4,26,6175.08
2026-05-18,4,66,16168.96
2026-05-19,4,56,13463.14
2026-05-20,4,64,15963.73
2026-05-21,4,54,13268.08
2026-05-22,4,36,8877.29
2026-05-23,4,59,14143.71
2026-05-24,4,31,7486.94
2026-05-25,4,80,19479.96
2026-05-26,4,47,11362.81
2026-05-27,4,70,17431.83
2026-05-28,4,46,11264.26
2026-05-29,4,60,14795.13
2026-05-30,4,52,12806.53
2026-05-31,4,23,5732.03
2026-06-01,4,48,11525.37
2026-06-02,4,50,11879.58
2026-06-03,4,63,15024.65
2026-06-04,4,45,10825.72
2026-06-05,4,60,14295.98
2026-06-06,4,35,8730.51
2026-06-07,4,20,4794.83
2026-06-08,4,37,8985.93
2026-06-09,4,33,8180.1
2026-06-10,4,58,13776.49
2026-06-11,4,53,12606.21
2026-06-12,4,51,12174.04
2026-06-13,4,60,14198.53
2026-06-14,4,31,7595.79
2026-06-15,4,45,11193.92
2026-06-16,4,47,11543.28
2026-06-17,4,53,12848.53
2026-06-18,4,64,15975.93
2026-06-19,4,47,11544.77
2026-06-20,4,44,10863.58
2026-06-21,4,28,6854.83
2026-06-22,4,31,7372.56
2026-06-23,4,48,11607.4
2026-06-24,4,66,15999.04
2026-06-25,4,48,11469.05
2026-06-26,4,49,11646.55
2026-06-27,4,30,7224.7
2026-06-28,4,33,8047.52
2026-06-29,4,49,11971.46
2026-06-30,4,31,7695.87
2026-07-01,4,46,11131.52
2026-07-02,4,42,10349.8
2026-07-03,4,38,9180.18
2026-07-04,4,29,7148.01
2026-07-05,4,27,6699.86
2026-07-06,4,37,8932.09
2026-07-07,4,45,11064.31
2026-07-08,4,38,9290.21
2026-07-09,4,46,11124.4
2026-07-10,4,33,8226.18
2026-07-11,4,34,8307.01
2026-07-12,4,17,4167.01
2026-07-13,4,35,8473.09
2026-07-14,4,35,8369.27
2026-07-15,4,38,9447.1
2026-07-16,4,48,11700.01
2026-07-17,4,45,10940.0
2026-07-18,4,39,9550.45
2026-07-19,4,41,10215.99
2026-07-20,4,38,9292.83
2026-07-21,4,47,11220.92
2026-07-22,4,55,13816.91
2026-07-23,4,47,11180.85
2026-07-24,4,47,11345.54
2026-07-25,4,38,9467.22
2026-07-26,4,29,6895.36
2026-07-27,4,53,12869.31
2026-07-28,4,42,10529.64
2026-07-29,4,40,9720.69
2026-07-30,4,47,11344.04
2026-07-31,4,49,11686.59
2026-08-01,4,42,10545.64
2026-08-02,4,16,3924.63
2026-08-03,4,38,9045.67
2026-08-04,4,27,6683.81
2026-08-05,4,45,11099.6
2026-08-06,4,46,11394.27
2026-08-07,4,34,8281.62
2026-08-08,4,49,12163.77
2026-08-09,4,23,5628.38
2026-08-10,4,47,11620.15
2026-08-11,4,45,11141.63
2026-08-12,4,49,12058.8
2026-08-13,4,34,8481.73
2026-08-14,4,44,10536.68
2026-08-15,4,37,9151.72
2026-08-16,4,17,4275.53
2026-08-17,4,43,10450.06
2026-08-18,4,33,8078.78
2026-08-19,4,50,12415.44
2026-08-20,4,44,10669.18
2026-08-21,4,37,9250.37
2026-08-22,4,34,8531.98
2026-08-23,4,19,4624.96
2026-08-24,4,38,9424.51
2026-08-25,4,63,15488.89
2026-08-26,4,38,9145.65
2026-08-27,4,30,7550.66
2026-08-28,4,40,9678.66
2026-08-29,4,29,7031.33
2026-08-30,4,21,5251.15
2026-08-31,4,43,10743.98
2026-09-01,4,38,9163.47
2026-09-02,4,31,7603.58
2026-09-03,4,55,13796.96
2026-09-04,4,49,12190.55
2026-09-05,4,35,8615.3
2026-09-06,4,14,3380.34
2026-09-07,4,33,7912.32
2026-09-08,4,27,6459.02
2026-09-09,4,31,7582.21
2026-09-10,4,54,13269.12
2026-09-11,4,40,9825.19
2026-09-12,4,27,6518.54
2026-09-13,4,19,4653.22
2026-09-14,4,33,8043.38
2026-09-15,4,37,9134.57
2026-09-16,4,41,10029.34
2026-09-17,4,42,10408.61
2026-09-18,4,34,8285.85
2026-09-19,4,31,7797.17
2026-09-20,4,19,4542.39
2026-09-21,4,36,8634.26
2026-09-22,4,43,10523.35
2026-09-23,4,34,8216.76
2026-09-24,4,46,11006.24
2026-09-25,4,41,10361.19
2026-09-26,4,29,7205.57
2026-09-27,4,14,3405.67
2026-09-28,4,58,14609.92
2026-09-29,4,53,12656.66
2026-09-30,4,40,9663.3
2023-10-01,5,19,2167.82
2023-10-02,5,23,2618.79
2023-10-03,5,22,2405.37
2023-10-04,5,25,2819.26
2023-10-05,5,16,1737.3
2023-10-06,5,39,4268.18
2023-10-07,5,27,3012.81
2023-10-08,5,17,1862.68
2023-10-09,5,35,3845.31
2023-10-10,5,36,4008.71
2023-10-11,5,25,2735.41
2023-10-12,5,38,4164.66
2023-10-13,5,28,3167.73
2023-10-14,5,30,3356.93
2023-10-15,5,23,2557.85
2023-10-16,5,17,1926.01
2023-10-17,5,24,2639.06
2023-10-18,5,20,2227.48
2023-10-19,5,17,1902.33
2023-10-20,5,17,1867.85
2023-10-21,5,23,2525.62
2023-10-22,5,11,1238.35
2023-10-23,5,24,2720.74
2023-10-24,5,38,4259.18
2023-10-25,5,37,4108.31
2023-10-26,5,23,2525.7
2023-10-27,5,37,4191.01
2023-10-28,5,25,2734.37
2023-10-29,5,14,1603.85
2023-10-30,5,22,2500.84
2023-10-31,5,30,3370.3
2023-11-01,5,26,2879.88
2023-11-02,5,38,4188.98
2023-11-03,5,27,3003.88
2023-11-04,5,24,2692.97
2023-11-05,5,15,1673.66
2023-11-06,5,33,3709.38
2023-11-07,5,33,3792.24
2023-11-08,5,26,2844.04
2023-11-09,5,32,3691.85
2023-11-10,5,29,3229.0
2023-11-11,5,23,2550.93
2023-11-12,5,20,2234.29
2023-11-13,5,29,3352.03
2023-11-14,5,34,3919.65
2023-11-15,5,32,3664.64
2023-11-16,5,32,3487.82
2023-11-17,5,33,3701.63
2023-11-18,5,16,1792.16
2023-11-19,5,12,1346.95
2023-11-20,5,30,3450.11
2023-11-21,5,26,2956.69
2023-11-22,5,23,2537.66
2023-11-23,5,36,3969.01
2023-11-24,5,29,3210.15
2023-11-25,5,23,2544.58
2023-11-26,5,16,1760.52
2023-11-27,5,38,4154.5
2023-11-28,5,49,5545.08
2023-11-29,5,33,3692.39
2023-11-30,5,49,5354.72
2023-12-01,5,29,3269.36
2023-12-02,5,29,3330.44
2023-12-03,5,10,1112.98
2023-12-04,5,42,4831.91
2023-12-05,5,35,3910.21
2023-12-06,5,42,4771.77
2023-12-07,5,37,4118.46
2023-12-08,5,33,3658.03
2023-12-09,5,32,3557.33
2023-12-10,5,13,1451.85
2023-12-11,5,40,4568.55
2023-12-12,5,30,3457.21
2023-12-13,5,27,2969.17
2023-12-14,5,35,3840.33
2023-12-15,5,36,4156.96
2023-12-16,5,19,2159.21
2023-12-17,5,15,1683.35
2023-12-18,5,46,5065.65
2023-12-19,5,38,4388.04
2023-12-20,5,41,4539.73
2023-12-21,5,26,2951.56
2023-12-22,5,38,4197.75
2023-12-23,5,23,2659.92
2023-12-24,5,15,1677.36
2023-12-25,5,43,4906.51
2023-12-26,5,28,3148.93
2023-12-27,5,23,2527.0
2023-12-28,5,32,3626.28
2023-12-29,5,28,3153.82
2023-12-30,5,33,3679.96
2023-12-31,5,22,2493.89
2024-01-01,5,24,2724.99
2024-01-02,5,25,2813.78
2024-01-03,5,35,3857.83
2024-01-04,5,31,3495.64
2024-01-05,5,48,5424.66
2024-01-06,5,20,2249.23
2024-01-07,5,11,1274.85
2024-01-08,5,21,2436.84
2024-01-09,5,26,2964.07
2024-01-10,5,25,2774.6
2024-01-11,5,38,4422.5
2024-01-12,5,20,2308.51
2024-01-13,5,20,2302.85
2024-01-14,5,18,2089.74
2024-01-15,5,27,3068.18
2024-01-16,5,25,2750.82
2024-01-17,5,19,2129.57
2024-01-18,5,16,1790.34
2024-01-19,5,29,3211.41
2024-01-20,5,20,2286.04
2024-01-21,5,13,1465.52
2024-01-22,5,25,2892.26
2024-01-23,5,26,2951.33
2024-01-24,5,41,4609.69
2024-01-25,5,45,5151.69
2024-01-26,5,27,3071.45
2024-01-27,5,22,2490.78
2024-01-28,5,18,1995.15
2024-01-29,5,27,3057.44
2024-01-30,5,26,2931.61
2024-01-31,5,42,4792.54
2024-02-01,5,24,2754.58
2024-02-02,5,30,3364.01
2024-02-03,5,29,3236.45
2024-02-04,5,12,1331.54
2024-02-05,5,32,3642.07
2024-02-06,5,25,2773.17
2024-02-07,5,30,3439.66
2024-02-08,5,18,2047.96
2024-02-09,5,35,3908.93
2024-02-10,5,28,3180.62
2024-02-11,5,11,1280.92
2024-02-12,5,23,2542.0
2024-02-13,5,33,3648.91
2024-02-14,5,37,4150.75
2024-02-15,5,21,2329.26
2024-02-16,5,32,3537.02
2024-02-17,5,27,3037.94
2024-02-18,5,15,1749.18
2024-02-19,5,31,3459.57
2024-02-20,5,31,3533.44
2024-02-21,5,39,4468.63
2024-02-22,5,25,2827.21
2024-02-23,5,28,3228.63
2024-02-24,5,20,2319.17
2024-02-25,5,22,2499.8
2024-02-26,5,35,4091.43
2024-02-27,5,36,4123.46
2024-02-28,5,38,4215.01
2024-02-29,5,42,4722.43
2024-03-01,5,24,2741.98
2024-03-02,5,24,2658.37
2024-03-03,5,16,1850.9
2024-03-04,5,18,2106.14
2024-03-05,5,29,3222.01
2024-03-06,5,32,3593.82
2024-03-07,5,35,4012.75
2024-03-08,5,28,3166.36
2024-03-09,5,33,3647.01
2024-03-10,5,17,1960.49
2024-03-11,5,27,3007.85
2024-03-12,5,38,4361.51
2024-03-13,5,42,4823.3
2024-03-14,5,33,3858.15
2024-03-15,5,27,3002.72
2024-03-16,5,41,4649.58
2024-03-17,5,17,1920.52
2024-03-18,5,30,3337.59
2024-03-19,5,50,5560.84
2024-03-20,5,46,5101.07
2024-03-21,5,33,3671.51
2024-03-22,5,33,3728.66
2024-03-23,5,23,2566.6
2024-03-24,5,13,1504.85
2024-03-25,5,22,2447.45
2024-03-26,5,30,3485.91
2024-03-27,5,24,2755.36
2024-03-28,5,29,3230.4
2024-03-29,5,45,4984.91
2024-03-30,5,32,3615.84
2024-03-31,5,19,2119.8
2024-04-01,5,35,4022.86
2024-04-02,5,60,6918.83
2024-04-03,5,36,4101.64
2024-04-04,5,40,4505.86
2024-04-05,5,33,3824.84
2024-04-06,5,31,3445.81
2024-04-07,5,21,2353.48
2024-04-08,5,42,4840.38
2024-04-09,5,25,2923.08
2024-04-10,5,33,3678.8
2024-04-11,5,24,2767.47
2024-04-12,5,30,3508.48
2024-04-13,5,18,2039.84
2024-04-14,5,25,2797.74
2024-04-15,5,39,4440.21
2024-04-16,5,34,3930.05
2024-04-17,5,18,2054.07
2024-04-18,5,35,3943.09
2024-04-19,5,39,4490.83
2024-04-20,5,38,4359.62
2024-04-21,5,26,2967.29
2024-04-22,5,36,4029.01
2024-04-23,5,36,4218.48
2024-04-24,5,37,4226.03
2024-04-25,5,29,3381.47
2024-04-26,5,40,4683.38
2024-04-27,5,38,4407.12
2024-04-28,5,13,1504.96
2024-04-29,5,47,5421.86
2024-04-30,5,32,3579.82
2024-05-01,5,51,5962.08
2024-05-02,5,38,4408.15
2024-05-03,5,45,5155.79
2024-05-04,5,21,2410.34
2024-05-05,5,23,2623.23
2024-05-06,5,41,4616.25
2024-05-07,5,40,4597.97
2024-05-08,5,29,3330.06
2024-05-09,5,40,4519.13
2024-05-10,5,40,4647.77
2024-05-11,5,35,4126.25
2024-05-12,5,16,1804.21
2024-05-13,5,58,6658.59
2024-05-14,5,26,3067.19
2024-05-15,5,28,3121.65
2024-05-16,5,36,4225.02
2024-05-17,5,34,3803.92
2024-05-18,5,47,5368.71
2024-05-19,5,14,1646.75
2024-05-20,5,47,5459.05
2024-05-21,5,56,6351.08
2024-05-22,5,46,5239.14
2024-05-23,5,52,6049.13
2024-05-24,5,49,5611.51
2024-05-25,5,28,3249.85
2024-05-26,5,25,2817.35
2024-05-27,5,34,3786.32
2024-05-28,5,44,5033.45
2024-05-29,5,50,5850.43
2024-05-30,5,45,5193.79
2024-05-31,5,43,4795.56
2024-06-01,5,32,3611.32
2024-06-02,5,16,1861.36
2024-06-03,5,39,4366.45
2024-06-04,5,48,5376.32
2024-06-05,5,29,3354.13
2024-06-06,5,26,2910.32
2024-06-07,5,51,5694.38
2024-06-08,5,37,4196.04
2024-06-09,5,21,2466.07
2024-06-10,5,35,3951.91
2024-06-11,5,37,4195.95
2024-06-12,5,40,4698.36
2024-06-13,5,36,4081.93
2024-06-14,5,39,4463.21
2024-06-15,5,26,2901.77
2024-06-16,5,15,1703.09
2024-06-17,5,36,4100.9
2024-06-18,5,33,3750.05
2024-06-19,5,33,3833.66
2024-06-20,5,40,4531.24
2024-06-21,5,33,3798.34
2024-06-22,5,50,5722.99
2024-06-23,5,19,2121.55
2024-06-24,5,22,2486.84
2024-06-25,5,40,4607.19
2024-06-26,5,40,4590.71
2024-06-27,5,44,4932.33
2024-06-28,5,47,5498.69
2024-06-29,5,40,4649.11
2024-06-30,5,18,2128.49
2024-07-01,5,38,4279.88
2024-07-02,5,33,3780.18
2024-07-03,5,36,4039.6
2024-07-04,5,23,2621.34
2024-07-05,5,33,3768.88
2024-07-06,5,53,5975.72
2024-07-07,5,22,2486.57
2024-07-08,5,15,1714.45
2024-07-09,5,40,4733.31
2024-07-10,5,26,2926.89
2024-07-11,5,27,3178.09
2024-07-12,5,36,4025.6
2024-07-13,5,33,3807.99
2024-07-14,5,19,2135.52
2024-07-15,5,35,4132.96
2024-07-16,5,19,2139.17
2024-07-17,5,38,4381.48
2024-07-18,5,43,4828.04
2024-07-19,5,33,3906.03
2024-07-20,5,22,2480.55
2024-07-21,5,18,2064.61
2024-07-22,5,26,3074.48
2024-07-23,5,26,3029.15
2024-07-24,5,32,3801.95
2024-07-25,5,27,3090.28
2024-07-26,5,25,2866.0
2024-07-27,5,34,3840.73
2024-07-28,5,11,1244.95
2024-07-29,5,19,2227.09
2024-07-30,5,34,3925.48
2024-07-31,5,33,3742.48
2024-08-01,5,36,4239.86
2024-08-02,5,34,3914.49
2024-08-03,5,34,4017.51
2024-08-04,5,15,1719.92
2024-08-05,5,40,4685.49
2024-08-06,5,27,3196.07
2024-08-07,5,36,4206.28
2024-08-08,5,41,4750.01
2024-08-09,5,37,4295.34
2024-08-10,5,24,2790.86
2024-08-11,5,15,1767.99
2024-08-12,5,32,3599.34
2024-08-13,5,25,2859.95
2024-08-14,5,35,4164.05
2024-08-15,5,32,3657.66
2024-08-16,5,41,4656.93
2024-08-17,5,25,2855.0
2024-08-18,5,14,1599.45
2024-08-19,5,29,3295.88
2024-08-20,5,26,2988.91
2024-08-21,5,29,3368.26
2024-08-22,5,46,5250.65
2024-08-23,5,37,4356.64
2024-08-24,5,16,1844.27
2024-08-25,5,22,2581.19
2024-08-26,5,31,3618.61
2024-08-27,5,37,4232.91
2024-08-28,5,44,5009.76
2024-08-29,5,27,3126.83
2024-08-30,5,45,5298.76
2024-08-31,5,26,3073.54
2024-09-01,5,14,1578.15
2024-09-02,5,43,4924.35
2024-09-03,5,35,3995.16
2024-09-04,5,29,3279.08
2024-09-05,5,34,3851.24
2024-09-06,5,26,2971.6
2024-09-07,5,27,3158.5
2024-09-08,5,14,1599.13
2024-09-09,5,52,5922.22
2024-09-10,5,32,3718.81
2024-09-11,5,32,3708.24
2024-09-12,5,28,3170.94
2024-09-13,5,25,2939.21
2024-09-14,5,30,3584.8
2024-09-15,5,15,1735.76
2024-09-16,5,20,2279.21
2024-09-17,5,24,2828.28
2024-09-18,5,30,3569.0
2024-09-19,5,31,3522.97
2024-09-20,5,24,2790.3
2024-09-21,5,29,3454.1
2024-09-22,5,14,1622.97
2024-09-23,5,33,3878.95
2024-09-24,5,29,3301.96
2024-09-25,5,34,3986.48
2024-09-26,5,27,3157.46
2024-09-27,5,30,3425.41
2024-09-28,5,20,2271.12
2024-09-29,5,14,1640.08
2024-09-30,5,33,3761.08
2024-10-01,5,25,2951.42
2024-10-02,5,35,4039.29
2024-10-03,5,29,3368.29
2024-10-04,5,29,3379.86
2024-10-05,5,24,2774.93
2024-10-06,5,14,1603.89
2024-10-07,5,37,4193.55
2024-10-08,5,31,3552.47
2024-10-09,5,32,3666.37
2024-10-10,5,33,3944.32
2024-10-11,5,29,3315.91
2024-10-12,5,31,3568.97
2024-10-13,5,19,2218.09
2024-10-14,5,22,2635.54
2024-10-15,5,28,3179.04
2024-10-16,5,39,4661.54
2024-10-17,5,36,4133.18
2024-10-18,5,27,3192.2
2024-10-19,5,21,2490.64
2024-10-20,5,13,1519.48
2024-10-21,5,19,2159.46
2024-10-22,5,34,3981.69
2024-10-23,5,32,3677.93
2024-10-24,5,39,4451.17
2024-10-25,5,41,4684.49
2024-10-26,5,25,2892.82
2024-10-27,5,13,1506.79
2024-10-28,5,22,2584.96
2024-10-29,5,23,2694.35
2024-10-30,5,42,4896.27
2024-10-31,5,30,3450.3
2024-11-01,5,36,4317.44
2024-11-02,5,26,3101.17
2024-11-03,5,14,1657.13
2024-11-04,5,32,3644.7
2024-11-05,5,28,3249.37
2024-11-06,5,18,2048.71
2024-11-07,5,28,3295.76
2024-11-08,5,38,4500.59
2024-11-09,5,29,3361.63
2024-11-10,5,16,1845.82
2024-11-11,5,26,3085.14
2024-11-12,5,30,3481.36
2024-11-13,5,46,5319.06
2024-11-14,5,30,3569.33
2024-11-15,5,19,2256.11
2024-11-16,5,41,4690.1
2024-11-17,5,14,1603.52
2024-11-18,5,33,3783.08
2024-11-19,5,49,5603.24
2024-11-20,5,49,5793.4
2024-11-21,5,28,3337.23
2024-11-22,5,34,4008.9
2024-11-23,5,30,3424.4
2024-11-24,5,13,1493.8
2024-11-25,5,30,3463.07
2024-11-26,5,27,3245.52
2024-11-27,5,36,4261.32
2024-11-28,5,37,4257.18
2024-11-29,5,28,3317.19
2024-11-30,5,30,3542.94
2024-12-01,5,13,1558.92
2024-12-02,5,28,3285.73
2024-12-03,5,41,4872.12
2024-12-04,5,40,4631.8
2024-12-05,5,24,2823.15
2024-12-06,5,34,3878.67
2024-12-07,5,46,5511.6
2024-12-08,5,13,1511.62
2024-12-09,5,25,2981.38
2024-12-10,5,45,5158.68
2024-12-11,5,33,3876.52
2024-12-12,5,23,2653.51
2024-12-13,5,34,4055.87
2024-12-14,5,29,3403.65
2024-12-15,5,12,1436.08
2024-12-16,5,38,4367.42
2024-12-17,5,40,4761.05
2024-12-18,5,39,4645.32
2024-12-19,5,51,6119.92
2024-12-20,5,40,4564.51
2024-12-21,5,39,4650.66
2024-12-22,5,13,1496.08
2024-12-23,5,43,4987.5
2024-12-24,5,28,3331.65
2024-12-25,5,32,3821.78
2024-12-26,5,28,3377.24
2024-12-27,5,38,4354.25
2024-12-28,5,31,3528.77
2024-12-29,5,26,3079.84
2024-12-30,5,50,5941.68
2024-12-31,5,35,4147.49
2025-01-01,5,32,3763.24
2025-01-02,5,39,4578.64
2025-01-03,5,42,4841.35
2025-01-04,5,22,2616.4
2025-01-05,5,15,1795.07
2025-01-06,5,27,3169.31
2025-01-07,5,23,2668.61
2025-01-08,5,36,4285.03
2025-01-09,5,41,4862.67
2025-01-10,5,30,3548.91
2025-01-11,5,31,3694.35
2025-01-12,5,15,1778.65
2025-01-13,5,45,5396.57
2025-01-14,5,31,3699.63
2025-01-15,5,26,3107.84
2025-01-16,5,28,3289.07
2025-01-17,5,33,3993.34
2025-01-18,5,15,1764.79
2025-01-19,5,10,1193.33
2025-01-20,5,36,4204.31
2025-01-21,5,28,3358.19
2025-01-22,5,30,3514.76
2025-01-23,5,31,3578.59
2025-01-24,5,22,2633.75
2025-01-25,5,19,2300.22
2025-01-26,5,8,922.73
2025-01-27,5,33,3888.78
2025-01-28,5,31,3729.81
2025-01-29,5,33,3906.61
2025-01-30,5,29,3402.9
2025-01-31,5,34,4114.81
2025-02-01,5,34,4094.53
2025-02-02,5,18,2089.64
2025-02-03,5,27,3255.27
2025-02-04,5,48,5576.18
2025-02-05,5,36,4297.23
2025-02-06,5,31,3604.87
2025-02-07,5,14,1683.73
2025-02-08,5,22,2658.89
2025-02-09,5,18,2149.33
2025-02-10,5,36,4274.75
2025-02-11,5,32,3721.75
2025-02-12,5,35,4072.74
2025-02-13,5,34,3956.74
2025-02-14,5,39,4688.07
2025-02-15,5,24,2799.6
2025-02-16,5,21,2547.48
2025-02-17,5,33,3779.31
2025-02-18,5,27,3215.47
2025-02-19,5,34,3907.56
2025-02-20,5,27,3111.7
2025-02-21,5,31,3711.34
2025-02-22,5,28,3345.55
2025-02-23,5,13,1577.25
2025-02-24,5,32,3664.32
2025-02-25,5,34,3902.89
2025-02-26,5,32,3877.3
2025-02-27,5,22,2574.5
2025-02-28,5,22,2582.81
2025-03-01,5,36,4260.62
2025-03-02,5,20,2337.3
2025-03-03,5,29,3357.56
2025-03-04,5,33,3915.07
2025-03-05,5,31,3736.17
2025-03-06,5,38,4410.97
2025-03-07,5,50,5823.39
2025-03-08,5,36,4250.89
2025-03-09,5,24,2770.8
2025-03-10,5,25,2894.18
2025-03-11,5,43,4954.34
2025-03-12,5,32,3756.65
2025-03-13,5,42,5012.38
2025-03-14,5,26,3025.18
2025-03-15,5,23,2662.49
2025-03-16,5,17,2005.4
2025-03-17,5,36,4134.8
2025-03-18,5,46,5468.22
2025-03-19,5,39,4511.8
2025-03-20,5,29,3479.83
2025-03-21,5,40,4810.04
2025-03-22,5,24,2828.33
2025-03-23,5,23,2797.13
2025-03-24,5,27,3277.21
2025-03-25,5,34,4015.16
2025-03-26,5,31,3702.05
2025-03-27,5,28,3401.84
2025-03-28,5,48,5838.18
2025-03-29,5,31,3639.13
2025-03-30,5,15,1773.93
2025-03-31,5,36,4297.82
2025-04-01,5,39,4669.2
2025-04-02,5,32,3825.98
2025-04-03,5,34,3983.96
2025-04-04,5,43,5097.19
2025-04-05,5,29,3368.75
2025-04-06,5,14,1650.53
2025-04-07,5,28,3380.19
2025-04-08,5,55,6616.73
2025-04-09,5,49,5675.58
2025-04-10,5,55,6508.43
2025-04-11,5,28,3335.86
2025-04-12,5,40,4798.59
2025-04-13,5,18,2172.56
2025-04-14,5,32,3779.02
2025-04-15,5,50,6070.99
2025-04-16,5,37,4382.08
2025-04-17,5,31,3778.65
2025-04-18,5,41,4817.52
2025-04-19,5,45,5452.67
2025-04-20,5,26,3025.99
2025-04-21,5,46,5503.51
2025-04-22,5,53,6215.57
2025-04-23,5,60,7336.85
2025-04-24,5,43,5250.82
2025-04-25,5,42,5010.26
2025-04-26,5,27,3294.25
2025-04-27,5,23,2811.41
2025-04-28,5,36,4364.42
2025-04-29,5,45,5230.2
2025-04-30,5,53,6187.11
2025-05-01,5,41,4990.72
2025-05-02,5,55,6565.7
2025-05-03,5,42,5053.28
2025-05-04,5,29,3400.65
2025-05-05,5,46,5569.24
2025-05-06,5,52,6167.41
2025-05-07,5,40,4697.96
2025-05-08,5,39,4525.16
2025-05-09,5,41,4935.73
2025-05-10,5,35,4249.45
2025-05-11,5,15,1747.61
2025-05-12,5,36,4238.55
2025-05-13,5,43,5027.77
2025-05-14,5,56,6767.95
2025-05-15,5,48,5864.51
2025-05-16,5,77,8965.67
2025-05-17,5,37,4419.33
2025-05-18,5,20,2358.69
2025-05-19,5,57,6769.29
2025-05-20,5,42,4920.05
2025-05-21,5,50,6043.03
2025-05-22,5,49,5799.31
2025-05-23,5,41,4855.39
2025-05-24,5,44,5224.34
2025-05-25,5,22,2680.72
2025-05-26,5,48,5744.73
2025-05-27,5,46,5537.23
2025-05-28,5,30,3682.54
2025-05-29,5,63,7629.97
2025-05-30,5,46,5581.01
2025-05-31,5,60,7009.1
2025-06-01,5,18,2179.35
2025-06-02,5,34,3963.99
2025-06-03,5,56,6674.55
2025-06-04,5,38,4434.49
2025-06-05,5,30,3647.78
2025-06-06,5,30,3677.16
2025-06-07,5,41,4824.06
2025-06-08,5,27,3273.32
2025-06-09,5,34,3971.45
2025-06-10,5,58,6951.17
2025-06-11,5,42,5010.4
2025-06-12,5,45,5274.58
2025-06-13,5,63,7573.8
2025-06-14,5,47,5598.79
2025-06-15,5,21,2507.11
2025-06-16,5,37,4422.65
2025-06-17,5,38,4494.2
2025-06-18,5,31,3712.84
2025-06-19,5,52,6035.82
2025-06-20,5,64,7626.94
2025-06-21,5,44,5407.03
2025-06-22,5,17,2084.5
2025-06-23,5,50,5857.08
2025-06-24,5,48,5718.03
2025-06-25,5,48,5577.35
2025-06-26,5,47,5572.09
2025-06-27,5,61,7446.9
2025-06-28,5,37,4419.67
2025-06-29,5,22,2653.54
2025-06-30,5,47,5455.34
2025-07-01,5,30,3603.75
2025-07-02,5,22,2691.43
2025-07-03,5,33,3900.06
2025-07-04,5,35,4167.75
2025-07-05,5,42,5163.27
2025-07-06,5,17,2063.01
2025-07-07,5,34,4072.29
2025-07-08,5,29,3461.55
2025-07-09,5,28,3355.68
2025-07-10,5,39,4652.41
2025-07-11,5,26,3037.37
2025-07-12,5,30,3604.49
2025-07-13,5,24,2953.22
2025-07-14,5,38,4471.22
2025-07-15,5,26,3106.21
2025-07-16,5,33,3984.75
2025-07-17,5,40,4813.51
2025-07-18,5,41,4910.51
2025-07-19,5,27,3262.34
2025-07-20,5,24,2944.74
2025-07-21,5,45,5353.69
2025-07-22,5,35,4309.52
2025-07-23,5,48,5890.33
2025-07-24,5,24,2816.24
2025-07-25,5,49,5954.51
2025-07-26,5,21,2516.26
2025-07-27,5,23,2724.28
2025-07-28,5,38,4663.84
2025-07-29,5,29,3466.39
2025-07-30,5,57,6688.49
2025-07-31,5,38,4582.6
2025-08-01,5,25,3021.76
2025-08-02,5,34,4187.55
2025-08-03,5,16,1916.41
2025-08-04,5,39,4745.28
2025-08-05,5,35,4189.64
2025-08-06,5,37,4481.13
2025-08-07,5,30,3553.08
2025-08-08,5,54,6590.77
2025-08-09,5,29,3554.26
2025-08-10,5,15,1828.44
2025-08-11,5,38,4476.38
2025-08-12,5,35,4130.96
2025-08-13,5,39,4568.74
2025-08-14,5,33,3916.75
2025-08-15,5,37,4504.43
2025-08-16,5,31,3623.16
2025-08-17,5,15,1828.46
2025-08-18,5,37,4337.15
2025-08-19,5,37,4461.33
2025-08-20,5,46,5693.17
2025-08-21,5,35,4289.14
2025-08-22,5,35,4165.85
2025-08-23,5,31,3639.0
2025-08-24,5,9,1094.7
2025-08-25,5,40,4783.5
2025-08-26,5,48,5889.46
2025-08-27,5,27,3209.87
2025-08-28,5,41,4805.47
2025-08-29,5,40,4699.82
2025-08-30,5,38,4513.19
2025-08-31,5,19,2229.23
2025-09-01,5,22,2648.4
2025-09-02,5,31,3831.76
2025-09-03,5,29,3580.77
2025-09-04,5,33,4069.09
2025-09-05,5,33,3967.69
2025-09-06,5,30,3603.01
2025-09-07,5,21,2479.88
2025-09-08,5,23,2704.2
2025-09-09,5,39,4620.31
2025-09-10,5,35,4334.37
2025-09-11,5,42,5000.12
2025-09-12,5,37,4445.58
2025-09-13,5,35,4204.03
2025-09-14,5,15,1777.41
2025-09-15,5,24,2951.35
2025-09-16,5,24,2849.38
2025-09-17,5,30,3547.11
2025-09-18,5,30,3659.96
2025-09-19,5,30,3701.02
2025-09-20,5,21,2484.5
2025-09-21,5,17,2005.71
2025-09-22,5,46,5513.37
2025-09-23,5,23,2763.72
2025-09-24,5,32,3858.9
2025-09-25,5,39,4670.25
2025-09-26,5,37,4468.99
2025-09-27,5,42,5185.16
2025-09-28,5,19,2350.32
2025-09-29,5,41,4940.86
2025-09-30,5,42,5175.31
2025-10-01,5,37,4487.81
2025-10-02,5,34,4057.37
2025-10-03,5,35,4245.58
2025-10-04,5,25,3100.28
2025-10-05,5,15,1819.95
2025-10-06,5,28,3393.39
2025-10-07,5,45,5531.14
2025-10-08,5,38,4658.15
2025-10-09,5,43,5078.42
2025-10-10,5,44,5431.97
2025-10-11,5,10,1241.59
2025-10-12,5,19,2276.55
2025-10-13,5,55,6806.79
2025-10-14,5,39,4722.44
2025-10-15,5,35,4124.05
2025-10-16,5,27,3314.56
2025-10-17,5,32,3844.0
2025-10-18,5,23,2786.58
2025-10-19,5,11,1368.45
2025-10-20,5,33,4090.05
2025-10-21,5,21,2615.65
2025-10-22,5,28,3421.22
2025-10-23,5,29,3562.03
2025-10-24,5,37,4458.08
2025-10-25,5,18,2187.62
2025-10-26,5,18,2163.03
2025-10-27,5,36,4486.28
2025-10-28,5,31,3750.1
2025-10-29,5,36,4299.2
2025-10-30,5,36,4420.63
2025-10-31,5,32,3866.19
2025-11-01,5,35,4207.19
2025-11-02,5,23,2776.42
2025-11-03,5,39,4845.48
2025-11-04,5,44,5195.78
2025-11-05,5,49,5906.81
2025-11-06,5,33,3885.83
2025-11-07,5,42,5039.12
2025-11-08,5,29,3564.36
2025-11-09,5,23,2805.4
2025-11-10,5,52,6279.91
2025-11-11,5,41,5042.23
2025-11-12,5,37,4455.83
2025-11-13,5,28,3344.89
2025-11-14,5,39,4671.77
2025-11-15,5,23,2861.78
2025-11-16,5,17,2091.36
2025-11-17,5,35,4353.75
2025-11-18,5,40,4910.42
2025-11-19,5,31,3701.07
2025-11-20,5,24,2901.1
2025-11-21,5,36,4278.25
2025-11-22,5,45,5497.28
2025-11-23,5,13,1537.27
2025-11-24,5,30,3556.47
2025-11-25,5,39,4748.83
2025-11-26,5,42,5010.19
2025-11-27,5,39,4609.91
2025-11-28,5,45,5357.63
2025-11-29,5,33,3955.21
2025-11-30,5,20,2477.56
2025-12-01,5,41,4950.42
2025-12-02,5,28,3492.75
2025-12-03,5,40,4742.83
2025-12-04,5,48,5766.37
2025-12-05,5,37,4458.85
2025-12-06,5,44,5442.06
2025-12-07,5,17,2101.72
2025-12-08,5,47,5746.18
2025-12-09,5,59,7218.4
2025-12-10,5,57,6758.72
2025-12-11,5,37,4400.78
2025-12-12,5,34,4192.69
2025-12-13,5,41,5122.41
2025-12-14,5,20,2430.54
2025-12-15,5,51,6114.55
2025-12-16,5,37,4475.03
2025-12-17,5,42,5088.59
2025-12-18,5,34,4099.97
2025-12-19,5,32,3837.89
2025-12-20,5,39,4747.42
2025-12-21,5,23,2799.74
2025-12-22,5,38,4527.14
2025-12-23,5,35,4194.74
2025-12-24,5,46,5654.02
2025-12-25,5,42,5023.46
2025-12-26,5,58,7255.06
2025-12-27,5,44,5471.62
2025-12-28,5,14,1703.43
2025-12-29,5,51,6309.97
2025-12-30,5,44,5362.44
2025-12-31,5,50,6246.76
2026-01-01,5,59,7051.7
2026-01-02,5,18,2240.42
2026-01-03,5,35,4309.24
2026-01-04,5,16,1976.42
2026-01-05,5,30,3678.98
2026-01-06,5,34,4232.13
2026-01-07,5,40,4877.64
2026-01-08,5,40,4843.47
2026-01-09,5,32,3980.86
2026-01-10,5,26,3111.71
2026-01-11,5,20,2374.12
2026-01-12,5,38,4554.35
2026-01-13,5,29,3476.09
2026-01-14,5,35,4305.63
2026-01-15,5,28,3385.43
2026-01-16,5,26,3140.58
2026-01-17,5,26,3102.44
2026-01-18,5,11,1378.09
2026-01-19,5,29,3434.08
2026-01-20,5,31,3705.63
2026-01-21,5,39,4904.63
2026-01-22,5,33,4132.18
2026-01-23,5,34,4165.24
2026-01-24,5,33,4084.37
2026-01-25,5,18,2229.99
2026-01-26,5,32,3938.56
2026-01-27,5,38,4674.62
2026-01-28,5,26,3168.04
2026-01-29,5,44,5485.61
2026-01-30,5,43,5100.93
2026-01-31,5,31,3746.06
2026-02-01,5,21,2550.84
2026-02-02,5,26,3141.81
2026-02-03,5,50,6073.46
2026-02-04,5,35,4308.67
2026-02-05,5,40,4859.29
2026-02-06,5,38,4684.15
2026-02-07,5,27,3243.47
2026-02-08,5,24,2938.05
2026-02-09,5,35,4358.88
2026-02-10,5,35,4332.2
2026-02-11,5,30,3762.44
2026-02-12,5,43,5186.06
2026-02-13,5,41,4969.64
2026-02-14,5,31,3858.49
2026-02-15,5,19,2372.51
2026-02-16,5,49,6026.89
2026-02-17,5,32,3841.74
2026-02-18,5,26,3266.1
2026-02-19,5,24,3015.15
2026-02-20,5,37,4519.25
2026-02-21,5,30,3576.73
2026-02-22,5,15,1816.87
2026-02-23,5,50,6306.77
2026-02-24,5,36,4365.8
2026-02-25,5,30,3575.66
2026-02-26,5,36,4536.41
2026-02-27,5,41,5058.82
2026-02-28,5,33,4122.2
2026-03-01,5,17,2095.71
2026-03-02,5,35,4296.91
2026-03-03,5,49,5960.18
2026-03-04,5,44,5338.96
2026-03-05,5,47,5773.31
2026-03-06,5,37,4635.27
2026-03-07,5,41,5043.79
2026-03-08,5,20,2407.36
2026-03-09,5,34,4142.91
2026-03-10,5,33,4006.95
2026-03-11,5,47,5838.06
2026-03-12,5,46,5499.24
2026-03-13,5,34,4166.66
2026-03-14,5,51,6233.14
2026-03-15,5,21,2542.63
2026-03-16,5,34,4201.22
2026-03-17,5,33,3965.19
2026-03-18,5,40,5033.68
2026-03-19,5,35,4424.73
2026-03-20,5,47,5626.86
2026-03-21,5,40,4774.21
2026-03-22,5,17,2138.15
2026-03-23,5,39,4722.39
2026-03-24,5,43,5304.55
2026-03-25,5,46,5545.62
2026-03-26,5,41,5143.82
2026-03-27,5,39,4793.68
2026-03-28,5,32,3840.21
2026-03-29,5,8,967.37
2026-03-30,5,45,5618.72
2026-03-31,5,43,5443.6
2026-04-01,5,43,5430.87
2026-04-02,5,52,6575.47
2026-04-03,5,30,3642.17
2026-04-04,5,53,6440.67
2026-04-05,5,24,2877.08
2026-04-06,5,59,7213.32
2026-04-07,5,44,5273.54
2026-04-08,5,52,6467.83
2026-04-09,5,50,6304.34
2026-04-10,5,56,6691.14
2026-04-11,5,50,6296.73
2026-04-12,5,19,2301.33
2026-04-13,5,42,5098.22
2026-04-14,5,44,5371.19
2026-04-15,5,54,6768.95
2026-04-16,5,41,5082.31
2026-04-17,5,43,5364.68
2026-04-18,5,44,5575.82
2026-04-19,5,32,3863.22
2026-04-20,5,55,6912.13
2026-04-21,5,47,5683.46
2026-04-22,5,61,7607.88
2026-04-23,5,42,5066.31
2026-04-24,5,44,5356.05
2026-04-25,5,44,5341.36
2026-04-26,5,16,1921.8
2026-04-27,5,64,7995.76
2026-04-28,5,51,6244.53
2026-04-29,5,46,5575.66
2026-04-30,5,54,6815.17
2026-05-01,5,55,6634.67
2026-05-02,5,43,5291.99
2026-05-03,5,24,2975.28
2026-05-04,5,53,6660.06
2026-05-05,5,60,7467.51
2026-05-06,5,55,6725.14
2026-05-07,5,54,6605.96
2026-05-08,5,54,6862.88
2026-05-09,5,36,4428.57
2026-05-10,5,33,4033.02
2026-05-11,5,68,8446.79
2026-05-12,5,50,6328.52
2026-05-13,5,53,6613.68
2026-05-14,5,44,5283.9
2026-05-15,5,40,4860.93
2026-05-16,5,43,5274.88
2026-05-17,5,27,3315.65
2026-05-18,5,48,5933.29
2026-05-19,5,51,6242.17
2026-05-20,5,50,6060.26
2026-05-21,5,41,5167.23
2026-05-22,5,54,6513.35
2026-05-23,5,37,4657.64
2026-05-24,5,22,2702.61
2026-05-25,5,56,6910.55
2026-05-26,5,40,4981.71
2026-05-27,5,46,5524.36
2026-05-28,5,61,7575.35
2026-05-29,5,47,5754.58
2026-05-30,5,51,6361.3
2026-05-31,5,28,3551.9
2026-06-01,5,36,4329.56
2026-06-02,5,52,6281.62
2026-06-03,5,50,6040.63
2026-06-04,5,47,5966.22
2026-06-05,5,51,6234.06
2026-06-06,5,57,7022.14
2026-06-07,5,26,3147.01
2026-06-08,5,37,4619.78
2026-06-09,5,40,5076.06
2026-06-10,5,46,5687.4
2026-06-11,5,44,5421.47
2026-06-12,5,49,6133.59
2026-06-13,5,33,4097.89
2026-06-14,5,22,2744.55
2026-06-15,5,65,8203.49
2026-06-16,5,49,6146.82
2026-06-17,5,52,6291.18
2026-06-18,5,53,6504.59
2026-06-19,5,54,6499.34
2026-06-20,5,40,4889.67
2026-06-21,5,23,2821.83
2026-06-22,5,35,4381.05
2026-06-23,5,39,4926.52
2026-06-24,5,41,5143.32
2026-06-25,5,60,7635.08
2026-06-26,5,56,6831.37
2026-06-27,5,40,4863.35
2026-06-28,5,13,1616.87
2026-06-29,5,56,6992.46
2026-06-30,5,62,7622.56
2026-07-01,5,38,4706.13
2026-07-02,5,44,5307.45
2026-07-03,5,52,6272.65
2026-07-04,5,30,3647.87
2026-07-05,5,14,1755.59
2026-07-06,5,44,5398.56
2026-07-07,5,35,4400.71
2026-07-08,5,52,6591.22
2026-07-09,5,47,5833.81
2026-07-10,5,54,6755.52
2026-07-11,5,27,3293.18
2026-07-12,5,15,1826.96
2026-07-13,5,51,6388.39
2026-07-14,5,41,5007.12
2026-07-15,5,36,4370.47
2026-07-16,5,36,4588.11
2026-07-17,5,43,5388.96
2026-07-18,5,29,3569.97
2026-07-19,5,26,3138.09
2026-07-20,5,41,5040.31
2026-07-21,5,51,6168.34
2026-07-22,5,31,3881.6
2026-07-23,5,25,3185.49
2026-07-24,5,43,5466.44
2026-07-25,5,41,5133.28
2026-07-26,5,18,2186.0
2026-07-27,5,45,5729.21
2026-07-28,5,42,5225.61
2026-07-29,5,33,4083.64
2026-07-30,5,41,4969.06
2026-07-31,5,39,4989.46
2026-08-01,5,30,3749.56
2026-08-02,5,16,1958.8
2026-08-03,5,31,3826.97
2026-08-04,5,42,5190.22
2026-08-05,5,38,4761.74
2026-08-06,5,36,4566.61
2026-08-07,5,38,4601.75
2026-08-08,5,36,4475.23
2026-08-09,5,19,2413.94
2026-08-10,5,57,7178.05
2026-08-11,5,31,3909.18
2026-08-12,5,36,4422.27
2026-08-13,5,55,6806.71
2026-08-14,5,41,5152.87
2026-08-15,5,44,5627.2
2026-08-16,5,14,1790.46
2026-08-17,5,38,4683.36
2026-08-18,5,43,5201.0
2026-08-19,5,44,5411.34
2026-08-20,5,30,3717.1
2026-08-21,5,44,5407.32
2026-08-22,5,51,6518.59
2026-08-23,5,13,1574.89
2026-08-24,5,60,7525.01
2026-08-25,5,39,4976.53
2026-08-26,5,26,3241.85
2026-08-27,5,31,3877.38
2026-08-28,5,63,7952.19
2026-08-29,5,34,4277.43
2026-08-30,5,22,2826.52
2026-08-31,5,43,5221.43
2026-09-01,5,35,4366.49
2026-09-02,5,41,5060.59
2026-09-03,5,35,4325.46
2026-09-04,5,38,4818.13
2026-09-05,5,27,3398.95
2026-09-06,5,26,3182.86
2026-09-07,5,40,5034.06
2026-09-08,5,27,3282.77
2026-09-09,5,50,6181.6
2026-09-10,5,41,5051.52
2026-09-11,5,22,2767.1
2026-09-12,5,35,4471.08
2026-09-13,5,13,1584.51
2026-09-14,5,37,4638.42
2026-09-15,5,32,4086.98
2026-09-16,5,70,8854.39
2026-09-17,5,53,6753.01
2026-09-18,5,47,5926.48
2026-09-19,5,45,5649.67
2026-09-20,5,24,2920.35
2026-09-21,5,46,5637.94
2026-09-22,5,26,3248.75
2026-09-23,5,46,5718.01
2026-09-24,5,31,3926.33
2026-09-25,5,37,4503.88
2026-09-26,5,45,5476.17
2026-09-27,5,10,1216.25
2026-09-28,5,32,3942.25
2026-09-29,5,43,5238.86
2026-09-30,5,43,5338.98
2023-10-01,6,14,2106.43
2023-10-02,6,58,8752.88
2023-10-03,6,49,7288.07
2023-10-04,6,92,14176.57
2023-10-05,6,54,8166.06
2023-10-06,6,77,11650.68
2023-10-07,6,42,6331.25
2023-10-08,6,24,3571.4
2023-10-09,6,63,9887.33
2023-10-10,6,42,6434.17
2023-10-11,6,37,5629.59
2023-10-12,6,49,7306.66
2023-10-13,6,54,8347.76
2023-10-14,6,37,5750.38
2023-10-15,6,17,2574.98
2023-10-16,6,55,8349.05
2023-10-17,6,62,9521.32
2023-10-18,6,34,5191.87
2023-10-19,6,50,7762.12
2023-10-20,6,59,8842.86
2023-10-21,6,36,5640.32
2023-10-22,6,28,4356.32
2023-10-23,6,44,6887.56
2023-10-24,6,42,6532.56
2023-10-25,6,39,6145.6
2023-10-26,6,48,7550.5
2023-10-27,6,56,8456.45
2023-10-28,6,35,5227.21
2023-10-29,6,23,3544.85
2023-10-30,6,45,6842.17
2023-10-31,6,61,9284.56
2023-11-01,6,43,6719.79
2023-11-02,6,65,10217.59
2023-11-03,6,49,7581.65
2023-11-04,6,39,5859.94
2023-11-05,6,29,4495.32
2023-11-06,6,43,6639.82
2023-11-07,6,57,8780.72
2023-11-08,6,51,7929.02
2023-11-09,6,52,8045.64
2023-11-10,6,52,7848.86
2023-11-11,6,42,6385.09
2023-11-12,6,32,4792.04
2023-11-13,6,54,8493.38
2023-11-14,6,62,9780.95
2023-11-15,6,43,6738.46
2023-11-16,6,45,6856.66
2023-11-17,6,53,8215.68
2023-11-18,6,55,8351.46
2023-11-19,6,29,4531.91
2023-11-20,6,39,6126.37
2023-11-21,6,37,5819.66
2023-11-22,6,56,8506.71
2023-11-23,6,44,6707.1
2023-11-24,6,46,7139.8
2023-11-25,6,54,8158.67
2023-11-26,6,28,4195.8
2023-11-27,6,49,7497.79
2023-11-28,6,30,4518.13
2023-11-29,6,70,10804.57
2023-11-30,6,44,6925.24
2023-12-01,6,44,6690.81
2023-12-02,6,55,8710.15
2023-12-03,6,19,2913.47
2023-12-04,6,66,10192.02
2023-12-05,6,44,6638.79
2023-12-06,6,61,9141.15
2023-12-07,6,72,11210.46
2023-12-08,6,46,7228.57
2023-12-09,6,55,8381.36
2023-12-10,6,25,3823.48
2023-12-11,6,60,9380.31
2023-12-12,6,48,7346.93
2023-12-13,6,76,11392.22
2023-12-14,6,51,7874.31
2023-12-15,6,45,7097.68
2023-12-16,6,36,5486.01
2023-12-17,6,19,2930.23
2023-12-18,6,36,5619.91
2023-12-19,6,56,8559.34
2023-12-20,6,54,8331.03
2023-12-21,6,62,9668.3
2023-12-22,6,57,8782.13
2023-12-23,6,52,8081.23
2023-12-24,6,32,4913.78
2023-12-25,6,60,9208.31
2023-12-26,6,84,12693.89
2023-12-27,6,38,5780.26
2023-12-28,6,53,8054.14
2023-12-29,6,57,8897.47
2023-12-30,6,40,6150.84
2023-12-31,6,33,5011.27
2024-01-01,6,51,8028.09
2024-01-02,6,43,6622.79
2024-01-03,6,34,5310.91
2024-01-04,6,102,16043.83
2024-01-05,6,49,7537.93
2024-01-06,6,42,6557.17
2024-01-07,6,17,2556.71
2024-01-08,6,71,11016.89
2024-01-09,6,44,6662.92
2024-01-10,6,46,7025.06
2024-01-11,6,52,8250.66
2024-01-12,6,62,9599.94
2024-01-13,6,35,5359.94
2024-01-14,6,18,2854.55
2024-01-15,6,45,6910.47
2024-01-16,6,45,6825.63
2024-01-17,6,48,7489.17
2024-01-18,6,43,6812.21
2024-01-19,6,49,7611.09
2024-01-20,6,29,4528.38
2024-01-21,6,28,4292.28
2024-01-22,6,67,10180.81
2024-01-23,6,56,8555.78
2024-01-24,6,51,7971.1
2024-01-25,6,44,6693.76
2024-01-26,6,37,5813.22
2024-01-27,6,41,6222.75
2024-01-28,6,19,2986.94
2024-01-29,6,40,6138.61
2024-01-30,6,51,7884.08
2024-01-31,6,51,7901.56
2024-02-01,6,48,7565.4
2024-02-02,6,60,9555.65
2024-02-03,6,25,3917.7
2024-02-04,6,23,3512.59
2024-02-05,6,54,8204.44
2024-02-06,6,51,8076.56
2024-02-07,6,67,10393.14
2024-02-08,6,58,8824.7
2024-02-09,6,51,7723.87
2024-02-10,6,38,5865.22
2024-02-11,6,22,3353.27
2024-02-12,6,43,6690.66
2024-02-13,6,59,9336.95
2024-02-14,6,54,8157.13
2024-02-15,6,53,8458.72
2024-02-16,6,37,5591.37
2024-02-17,6,56,8447.54
2024-02-18,6,25,3788.86
2024-02-19,6,53,8281.41
2024-02-20,6,39,6236.83
2024-02-21,6,46,7117.32
2024-02-22,6,60,9123.84
2024-02-23,6,47,7118.65
2024-02-24,6,31,4960.79
2024-02-25,6,20,3162.52
2024-02-26,6,25,3818.97
2024-02-27,6,54,8288.51
2024-02-28,6,49,7833.41
2024-02-29,6,60,9449.06
2024-03-01,6,43,6633.58
2024-03-02,6,44,6692.36
2024-03-03,6,22,3441.89
2024-03-04,6,36,5688.18
2024-03-05,6,58,9101.66
2024-03-06,6,46,7229.32
2024-03-07,6,63,9567.45
2024-03-08,6,58,9287.07
2024-03-09,6,46,7192.03
2024-03-10,6,22,3384.57
2024-03-11,6,52,8180.48
2024-03-12,6,42,6654.47
2024-03-13,6,54,8563.1
2024-03-14,6,55,8824.78
2024-03-15,6,54,8182.91
2024-03-16,6,57,8835.0
2024-03-17,6,21,3260.66
2024-03-18,6,52,7893.84
2024-03-19,6,53,8243.37
2024-03-20,6,45,7117.39
2024-03-21,6,47,7304.13
2024-03-22,6,57,8923.4
2024-03-23,6,33,5191.69
2024-03-24,6,24,3694.55
2024-03-25,6,39,6117.17
2024-03-26,6,44,7067.3
2024-03-27,6,71,11286.11
2024-03-28,6,61,9369.31
2024-03-29,6,51,7879.73
2024-03-30,6,44,6944.7
2024-03-31,6,26,3943.56
2024-04-01,6,49,7660.9
2024-04-02,6,57,8671.46
2024-04-03,6,63,10088.95
2024-04-04,6,52,8068.3
2024-04-05,6,51,8095.91
2024-04-06,6,54,8554.49
2024-04-07,6,31,4872.9
2024-04-08,6,81,12576.52
2024-04-09,6,64,9845.42
2024-04-10,6,44,6885.2
2024-04-11,6,60,9222.52
2024-04-12,6,65,10435.68
2024-04-13,6,64,10053.32
2024-04-14,6,23,3597.94
2024-04-15,6,57,8826.66
2024-04-16,6,49,7632.68
2024-04-17,6,39,5983.3
2024-04-18,6,55,8687.86
2024-04-19,6,50,7700.91
2024-04-20,6,41,6417.22
2024-04-21,6,18,2870.07
2024-04-22,6,70,10998.54
2024-04-23,6,51,7745.82
2024-04-24,6,64,10084.96
2024-04-25,6,56,8989.48
2024-04-26,6,58,8860.61
2024-04-27,6,50,7801.82
2024-04-28,6,33,5195.21
2024-04-29,6,48,7453.96
2024-04-30,6,62,9622.62
2024-05-01,6,58,9115.18
2024-05-02,6,63,9653.91
2024-05-03,6,48,7395.44
2024-05-04,6,71,11179.41
2024-05-05,6,34,5178.78
2024-05-06,6,75,11647.54
2024-05-07,6,61,9786.11
2024-05-08,6,67,10205.9
2024-05-09,6,55,8831.36
2024-05-10,6,57,9042.01
2024-05-11,6,46,7045.16
2024-05-12,6,33,5247.33
2024-05-13,6,97,15154.05
2024-05-14,6,80,12351.41
2024-05-15,6,80,12854.57
2024-05-16,6,51,8221.7
2024-05-17,6,67,10680.15
2024-05-18,6,60,9682.8
2024-05-19,6,33,5121.37
2024-05-20,6,73,11318.45
2024-05-21,6,60,9306.53
2024-05-22,6,48,7573.74
2024-05-23,6,45,7156.55
2024-05-24,6,88,13620.78
2024-05-25,6,44,6883.95
2024-05-26,6,34,5478.61
2024-05-27,6,67,10724.09
2024-05-28,6,44,6831.88
2024-05-29,6,54,8355.3
2024-05-30,6,52,8306.66
2024-05-31,6,51,8204.14
2024-06-01,6,47,7351.61
2024-06-02,6,35,5352.61
2024-06-03,6,75,11569.28
2024-06-04,6,74,11828.38
2024-06-05,6,61,9671.44
2024-06-06,6,65,10141.03
2024-06-07,6,59,9023.02
2024-06-08,6,40,6110.89
2024-06-09,6,38,5862.04
2024-06-10,6,59,9232.8
2024-06-11,6,52,8408.58
2024-06-12,6,65,10412.2
2024-06-13,6,65,10366.61
2024-06-14,6,57,9081.05
2024-06-15,6,46,7074.62
2024-06-16,6,22,3426.03
2024-06-17,6,53,8181.54
2024-06-18,6,50,8099.08
2024-06-19,6,71,11319.84
2024-06-20,6,69,10773.95
2024-06-21,6,56,8807.28
2024-06-22,6,49,7494.97
2024-06-23,6,16,2575.94
2024-06-24,6,54,8460.43
2024-06-25,6,53,8536.28
2024-06-26,6,66,10229.01
2024-06-27,6,69,11022.94
2024-06-28,6,60,9612.97
2024-06-29,6,35,5556.95
2024-06-30,6,21,3338.06
2024-07-01,6,63,9749.25
2024-07-02,6,47,7319.19
2024-07-03,6,46,7141.29
2024-07-04,6,65,10394.15
2024-07-05,6,54,8673.97
2024-07-06,6,48,7563.59
2024-07-07,6,36,5543.72
2024-07-08,6,47,7587.95
2024-07-09,6,54,8549.05
2024-07-10,6,43,6897.42
2024-07-11,6,48,7714.59
2024-07-12,6,41,6362.49
2024-07-13,6,39,6226.54
2024-07-14,6,21,3266.22
2024-07-15,6,43,6776.96
2024-07-16,6,50,8045.38
2024-07-17,6,54,8515.04
2024-07-18,6,39,6188.23
2024-07-19,6,66,10228.05
2024-07-20,6,42,6705.34
2024-07-21,6,16,2579.89
2024-07-22,6,57,8811.36
2024-07-23,6,53,8557.66
2024-07-24,6,53,8336.47
2024-07-25,6,40,6274.05
2024-07-26,6,62,9767.62
2024-07-27,6,48,7415.08
2024-07-28,6,20,3215.54
2024-07-29,6,44,6973.49
2024-07-30,6,47,7480.2
2024-07-31,6,33,5274.17
2024-08-01,6,61,9638.87
2024-08-02,6,44,6788.8
2024-08-03,6,45,7316.77
2024-08-04,6,21,3320.24
2024-08-05,6,54,8323.92
2024-08-06,6,52,8192.96
2024-08-07,6,71,11411.78
2024-08-08,6,65,10395.95
2024-08-09,6,56,8969.61
2024-08-10,6,37,5758.11
2024-08-11,6,30,4696.76
2024-08-12,6,51,8187.8
2024-08-13,6,65,10103.57
2024-08-14,6,43,6673.02
2024-08-15,6,60,9453.76
2024-08-16,6,51,8272.07
2024-08-17,6,44,6991.72
2024-08-18,6,16,2538.95
2024-08-19,6,51,8143.56
2024-08-20,6,62,9555.28
2024-08-21,6,43,6690.66
2024-08-22,6,62,9648.96
2024-08-23,6,34,5519.12
2024-08-24,6,46,7507.93
2024-08-25,6,24,3889.3
2024-08-26,6,56,8750.84
2024-08-27,6,56,8644.37
2024-08-28,6,51,8207.05
2024-08-29,6,48,7716.63
2024-08-30,6,56,8716.41
2024-08-31,6,45,7050.83
2024-09-01,6,25,4054.04
2024-09-02,6,57,9137.36
2024-09-03,6,28,4386.65
2024-09-04,6,66,10259.6
2024-09-05,6,40,6305.35
2024-09-06,6,56,8954.01
2024-09-07,6,41,6621.38
2024-09-08,6,19,3009.91
2024-09-09,6,40,6463.79
2024-09-10,6,49,7636.16
2024-09-11,6,49,7738.43
2024-09-12,6,40,6391.41
2024-09-13,6,44,6941.12
2024-09-14,6,41,6386.54
2024-09-15,6,29,4667.06
2024-09-16,6,53,8593.33
2024-09-17,6,49,7729.42
2024-09-18,6,39,6231.54
2024-09-19,6,44,7079.72
2024-09-20,6,55,9002.31
2024-09-21,6,39,6239.1
2024-09-22,6,24,3759.24
2024-09-23,6,48,7785.66
2024-09-24,6,32,5075.4
2024-09-25,6,56,9042.15
2024-09-26,6,57,9121.4
2024-09-27,6,37,6016.09
2024-09-28,6,27,4341.96
2024-09-29,6,19,3046.88
2024-09-30,6,38,6173.93
2024-10-01,6,40,6309.1
2024-10-02,6,38,6005.43
2024-10-03,6,56,8733.42
2024-10-04,6,47,7394.22
2024-10-05,6,35,5695.47
2024-10-06,6,26,4157.54
2024-10-07,6,44,7092.97
2024-10-08,6,56,8830.33
2024-10-09,6,38,6153.55
2024-10-10,6,67,10446.93
2024-10-11,6,43,6886.85
2024-10-12,6,39,6194.44
2024-10-13,6,16,2579.16
2024-10-14,6,49,7904.82
2024-10-15,6,41,6389.74
2024-10-16,6,26,4200.0
2024-10-17,6,53,8278.61
2024-10-18,6,55,8573.05
2024-10-19,6,43,7048.88
2024-10-20,6,26,4061.93
2024-10-21,6,39,6307.43
2024-10-22,6,46,7216.19
2024-10-23,6,51,8134.78
2024-10-24,6,43,6834.97
2024-10-25,6,51,8308.56
2024-10-26,6,51,8073.15
2024-10-27,6,30,4688.03
2024-10-28,6,43,7044.83
2024-10-29,6,46,7171.49
2024-10-30,6,36,5647.61
2024-10-31,6,42,6825.95
2024-11-01,6,58,9282.78
2024-11-02,6,38,5887.3
2024-11-03,6,24,3777.81
2024-11-04,6,45,7064.2
2024-11-05,6,55,8748.14
2024-11-06,6,52,8253.57
2024-11-07,6,38,6029.27
2024-11-08,6,43,6889.58
2024-11-09,6,47,7619.7
2024-11-10,6,24,3902.83
2024-11-11,6,62,9714.65
2024-11-12,6,64,10190.2
2024-11-13,6,42,6841.11
2024-11-14,6,44,7111.73
2024-11-15,6,55,8551.37
2024-11-16,6,44,6833.65
2024-11-17,6,29,4723.79
2024-11-18,6,70,11220.65
2024-11-19,6,48,7826.99
2024-11-20,6,46,7321.06
2024-11-21,6,48,7553.86
2024-11-22,6,32,5099.57
2024-11-23,6,52,8246.28
2024-11-24,6,31,4838.89
2024-11-25,6,59,9565.35
2024-11-26,6,37,5993.82
2024-11-27,6,40,6330.42
2024-11-28,6,45,7177.07
2024-11-29,6,40,6572.13
2024-11-30,6,28,4387.97
2024-12-01,6,32,5125.56
2024-12-02,6,67,10750.8
2024-12-03,6,46,7216.95
2024-12-04,6,75,11699.12
2024-12-05,6,76,12289.95
2024-12-06,6,49,7764.06
2024-12-07,6,44,7209.22
2024-12-08,6,36,5833.89
2024-12-09,6,40,6273.33
2024-12-10,6,58,9348.59
2024-12-11,6,69,11079.11
2024-12-12,6,58,9061.06
2024-12-13,6,52,8529.15
2024-12-14,6,51,8332.94
2024-12-15,6,25,3926.77
2024-12-16,6,50,7997.4
2024-12-17,6,65,10742.0
2024-12-18,6,46,7463.8
2024-12-19,6,76,12391.02
2024-12-20,6,50,8036.02
2024-12-21,6,56,8740.92
2024-12-22,6,33,5300.4
2024-12-23,6,58,9365.62
2024-12-24,6,60,9579.93
2024-12-25,6,40,6374.07
2024-12-26,6,44,6856.31
2024-12-27,6,56,8779.9
2024-12-28,6,62,10229.04
2024-12-29,6,24,3747.85
2024-12-30,6,66,10666.74
2024-12-31,6,61,9922.93
2025-01-01,6,55,8877.19
2025-01-02,6,43,7086.08
2025-01-03,6,38,6030.55
2025-01-04,6,44,7182.45
2025-01-05,6,16,2548.05
2025-01-06,6,45,7137.93
2025-01-07,6,51,8293.81
2025-01-08,6,54,8600.86
2025-01-09,6,59,9273.87
2025-01-10,6,63,10352.42
2025-01-11,6,43,6949.79
2025-01-12,6,19,3055.05
2025-01-13,6,62,9745.91
2025-01-14,6,47,7670.81
2025-01-15,6,55,8884.15
2025-01-16,6,48,7494.9
2025-01-17,6,61,9790.36
2025-01-18,6,39,6234.27
2025-01-19,6,25,4098.72
2025-01-20,6,58,9262.7
2025-01-21,6,52,8266.73
2025-01-22,6,51,8237.79
2025-01-23,6,43,6951.35
2025-01-24,6,75,11923.28
2025-01-25,6,35,5685.48
2025-01-26,6,14,2258.52
2025-01-27,6,45,7405.23
2025-01-28,6,57,9031.65
2025-01-29,6,55,8758.72
2025-01-30,6,53,8710.72
2025-01-31,6,44,7290.04
2025-02-01,6,44,7075.17
2025-02-02,6,27,4374.69
2025-02-03,6,40,6525.94
2025-02-04,6,34,5398.33
2025-02-05,6,38,6237.04
2025-02-06,6,50,8288.85
2025-02-07,6,52,8557.95
2025-02-08,6,42,6788.49
2025-02-09,6,25,4018.34
2025-02-10,6,42,6882.25
2025-02-11,6,56,9069.19
2025-02-12,6,50,8072.2
2025-02-13,6,65,10255.69
2025-02-14,6,47,7398.42
2025-02-15,6,41,6462.73
2025-02-16,6,25,4074.0
2025-02-17,6,44,7186.39
2025-02-18,6,41,6651.93
2025-02-19,6,48,7746.25
2025-02-20,6,41,6450.58
2025-02-21,6,45,7299.93
2025-02-22,6,33,5198.19
2025-02-23,6,13,2129.73
2025-02-24,6,36,5686.26
2025-02-25,6,38,6049.98
2025-02-26,6,41,6566.65
2025-02-27,6,46,7266.16
2025-02-28,6,59,9740.83
2025-03-01,6,47,7464.04
2025-03-02,6,30,4801.96
2025-03-03,6,66,10544.35
2025-03-04,6,64,10214.9
2025-03-05,6,69,10885.53
2025-03-06,6,58,9290.92
2025-03-07,6,47,7446.64
2025-03-08,6,44,6923.22
2025-03-09,6,18,2845.31
2025-03-10,6,49,7772.55
2025-03-11,6,47,7532.54
2025-03-12,6,57,8976.81
2025-03-13,6,47,7484.42
2025-03-14,6,58,9236.71
2025-03-15,6,48,7558.34
2025-03-16,6,31,4966.16
2025-03-17,6,56,9159.18
2025-03-18,6,44,6933.02
2025-03-19,6,59,9572.38
2025-03-20,6,52,8582.26
2025-03-21,6,41,6675.41
2025-03-22,6,52,8629.15
2025-03-23,6,23,3740.16
2025-03-24,6,66,10580.0
2025-03-25,6,43,7116.57
2025-03-26,6,43,6929.79
2025-03-27,6,46,7428.99
2025-03-28,6,58,9125.55
2025-03-29,6,58,9154.17
2025-03-30,6,25,4129.06
2025-03-31,6,54,8817.32
2025-04-01,6,64,10518.55
2025-04-02,6,51,8036.32
2025-04-03,6,78,12694.58
2025-04-04,6,39,6253.79
2025-04-05,6,36,5885.08
2025-04-06,6,37,6004.88
2025-04-07,6,47,7636.1
2025-04-08,6,47,7541.5
2025-04-09,6,48,7634.84
2025-04-10,6,45,7125.95
2025-04-11,6,57,9502.23
2025-04-12,6,39,6267.93
2025-04-13,6,25,4031.35
2025-04-14,6,60,9781.81
2025-04-15,6,49,7757.49
2025-04-16,6,50,7960.34
2025-04-17,6,73,11611.01
2025-04-18,6,61,9668.64
2025-04-19,6,40,6564.38
2025-04-20,6,26,4240.15
2025-04-21,6,69,11202.25
2025-04-22,6,57,9423.32
2025-04-23,6,54,8847.49
2025-04-24,6,49,7798.37
2025-04-25,6,73,11958.12
2025-04-26,6,53,8799.67
2025-04-27,6,18,2856.99
2025-04-28,6,56,9182.57
2025-04-29,6,58,9175.1
2025-04-30,6,71,11614.58
2025-05-01,6,73,11792.57
2025-05-02,6,90,14389.76
2025-05-03,6,58,9188.01
2025-05-04,6,34,5628.14
2025-05-05,6,64,10319.79
2025-05-06,6,69,10971.78
2025-05-07,6,72,11527.87
2025-05-08,6,84,13956.31
2025-05-09,6,62,10286.2
2025-05-10,6,66,10954.69
2025-05-11,6,26,4128.85
2025-05-12,6,76,12646.9
2025-05-13,6,58,9419.18
2025-05-14,6,68,10808.46
2025-05-15,6,62,10336.08
2025-05-16,6,63,10305.39
2025-05-17,6,58,9238.29
2025-05-18,6,35,5692.5
2025-05-19,6,74,11749.14
2025-05-20,6,48,8032.44
2025-05-21,6,76,12485.16
2025-05-22,6,64,10683.98
2025-05-23,6,59,9820.67
2025-05-24,6,51,8285.15
2025-05-25,6,19,3087.75
2025-05-26,6,77,12280.88
2025-05-27,6,54,8961.16
2025-05-28,6,73,11839.82
2025-05-29,6,57,9247.5
2025-05-30,6,63,10150.01
2025-05-31,6,56,9253.75
2025-06-01,6,34,5526.79
2025-06-02,6,62,10295.96
2025-06-03,6,56,9122.83
2025-06-04,6,70,11254.54
2025-06-05,6,42,6907.82
2025-06-06,6,64,10442.77
2025-06-07,6,39,6544.85
2025-06-08,6,27,4493.0
2025-06-09,6,45,7507.36
2025-06-10,6,61,9756.65
2025-06-11,6,89,14370.19
2025-06-12,6,75,12072.87
2025-06-13,6,54,8798.63
2025-06-14,6,47,7453.25
2025-06-15,6,25,4042.99
2025-06-16,6,82,13081.96
2025-06-17,6,59,9580.65
2025-06-18,6,78,12488.85
2025-06-19,6,53,8476.22
2025-06-20,6,62,9952.45
2025-06-21,6,42,7043.52
2025-06-22,6,33,5265.9
2025-06-23,6,60,9820.61
2025-06-24,6,69,11329.25
2025-06-25,6,61,9938.87
2025-06-26,6,69,11134.26
2025-06-27,6,76,12743.79
2025-06-28,6,42,6708.54
2025-06-29,6,24,3999.27
2025-06-30,6,60,9610.45
2025-07-01,6,54,8590.93
2025-07-02,6,57,9122.6
2025-07-03,6,45,7224.95
2025-07-04,6,64,10397.72
2025-07-05,6,53,8893.48
2025-07-06,6,22,3587.14
2025-07-07,6,70,11534.69
2025-07-08,6,75,11948.08
2025-07-09,6,55,9056.57
2025-07-10,6,57,9216.63
2025-07-11,6,44,7197.97
2025-07-12,6,73,11620.8
2025-07-13,6,30,4938.82
2025-07-14,6,35,5755.07
2025-07-15,6,71,11821.05
2025-07-16,6,56,9185.47
2025-07-17,6,24,4050.5
2025-07-18,6,64,10231.97
2025-07-19,6,46,7340.93
2025-07-20,6,25,4125.19
2025-07-21,6,54,8748.97
2025-07-22,6,28,4558.26
2025-07-23,6,61,9827.01
2025-07-24,6,67,11198.11
2025-07-25,6,44,7419.12
2025-07-26,6,35,5709.47
2025-07-27,6,36,5766.46
2025-07-28,6,49,8281.16
2025-07-29,6,53,8819.55
2025-07-30,6,38,6417.6
2025-07-31,6,69,11210.25
2025-08-01,6,42,7067.29
2025-08-02,6,50,8263.48
2025-08-03,6,31,5085.03
2025-08-04,6,54,9021.15
2025-08-05,6,46,7760.18
2025-08-06,6,46,7628.42
2025-08-07,6,55,9196.73
2025-08-08,6,40,6568.45
2025-08-09,6,31,4961.62
2025-08-10,6,23,3796.82
2025-08-11,6,45,7304.79
2025-08-12,6,49,7884.68
2025-08-13,6,55,9194.13
2025-08-14,6,40,6481.21
2025-08-15,6,35,5728.89
2025-08-16,6,34,5703.52
2025-08-17,6,16,2637.8
2025-08-18,6,64,10808.56
2025-08-19,6,44,7375.78
2025-08-20,6,57,9107.04
2025-08-21,6,48,8102.21
2025-08-22,6,49,7980.1
2025-08-23,6,37,6157.41
2025-08-24,6,30,4862.68
2025-08-25,6,46,7435.74
2025-08-26,6,54,8759.13
2025-08-27,6,50,8198.67
2025-08-28,6,43,7209.55
2025-08-29,6,54,9096.8
2025-08-30,6,37,5948.84
2025-08-31,6,14,2249.61
2025-09-01,6,52,8793.33
2025-09-02,6,55,9174.07
2025-09-03,6,48,7946.23
2025-09-04,6,41,6754.01
2025-09-05,6,88,14820.66
2025-09-06,6,48,8055.18
2025-09-07,6,22,3671.11
2025-09-08,6,36,6079.18
2025-09-09,6,60,10190.51
2025-09-10,6,59,9885.6
2025-09-11,6,45,7243.15
2025-09-12,6,37,6066.85
2025-09-13,6,36,5960.58
2025-09-14,6,23,3795.38
2025-09-15,6,49,7878.56
2025-09-16,6,74,12322.06
2025-09-17,6,51,8578.41
2025-09-18,6,47,7840.93
2025-09-19,6,50,8089.23
2025-09-20,6,46,7380.84
2025-09-21,6,14,2265.73
2025-09-22,6,43,7098.13
2025-09-23,6,53,8517.77
2025-09-24,6,55,8941.4
2025-09-25,6,45,7214.84
2025-09-26,6,38,6266.98
2025-09-27,6,39,6426.93
2025-09-28,6,17,2865.64
2025-09-29,6,56,9040.94
2025-09-30,6,51,8481.42
2025-10-01,6,56,9510.68
2025-10-02,6,51,8483.46
2025-10-03,6,59,9697.17
2025-10-04,6,40,6608.86
2025-10-05,6,23,3901.07
2025-10-06,6,62,10259.74
2025-10-07,6,46,7425.2
2025-10-08,6,47,7787.42
2025-10-09,6,41,6676.17
2025-10-10,6,52,8733.34
2025-10-11,6,57,9171.09
2025-10-12,6,20,3362.19
2025-10-13,6,57,9255.47
2025-10-14,6,40,6705.05
2025-10-15,6,45,7558.2
2025-10-16,6,50,8151.63
2025-10-17,6,41,6837.75
2025-10-18,6,44,7157.83
2025-10-19,6,25,4110.07
2025-10-20,6,39,6543.15
2025-10-21,6,41,6666.25
2025-10-22,6,40,6734.47
2025-10-23,6,57,9391.57
2025-10-24,6,43,6994.36
2025-10-25,6,43,6924.0
2025-10-26,6,21,3465.87
2025-10-27,6,41,6841.21
2025-10-28,6,37,6098.04
2025-10-29,6,50,8326.73
2025-10-30,6,47,7574.6
2025-10-31,6,61,9873.91
2025-11-01,6,34,5490.04
2025-11-02,6,17,2854.06
2025-11-03,6,46,7541.77
2025-11-04,6,53,8550.21
2025-11-05,6,59,9816.87
2025-11-06,6,51,8220.22
2025-11-07,6,46,7412.53
2025-11-08,6,30,5045.01
2025-11-09,6,24,3866.28
2025-11-10,6,48,8112.66
2025-11-11,6,52,8846.85
2025-11-12,6,52,8375.48
2025-11-13,6,56,9373.72
2025-11-14,6,44,7485.58
2025-11-15,6,36,6129.16
2025-11-16,6,24,3908.9
2025-11-17,6,58,9444.27
2025-11-18,6,55,9101.04
2025-11-19,6,61,10317.77
2025-11-20,6,54,8815.97
2025-11-21,6,48,8174.83
2025-11-22,6,40,6545.73
2025-11-23,6,24,3894.28
2025-11-24,6,46,7626.63
2025-11-25,6,50,8321.06
2025-11-26,6,35,5714.86
2025-11-27,6,45,7467.16
2025-11-28,6,56,9160.05
2025-11-29,6,34,5754.04
2025-11-30,6,25,4236.88
2025-12-01,6,46,7791.66
2025-12-02,6,44,7339.61
2025-12-03,6,63,10405.31
2025-12-04,6,46,7686.93
2025-12-05,6,60,10263.22
2025-12-06,6,52,8394.89
2025-12-07,6,21,3469.56
2025-12-08,6,57,9261.47
2025-12-09,6,64,10574.54
2025-12-10,6,60,9724.07
2025-12-11,6,60,10118.49
2025-12-12,6,67,11118.38
2025-12-13,6,45,7536.16
2025-12-14,6,31,5161.99
2025-12-15,6,61,9955.98
2025-12-16,6,49,8133.86
2025-12-17,6,62,10068.18
2025-12-18,6,68,11631.14
2025-12-19,6,44,7365.48
2025-12-20,6,75,12246.07
2025-12-21,6,25,4269.95
2025-12-22,6,54,8910.08
2025-12-23,6,52,8637.07
2025-12-24,6,71,11715.85
2025-12-25,6,51,8327.98
2025-12-26,6,52,8618.05
2025-12-27,6,43,7181.43
2025-12-28,6,27,4457.25
2025-12-29,6,70,11874.46
2025-12-30,6,56,9362.78
2025-12-31,6,44,7478.44
2026-01-01,6,61,10341.79
2026-01-02,6,41,6761.17
2026-01-03,6,47,8018.12
2026-01-04,6,18,3001.4
2026-01-05,6,44,7367.12
2026-01-06,6,68,11082.67
2026-01-07,6,69,11807.65
2026-01-08,6,42,7080.16
2026-01-09,6,56,9579.77
2026-01-10,6,60,9769.8
2026-01-11,6,36,5837.08
2026-01-12,6,55,9290.92
2026-01-13,6,46,7555.95
2026-01-14,6,61,10175.35
2026-01-15,6,42,7084.21
2026-01-16,6,40,6486.77
2026-01-17,6,34,5821.81
2026-01-18,6,22,3645.46
2026-01-19,6,32,5267.72
2026-01-20,6,48,8092.07
2026-01-21,6,46,7697.89
2026-01-22,6,46,7546.81
2026-01-23,6,56,9146.55
2026-01-24,6,38,6325.46
2026-01-25,6,23,3857.75
2026-01-26,6,55,9053.9
2026-01-27,6,37,6309.65
2026-01-28,6,55,9288.18
2026-01-29,6,55,9175.65
2026-01-30,6,53,8938.04
2026-01-31,6,35,5906.72
2026-02-01,6,30,5156.14
2026-02-02,6,36,6196.78
2026-02-03,6,33,5487.29
2026-02-04,6,41,6813.98
2026-02-05,6,51,8791.75
2026-02-06,6,51,8551.44
2026-02-07,6,43,7002.87
2026-02-08,6,26,4370.21
2026-02-09,6,42,6920.51
2026-02-10,6,37,6249.18
2026-02-11,6,70,11849.82
2026-02-12,6,39,6381.07
2026-02-13,6,40,6806.53
2026-02-14,6,38,6252.75
2026-02-15,6,28,4704.03
2026-02-16,6,51,8564.4
2026-02-17,6,51,8664.33
2026-02-18,6,31,5192.05
2026-02-19,6,58,9577.93
2026-02-20,6,38,6500.28
2026-02-21,6,42,7029.9
2026-02-22,6,27,4520.58
2026-02-23,6,57,9364.01
2026-02-24,6,45,7717.49
2026-02-25,6,49,8023.63
2026-02-26,6,42,6856.08
2026-02-27,6,94,16031.93
2026-02-28,6,45,7722.43
2026-03-01,6,25,4297.78
2026-03-02,6,47,7709.82
2026-03-03,6,53,8744.66
2026-03-04,6,53,8788.77
2026-03-05,6,64,10867.25
2026-03-06,6,49,8210.65
2026-03-07,6,55,8979.28
2026-03-08,6,30,5071.05
2026-03-09,6,69,11913.3
2026-03-10,6,53,9155.61
2026-03-11,6,52,8825.7
2026-03-12,6,45,7596.28
2026-03-13,6,51,8718.91
2026-03-14,6,56,9615.44
2026-03-15,6,25,4153.32
2026-03-16,6,54,9068.5
2026-03-17,6,35,5853.85
2026-03-18,6,72,12283.94
2026-03-19,6,52,8868.66
2026-03-20,6,53,8860.07
2026-03-21,6,50,8204.22
2026-03-22,6,29,4826.93
2026-03-23,6,59,9875.2
2026-03-24,6,47,8124.35
2026-03-25,6,47,7690.17
2026-03-26,6,38,6450.7
2026-03-27,6,32,5334.69
2026-03-28,6,40,6672.92
2026-03-29,6,25,4112.02
2026-03-30,6,43,7104.67
2026-03-31,6,68,11130.74
2026-04-01,6,51,8556.89
2026-04-02,6,60,9993.46
2026-04-03,6,41,6839.42
2026-04-04,6,53,8839.98
2026-04-05,6,35,6058.36
2026-04-06,6,67,11157.25
2026-04-07,6,49,8120.59
2026-04-08,6,56,9368.91
2026-04-09,6,56,9543.36
2026-04-10,6,64,10489.36
2026-04-11,6,48,8148.7
2026-04-12,6,24,4160.15
2026-04-13,6,63,10886.47
2026-04-14,6,56,9198.31
2026-04-15,6,69,11650.94
2026-04-16,6,63,10829.88
2026-04-17,6,78,13367.19
2026-04-18,6,62,10273.28
2026-04-19,6,33,5404.38
2026-04-20,6,51,8805.93
2026-04-21,6,55,9553.77
2026-04-22,6,51,8599.01
2026-04-23,6,74,12293.41
2026-04-24,6,76,12595.79
2026-04-25,6,50,8556.04
2026-04-26,6,28,4645.04
2026-04-27,6,39,6553.92
2026-04-28,6,50,8436.29
2026-04-29,6,71,11822.07
2026-04-30,6,69,11385.69
2026-05-01,6,60,10248.77
2026-05-02,6,74,12669.41
2026-05-03,6,40,6622.35
2026-05-04,6,60,9870.58
2026-05-05,6,64,10543.39
2026-05-06,6,43,7258.69
2026-05-07,6,59,10230.81
2026-05-08,6,64,10857.57
2026-05-09,6,67,11450.61
2026-05-10,6,33,5616.18
2026-05-11,6,82,14171.14
2026-05-12,6,83,13626.04
2026-05-13,6,49,8334.15
2026-05-14,6,73,11972.35
2026-05-15,6,64,10823.18
2026-05-16,6,68,11396.37
2026-05-17,6,37,6096.15
2026-05-18,6,79,13059.45
2026-05-19,6,56,9436.86
2026-05-20,6,52,8755.03
2026-05-21,6,67,11602.88
2026-05-22,6,75,12734.22
2026-05-23,6,65,10695.17
2026-05-24,6,40,6707.33
2026-05-25,6,82,14016.3
2026-05-26,6,63,10523.75
2026-05-27,6,59,9768.57
2026-05-28,6,64,10812.16
2026-05-29,6,61,10140.87
2026-05-30,6,50,8623.16
2026-05-31,6,30,4938.52
2026-06-01,6,76,13239.34
2026-06-02,6,58,9725.43
2026-06-03,6,56,9670.45
2026-06-04,6,63,10843.54
2026-06-05,6,81,14024.14
2026-06-06,6,27,4449.96
2026-06-07,6,20,3322.32
2026-06-08,6,44,7336.68
2026-06-09,6,54,8993.16
2026-06-10,6,59,10279.25
2026-06-11,6,71,11978.17
2026-06-12,6,66,11336.45
2026-06-13,6,44,7547.69
2026-06-14,6,24,3980.97
2026-06-15,6,78,13520.58
2026-06-16,6,42,7070.9
2026-06-17,6,56,9243.05
2026-06-18,6,49,8306.56
2026-06-19,6,54,9113.38
2026-06-20,6,59,10051.72
2026-06-21,6,18,2975.8
2026-06-22,6,45,7854.65
2026-06-23,6,47,7837.22
2026-06-24,6,58,10083.41
2026-06-25,6,80,13234.68
2026-06-26,6,53,9068.35
2026-06-27,6,49,8282.19
2026-06-28,6,28,4664.39
2026-06-29,6,83,13783.98
2026-06-30,6,60,10197.07
2026-07-01,6,62,10791.4
2026-07-02,6,64,10988.84
2026-07-03,6,53,8917.25
2026-07-04,6,46,7894.98
2026-07-05,6,31,5242.8
2026-07-06,6,34,5951.5
2026-07-07,6,55,9616.6
2026-07-08,6,52,9101.38
2026-07-09,6,55,9452.85
2026-07-10,6,54,9426.33
2026-07-11,6,39,6809.02
2026-07-12,6,21,3474.38
2026-07-13,6,65,11300.79
2026-07-14,6,48,8304.54
2026-07-15,6,57,9490.0
2026-07-16,6,45,7770.95
2026-07-17,6,53,9202.45
2026-07-18,6,51,8436.5
2026-07-19,6,32,5478.84
2026-07-20,6,47,7962.04
2026-07-21,6,60,10255.83
2026-07-22,6,58,9932.97
2026-07-23,6,51,8753.66
2026-07-24,6,59,9918.49
2026-07-25,6,44,7329.83
2026-07-26,6,33,5550.27
2026-07-27,6,48,8161.39
2026-07-28,6,62,10426.02
2026-07-29,6,67,11466.2
2026-07-30,6,57,9626.55
2026-07-31,6,55,9435.81
2026-08-01,6,38,6345.09
2026-08-02,6,20,3389.2
2026-08-03,6,51,8775.74
2026-08-04,6,57,9686.35
2026-08-05,6,53,8940.73
2026-08-06,6,41,7004.06
2026-08-07,6,64,10592.39
2026-08-08,6,61,10151.45
2026-08-09,6,30,5038.34
2026-08-10,6,43,7306.11
2026-08-11,6,44,7468.16
2026-08-12,6,53,9239.4
2026-08-13,6,36,5979.87
2026-08-14,6,28,4758.25
2026-08-15,6,37,6185.03
2026-08-16,6,19,3315.21
2026-08-17,6,59,10364.61
2026-08-18,6,51,8809.51
2026-08-19,6,55,9470.79
2026-08-20,6,61,10578.6
2026-08-21,6,56,9525.86
2026-08-22,6,48,8338.43
2026-08-23,6,32,5511.34
2026-08-24,6,34,5975.31
2026-08-25,6,41,6863.17
2026-08-26,6,45,7548.59
2026-08-27,6,47,7928.42
2026-08-28,6,50,8735.92
2026-08-29,6,34,5748.21
2026-08-30,6,14,2331.26
2026-08-31,6,50,8568.52
2026-09-01,6,58,9943.47
2026-09-02,6,48,8262.66
2026-09-03,6,48,7996.47
2026-09-04,6,57,9656.95
2026-09-05,6,33,5506.0
2026-09-06,6,27,4689.7
2026-09-07,6,45,7564.18
2026-09-08,6,49,8436.93
2026-09-09,6,38,6393.95
2026-09-10,6,51,8504.24
2026-09-11,6,43,7253.84
2026-09-12,6,37,6142.01
2026-09-13,6,29,4982.34
2026-09-14,6,54,9492.14
2026-09-15,6,55,9355.25
2026-09-16,6,48,8238.78
2026-09-17,6,48,8025.38
2026-09-18,6,36,6165.46
2026-09-19,6,44,7629.78
2026-09-20,6,20,3478.53
2026-09-21,6,47,7950.13
2026-09-22,6,61,10172.31
2026-09-23,6,52,9165.23
2026-09-24,6,46,7748.96
2026-09-25,6,34,5980.79
2026-09-26,6,40,6907.65
2026-09-27,6,14,2463.09
2026-09-28,6,34,5902.21
2026-09-29,6,49,8490.99
2026-09-30,6,37,6333.19
2023-10-01,7,8,1586.66
2023-10-02,7,29,5653.49
2023-10-03,7,33,6442.05
2023-10-04,7,30,6151.7
2023-10-05,7,39,7683.23
2023-10-06,7,29,5757.8
2023-10-07,7,34,6827.12
2023-10-08,7,15,2942.6
2023-10-09,7,37,7433.46
2023-10-10,7,41,8150.99
2023-10-11,7,42,8438.74
2023-10-12,7,38,7436.17
2023-10-13,7,27,5482.27
2023-10-14,7,51,10298.1
2023-10-15,7,29,5767.75
2023-10-16,7,40,7827.7
2023-10-17,7,42,8600.2
2023-10-18,7,39,7918.02
2023-10-19,7,41,8421.84
2023-10-20,7,36,7121.97
2023-10-21,7,45,9208.13
2023-10-22,7,20,4059.55
2023-10-23,7,28,5555.88
2023-10-24,7,38,7541.64
2023-10-25,7,48,9339.16
2023-10-26,7,50,9915.04
2023-10-27,7,48,9333.96
2023-10-28,7,46,9221.16
2023-10-29,7,14,2779.28
2023-10-30,7,49,10051.12
2023-10-31,7,43,8607.38
2023-11-01,7,52,10491.87
2023-11-02,7,39,7908.1
2023-11-03,7,60,11705.49
2023-11-04,7,38,7457.92
2023-11-05,7,23,4732.74
2023-11-06,7,49,9533.91
2023-11-07,7,50,9998.7
2023-11-08,7,47,9568.43
2023-11-09,7,52,10198.72
2023-11-10,7,40,8107.45
2023-11-11,7,38,7639.02
2023-11-12,7,19,3765.14
2023-11-13,7,34,6686.05
2023-11-14,7,39,7762.94
2023-11-15,7,32,6556.79
2023-11-16,7,54,11126.38
2023-11-17,7,37,7510.86
2023-11-18,7,30,5861.12
2023-11-19,7,18,3598.16
2023-11-20,7,44,8567.75
2023-11-21,7,53,10482.89
2023-11-22,7,35,7044.82
2023-11-23,7,55,11349.21
2023-11-24,7,35,7016.01
2023-11-25,7,29,5698.53
2023-11-26,7,20,4114.25
2023-11-27,7,59,11587.66
2023-11-28,7,41,8044.15
2023-11-29,7,33,6589.72
2023-11-30,7,51,10059.93
2023-12-01,7,57,11177.43
2023-12-02,7,40,7862.37
2023-12-03,7,18,3666.65
2023-12-04,7,37,7303.93
2023-12-05,7,50,9936.35
2023-12-06,7,34,6882.26
2023-12-07,7,72,14503.89
2023-12-08,7,39,7762.57
2023-12-09,7,59,11854.12
2023-12-10,7,14,2729.75
2023-12-11,7,61,12158.39
2023-12-12,7,58,11957.67
2023-12-13,7,40,8063.71
2023-12-14,7,48,9545.74
2023-12-15,7,38,7492.38
2023-12-16,7,34,7026.63
2023-12-17,7,24,4939.72
2023-12-18,7,38,7511.93
2023-12-19,7,55,11343.82
2023-12-20,7,52,10652.48
2023-12-21,7,63,12326.59
2023-12-22,7,63,12308.76
2023-12-23,7,28,5620.24
2023-12-24,7,32,6281.67
2023-12-25,7,33,6464.72
2023-12-26,7,44,9030.59
2023-12-27,7,46,9320.13
2023-12-28,7,41,8405.32
2023-12-29,7,38,7822.46
2023-12-30,7,39,7805.27
2023-12-31,7,28,5651.8
2024-01-01,7,20,4070.58
2024-01-02,7,45,8853.76
2024-01-03,7,42,8348.76
2024-01-04,7,50,10151.08
2024-01-05,7,28,5621.42
2024-01-06,7,35,7193.03
2024-01-07,7,24,4960.41
2024-01-08,7,46,9130.86
2024-01-09,7,48,9689.44
2024-01-10,7,38,7474.41
2024-01-11,7,38,7866.07
2024-01-12,7,43,8466.61
2024-01-13,7,42,8664.02
2024-01-14,7,20,4084.45
2024-01-15,7,22,4385.25
2024-01-16,7,26,5227.47
2024-01-17,7,55,11147.47
2024-01-18,7,32,6299.7
2024-01-19,7,51,10431.48
2024-01-20,7,35,7206.19
2024-01-21,7,16,3278.28
2024-01-22,7,52,10624.4
2024-01-23,7,45,9082.87
2024-01-24,7,35,6858.34
2024-01-25,7,39,7688.07
2024-01-26,7,40,7855.43
2024-01-27,7,37,7475.45
2024-01-28,7,14,2889.01
2024-01-29,7,31,6102.68
2024-01-30,7,47,9528.82
2024-01-31,7,45,9035.27
2024-02-01,7,45,9220.78
2024-02-02,7,42,8338.03
2024-02-03,7,36,7225.88
2024-02-04,7,15,3005.98
2024-02-05,7,38,7598.97
2024-02-06,7,28,5627.27
2024-02-07,7,39,7796.06
2024-02-08,7,34,6957.8
2024-02-09,7,37,7504.01
2024-02-10,7,40,7902.71
2024-02-11,7,13,2671.29
2024-02-12,7,32,6447.56
2024-02-13,7,47,9471.66
2024-02-14,7,30,5936.46
2024-02-15,7,37,7279.73
2024-02-16,7,40,7947.32
2024-02-17,7,32,6439.73
2024-02-18,7,24,4809.5
2024-02-19,7,40,8017.63
2024-02-20,7,38,7573.46
2024-02-21,7,44,8770.53
2024-02-22,7,39,7724.44
2024-02-23,7,37,7721.32
2024-02-24,7,35,7239.23
2024-02-25,7,23,4636.57
2024-02-26,7,42,8298.18
2024-02-27,7,41,8471.77
2024-02-28,7,36,7113.69
2024-02-29,7,45,9215.22
2024-03-01,7,57,11266.33
2024-03-02,7,45,9387.2
2024-03-03,7,12,2401.01
2024-03-04,7,46,9121.85
2024-03-05,7,44,8693.56
2024-03-06,7,45,9300.29
2024-03-07,7,41,8300.4
2024-03-08,7,50,10160.3
2024-03-09,7,40,7990.69
2024-03-10,7,23,4697.66
2024-03-11,7,40,8362.33
2024-03-12,7,53,10444.65
2024-03-13,7,34,7045.12
2024-03-14,7,34,6801.12
2024-03-15,7,40,8089.59
2024-03-16,7,35,7202.57
2024-03-17,7,29,5776.24
2024-03-18,7,34,6869.24
2024-03-19,7,51,10175.91
2024-03-20,7,50,9944.43
2024-03-21,7,38,7906.03
2024-03-22,7,47,9625.07
2024-03-23,7,48,9812.42
2024-03-24,7,25,5067.55
2024-03-25,7,31,6331.9
2024-03-26,7,42,8545.75
2024-03-27,7,38,7882.11
2024-03-28,7,47,9515.92
2024-03-29,7,30,6088.62
2024-03-30,7,38,7654.27
2024-03-31,7,32,6543.71
2024-04-01,7,53,10484.67
2024-04-02,7,46,9301.4
2024-04-03,7,54,10873.85
2024-04-04,7,45,8976.75
2024-04-05,7,38,7846.9
2024-04-06,7,48,9730.48
2024-04-07,7,24,4867.25
2024-04-08,7,67,13930.92
2024-04-09,7,49,9814.45
2024-04-10,7,60,12046.57
2024-04-11,7,37,7540.47
2024-04-12,7,44,9077.92
2024-04-13,7,12,2484.32
2024-04-15,7,43,8505.64
2024-04-16,7,45,9403.89
2024-04-17,7,48,10046.28
2024-04-18,7,53,10897.37
2024-04-19,7,46,9176.12
2024-04-20,7,39,8020.95
2024-04-21,7,30,6004.48
2024-04-22,7,48,9839.62
2024-04-23,7,58,12059.63
2024-04-24,7,48,9785.32
2024-04-25,7,49,9779.14
2024-04-26,7,41,8489.91
2024-04-27,7,39,8017.16
2024-04-28,7,30,6277.81
2024-04-29,7,47,9802.1
2024-04-30,7,43,8860.42
2024-05-01,7,49,10138.42
2024-05-02,7,65,13475.57
2024-05-03,7,52,10305.36
2024-05-04,7,42,8715.88
2024-05-05,7,26,5408.5
2024-05-06,7,45,8973.36
2024-05-07,7,79,16171.62
2024-05-08,7,61,12429.98
2024-05-09,7,44,9053.25
2024-05-10,7,50,10306.83
2024-05-11,7,48,9745.37
2024-05-12,7,27,5657.8
2024-05-13,7,55,11177.89
2024-05-14,7,55,11426.8
2024-05-15,7,67,13971.74
2024-05-16,7,53,10699.85
2024-05-17,7,50,10408.51
2024-05-18,7,46,9406.33
2024-05-19,7,22,4421.18
2024-05-20,7,64,13063.54
2024-05-21,7,50,9943.09
2024-05-22,7,32,6600.6
2024-05-23,7,58,11741.71
2024-05-24,7,57,11689.29
2024-05-25,7,14,2815.1
2024-05-26,7,19,3812.47
2024-05-27,7,56,11355.92
2024-05-28,7,50,10240.41
2024-05-29,7,60,12345.58
2024-05-30,7,44,9052.6
2024-05-31,7,54,10738.57
2024-06-01,7,37,7611.85
2024-06-02,7,32,6609.97
2024-06-03,7,47,9370.36
2024-06-04,7,43,8834.22
2024-06-05,7,36,7204.82
2024-06-06,7,42,8358.33
2024-06-07,7,46,9329.29
2024-06-08,7,36,7460.16
2024-06-09,7,32,6386.43
2024-06-10,7,52,10955.2
2024-06-11,7,50,10369.65
2024-06-12,7,65,13712.1
2024-06-13,7,48,10101.43
2024-06-14,7,58,11824.38
2024-06-15,7,38,7580.95
2024-06-16,7,22,4562.21
2024-06-17,7,44,9095.71
2024-06-18,7,47,9816.6
2024-06-19,7,57,11990.41
2024-06-20,7,43,8834.31
2024-06-21,7,49,10276.65
2024-06-22,7,40,8191.18
2024-06-23,7,25,5065.16
2024-06-24,7,52,10396.98
2024-06-25,7,43,8593.6
2024-06-26,7,37,7757.46
2024-06-27,7,49,9853.32
2024-06-28,7,55,11558.04
2024-06-29,7,32,6538.2
2024-06-30,7,22,4452.99
2024-07-01,7,33,6954.33
2024-07-02,7,29,5990.24
2024-07-03,7,38,7622.94
2024-07-04,7,44,9029.64
2024-07-05,7,30,6057.32
2024-07-06,7,25,5093.24
2024-07-07,7,20,3992.23
2024-07-08,7,38,7728.03
2024-07-09,7,28,5872.3
2024-07-10,7,47,9607.59
2024-07-11,7,40,8103.67
2024-07-12,7,53,10848.58
2024-07-13,7,52,10394.33
2024-07-14,7,21,4305.46
2024-07-15,7,45,8996.68
2024-07-16,7,46,9610.04
2024-07-17,7,47,9809.17
2024-07-18,7,34,7001.72
2024-07-19,7,49,9947.82
2024-07-20,7,35,7226.05
2024-07-21,7,21,4424.5
2024-07-22,7,43,8981.98
2024-07-23,7,41,8642.98
2024-07-24,7,40,8364.1
2024-07-25,7,45,9367.13
2024-07-26,7,46,9492.0
2024-07-27,7,48,9764.53
2024-07-28,7,26,5477.74
2024-07-29,7,30,6251.52
2024-07-30,7,51,10794.6
2024-07-31,7,51,10336.58
2024-08-01,7,39,7968.84
2024-08-02,7,30,6283.95
2024-08-03,7,26,5340.12
2024-08-04,7,23,4656.24
2024-08-05,7,45,9507.15
2024-08-06,7,39,8058.8
2024-08-07,7,47,9722.15
2024-08-08,7,39,7978.89
2024-08-09,7,39,8015.99
2024-08-10,7,31,6307.87
2024-08-11,7,25,5107.2
2024-08-12,7,40,8063.28
2024-08-13,7,30,6149.42
2024-08-14,7,43,8821.78
2024-08-15,7,33,6925.96
2024-08-16,7,40,8324.8
2024-08-17,7,34,7144.38
2024-08-18,7,23,4816.66
2024-08-19,7,38,8012.73
2024-08-20,7,43,8652.01
2024-08-21,7,43,8916.89
2024-08-22,7,38,8017.51
2024-08-23,7,59,12450.68
2024-08-24,7,30,6302.44
2024-08-25,7,16,3353.64
2024-08-26,7,52,10834.06
2024-08-27,7,44,9055.48
2024-08-28,7,42,8642.8
2024-08-29,7,49,10431.73
2024-08-30,7,42,8478.9
2024-08-31,7,28,5940.89
2024-09-01,7,26,5240.22
2024-09-02,7,33,6773.15
2024-09-03,7,38,7993.83
2024-09-04,7,70,14397.03
2024-09-05,7,42,8653.26
2024-09-06,7,50,10243.39
2024-09-07,7,25,5312.99
2024-09-08,7,19,3933.61
2024-09-09,7,31,6259.35
2024-09-10,7,28,5871.66
2024-09-11,7,38,7803.17
2024-09-12,7,63,12992.18
2024-09-13,7,37,7438.5
2024-09-14,7,24,4883.05
2024-09-15,7,13,2704.07
2024-09-16,7,35,7270.48
2024-09-17,7,54,10963.31
2024-09-18,7,15,3107.73
2024-09-19,7,31,6317.08
2024-09-20,7,55,11529.71
2024-09-21,7,33,6859.11
2024-09-22,7,23,4815.36
2024-09-23,7,41,8561.52
2024-09-24,7,38,7716.74
2024-09-25,7,42,8516.25
2024-09-26,7,47,9774.69
2024-09-27,7,40,8155.03
2024-09-28,7,40,8273.53
2024-09-29,7,16,3349.67
2024-09-30,7,36,7644.67
2024-10-01,7,46,9536.68
2024-10-02,7,37,7481.53
2024-10-03,7,47,9838.95
2024-10-04,7,46,9464.55
2024-10-05,7,36,7415.37
2024-10-06,7,12,2503.7
2024-10-07,7,42,8690.19
2024-10-08,7,42,8698.68
2024-10-09,7,19,3927.61
2024-10-10,7,28,5722.15
2024-10-11,7,24,4903.26
2024-10-12,7,35,7467.46
2024-10-13,7,16,3371.15
2024-10-14,7,49,10241.84
2024-10-15,7,47,9950.44
2024-10-16,7,30,6300.96
2024-10-17,7,36,7425.05
2024-10-18,7,42,8841.34
2024-10-19,7,26,5470.74
2024-10-20,7,18,3707.69
2024-10-21,7,35,7068.93
2024-10-22,7,31,6353.21
2024-10-23,7,31,6281.28
2024-10-24,7,49,10043.48
2024-10-25,7,34,6872.27
2024-10-26,7,25,5191.56
2024-10-27,7,19,3914.2
2024-10-28,7,32,6655.79
2024-10-29,7,51,10847.23
2024-10-30,7,40,8364.72
2024-10-31,7,33,6686.41
2024-11-01,7,48,10285.3
2024-11-02,7,32,6757.13
2024-11-03,7,22,4634.82
2024-11-04,7,30,6181.39
2024-11-05,7,45,9354.96
2024-11-06,7,42,8824.04
2024-11-07,7,51,10728.8
2024-11-08,7,50,10138.94
2024-11-09,7,37,7531.18
2024-11-10,7,19,3969.75
2024-11-11,7,52,10760.0
2024-11-12,7,44,8953.3
2024-11-13,7,32,6532.82
2024-11-14,7,38,7900.04
2024-11-15,7,28,5768.75
2024-11-16,7,34,7090.25
2024-11-17,7,13,2680.39
2024-11-18,7,48,10016.64
2024-11-19,7,27,5622.64
2024-11-20,7,41,8795.88
2024-11-21,7,37,7608.34
2024-11-22,7,44,9137.03
2024-11-23,7,29,6160.62
2024-11-24,7,21,4349.69
2024-11-25,7,49,10020.09
2024-11-26,7,35,7449.48
2024-11-27,7,35,7498.73
2024-11-28,7,43,8876.99
2024-11-29,7,51,10677.23
2024-11-30,7,35,7487.25
2024-12-01,7,20,4091.69
2024-12-02,7,30,6172.38
2024-12-03,7,38,8065.69
2024-12-04,7,28,5841.57
2024-12-05,7,56,11852.5
2024-12-06,7,50,10720.74
2024-12-07,7,43,8762.85
2024-12-08,7,17,3621.57
2024-12-09,7,42,8939.32
2024-12-10,7,26,5355.03
2024-12-11,7,26,5357.03
2024-12-12,7,57,12172.66
2024-12-13,7,48,9968.35
2024-12-14,7,43,9125.18
2024-12-15,7,27,5701.4
2024-12-16,7,51,10747.88
2024-12-17,7,50,10335.4
2024-12-18,7,40,8242.44
2024-12-19,7,36,7632.39
2024-12-20,7,28,5838.46
2024-12-21,7,39,8384.57
2024-12-22,7,23,4900.88
2024-12-23,7,46,9589.67
2024-12-24,7,41,8835.74
2024-12-25,7,50,10175.07
2024-12-26,7,49,10418.95
2024-12-27,7,33,6946.96
2024-12-28,7,48,10223.05
2024-12-29,7,32,6777.34
2024-12-30,7,47,10088.19
2024-12-31,7,33,6904.38
2025-01-01,7,30,6339.45
2025-01-02,7,48,10120.45
2025-01-03,7,39,7953.39
2025-01-04,7,39,8066.29
2025-01-05,7,21,4323.78
2025-01-06,7,40,8378.12
2025-01-07,7,47,9808.83
2025-01-08,7,52,10600.74
2025-01-09,7,31,6362.89
2025-01-10,7,49,10092.43
2025-01-11,7,46,9561.96
2025-01-12,7,18,3718.87
2025-01-13,7,28,5759.83
2025-01-14,7,33,6774.75
2025-01-15,7,43,9092.18
2025-01-16,7,30,6112.07
2025-01-17,7,34,7141.32
2025-01-18,7,44,9171.63
2025-01-19,7,19,4029.16
2025-01-20,7,21,4410.79
2025-01-21,7,38,7966.0
2025-01-22,7,42,8561.01
2025-01-23,7,40,8433.1
2025-01-24,7,32,6832.71
2025-01-25,7,28,6006.21
2025-01-26,7,24,5159.65
2025-01-27,7,33,7065.03
2025-01-28,7,41,8498.16
2025-01-29,7,28,5899.46
2025-01-30,7,42,8797.39
2025-01-31,7,44,9021.66
2025-02-01,7,25,5403.92
2025-02-02,7,32,6908.92
2025-02-03,7,36,7612.64
2025-02-04,7,17,3615.41
2025-02-05,7,41,8729.3
2025-02-06,7,46,9644.35
2025-02-07,7,35,7517.92
2025-02-08,7,32,6764.39
2025-02-09,7,17,3552.17
2025-02-10,7,45,9259.69
2025-02-11,7,37,7700.51
2025-02-12,7,34,7019.8
2025-02-13,7,27,5620.67
2025-02-14,7,48,10329.69
2025-02-15,7,28,5995.47
2025-02-16,7,16,3341.32
2025-02-17,7,37,7797.53
2025-02-18,7,34,7109.89
2025-02-19,7,26,5453.08
2025-02-20,7,43,9263.93
2025-02-21,7,32,6601.21
2025-02-22,7,31,6429.7
2025-02-23,7,17,3654.92
2025-02-24,7,38,8119.88
2025-02-25,7,32,6892.77
2025-02-26,7,36,7673.67
2025-02-27,7,56,11799.11
2025-02-28,7,48,10016.33
2025-03-01,7,38,8229.16
2025-03-02,7,31,6427.21
2025-03-03,7,42,8796.25
2025-03-04,7,38,8246.33
2025-03-05,7,44,9237.27
2025-03-06,7,42,8927.03
2025-03-07,7,47,10117.85
2025-03-08,7,35,7227.59
2025-03-09,7,25,5132.74
2025-03-10,7,43,8874.43
2025-03-11,7,37,8000.23
2025-03-12,7,37,7973.89
2025-03-13,7,39,8179.55
2025-03-14,7,44,9114.56
2025-03-15,7,26,5436.46
2025-03-16,7,16,3426.48
2025-03-17,7,53,11037.77
2025-03-18,7,52,10803.69
2025-03-19,7,35,7538.26
2025-03-20,7,51,10761.43
2025-03-21,7,39,8076.38
2025-03-22,7,45,9290.03
2025-03-23,7,20,4148.73
2025-03-24,7,37,7745.28
2025-03-25,7,48,10078.82
2025-03-26,7,39,8170.46
2025-03-27,7,41,8611.18
2025-03-28,7,45,9724.05
2025-03-29,7,40,8399.25
2025-03-30,7,21,4564.53
2025-03-31,7,35,7577.95
2025-04-01,7,60,12798.45
2025-04-02,7,47,9777.71
2025-04-03,7,56,12176.04
2025-04-04,7,56,11948.58
2025-04-05,7,54,11594.55
2025-04-06,7,16,3412.61
2025-04-07,7,49,10534.45
2025-04-08,7,41,8475.24
2025-04-09,7,51,10469.98
2025-04-10,7,55,11910.06
2025-04-11,7,44,9123.44
2025-04-12,7,47,9977.95
2025-04-13,7,24,5168.71
2025-04-14,7,61,12911.64
2025-04-15,7,66,13995.96
2025-04-16,7,60,12868.36
2025-04-17,7,46,9454.92
2025-04-18,7,63,13257.65
2025-04-19,7,48,10323.51
2025-04-21,7,53,11002.89
2025-04-22,7,61,12816.39
2025-04-23,7,40,8540.26
2025-04-24,7,56,11668.93
2025-04-25,7,55,11576.49
2025-04-26,7,33,7072.05
2025-04-27,7,27,5892.49
2025-04-28,7,51,10947.4
2025-04-29,7,41,8726.95
2025-04-30,7,52,10902.51
2025-05-01,7,61,13043.91
2025-05-02,7,56,11901.12
2025-05-03,7,61,13198.95
2025-05-04,7,37,7851.2
2025-05-05,7,67,14534.45
2025-05-06,7,49,10602.14
2025-05-07,7,64,13502.47
2025-05-08,7,58,12272.25
2025-05-09,7,52,10925.95
2025-05-10,7,38,8230.04
2025-05-11,7,21,4329.33
2025-05-12,7,50,10471.51
2025-05-13,7,45,9821.66
2025-05-14,7,52,10959.94
2025-05-15,7,65,14016.32
2025-05-16,7,49,10317.21
2025-05-17,7,42,8793.1
2025-05-18,7,22,4706.25
2025-05-19,7,37,7890.55
2025-05-20,7,47,10115.44
2025-05-21,7,52,11187.37
2025-05-22,7,59,12887.65
2025-05-23,7,95,19731.57
2025-05-24,7,54,11731.91
2025-05-25,7,18,3784.14
2025-05-26,7,77,16069.17
2025-05-27,7,48,10214.31
2025-05-28,7,69,15018.33
2025-05-29,7,59,12885.0
2025-05-30,7,63,13182.94
2025-05-31,7,41,8595.41
2025-06-01,7,21,4504.26
2025-06-02,7,62,13418.57
2025-06-03,7,41,8536.46
2025-06-04,7,49,10176.07
2025-06-05,7,40,8658.42
2025-06-06,7,44,9179.27
2025-06-07,7,59,12608.67
2025-06-08,7,30,6236.24
2025-06-09,7,48,10262.99
2025-06-10,7,46,9869.95
2025-06-11,7,64,13845.54
2025-06-12,7,54,11631.31
2025-06-13,7,37,7915.22
2025-06-14,7,38,8335.29
2025-06-15,7,29,6045.24
2025-06-16,7,44,9300.71
2025-06-17,7,37,8104.52
2025-06-18,7,42,9024.02
2025-06-19,7,54,11776.83
2025-06-20,7,67,14035.31
2025-06-21,7,54,11175.03
2025-06-22,7,18,3803.33
2025-06-23,7,45,9420.14
2025-06-24,7,46,9843.1
2025-06-25,7,57,12133.92
2025-06-26,7,55,11466.52
2025-06-27,7,45,9661.6
2025-06-28,7,40,8698.05
2025-06-29,7,23,4931.74
2025-06-30,7,44,9451.35
2025-07-01,7,29,6043.26
2025-07-02,7,47,9893.62
2025-07-03,7,52,11378.26
2025-07-04,7,47,10189.58
2025-07-05,7,31,6767.49
2025-07-06,7,13,2839.36
2025-07-07,7,46,9965.78
2025-07-08,7,50,10402.73
2025-07-09,7,41,8920.19
2025-07-10,7,43,9102.38
2025-07-11,7,36,7719.96
2025-07-12,7,38,7988.2
2025-07-13,7,30,6323.01
2025-07-14,7,41,8541.91
2025-07-15,7,54,11384.28
2025-07-16,7,32,6871.14
2025-07-17,7,37,7719.9
2025-07-18,7,34,7201.21
2025-07-19,7,42,8955.95
2025-07-20,7,11,2317.93
2025-07-21,7,37,7990.17
2025-07-22,7,39,8319.58
2025-07-23,7,46,10028.34
2025-07-24,7,47,10335.72
2025-07-25,7,25,5494.18
2025-07-26,7,22,4799.35
2025-07-27,7,18,3841.61
2025-07-28,7,47,10165.24
2025-07-29,7,32,6880.22
2025-07-30,7,30,6295.46
2025-07-31,7,36,7773.59
2025-08-01,7,31,6684.72
2025-08-02,7,36,7821.58
2025-08-03,7,20,4185.22
2025-08-04,7,33,6917.57
2025-08-05,7,31,6803.73
2025-08-06,7,53,11261.05
2025-08-07,7,38,8310.66
2025-08-08,7,37,7789.94
2025-08-09,7,36,7509.27
2025-08-10,7,22,4685.94
2025-08-11,7,28,5873.45
2025-08-12,7,37,8153.97
2025-08-13,7,35,7426.67
2025-08-14,7,35,7476.99
2025-08-15,7,44,9563.28
2025-08-16,7,44,9298.92
2025-08-17,7,16,3350.36
2025-08-18,7,37,7926.95
2025-08-19,7,47,10149.56
2025-08-20,7,46,9626.69
2025-08-21,7,38,8090.08
2025-08-22,7,54,11549.25
2025-08-23,7,36,7641.14
2025-08-24,7,15,3132.78
2025-08-25,7,33,7065.3
2025-08-26,7,59,12348.07
2025-08-27,7,39,8260.34
2025-08-28,7,47,9865.39
2025-08-29,7,32,6676.86
2025-08-30,7,30,6311.05
2025-08-31,7,13,2867.43
2025-09-01,7,44,9181.18
2025-09-02,7,47,10364.3
2025-09-03,7,32,6813.59
2025-09-04,7,31,6524.77
2025-09-05,7,46,9694.74
2025-09-06,7,27,5710.73
2025-09-07,7,26,5573.18
2025-09-08,7,34,7170.71
2025-09-09,7,42,9015.48
2025-09-10,7,17,3592.4
2025-09-11,7,38,8385.8
2025-09-12,7,31,6841.81
2025-09-13,7,39,8422.61
2025-09-14,7,13,2830.39
2025-09-15,7,59,12378.42
2025-09-16,7,35,7542.48
2025-09-17,7,34,7167.71
2025-09-18,7,39,8508.56
2025-09-19,7,37,8106.82
2025-09-20,7,27,5741.91
2025-09-21,7,16,3544.11
2025-09-22,7,36,7874.12
2025-09-23,7,40,8535.96
2025-09-24,7,52,11423.23
2025-09-25,7,47,9953.78
2025-09-26,7,27,5941.93
2025-09-27,7,34,7433.97
2025-09-28,7,14,3049.58
2025-09-29,7,39,8390.2
2025-09-30,7,39,8545.18
2025-10-01,7,36,7635.91
2025-10-02,7,25,5411.4
2025-10-03,7,29,6272.35
2025-10-04,7,36,7940.93
2025-10-05,7,19,4192.52
2025-10-06,7,35,7409.33
2025-10-07,7,77,16995.58
2025-10-08,7,24,5242.85
2025-10-09,7,36,7840.19
2025-10-10,7,41,9068.39
2025-10-11,7,25,5444.75
2025-10-12,7,17,3595.88
2025-10-13,7,51,10909.95
2025-10-14,7,44,9413.1
2025-10-15,7,42,9286.43
2025-10-16,7,35,7568.75
2025-10-17,7,29,6135.51
2025-10-18,7,28,6031.86
2025-10-19,7,19,3991.53
2025-10-20,7,26,5692.26
2025-10-21,7,41,8602.17
2025-10-22,7,31,6847.65
2025-10-23,7,34,7355.41
2025-10-24,7,35,7431.0
2025-10-25,7,43,9232.05
2025-10-26,7,15,3150.98
2025-10-27,7,35,7753.71
2025-10-28,7,49,10410.88
2025-10-29,7,28,6097.39
2025-10-30,7,35,7689.55
2025-10-31,7,38,8258.74
2025-11-01,7,32,7095.63
2025-11-02,7,23,5071.63
2025-11-03,7,34,7303.37
2025-11-04,7,56,12093.72
2025-11-05,7,46,10235.75
2025-11-06,7,39,8663.07
2025-11-07,7,61,12905.9
2025-11-08,7,20,4325.14
2025-11-09,7,13,2739.6
2025-11-10,7,42,9128.91
2025-11-11,7,36,7800.58
2025-11-12,7,43,9501.77
2025-11-13,7,35,7684.23
2025-11-14,7,40,8881.27
2025-11-15,7,37,7794.28
2025-11-16,7,25,5423.39
2025-11-17,7,35,7682.04
2025-11-18,7,34,7241.09
2025-11-19,7,63,13374.63
2025-11-20,7,20,4277.26
2025-11-21,7,40,8763.71
2025-11-22,7,35,7472.62
2025-11-23,7,9,1892.3
2025-11-24,7,36,7884.71
2025-11-25,7,39,8502.55
2025-11-26,7,49,10425.88
2025-11-27,7,42,9305.81
2025-11-28,7,57,12110.8
2025-11-29,7,37,8228.2
2025-11-30,7,19,3996.2
2025-12-01,7,37,8011.97
2025-12-02,7,46,10139.69
2025-12-03,7,45,9892.02
2025-12-04,7,32,7074.14
2025-12-05,7,60,13188.69
2025-12-06,7,29,6375.38
2025-12-07,7,22,4846.7
2025-12-08,7,29,6365.3
2025-12-09,7,31,6624.95
2025-12-10,7,40,8710.69
2025-12-11,7,36,7643.23
2025-12-12,7,53,11510.06
2025-12-13,7,37,7888.5
2025-12-14,7,10,2215.67
2025-12-15,7,39,8665.86
2025-12-16,7,39,8343.07
2025-12-17,7,61,13542.9
2025-12-18,7,53,11609.96
2025-12-19,7,38,8193.85
2025-12-20,7,53,11618.15
2025-12-21,7,13,2779.49
2025-12-22,7,39,8506.43
2025-12-23,7,43,9531.54
2025-12-24,7,45,10058.64
2025-12-25,7,29,6400.91
2025-12-26,7,87,19190.73
2025-12-27,7,41,8771.79
2025-12-28,7,33,7343.7
2025-12-29,7,31,6681.92
2025-12-30,7,35,7591.5
2025-12-31,7,23,4923.32
2026-01-01,7,35,7642.72
2026-01-02,7,57,12466.38
2026-01-03,7,12,2589.1
2026-01-04,7,14,3096.78
2026-01-05,7,29,6145.1
2026-01-06,7,35,7407.0
2026-01-07,7,42,9036.56
2026-01-08,7,32,6910.16
2026-01-09,7,32,6822.69
2026-01-10,7,23,5146.08
2026-01-11,7,23,4870.65
2026-01-12,7,39,8504.39
2026-01-13,7,40,8709.81
2026-01-14,7,42,9079.22
2026-01-15,7,31,6563.9
2026-01-16,7,54,11494.29
2026-01-17,7,31,6637.78
2026-01-18,7,24,5223.49
2026-01-19,7,46,9989.48
2026-01-20,7,47,10429.0
2026-01-21,7,27,5816.45
2026-01-22,7,29,6183.47
2026-01-23,7,28,6167.46
2026-01-24,7,35,7683.28
2026-01-25,7,18,3817.43
2026-01-26,7,35,7452.66
2026-01-27,7,50,10599.67
2026-01-28,7,51,11259.64
2026-01-29,7,43,9102.07
2026-01-30,7,26,5500.19
2026-01-31,7,28,6129.39
2026-02-01,7,20,4385.04
2026-02-02,7,31,6957.5
2026-02-03,7,44,9627.16
2026-02-04,7,39,8303.8
2026-02-05,7,32,7154.43
2026-02-06,7,37,8187.15
2026-02-07,7,29,6157.23
2026-02-08,7,12,2549.33
2026-02-09,7,44,9403.5
2026-02-10,7,39,8388.49
2026-02-11,7,45,9598.28
2026-02-12,7,34,7641.02
2026-02-13,7,32,6961.45
2026-02-14,7,37,7851.46
2026-02-15,7,18,3859.47
2026-02-16,7,34,7321.92
2026-02-17,7,27,6024.8
2026-02-18,7,40,8805.36
2026-02-19,7,29,6199.67
2026-02-20,7,24,5172.59
2026-02-21,7,32,6951.59
2026-02-22,7,29,6206.31
2026-02-23,7,35,7705.98
2026-02-24,7,35,7526.89
2026-02-25,7,41,8974.49
2026-02-26,7,23,4904.16
2026-02-27,7,43,9245.92
2026-02-28,7,27,6037.33
2026-03-01,7,22,4953.75
2026-03-02,7,40,8866.64
2026-03-03,7,39,8377.44
2026-03-04,7,41,8937.32
2026-03-05,7,43,9279.08
2026-03-06,7,43,9328.42
2026-03-07,7,38,8204.4
2026-03-08,7,18,3943.82
2026-03-09,7,30,6616.41
2026-03-10,7,37,7954.22
2026-03-11,7,38,8291.86
2026-03-12,7,45,10125.02
2026-03-13,7,40,8557.89
2026-03-14,7,36,7972.24
2026-03-15,7,25,5620.61
2026-03-16,7,39,8387.93
2026-03-17,7,51,11033.98
2026-03-18,7,41,9112.58
2026-03-19,7,46,9968.16
2026-03-20,7,31,6920.22
2026-03-21,7,38,8417.52
2026-03-22,7,14,2995.83
2026-03-23,7,37,8256.67
2026-03-24,7,44,9573.97
2026-03-25,7,48,10316.02
2026-03-26,7,62,13553.3
2026-03-27,7,33,7077.68
2026-03-28,7,29,6343.54
2026-03-29,7,15,3240.08
2026-03-30,7,44,9418.74
2026-03-31,7,40,8827.7
2026-04-01,7,52,11418.79
2026-04-02,7,56,12301.77
2026-04-03,7,57,12313.01
2026-04-04,7,42,9228.33
2026-04-05,7,23,4962.94
2026-04-06,7,58,12741.51
2026-04-07,7,39,8523.86
2026-04-08,7,42,9246.76
2026-04-09,7,43,9308.29
2026-04-10,7,38,8490.16
2026-04-11,7,46,9939.71
2026-04-12,7,19,4257.01
2026-04-13,7,54,11859.18
2026-04-14,7,38,8196.81
2026-04-15,7,48,10679.23
2026-04-16,7,45,9997.23
2026-04-17,7,66,14407.79
2026-04-18,7,32,6872.24
2026-04-19,7,29,6376.44
2026-04-20,7,60,13584.31
2026-04-21,7,45,9957.15
2026-04-22,7,68,15270.48
2026-04-23,7,50,10802.32
2026-04-24,7,33,7192.09
2026-04-25,7,42,9332.82
2026-04-26,7,23,4919.12
2026-04-27,7,42,9191.36
2026-04-28,7,50,10725.67
2026-04-29,7,57,12316.17
2026-04-30,7,36,7906.81
2026-05-01,7,46,10021.75
2026-05-02,7,43,9322.04
2026-05-03,7,26,5797.38
2026-05-04,7,39,8789.99
2026-05-05,7,51,11472.64
2026-05-06,7,53,11676.04
2026-05-07,7,56,12229.98
2026-05-08,7,58,12909.66
2026-05-09,7,45,9747.97
2026-05-10,7,28,6236.75
2026-05-11,7,75,16529.81
2026-05-12,7,30,6457.33
2026-05-13,7,41,8884.46
2026-05-14,7,46,9884.85
2026-05-15,7,46,10438.97
2026-05-16,7,42,9169.34
2026-05-17,7,19,4198.08
2026-05-18,7,57,12852.76
2026-05-19,7,62,13705.8
2026-05-20,7,52,11723.06
2026-05-21,7,51,11526.53
2026-05-22,7,61,13140.72
2026-05-23,7,39,8422.78
2026-05-24,7,15,3255.75
2026-05-25,7,51,11400.17
2026-05-26,7,35,7524.66
2026-05-27,7,49,10659.94
2026-05-28,7,47,10451.48
2026-05-29,7,56,12031.89
2026-05-30,7,56,11994.74
2026-05-31,7,20,4417.04
2026-06-01,7,52,11667.94
2026-06-02,7,54,11708.68
2026-06-03,7,42,9451.84
2026-06-04,7,50,10784.82
2026-06-05,7,62,13613.98
2026-06-06,7,36,8133.75
2026-06-07,7,25,5390.98
2026-06-08,7,57,12400.99
2026-06-09,7,49,11053.08
2026-06-10,7,46,10373.54
2026-06-11,7,54,11723.22
2026-06-12,7,37,8399.2
2026-06-13,7,29,6430.16
2026-06-14,7,18,3877.01
2026-06-15,7,65,14789.18
2026-06-16,7,57,12743.78
2026-06-17,7,42,9472.48
2026-06-18,7,59,13334.52
2026-06-19,7,49,11154.06
2026-06-20,7,39,8746.28
2026-06-21,7,14,3054.4
2026-06-22,7,54,11834.98
2026-06-23,7,42,9299.39
2026-06-24,7,70,15468.85
2026-06-25,7,32,6914.11
2026-06-26,7,60,13030.74
2026-06-27,7,39,8768.37
2026-06-28,7,21,4620.82
2026-06-29,7,49,10569.29
2026-06-30,7,59,12764.06
2026-07-01,7,39,8668.65
2026-07-02,7,53,11796.73
2026-07-03,7,39,8641.27
2026-07-04,7,26,5652.83
2026-07-05,7,21,4678.79
2026-07-06,7,28,6181.56
2026-07-07,7,45,9794.24
2026-07-08,7,46,9949.06
2026-07-09,7,43,9334.54
2026-07-10,7,41,8990.53
2026-07-11,7,30,6732.51
2026-07-12,7,24,5428.44
2026-07-13,7,37,8123.69
2026-07-14,7,40,8802.56
2026-07-15,7,56,12476.25
2026-07-16,7,47,10264.27
2026-07-17,7,30,6501.62
2026-07-18,7,34,7741.15
2026-07-19,7,13,2907.03
2026-07-20,7,46,10369.32
2026-07-21,7,30,6676.88
2026-07-22,7,48,10600.82
2026-07-23,7,30,6692.07
2026-07-24,7,37,8440.22
2026-07-25,7,40,9007.75
2026-07-26,7,17,3674.45
2026-07-27,7,36,7979.62
2026-07-28,7,36,7865.0
2026-07-29,7,35,7782.49
2026-07-30,7,38,8516.72
2026-07-31,7,34,7465.0
2026-08-01,7,34,7522.09
2026-08-02,7,19,4198.8
2026-08-03,7,45,10050.71
2026-08-04,7,40,8798.68
2026-08-05,7,36,7921.29
2026-08-06,7,36,7992.3
2026-08-07,7,31,6800.09
2026-08-08,7,26,5685.01
2026-08-09,7,17,3809.12
2026-08-10,7,39,8437.59
2026-08-11,7,24,5362.7
2026-08-12,7,40,8909.27
2026-08-13,7,29,6288.04
2026-08-14,7,27,5854.97
2026-08-15,7,22,5026.19
2026-08-16,7,22,4839.91
2026-08-17,7,18,3884.07
2026-08-18,7,46,10257.34
2026-08-19,7,36,8056.45
2026-08-20,7,42,9290.21
2026-08-21,7,37,8321.31
2026-08-22,7,38,8417.47
2026-08-23,7,27,6024.05
2026-08-24,7,35,7629.3
2026-08-25,7,55,12593.5
2026-08-26,7,61,13602.67
2026-08-27,7,22,4838.15
2026-08-28,7,44,9831.73
2026-08-29,7,32,7317.43
2026-08-30,7,18,4089.53
2026-08-31,7,27,5840.69
2026-09-01,7,43,9589.07
2026-09-02,7,37,8178.43
2026-09-03,7,47,10680.44
2026-09-04,7,36,8240.95
2026-09-05,7,36,7785.38
2026-09-06,7,17,3764.15
2026-09-07,7,30,6792.38
2026-09-08,7,36,7914.93
2026-09-09,7,25,5650.75
2026-09-10,7,36,8182.23
2026-09-11,7,20,4572.93
2026-09-12,7,14,3215.38
2026-09-13,7,19,4300.24
2026-09-14,7,37,8455.01
2026-09-15,7,37,8073.72
2026-09-16,7,27,6175.37
2026-09-17,7,43,9506.38
2026-09-18,7,39,8959.74
2026-09-19,7,33,7246.7
2026-09-20,7,22,4835.54
2026-09-21,7,38,8296.56
2026-09-22,7,37,8099.76
2026-09-23,7,31,6913.1
2026-09-24,7,44,9664.01
2026-09-25,7,39,8838.74
2026-09-26,7,25,5633.67
2026-09-27,7,16,3641.26
2026-09-28,7,31,6943.42
2026-09-29,7,43,9680.47
2026-09-30,7,31,7128.88
2023-10-01,8,29,4853.42
2023-10-02,8,49,8090.17
2023-10-03,8,44,7063.48
2023-10-04,8,49,7881.26
2023-10-05,8,58,9469.33
2023-10-06,8,46,7419.59
2023-10-07,8,33,5469.35
2023-10-08,8,14,2348.51
2023-10-09,8,47,7721.47
2023-10-10,8,64,10331.76
2023-10-11,8,54,8807.85
2023-10-12,8,41,6807.81
2023-10-13,8,37,5959.9
2023-10-14,8,48,7728.59
2023-10-15,8,27,4605.0
2023-10-16,8,42,7157.77
2023-10-17,8,71,11929.73
2023-10-18,8,47,7900.48
2023-10-19,8,56,9292.87
2023-10-20,8,54,8805.23
2023-10-21,8,41,6979.17
2023-10-22,8,24,3881.85
2023-10-23,8,51,8347.57
2023-10-24,8,45,7427.59
2023-10-25,8,54,9195.4
2023-10-26,8,61,9996.23
2023-10-27,8,58,9866.25
2023-10-28,8,45,7551.0
2023-10-29,8,16,2703.18
2023-10-30,8,53,8892.01
2023-10-31,8,51,8214.02
2023-11-01,8,43,7005.33
2023-11-02,8,42,6808.62
2023-11-03,8,55,8862.52
2023-11-04,8,54,9093.47
2023-11-05,8,17,2806.16
2023-11-06,8,68,11481.88
2023-11-07,8,49,8194.87
2023-11-08,8,41,6814.16
2023-11-09,8,55,9225.24
2023-11-10,8,44,7410.19
2023-11-11,8,47,7889.12
2023-11-12,8,37,6036.24
2023-11-13,8,55,9379.19
2023-11-14,8,53,8951.43
2023-11-15,8,55,9151.96
2023-11-16,8,63,10645.41
2023-11-17,8,66,10914.93
2023-11-18,8,50,8131.08
2023-11-19,8,30,5067.81
2023-11-20,8,47,8008.67
2023-11-21,8,59,9666.09
2023-11-22,8,58,9368.93
2023-11-23,8,38,6226.32
2023-11-24,8,56,9409.98
2023-11-25,8,56,9262.22
2023-11-26,8,19,3179.22
2023-11-27,8,79,12937.73
2023-11-28,8,56,9307.85
2023-11-29,8,62,10462.21
2023-11-30,8,54,8731.89
2023-12-01,8,75,12646.94
2023-12-02,8,45,7305.08
2023-12-03,8,20,3247.78
2023-12-04,8,79,13056.2
2023-12-05,8,60,9697.39
2023-12-06,8,69,11233.91
2023-12-07,8,55,9179.49
2023-12-08,8,55,9208.92
2023-12-09,8,44,7145.49
2023-12-10,8,27,4625.55
2023-12-11,8,67,11225.21
2023-12-12,8,69,11474.3
2023-12-13,8,56,9318.05
2023-12-14,8,66,10857.03
2023-12-15,8,67,11129.99
2023-12-16,8,59,9928.71
2023-12-17,8,16,2746.9
2023-12-18,8,65,10777.86
2023-12-19,8,116,19748.92
2023-12-20,8,50,8376.15
2023-12-21,8,70,11806.03
2023-12-22,8,45,7608.27
2023-12-23,8,47,7615.85
2023-12-24,8,16,2638.24
2023-12-25,8,51,8404.2
2023-12-26,8,70,11946.77
2023-12-27,8,59,9780.66
2023-12-28,8,53,8826.36
2023-12-29,8,76,12604.7
2023-12-30,8,46,7469.23
2023-12-31,8,25,4212.94
2024-01-01,8,66,11065.38
2024-01-02,8,65,11011.07
2024-01-03,8,81,13168.19
2024-01-04,8,39,6473.3
2024-01-05,8,48,7993.54
2024-01-06,8,30,5122.97
2024-01-07,8,28,4594.06
2024-01-08,8,35,5727.07
2024-01-09,8,48,8175.12
2024-01-10,8,46,7591.95
2024-01-11,8,54,9111.45
2024-01-12,8,54,8835.78
2024-01-13,8,49,8151.74
2024-01-14,8,30,5114.39
2024-01-15,8,53,8638.55
2024-01-16,8,42,6906.24
2024-01-17,8,65,10904.19
2024-01-18,8,67,11176.39
2024-01-19,8,55,9424.59
2024-01-20,8,42,6888.42
2024-01-21,8,18,3048.0
2024-01-22,8,50,8509.97
2024-01-23,8,72,12384.47
2024-01-24,8,42,7052.27
2024-01-25,8,35,6005.84
2024-01-26,8,40,6692.06
2024-01-27,8,38,6411.77
2024-01-28,8,22,3706.67
2024-01-29,8,71,12043.59
2024-01-30,8,42,7059.65
2024-01-31,8,53,8674.5
2024-02-01,8,26,4479.87
2024-02-02,8,54,9236.54
2024-02-03,8,43,7288.41
2024-02-04,8,20,3432.03
2024-02-05,8,41,6679.21
2024-02-06,8,46,7876.25
2024-02-07,8,63,10309.41
2024-02-08,8,76,12521.11
2024-02-09,8,44,7258.66
2024-02-10,8,46,7662.03
2024-02-11,8,21,3571.15
2024-02-12,8,58,9816.36
2024-02-13,8,50,8558.6
2024-02-14,8,43,7024.06
2024-02-15,8,55,9123.23
2024-02-16,8,35,6042.9
2024-02-17,8,40,6518.41
2024-02-18,8,23,3804.11
2024-02-19,8,48,8250.57
2024-02-20,8,54,9104.84
2024-02-21,8,44,7518.51
2024-02-22,8,55,9252.76
2024-02-23,8,48,8175.62
2024-02-24,8,58,9672.56
2024-02-25,8,27,4667.81
2024-02-26,8,40,6634.03
2024-02-27,8,60,9955.96
2024-02-28,8,75,12825.96
2024-02-29,8,46,7510.93
2024-03-01,8,52,8777.27
2024-03-02,8,42,6965.27
2024-03-03,8,29,4739.9
2024-03-04,8,56,9349.41
2024-03-05,8,78,13255.81
2024-03-06,8,32,5317.13
2024-03-07,8,69,11451.0
2024-03-08,8,50,8456.82
2024-03-09,8,38,6370.85
2024-03-10,8,33,5465.58
2024-03-11,8,43,7451.07
2024-03-12,8,51,8502.14
2024-03-13,8,42,6893.67
2024-03-14,8,57,9528.07
2024-03-15,8,49,8459.63
2024-03-16,8,52,8846.52
2024-03-17,8,40,6640.97
2024-03-18,8,70,11955.39
2024-03-19,8,55,9073.88
2024-03-20,8,59,9743.21
2024-03-21,8,38,6331.71
2024-03-22,8,57,9355.01
2024-03-23,8,48,8175.79
2024-03-24,8,29,4813.44
2024-03-25,8,44,7399.9
2024-03-26,8,62,10703.53
2024-03-27,8,34,5865.47
2024-03-28,8,68,11581.06
2024-03-29,8,45,7678.09
2024-03-30,8,69,11899.16
2024-03-31,8,32,5551.9
2024-04-01,8,58,9591.19
2024-04-02,8,77,13092.63
2024-04-03,8,59,9922.53
2024-04-04,8,56,9308.05
2024-04-05,8,58,9726.56
2024-04-06,8,63,10949.83
2024-04-07,8,30,5172.7
2024-04-08,8,60,10004.96
2024-04-09,8,61,10323.63
2024-04-10,8,66,10947.35
2024-04-11,8,84,13946.91
2024-04-12,8,72,12074.91
2024-04-13,8,54,8961.69
2024-04-14,8,26,4360.44
2024-04-15,8,69,11619.38
2024-04-16,8,71,11848.31
2024-04-17,8,68,11317.12
2024-04-18,8,86,14682.72
2024-04-19,8,59,10225.08
2024-04-20,8,48,8245.48
2024-04-21,8,33,5488.84
2024-04-22,8,55,9522.6
2024-04-23,8,71,11803.66
2024-04-24,8,61,10459.69
2024-04-25,8,49,8249.81
2024-04-26,8,76,12581.07
2024-04-27,8,81,14053.73
2024-04-28,8,28,4820.75
2024-04-29,8,56,9497.62
2024-04-30,8,60,9918.47
2024-05-01,8,57,9700.23
2024-05-02,8,71,11779.56
2024-05-03,8,93,15591.49
2024-05-04,8,54,8919.56
2024-05-05,8,44,7276.26
2024-05-06,8,68,11668.64
2024-05-07,8,103,17392.08
2024-05-08,8,53,8858.39
2024-05-09,8,53,8728.49
2024-05-10,8,83,13916.59
2024-05-11,8,64,10999.55
2024-05-12,8,40,6980.23
2024-05-13,8,75,12928.44
2024-05-14,8,71,12372.47
2024-05-15,8,64,11145.19
2024-05-16,8,85,14618.38
2024-05-17,8,64,10768.45
2024-05-18,8,49,8135.92
2024-05-19,8,25,4246.94
2024-05-20,8,108,18693.56
2024-05-21,8,59,9820.34
2024-05-22,8,55,9588.84
2024-05-23,8,66,10959.46
2024-05-24,8,86,14656.43
2024-05-25,8,44,7640.89
2024-05-26,8,37,6307.96
2024-05-27,8,67,11357.4
2024-05-28,8,69,11537.88
2024-05-29,8,76,13264.64
2024-05-30,8,62,10235.96
2024-05-31,8,58,9595.72
2024-06-01,8,72,12000.09
2024-06-02,8,37,6170.68
2024-06-03,8,62,10843.38
2024-06-04,8,57,9669.83
2024-06-05,8,56,9796.14
2024-06-06,8,70,12018.41
2024-06-07,8,91,15792.5
2024-06-08,8,56,9670.64
2024-06-09,8,31,5334.0
2024-06-10,8,62,10844.11
2024-06-11,8,52,8710.27
2024-06-12,8,61,10350.56
2024-06-13,8,56,9793.71
2024-06-14,8,45,7442.46
2024-06-15,8,82,13833.1
2024-06-16,8,28,4732.77
2024-06-17,8,63,10595.38
2024-06-18,8,75,12989.56
2024-06-19,8,69,11740.77
2024-06-20,8,66,11473.98
2024-06-21,8,59,10232.11
2024-06-22,8,51,8765.84
2024-06-23,8,13,2153.5
2024-06-24,8,71,12207.32
2024-06-25,8,81,13680.43
2024-06-26,8,56,9720.13
2024-06-27,8,52,9024.58
2024-06-28,8,59,9934.01
2024-06-29,8,58,9853.99
2024-06-30,8,38,6535.94
2024-07-01,8,72,12370.51
2024-07-02,8,66,11137.67
2024-07-03,8,57,9673.82
2024-07-04,8,59,10062.44
2024-07-05,8,43,7196.91
2024-07-06,8,42,7256.9
2024-07-07,8,26,4504.7
2024-07-08,8,39,6614.66
2024-07-09,8,36,6035.87
2024-07-10,8,85,14359.06
2024-07-11,8,42,7133.25
2024-07-12,8,62,10731.76
2024-07-13,8,33,5645.11
2024-07-14,8,23,3955.16
2024-07-15,8,46,7748.11
2024-07-16,8,46,7907.83
2024-07-17,8,75,12469.26
2024-07-18,8,43,7497.63
2024-07-19,8,52,8706.73
2024-07-20,8,35,5991.75
2024-07-21,8,19,3284.38
2024-07-22,8,62,10854.83
2024-07-23,8,57,9989.19
2024-07-24,8,49,8520.66
2024-07-25,8,56,9745.36
2024-07-26,8,64,10694.09
2024-07-27,8,65,11404.13
2024-07-28,8,35,5919.19
2024-07-29,8,48,8039.88
2024-07-30,8,56,9731.38
2024-07-31,8,64,10628.15
2024-08-01,8,40,6876.01
2024-08-02,8,39,6737.74
2024-08-03,8,58,9760.58
2024-08-04,8,24,4116.2
2024-08-05,8,38,6514.13
2024-08-06,8,53,9134.85
2024-08-07,8,47,8202.77
2024-08-08,8,32,5392.49
2024-08-09,8,46,7950.91
2024-08-10,8,51,8964.28
2024-08-11,8,22,3706.28
2024-08-12,8,50,8524.64
2024-08-13,8,45,7910.45
2024-08-14,8,36,6232.8
2024-08-15,8,54,9179.71
2024-08-16,8,52,9052.34
2024-08-17,8,28,4695.03
2024-08-18,8,26,4463.02
2024-08-19,8,61,10357.37
2024-08-20,8,55,9620.09
2024-08-21,8,109,19088.46
2024-08-22,8,53,8936.06
2024-08-23,8,35,6170.42
2024-08-24,8,53,9302.2
2024-08-25,8,33,5721.15
2024-08-26,8,76,13160.71
2024-08-27,8,56,9778.85
2024-08-28,8,49,8323.04
2024-08-29,8,62,10935.75
2024-08-30,8,47,8111.09
2024-08-31,8,39,6764.19
2024-09-01,8,15,2630.11
2024-09-02,8,51,9000.63
2024-09-03,8,45,7554.2
2024-09-04,8,44,7555.79
2024-09-05,8,51,8597.27
2024-09-06,8,82,13685.8
2024-09-07,8,58,9914.68
2024-09-08,8,16,2714.89
2024-09-09,8,44,7673.07
2024-09-10,8,45,7758.71
2024-09-11,8,52,8986.38
2024-09-12,8,50,8692.78
2024-09-13,8,79,13889.48
2024-09-14,8,37,6264.55
2024-09-15,8,24,4062.42
2024-09-16,8,52,9065.78
2024-09-17,8,41,7243.4
2024-09-18,8,52,9034.88
2024-09-19,8,49,8414.69
2024-09-20,8,42,7178.76
2024-09-21,8,37,6388.88
2024-09-22,8,30,5065.17
2024-09-23,8,37,6462.85
2024-09-24,8,37,6333.67
2024-09-25,8,55,9555.85
2024-09-26,8,60,10207.15
2024-09-27,8,47,8154.09
2024-09-28,8,37,6306.25
2024-09-29,8,21,3565.47
2024-09-30,8,52,8947.44
2024-10-01,8,46,7899.26
2024-10-02,8,62,10475.62
2024-10-03,8,59,9927.88
2024-10-04,8,40,6892.56
2024-10-05,8,27,4654.25
2024-10-06,8,22,3719.02
2024-10-07,8,48,8412.1
2024-10-08,8,49,8303.66
2024-10-09,8,45,7952.14
2024-10-10,8,50,8741.87
2024-10-11,8,39,6671.49
2024-10-12,8,40,6905.84
2024-10-13,8,14,2382.84
2024-10-14,8,49,8618.57
2024-10-15,8,58,9718.92
2024-10-16,8,63,10608.2
2024-10-17,8,57,9528.06
2024-10-18,8,53,9350.22
2024-10-19,8,59,10397.53
2024-10-20,8,32,5669.91
2024-10-21,8,42,7396.77
2024-10-22,8,46,7764.86
2024-10-23,8,57,9688.07
2024-10-24,8,31,5395.57
2024-10-25,8,58,10251.11
2024-10-26,8,40,6978.87
2024-10-27,8,20,3398.35
2024-10-28,8,42,7423.95
2024-10-29,8,43,7557.38
2024-10-30,8,57,9827.12
2024-10-31,8,54,9425.68
2024-11-01,8,65,11460.17
2024-11-02,8,37,6488.0
2024-11-03,8,35,6004.57
2024-11-04,8,44,7409.83
2024-11-05,8,60,10160.54
2024-11-06,8,43,7372.59
2024-11-07,8,38,6694.7
2024-11-08,8,56,9587.05
2024-11-09,8,44,7698.78
2024-11-10,8,23,4057.49
2024-11-11,8,49,8654.54
2024-11-12,8,54,9093.45
2024-11-13,8,49,8592.45
2024-11-14,8,63,10691.08
2024-11-15,8,75,13150.79
2024-11-16,8,32,5369.96
2024-11-17,8,27,4661.99
2024-11-18,8,69,11618.9
2024-11-19,8,62,10681.88
2024-11-20,8,52,8781.9
2024-11-21,8,40,6742.86
2024-11-22,8,46,7947.72
2024-11-23,8,42,7468.27
2024-11-24,8,32,5414.83
2024-11-25,8,45,7975.29
2024-11-26,8,52,8930.53
2024-11-27,8,78,13707.56
2024-11-28,8,59,10259.9
2024-11-29,8,55,9385.53
2024-11-30,8,45,7846.95
2024-12-01,8,20,3528.14
2024-12-02,8,62,11030.89
2024-12-03,8,69,11813.76
2024-12-04,8,58,10206.1
2024-12-05,8,59,10030.74
2024-12-06,8,46,7842.59
2024-12-07,8,49,8545.9
2024-12-08,8,32,5468.05
2024-12-09,8,53,9150.12
2024-12-10,8,45,7604.73
2024-12-11,8,57,9763.74
2024-12-12,8,68,11631.66
2024-12-13,8,45,7935.36
2024-12-14,8,38,6613.52
2024-12-15,8,26,4600.01
2024-12-16,8,48,8135.45
2024-12-17,8,67,11305.46
2024-12-18,8,59,10103.09
2024-12-19,8,44,7587.07
2024-12-20,8,52,8780.05
2024-12-21,8,50,8562.12
2024-12-22,8,25,4221.9
2024-12-23,8,76,13354.96
2024-12-24,8,62,10999.67
2024-12-25,8,71,12123.85
2024-12-26,8,56,9432.31
2024-12-27,8,55,9365.42
2024-12-28,8,46,7758.8
2024-12-29,8,29,4895.27
2024-12-30,8,58,10048.62
2024-12-31,8,43,7529.27
2025-01-01,8,41,7307.54
2025-01-02,8,61,10887.2
2025-01-03,8,43,7597.64
2025-01-04,8,42,7141.02
2025-01-05,8,28,4804.99
2025-01-06,8,48,8559.22
2025-01-07,8,41,7272.16
2025-01-08,8,34,5775.58
2025-01-09,8,48,8440.64
2025-01-10,8,42,7371.38
2025-01-11,8,42,7476.58
2025-01-12,8,24,4179.18
2025-01-13,8,43,7514.88
2025-01-14,8,26,4438.67
2025-01-15,8,39,6931.81
2025-01-16,8,46,8211.27
2025-01-17,8,45,7653.49
2025-01-18,8,37,6547.27
2025-01-19,8,25,4427.07
2025-01-20,8,58,10389.5
2025-01-21,8,40,6905.61
2025-01-22,8,48,8587.29
2025-01-23,8,48,8181.99
2025-01-24,8,47,8363.27
2025-01-25,8,46,8090.25
2025-01-26,8,23,3965.26
2025-01-27,8,57,10028.04
2025-01-28,8,41,6928.43
2025-01-29,8,48,8480.41
2025-01-30,8,44,7538.87
2025-01-31,8,52,9004.96
2025-02-01,8,37,6531.35
2025-02-02,8,21,3758.02
2025-02-03,8,36,6323.16
2025-02-04,8,35,6187.03
2025-02-05,8,52,9170.43
2025-02-06,8,63,10874.0
2025-02-07,8,36,6293.46
2025-02-08,8,38,6568.61
2025-02-09,8,25,4430.19
2025-02-10,8,58,9954.01
2025-02-11,8,65,11660.44
2025-02-12,8,45,7672.05
2025-02-13,8,53,9205.45
2025-02-14,8,37,6545.44
2025-02-15,8,46,8169.44
2025-02-16,8,21,3756.72
2025-02-17,8,39,6724.98
2025-02-18,8,53,9082.47
2025-02-19,8,58,9827.82
2025-02-20,8,36,6234.18
2025-02-21,8,55,9330.79
2025-02-22,8,35,6178.38
2025-02-23,8,27,4574.52
2025-02-24,8,64,10919.82
2025-02-25,8,65,11468.62
2025-02-26,8,25,4335.05
2025-02-27,8,52,9127.76
2025-02-28,8,49,8816.0
2025-03-01,8,45,7820.95
2025-03-02,8,18,3194.27
2025-03-03,8,50,8622.11
2025-03-04,8,33,5819.53
2025-03-05,8,48,8252.63
2025-03-06,8,49,8419.74
2025-03-07,8,55,9717.25
2025-03-08,8,61,10508.3
2025-03-09,8,26,4521.13
2025-03-10,8,44,7550.33
2025-03-11,8,53,9223.45
2025-03-12,8,43,7676.82
2025-03-13,8,36,6322.79
2025-03-14,8,49,8784.78
2025-03-15,8,56,10049.7
2025-03-16,8,21,3626.63
2025-03-17,8,45,8059.7
2025-03-18,8,48,8462.57
2025-03-19,8,50,8632.35
2025-03-20,8,51,8948.62
2025-03-21,8,55,9890.25
2025-03-22,8,52,9295.4
2025-03-23,8,19,3236.29
2025-03-24,8,54,9399.46
2025-03-25,8,50,8516.28
2025-03-26,8,53,9521.62
2025-03-27,8,50,8705.2
2025-03-28,8,52,8921.67
2025-03-29,8,53,9458.12
2025-03-30,8,22,3756.86
2025-03-31,8,54,9410.55
2025-04-01,8,63,11366.68
2025-04-02,8,63,10914.15
2025-04-03,8,130,22661.9
2025-04-04,8,65,11078.88
2025-04-05,8,57,9778.32
2025-04-06,8,19,3375.2
2025-04-07,8,63,10917.59
2025-04-08,8,79,13480.37
2025-04-09,8,58,10239.71
2025-04-10,8,47,8478.36
2025-04-11,8,64,11256.63
2025-04-12,8,44,7533.93
2025-04-13,8,24,4171.12
2025-04-14,8,73,12576.9
2025-04-15,8,47,8275.38
2025-04-16,8,54,9360.33
2025-04-17,8,62,10740.98
2025-04-18,8,73,12913.09
2025-04-19,8,65,11399.41
2025-04-20,8,43,7637.26
2025-04-21,8,70,12414.87
2025-04-22,8,55,9442.33
2025-04-23,8,66,11288.5
2025-04-24,8,66,11561.71
2025-04-25,8,45,8100.15
2025-04-26,8,59,10559.89
2025-04-27,8,42,7550.99
2025-04-28,8,104,18825.38
2025-04-29,8,81,14160.33
2025-04-30,8,55,9842.21
2025-05-01,8,68,11601.86
2025-05-02,8,73,12768.46
2025-05-03,8,61,10605.41
2025-05-04,8,19,3299.12
2025-05-05,8,63,11180.97
2025-05-06,8,46,8134.61
2025-05-07,8,77,13200.21
2025-05-08,8,86,15358.5
2025-05-09,8,48,8666.19
2025-05-10,8,49,8537.77
2025-05-11,8,44,7799.88
2025-05-12,8,69,11931.63
2025-05-13,8,56,9637.84
2025-05-14,8,52,8889.04
2025-05-15,8,48,8548.15
2025-05-16,8,84,14392.32
2025-05-17,8,51,8883.35
2025-05-18,8,24,4221.62
2025-05-19,8,52,8947.51
2025-05-20,8,52,9309.81
2025-05-21,8,64,11602.51
2025-05-22,8,63,11198.83
2025-05-23,8,69,12117.49
2025-05-24,8,64,11324.14
2025-05-25,8,29,5191.58
2025-05-26,8,72,12337.03
2025-05-27,8,77,13980.01
2025-05-28,8,66,11788.51
2025-05-29,8,65,11675.51
2025-05-30,8,51,8997.28
2025-05-31,8,58,10123.73
2025-06-01,8,30,5331.44
2025-06-02,8,70,12282.48
2025-06-03,8,62,10814.49
2025-06-04,8,57,10094.72
2025-06-05,8,48,8524.38
2025-06-06,8,103,18556.42
2025-06-07,8,43,7503.82
2025-06-08,8,32,5695.63
2025-06-09,8,62,11213.51
2025-06-10,8,57,10005.79
2025-06-11,8,58,10518.93
2025-06-12,8,56,9908.54
2025-06-13,8,64,11636.71
2025-06-14,8,60,10325.5
2025-06-15,8,30,5140.99
2025-06-16,8,72,13068.68
2025-06-17,8,60,10782.99
2025-06-18,8,50,8979.77
2025-06-19,8,66,11891.13
2025-06-20,8,69,11926.63
2025-06-21,8,50,9016.16
2025-06-22,8,39,6843.99
2025-06-23,8,51,8866.05
2025-06-24,8,60,10413.52
2025-06-25,8,45,7977.96
2025-06-26,8,52,9119.85
2025-06-27,8,73,12559.13
2025-06-28,8,41,7368.48
2025-06-29,8,32,5597.34
2025-06-30,8,50,8850.65
2025-07-01,8,68,11722.02
2025-07-02,8,49,8827.57
2025-07-03,8,51,8843.18
2025-07-04,8,45,7875.45
2025-07-05,8,60,10399.31
2025-07-06,8,33,6008.89
2025-07-07,8,45,7749.38
2025-07-08,8,54,9779.4
2025-07-09,8,41,7089.94
2025-07-10,8,58,10006.98
2025-07-11,8,63,10990.39
2025-07-12,8,44,7560.94
2025-07-13,8,26,4643.31
2025-07-14,8,58,10414.29
2025-07-15,8,59,10749.99
2025-07-16,8,61,10495.16
2025-07-17,8,79,14074.91
2025-07-18,8,50,8749.4
2025-07-19,8,55,9991.25
2025-07-20,8,34,5889.66
2025-07-21,8,63,11185.27
2025-07-22,8,59,10407.66
2025-07-23,8,58,10094.87
2025-07-24,8,47,8214.69
2025-07-25,8,49,8818.46
2025-07-26,8,33,5756.6
2025-07-27,8,30,5480.42
2025-07-28,8,56,9850.95
2025-07-29,8,30,5394.35
2025-07-30,8,52,9322.87
2025-07-31,8,65,11755.79
2025-08-01,8,45,8087.51
2025-08-02,8,29,5278.33
2025-08-03,8,26,4640.42
2025-08-04,8,39,7106.8
2025-08-05,8,38,6842.51
2025-08-06,8,52,9461.56
2025-08-07,8,61,10674.4
2025-08-08,8,40,7139.86
2025-08-09,8,42,7402.53
2025-08-10,8,24,4286.94
2025-08-11,8,54,9380.21
2025-08-12,8,54,9779.37
2025-08-13,8,34,6145.88
2025-08-14,8,54,9357.94
2025-08-15,8,40,7236.42
2025-08-16,8,52,9371.03
2025-08-17,8,23,4157.95
2025-08-18,8,43,7567.7
2025-08-19,8,42,7517.19
2025-08-20,8,38,6933.51
2025-08-21,8,40,7146.89
2025-08-22,8,51,8952.73
2025-08-23,8,43,7547.38
2025-08-24,8,25,4411.62
2025-08-25,8,51,8923.29
2025-08-26,8,31,5527.12
2025-08-27,8,46,8301.39
2025-08-28,8,60,10544.2
2025-08-29,8,47,8463.58
2025-08-30,8,35,6095.25
2025-08-31,8,27,4686.73
2025-09-01,8,49,8636.8
2025-09-02,8,38,6878.07
2025-09-03,8,35,6111.23
2025-09-04,8,36,6266.65
2025-09-05,8,49,8686.17
2025-09-06,8,30,5359.32
2025-09-07,8,18,3202.96
2025-09-08,8,60,10599.46
2025-09-09,8,59,10403.08
2025-09-10,8,47,8217.27
2025-09-11,8,36,6391.22
2025-09-12,8,40,7087.41
2025-09-13,8,38,6808.21
2025-09-14,8,23,4060.12
2025-09-15,8,45,7923.47
2025-09-16,8,38,6905.86
2025-09-17,8,48,8572.39
2025-09-18,8,44,7951.77
2025-09-19,8,39,6976.34
2025-09-20,8,48,8782.22
2025-09-21,8,15,2678.9
2025-09-22,8,42,7515.88
2025-09-23,8,38,6970.97
2025-09-24,8,31,5445.52
2025-09-25,8,44,7941.69
2025-09-26,8,40,7005.66
2025-09-27,8,33,5829.08
2025-09-28,8,21,3830.41
2025-09-29,8,50,8930.11
2025-09-30,8,47,8449.63
2025-10-01,8,61,10792.76
2025-10-02,8,47,8171.53
2025-10-03,8,41,7277.23
2025-10-04,8,44,7879.6
2025-10-05,8,27,4695.09
2025-10-06,8,35,6225.55
2025-10-07,8,50,8799.0
2025-10-08,8,46,8451.82
2025-10-09,8,47,8540.7
2025-10-10,8,40,7271.14
2025-10-11,8,36,6257.39
2025-10-12,8,12,2119.54
2025-10-13,8,46,8035.4
2025-10-14,8,39,6842.72
2025-10-15,8,43,7684.79
2025-10-16,8,40,7015.66
2025-10-17,8,43,7829.31
2025-10-18,8,37,6641.21
2025-10-19,8,22,4037.02
2025-10-20,8,46,8368.92
2025-10-21,8,62,11087.16
2025-10-22,8,52,9549.9
2025-10-23,8,48,8819.3
2025-10-24,8,35,6421.86
2025-10-25,8,44,7945.86
2025-10-26,8,29,5206.17
2025-10-27,8,61,10780.67
2025-10-28,8,46,8129.27
2025-10-29,8,34,6039.61
2025-10-30,8,60,11066.68
2025-10-31,8,55,9786.91
2025-11-01,8,47,8518.25
2025-11-02,8,27,4750.99
2025-11-03,8,64,11571.96
2025-11-04,8,53,9563.54
2025-11-05,8,56,9805.76
2025-11-06,8,37,6702.8
2025-11-07,8,49,8557.74
2025-11-08,8,43,7852.26
2025-11-09,8,20,3679.66
2025-11-10,8,52,9546.46
2025-11-11,8,36,6598.38
2025-11-12,8,46,8203.01
2025-11-13,8,54,9566.86
2025-11-14,8,50,9050.06
2025-11-15,8,50,8721.09
2025-11-16,8,30,5345.44
2025-11-17,8,64,11262.38
2025-11-18,8,38,6732.34
2025-11-19,8,36,6412.49
2025-11-20,8,65,11825.57
2025-11-21,8,41,7423.06
2025-11-22,8,49,8966.55
2025-11-23,8,34,6261.49
2025-11-24,8,42,7591.72
2025-11-25,8,52,9551.17
2025-11-26,8,49,8951.57
2025-11-27,8,32,5859.09
2025-11-28,8,47,8270.66
2025-11-29,8,37,6761.14
2025-11-30,8,20,3612.44
2025-12-01,8,64,11210.43
2025-12-02,8,49,8668.05
2025-12-03,8,52,9156.57
2025-12-04,8,43,7689.6
2025-12-05,8,65,11826.01
2025-12-06,8,58,10654.77
2025-12-07,8,23,4124.3
2025-12-08,8,58,10575.42
2025-12-09,8,49,8629.44
2025-12-10,8,65,11650.15
2025-12-11,8,52,9538.83
2025-12-12,8,54,9849.02
2025-12-13,8,47,8291.34
2025-12-14,8,45,8221.33
2025-12-15,8,35,6373.81
2025-12-16,8,53,9451.16
2025-12-17,8,50,8870.2
2025-12-18,8,51,9085.76
2025-12-19,8,62,10868.75
2025-12-20,8,46,8197.92
2025-12-21,8,22,3876.06
2025-12-22,8,42,7714.34
2025-12-23,8,52,9479.74
2025-12-24,8,59,10376.4
2025-12-25,8,64,11638.6
2025-12-26,8,51,9328.94
2025-12-27,8,48,8437.85
2025-12-28,8,16,2827.26
2025-12-29,8,48,8481.96
2025-12-30,8,66,11698.03
2025-12-31,8,45,7953.0
2026-01-01,8,40,7242.19
2026-01-02,8,35,6408.03
2026-01-03,8,47,8538.04
2026-01-04,8,17,3123.7
2026-01-05,8,48,8718.01
2026-01-06,8,40,7187.63
2026-01-07,8,52,9370.7
2026-01-08,8,35,6423.71
2026-01-09,8,54,9569.78
2026-01-10,8,41,7608.16
2026-01-11,8,19,3528.03
2026-01-12,8,66,11780.52
2026-01-13,8,66,11846.46
2026-01-14,8,42,7605.28
2026-01-15,8,43,7986.3
2026-01-16,8,45,8033.79
2026-01-17,8,41,7359.04
2026-01-18,8,18,3254.47
2026-01-19,8,57,10121.85
2026-01-20,8,38,6954.63
2026-01-21,8,37,6648.67
2026-01-22,8,48,8441.93
2026-01-23,8,45,8252.44
2026-01-24,8,57,10237.54
2026-01-25,8,20,3715.96
2026-01-26,8,45,8110.12
2026-01-27,8,56,10300.32
2026-01-28,8,60,10633.2
2026-01-29,8,41,7442.79
2026-01-30,8,39,7182.93
2026-01-31,8,35,6212.01
2026-02-01,8,12,2136.09
2026-02-02,8,35,6163.86
2026-02-03,8,54,9871.63
2026-02-04,8,86,15295.06
2026-02-05,8,44,7767.08
2026-02-06,8,50,8854.35
2026-02-07,8,47,8498.86
2026-02-08,8,20,3682.89
2026-02-09,8,53,9794.04
2026-02-10,8,37,6531.13
2026-02-11,8,45,7955.31
2026-02-12,8,51,9021.97
2026-02-13,8,54,9810.19
2026-02-14,8,28,4963.97
2026-02-15,8,27,4882.63
2026-02-16,8,48,8863.7
2026-02-17,8,59,10526.76
2026-02-18,8,48,8447.07
2026-02-19,8,53,9747.35
2026-02-20,8,62,11049.1
2026-02-21,8,31,5643.67
2026-02-22,8,20,3576.53
2026-02-23,8,42,7529.21
2026-02-24,8,48,8793.63
2026-02-25,8,45,8351.05
2026-02-26,8,52,9221.99
2026-02-27,8,38,6871.0
2026-02-28,8,37,6593.07
2026-03-01,8,14,2491.53
2026-03-02,8,55,9948.22
2026-03-03,8,48,8782.39
2026-03-04,8,36,6521.45
2026-03-05,8,38,6693.27
2026-03-06,8,50,9111.22
2026-03-07,8,45,8345.77
2026-03-08,8,23,4237.47
2026-03-09,8,53,9784.99
2026-03-10,8,45,8250.64
2026-03-11,8,55,9759.88
2026-03-12,8,43,7820.42
2026-03-13,8,45,8045.6
2026-03-14,8,44,7851.2
2026-03-15,8,27,5012.05
2026-03-16,8,75,13741.12
2026-03-17,8,45,8335.56
2026-03-18,8,43,7879.34
2026-03-19,8,51,9113.65
2026-03-20,8,49,9080.53
2026-03-21,8,54,9871.4
2026-03-22,8,20,3562.46
2026-03-23,8,48,8785.27
2026-03-24,8,54,9917.09
2026-03-25,8,58,10697.29
2026-03-26,8,48,8740.47
2026-03-27,8,53,9834.34
2026-03-28,8,32,5822.16
2026-03-29,8,13,2299.83
2026-03-30,8,33,6127.97
2026-03-31,8,48,8986.39
2026-04-01,8,53,9573.39
2026-04-02,8,48,8484.87
2026-04-03,8,61,10980.03
2026-04-04,8,58,10858.14
2026-04-05,8,26,4678.6
2026-04-06,8,47,8753.41
2026-04-07,8,48,8598.72
2026-04-08,8,53,9840.97
2026-04-09,8,66,11710.43
2026-04-10,8,58,10874.91
2026-04-11,8,40,7466.57
2026-04-12,8,32,5798.72
2026-04-13,8,49,8691.64
2026-04-14,8,61,10987.83
2026-04-15,8,40,7287.92
2026-04-16,8,56,10211.55
2026-04-17,8,77,14176.17
2026-04-18,8,65,11514.32
2026-04-19,8,26,4811.11
2026-04-20,8,49,8837.0
2026-04-21,8,55,10102.69
2026-04-22,8,72,12966.67
2026-04-23,8,64,11372.13
2026-04-24,8,57,10482.5
2026-04-25,8,39,7123.47
2026-04-26,8,32,5693.36
2026-04-27,8,70,12549.45
2026-04-28,8,45,8388.56
2026-04-29,8,79,14235.92
2026-04-30,8,48,8780.69
2026-05-01,8,68,12298.88
2026-05-02,8,47,8783.12
2026-05-03,8,35,6293.27
2026-05-04,8,67,11874.96
2026-05-05,8,75,13282.04
2026-05-06,8,55,10091.15
2026-05-07,8,65,11693.86
2026-05-08,8,67,12446.78
2026-05-09,8,55,9835.06
2026-05-10,8,17,3172.58
2026-05-11,8,63,11836.63
2026-05-12,8,76,13893.95
2026-05-13,8,73,13728.31
2026-05-14,8,75,13468.55
2026-05-15,8,65,11671.52
2026-05-16,8,62,11272.0
2026-05-17,8,27,4960.93
2026-05-18,8,62,11386.76
2026-05-19,8,57,10517.99
2026-05-20,8,62,11657.51
2026-05-21,8,58,10359.98
2026-05-22,8,67,11904.94
2026-05-23,8,61,10946.5
2026-05-24,8,25,4603.59
2026-05-25,8,48,8754.24
2026-05-26,8,57,10434.76
2026-05-27,8,82,14862.1
2026-05-28,8,60,10680.48
2026-05-29,8,59,10703.76
2026-05-30,8,55,10161.83
2026-05-31,8,44,7896.09
2026-06-01,8,55,10185.36
2026-06-02,8,51,9503.88
2026-06-03,8,71,13062.51
2026-06-04,8,59,10874.49
2026-06-05,8,46,8598.05
2026-06-06,8,49,9146.38
2026-06-07,8,26,4901.68
2026-06-08,8,52,9530.2
2026-06-09,8,59,10822.9
2026-06-10,8,51,9070.71
2026-06-11,8,62,11068.8
2026-06-12,8,53,9988.92
2026-06-13,8,49,8991.76
2026-06-14,8,22,4084.97
2026-06-15,8,68,12249.18
2026-06-16,8,76,13893.22
2026-06-17,8,43,7875.26
2026-06-18,8,63,11397.0
2026-06-19,8,75,13858.38
2026-06-20,8,52,9368.05
2026-06-21,8,16,2861.53
2026-06-22,8,66,12206.05
2026-06-23,8,58,10821.97
2026-06-24,8,46,8480.65
2026-06-25,8,42,7557.63
2026-06-26,8,57,10512.95
2026-06-27,8,51,9507.82
2026-06-28,8,21,3839.06
2026-06-29,8,69,12808.01
2026-06-30,8,55,9798.23
2026-07-01,8,51,9557.33
2026-07-02,8,61,11335.5
2026-07-03,8,54,10202.57
2026-07-04,8,45,8015.98
2026-07-05,8,19,3501.07
2026-07-06,8,43,8086.74
2026-07-07,8,57,10458.44
2026-07-08,8,32,5778.12
2026-07-09,8,40,7399.92
2026-07-10,8,57,10556.47
2026-07-11,8,31,5649.62
2026-07-12,8,25,4608.54
2026-07-13,8,59,10518.31
2026-07-14,8,48,8641.26
2026-07-15,8,50,9081.54
2026-07-16,8,45,8084.54
2026-07-17,8,49,8941.38
2026-07-18,8,35,6299.63
2026-07-19,8,34,6367.97
2026-07-20,8,62,11467.65
2026-07-21,8,46,8546.42
2026-07-22,8,42,7622.04
2026-07-23,8,45,8488.48
2026-07-24,8,56,10306.27
2026-07-25,8,29,5244.71
2026-07-26,8,18,3339.34
2026-07-27,8,39,7306.65
2026-07-28,8,46,8667.89
2026-07-29,8,63,11938.69
2026-07-30,8,36,6760.9
2026-07-31,8,32,5759.45
2026-08-01,8,35,6610.19
2026-08-02,8,22,4108.6
2026-08-03,8,45,8300.94
2026-08-04,8,61,11343.03
2026-08-05,8,51,9169.75
2026-08-06,8,48,8686.91
2026-08-07,8,44,8249.8
2026-08-08,8,32,5811.94
2026-08-09,8,29,5385.94
2026-08-10,8,56,10172.88
2026-08-11,8,48,9007.87
2026-08-12,8,29,5231.39
2026-08-13,8,37,6986.18
2026-08-14,8,53,9512.44
2026-08-15,8,55,10190.89
2026-08-16,8,32,5776.35
2026-08-17,8,62,11617.64
2026-08-18,8,50,9109.73
2026-08-19,8,42,7949.76
2026-08-20,8,60,10991.94
2026-08-21,8,47,8881.67
2026-08-22,8,42,7612.82
2026-08-23,8,25,4486.15
2026-08-24,8,30,5610.97
2026-08-25,8,46,8499.34
2026-08-26,8,43,7940.47
2026-08-27,8,44,8362.41
2026-08-28,8,34,6383.81
2026-08-29,8,41,7710.39
2026-08-30,8,32,5957.6
2026-08-31,8,40,7511.04
2026-09-01,8,32,5858.53
2026-09-02,8,36,6517.94
2026-09-03,8,47,8776.48
2026-09-04,8,31,5762.85
2026-09-05,8,44,8335.25
2026-09-06,8,32,5832.56
2026-09-07,8,30,5549.23
2026-09-08,8,45,8164.65
2026-09-09,8,55,10336.74
2026-09-10,8,64,11837.24
2026-09-11,8,58,10893.69
2026-09-12,8,34,6452.21
2026-09-13,8,31,5575.12
2026-09-14,8,35,6324.66
2026-09-15,8,40,7599.34
2026-09-16,8,46,8461.4
2026-09-17,8,50,9225.08
2026-09-18,8,54,10124.41
2026-09-19,8,41,7667.13
2026-09-20,8,19,3491.25
2026-09-21,8,57,10593.26
2026-09-22,8,48,8742.62
2026-09-23,8,39,7257.91
2026-09-24,8,46,8487.12
2026-09-25,8,36,6804.19
2026-09-26,8,34,6358.75
2026-09-27,8,32,5978.85
2026-09-28,8,32,5915.58
2026-09-29,8,33,6209.65
2026-09-30,8,44,7968.57
2023-10-01,9,18,3327.89
2023-10-02,9,27,5030.87
2023-10-03,9,32,5728.93
2023-10-04,9,20,3656.83
2023-10-05,9,24,4310.83
2023-10-06,9,30,5499.68
2023-10-07,9,30,5664.75
2023-10-08,9,14,2507.42
2023-10-09,9,29,5487.76
2023-10-10,9,25,4718.07
2023-10-11,9,32,5886.04
2023-10-12,9,17,3069.43
2023-10-13,9,31,5760.49
2023-10-14,9,22,4027.66
2023-10-15,9,16,3038.59
2023-10-16,9,20,3688.72
2023-10-17,9,20,3764.91
2023-10-18,9,21,3861.41
2023-10-19,9,26,4929.7
2023-10-20,9,30,5704.18
2023-10-21,9,24,4424.15
2023-10-22,9,14,2528.79
2023-10-23,9,20,3677.71
2023-10-24,9,17,3191.44
2023-10-25,9,23,4332.01
2023-10-26,9,29,5507.01
2023-10-27,9,14,2631.2
2023-10-28,9,18,3368.91
2023-10-29,9,14,2564.21
2023-10-30,9,29,5390.49
2023-10-31,9,15,2735.37
2023-11-01,9,28,5310.95
2023-11-02,9,15,2724.08
2023-11-03,9,29,5399.06
2023-11-04,9,24,4444.08
2023-11-05,9,16,3006.83
2023-11-06,9,38,6975.56
2023-11-07,9,23,4177.89
2023-11-08,9,24,4426.8
2023-11-09,9,17,3236.57
2023-11-10,9,18,3301.51
2023-11-11,9,19,3581.94
2023-11-12,9,11,1990.08
2023-11-13,9,35,6618.67
2023-11-14,9,25,4634.36
2023-11-15,9,33,6166.86
2023-11-16,9,17,3097.57
2023-11-17,9,36,6847.16
2023-11-18,9,35,6389.13
2023-11-19,9,12,2233.48
2023-11-20,9,23,4239.24
2023-11-21,9,34,6203.29
2023-11-22,9,13,2352.65
2023-11-23,9,30,5455.15
2023-11-24,9,30,5674.5
2023-11-25,9,32,6071.42
2023-11-26,9,16,2972.52
2023-11-27,9,21,3793.7
2023-11-28,9,25,4636.04
2023-11-29,9,28,5345.94
2023-11-30,9,29,5402.29
2023-12-01,9,27,4859.06
2023-12-02,9,41,7449.49
2023-12-03,9,10,1822.61
2023-12-04,9,23,4272.17
2023-12-05,9,27,4974.34
2023-12-06,9,38,7075.68
2023-12-07,9,40,7584.03
2023-12-08,9,38,7174.8
2023-12-09,9,17,3159.6
2023-12-10,9,17,3121.57
2023-12-11,9,35,6325.3
2023-12-12,9,20,3824.47
2023-12-13,9,47,8707.04
2023-12-14,9,41,7573.48
2023-12-15,9,35,6460.06
2023-12-16,9,20,3693.9
2023-12-17,9,17,3158.25
2023-12-18,9,16,2999.73
2023-12-19,9,28,5213.39
2023-12-20,9,24,4353.17
2023-12-21,9,23,4395.46
2023-12-22,9,37,6917.14
2023-12-23,9,34,6365.86
2023-12-24,9,20,3738.02
2023-12-25,9,33,5991.76
2023-12-26,9,21,3896.2
2023-12-27,9,43,7950.88
2023-12-28,9,35,6409.4
2023-12-29,9,34,6379.94
2023-12-30,9,26,4912.74
2023-12-31,9,14,2546.1
2024-01-01,9,26,4941.16
2024-01-02,9,30,5667.02
2024-01-03,9,20,3830.15
2024-01-04,9,23,4241.41
2024-01-05,9,24,4504.45
2024-01-06,9,21,3838.78
2024-01-07,9,17,3213.84
2024-01-08,9,23,4194.26
2024-01-09,9,23,4369.28
2024-01-10,9,24,4467.61
2024-01-11,9,30,5537.19
2024-01-12,9,20,3834.14
2024-01-13,9,15,2825.55
2024-01-14,9,12,2236.04
2024-01-15,9,24,4491.91
2024-01-16,9,39,7184.85
2024-01-17,9,26,4925.15
2024-01-18,9,28,5132.84
2024-01-19,9,30,5460.7
2024-01-20,9,38,7037.69
2024-01-21,9,15,2751.83
2024-01-22,9,27,5090.89
2024-01-23,9,32,5791.48
2024-01-24,9,36,6693.72
2024-01-25,9,29,5478.28
2024-01-26,9,20,3761.27
2024-01-27,9,12,2288.08
2024-01-28,9,9,1638.24
2024-01-29,9,38,6909.98
2024-01-30,9,38,7092.1
2024-01-31,9,23,4261.98
2024-02-01,9,20,3750.29
2024-02-02,9,24,4582.09
2024-02-03,9,18,3351.37
2024-02-04,9,12,2250.75
2024-02-05,9,43,7995.99
2024-02-06,9,37,7103.63
2024-02-07,9,22,4099.43
2024-02-08,9,28,5146.37
2024-02-09,9,31,5790.9
2024-02-10,9,23,4192.65
2024-02-11,9,14,2648.29
2024-02-12,9,22,4103.35
2024-02-13,9,24,4615.1
2024-02-14,9,31,5760.1
2024-02-15,9,28,5117.06
2024-02-16,9,23,4328.87
2024-02-17,9,25,4815.83
2024-02-18,9,13,2392.68
2024-02-19,9,38,7031.2
2024-02-20,9,18,3337.89
2024-02-21,9,35,6397.77
2024-02-22,9,41,7852.15
2024-02-23,9,22,4198.82
2024-02-24,9,27,5189.18
2024-02-25,9,10,1851.51
2024-02-26,9,36,6916.28
2024-02-27,9,39,7141.16
2024-02-28,9,41,7846.78
2024-02-29,9,26,4887.69
2024-03-01,9,30,5673.12
2024-03-02,9,29,5274.16
2024-03-03,9,14,2646.26
2024-03-04,9,17,3125.72
2024-03-05,9,24,4507.97
2024-03-06,9,31,5777.89
2024-03-07,9,46,8374.03
2024-03-08,9,18,3448.57
2024-03-09,9,28,5346.6
2024-03-10,9,11,2060.63
2024-03-11,9,27,5120.12
2024-03-12,9,33,6360.34
2024-03-13,9,13,2443.31
2024-03-14,9,29,5381.6
2024-03-15,9,23,4429.68
2024-03-16,9,40,7375.06
2024-03-17,9,11,2010.41
2024-03-18,9,43,7931.58
2024-03-19,9,37,7075.23
2024-03-20,9,21,4040.4
2024-03-21,9,30,5591.75
2024-03-22,9,24,4415.94
2024-03-23,9,25,4569.0
2024-03-24,9,13,2399.74
2024-03-25,9,31,5894.45
2024-03-26,9,29,5545.26
2024-03-27,9,29,5354.75
2024-03-28,9,21,3866.79
2024-03-29,9,31,5705.2
2024-03-30,9,14,2581.6
2024-03-31,9,21,3855.94
2024-04-01,9,29,5356.08
2024-04-02,9,42,7965.98
2024-04-03,9,46,8514.79
2024-04-04,9,24,4445.7
2024-04-05,9,34,6322.64
2024-04-06,9,28,5292.09
2024-04-07,9,10,1886.42
2024-04-08,9,31,5985.54
2024-04-09,9,33,6253.46
2024-04-10,9,37,6840.53
2024-04-11,9,30,5595.75
2024-04-12,9,38,7357.91
2024-04-13,9,31,5881.03
2024-04-14,9,12,2225.9
2024-04-15,9,31,5706.09
2024-04-16,9,29,5345.0
2024-04-17,9,38,7328.25
2024-04-18,9,41,7731.46
2024-04-19,9,33,6178.62
2024-04-20,9,25,4814.51
2024-04-21,9,15,2867.44
2024-04-22,9,32,6167.84
2024-04-23,9,43,7945.86
2024-04-24,9,41,7726.91
2024-04-25,9,37,6888.01
2024-04-26,9,30,5694.95
2024-04-27,9,22,4191.27
2024-04-28,9,16,3035.52
2024-04-29,9,27,5122.41
2024-04-30,9,28,5191.22
2024-05-01,9,45,8464.15
2024-05-02,9,24,4529.27
2024-05-03,9,29,5599.91
2024-05-04,9,39,7179.06
2024-05-05,9,17,3173.33
2024-05-06,9,31,6009.14
2024-05-07,9,30,5795.43
2024-05-08,9,36,6599.79
2024-05-09,9,31,5680.48
2024-05-10,9,42,8064.13
2024-05-11,9,33,6317.16
2024-05-12,9,17,3231.12
2024-05-13,9,34,6505.26
2024-05-14,9,20,3670.02
2024-05-15,9,37,6832.92
2024-05-16,9,37,7000.13
2024-05-17,9,28,5309.2
2024-05-18,9,28,5404.33
2024-05-19,9,15,2774.12
2024-05-20,9,46,8872.27
2024-05-21,9,42,8112.15
2024-05-22,9,39,7296.34
2024-05-23,9,28,5255.15
2024-05-24,9,38,7357.16
2024-05-25,9,37,7042.85
2024-05-26,9,17,3172.56
2024-05-27,9,47,9015.14
2024-05-28,9,37,7174.07
2024-05-29,9,42,7911.6
2024-05-30,9,51,9518.47
2024-05-31,9,51,9839.78
2024-06-01,9,27,5169.01
2024-06-02,9,17,3311.63
2024-06-03,9,33,6087.29
2024-06-04,9,35,6742.41
2024-06-05,9,29,5651.43
2024-06-06,9,40,7465.21
2024-06-07,9,32,6178.42
2024-06-08,9,37,7196.67
2024-06-09,9,17,3220.51
2024-06-10,9,32,5879.93
2024-06-11,9,36,6978.12
2024-06-12,9,23,4472.98
2024-06-13,9,37,7116.76
2024-06-14,9,30,5618.84
2024-06-15,9,27,5223.84
2024-06-16,9,15,2803.2
2024-06-17,9,38,7366.96
2024-06-18,9,25,4756.36
2024-06-19,9,34,6560.16
2024-06-20,9,40,7674.3
2024-06-21,9,34,6435.35
2024-06-22,9,15,2841.42
2024-06-23,9,18,3435.3
2024-06-24,9,21,3965.18
2024-06-25,9,38,7099.86
2024-06-26,9,27,4975.28
2024-06-27,9,36,6824.77
2024-06-28,9,49,9037.47
2024-06-29,9,29,5498.62
2024-06-30,9,18,3332.35
2024-07-01,9,24,4586.21
2024-07-02,9,38,7033.2
2024-07-03,9,46,8776.58
2024-07-04,9,30,5709.85
2024-07-05,9,20,3714.09
2024-07-06,9,33,6225.31
2024-07-07,9,13,2411.88
2024-07-08,9,32,5930.87
2024-07-09,9,38,7395.48
2024-07-10,9,26,4883.39
2024-07-11,9,16,3041.49
2024-07-12,9,29,5494.09
2024-07-13,9,28,5327.03
2024-07-14,9,20,3708.19
2024-07-15,9,31,5800.54
2024-07-16,9,37,6911.5
2024-07-17,9,30,5829.28
2024-07-18,9,35,6520.04
2024-07-19,9,28,5310.72
2024-07-20,9,26,4847.67
2024-07-21,9,14,2636.39
2024-07-22,9,27,5178.31
2024-07-23,9,25,4618.96
2024-07-24,9,26,4912.42
2024-07-25,9,26,4942.43
2024-07-26,9,27,5216.32
2024-07-27,9,19,3704.77
2024-07-28,9,14,2600.05
2024-07-29,9,30,5780.21
2024-07-30,9,23,4293.25
2024-07-31,9,31,6027.57
2024-08-01,9,16,3018.79
2024-08-02,9,37,6969.81
2024-08-03,9,20,3760.86
2024-08-04,9,13,2459.57
2024-08-05,9,33,6458.56
2024-08-06,9,20,3924.4
2024-08-07,9,27,5069.38
2024-08-08,9,29,5412.79
2024-08-09,9,21,4007.38
2024-08-10,9,23,4349.68
2024-08-11,9,17,3296.01
2024-08-12,9,30,5621.0
2024-08-13,9,18,3525.28
2024-08-14,9,38,7293.43
2024-08-15,9,21,3953.26
2024-08-16,9,28,5249.27
2024-08-17,9,25,4889.08
2024-08-18,9,10,1917.57
2024-08-19,9,21,4117.92
2024-08-20,9,25,4903.99
2024-08-21,9,24,4658.08
2024-08-22,9,22,4151.23
2024-08-23,9,26,5020.15
2024-08-24,9,24,4660.41
2024-08-25,9,10,1956.96
2024-08-26,9,33,6190.92
2024-08-27,9,25,4782.09
2024-08-28,9,21,4026.01
2024-08-29,9,20,3881.36
2024-08-30,9,34,6477.62
2024-08-31,9,26,4853.11
2024-09-01,9,25,4638.9
2024-09-02,9,31,6069.33
2024-09-03,9,25,4685.55
2024-09-04,9,34,6355.74
2024-09-05,9,30,5659.43
2024-09-06,9,22,4162.01
2024-09-07,9,31,5861.8
2024-09-08,9,13,2413.59
2024-09-09,9,28,5327.73
2024-09-10,9,35,6853.49
2024-09-11,9,14,2752.47
2024-09-12,9,19,3681.11
2024-09-13,9,31,5963.86
2024-09-14,9,30,5625.14
2024-09-15,9,7,1370.21
2024-09-16,9,37,7082.09
2024-09-17,9,28,5485.05
2024-09-18,9,25,4664.59
2024-09-19,9,29,5680.42
2024-09-20,9,39,7541.98
2024-09-21,9,32,6032.35
2024-09-22,9,9,1758.4
2024-09-23,9,25,4678.25
2024-09-24,9,18,3497.31
2024-09-25,9,29,5452.91
2024-09-26,9,25,4652.29
2024-09-27,9,30,5590.53
2024-09-28,9,27,5055.98
2024-09-29,9,16,2983.95
2024-09-30,9,27,5056.9
2024-10-01,9,28,5219.82
2024-10-02,9,29,5509.16
2024-10-03,9,19,3655.64
2024-10-04,9,22,4225.71
2024-10-05,9,22,4198.7
2024-10-06,9,9,1721.77
2024-10-07,9,33,6441.89
2024-10-08,9,34,6591.9
2024-10-09,9,25,4896.66
2024-10-10,9,34,6703.14
2024-10-11,9,23,4369.71
2024-10-12,9,23,4306.16
2024-10-13,9,4,746.79
2024-10-14,9,25,4785.01
2024-10-15,9,22,4103.67
2024-10-16,9,32,6062.42
2024-10-17,9,34,6377.93
2024-10-18,9,40,7545.63
2024-10-19,9,21,3992.51
2024-10-20,9,16,2995.08
2024-10-21,9,23,4415.61
2024-10-22,9,32,6104.68
2024-10-23,9,23,4456.24
2024-10-24,9,29,5556.54
2024-10-25,9,28,5297.67
2024-10-26,9,25,4920.51
2024-10-27,9,7,1321.77
2024-10-28,9,23,4418.3
2024-10-29,9,23,4464.15
2024-10-30,9,16,3157.97
2024-10-31,9,31,6030.41
2024-11-01,9,25,4782.46
2024-11-02,9,22,4258.49
2024-11-03,9,12,2272.69
2024-11-04,9,30,5784.34
2024-11-05,9,34,6519.89
2024-11-06,9,17,3282.35
2024-11-07,9,32,5991.7
2024-11-08,9,42,8019.09
2024-11-09,9,30,5807.33
2024-11-10,9,15,2898.02
2024-11-11,9,36,6976.04
2024-11-12,9,22,4194.3
2024-11-13,9,23,4436.43
2024-11-14,9,32,6113.66
2024-11-15,9,28,5517.71
2024-11-16,9,27,5094.22
2024-11-17,9,9,1713.1
2024-11-18,9,22,4296.47
2024-11-19,9,26,5063.68
2024-11-20,9,27,5172.9
2024-11-21,9,38,7293.58
2024-11-22,9,30,5674.61
2024-11-23,9,28,5335.37
2024-11-24,9,14,2628.5
2024-11-25,9,22,4319.74
2024-11-26,9,19,3657.01
2024-11-27,9,31,5890.24
2024-11-28,9,42,8272.01
2024-11-29,9,33,6383.44
2024-11-30,9,26,5080.91
2024-12-01,9,11,2165.88
2024-12-02,9,18,3384.73
2024-12-03,9,26,5154.28
2024-12-04,9,28,5303.85
2024-12-05,9,32,6284.51
2024-12-06,9,36,7146.08
2024-12-07,9,34,6398.61
2024-12-08,9,17,3294.15
2024-12-09,9,35,6841.08
2024-12-10,9,19,3569.89
2024-12-11,9,22,4326.43
2024-12-12,9,41,8136.9
2024-12-13,9,24,4526.08
2024-12-14,9,25,4916.79
2024-12-15,9,16,3048.83
2024-12-16,9,31,5836.06
2024-12-17,9,20,3903.9
2024-12-18,9,33,6556.43
2024-12-19,9,42,8165.69
2024-12-20,9,23,4434.53
2024-12-21,9,36,6897.48
2024-12-22,9,8,1562.2
2024-12-23,9,31,6074.58
2024-12-24,9,33,6369.19
2024-12-25,9,37,7235.75
2024-12-26,9,42,8052.39
2024-12-27,9,36,6944.07
2024-12-28,9,22,4276.87
2024-12-29,9,26,5132.77
2024-12-30,9,28,5313.9
2024-12-31,9,30,5817.38
2025-01-01,9,20,3810.6
2025-01-02,9,54,10528.06
2025-01-03,9,25,4846.21
2025-01-04,9,29,5503.82
2025-01-05,9,21,3991.32
2025-01-06,9,24,4726.67
2025-01-07,9,20,3792.67
2025-01-08,9,33,6478.17
2025-01-09,9,22,4143.54
2025-01-10,9,37,7135.8
2025-01-11,9,18,3547.62
2025-01-12,9,19,3681.86
2025-01-13,9,21,4176.07
2025-01-14,9,29,5561.25
2025-01-15,9,33,6332.19
2025-01-16,9,38,7353.4
2025-01-17,9,25,4704.03
2025-01-18,9,38,7502.76
2025-01-19,9,11,2126.48
2025-01-20,9,20,3824.14
2025-01-21,9,23,4504.09
2025-01-22,9,18,3468.64
2025-01-23,9,30,5849.91
2025-01-24,9,35,6909.38
2025-01-25,9,28,5330.95
2025-01-26,9,15,2854.44
2025-01-27,9,32,6260.86
2025-01-28,9,25,4772.3
2025-01-29,9,25,4715.78
2025-01-30,9,28,5454.44
2025-01-31,9,38,7225.9
2025-02-01,9,15,2990.79
2025-02-02,9,11,2100.62
2025-02-03,9,25,4820.42
2025-02-04,9,24,4727.4
2025-02-05,9,46,8782.58
2025-02-06,9,21,4134.16
2025-02-07,9,26,5027.65
2025-02-08,9,17,3327.83
2025-02-09,9,6,1139.18
2025-02-10,9,25,4989.91
2025-02-11,9,28,5346.2
2025-02-12,9,23,4371.65
2025-02-13,9,29,5526.56
2025-02-14,9,21,4001.52
2025-02-15,9,21,4153.85
2025-02-16,9,16,3179.91
2025-02-17,9,20,3881.22
2025-02-18,9,21,4117.4
2025-02-19,9,23,4484.73
2025-02-20,9,18,3446.83
2025-02-21,9,56,11081.01
2025-02-22,9,14,2692.01
2025-02-23,9,12,2269.89
2025-02-24,9,24,4765.69
2025-02-25,9,18,3498.7
2025-02-26,9,31,5978.0
2025-02-27,9,32,6287.95
2025-02-28,9,24,4696.45
2025-03-01,9,22,4319.43
2025-03-02,9,11,2083.96
2025-03-03,9,38,7301.51
2025-03-04,9,23,4538.64
2025-03-05,9,31,6107.51
2025-03-06,9,20,3908.0
2025-03-07,9,44,8364.62
2025-03-08,9,29,5555.82
2025-03-09,9,11,2176.65
2025-03-10,9,28,5424.32
2025-03-11,9,24,4753.81
2025-03-12,9,30,5914.34
2025-03-13,9,31,5912.36
2025-03-14,9,35,6883.99
2025-03-15,9,20,3825.43
2025-03-16,9,14,2702.74
2025-03-17,9,26,5051.85
2025-03-18,9,41,8009.3
2025-03-19,9,24,4631.26
2025-03-20,9,27,5266.24
2025-03-21,9,28,5321.17
2025-03-22,9,19,3644.84
2025-03-23,9,10,1917.33
2025-03-24,9,16,3136.6
2025-03-25,9,32,6234.61
2025-03-26,9,33,6516.2
2025-03-27,9,27,5326.74
2025-03-28,9,28,5629.94
2025-03-29,9,27,5298.26
2025-03-30,9,22,4405.88
2025-03-31,9,30,5826.95
2025-04-01,9,49,9357.3
2025-04-02,9,22,4383.41
2025-04-03,9,31,5947.24
2025-04-04,9,26,5063.76
2025-04-05,9,37,7266.43
2025-04-06,9,25,4889.06
2025-04-07,9,49,9786.61
2025-04-08,9,38,7529.54
2025-04-09,9,49,9681.93
2025-04-10,9,33,6463.53
2025-04-11,9,40,7799.69
2025-04-12,9,26,5197.3
2025-04-13,9,13,2590.42
2025-04-14,9,24,4709.11
2025-04-15,9,40,7728.0
2025-04-16,9,30,5828.86
2025-04-17,9,27,5148.19
2025-04-18,9,35,6892.98
2025-04-19,9,29,5791.41
2025-04-20,9,6,1209.36
2025-04-21,9,21,4143.36
2025-04-22,9,19,3659.56
2025-04-23,9,43,8190.62
2025-04-24,9,43,8485.06
2025-04-25,9,31,5954.42
2025-04-26,9,29,5623.32
2025-04-27,9,15,2855.32
2025-04-28,9,25,4920.73
2025-04-29,9,64,12162.02
2025-04-30,9,68,13250.45
2025-05-01,9,51,10288.08
2025-05-02,9,46,9041.89
2025-05-03,9,38,7410.71
2025-05-04,9,15,2869.45
2025-05-05,9,31,6004.28
2025-05-06,9,22,4184.63
2025-05-07,9,39,7589.81
2025-05-08,9,48,9253.13
2025-05-09,9,34,6495.77
2025-05-10,9,34,6686.44
2025-05-11,9,30,5780.73
2025-05-12,9,53,10679.98
2025-05-13,9,43,8271.05
2025-05-14,9,25,5045.06
2025-05-15,9,33,6454.18
2025-05-16,9,33,6353.43
2025-05-17,9,25,4994.04
2025-05-18,9,19,3769.59
2025-05-19,9,47,8960.22
2025-05-20,9,34,6759.74
2025-05-21,9,37,7462.58
2025-05-22,9,36,7158.78
2025-05-23,9,40,7624.59
2025-05-24,9,22,4193.16
2025-05-25,9,25,4934.07
2025-05-26,9,27,5194.1
2025-05-27,9,21,4141.51
2025-05-28,9,30,5981.49
2025-05-29,9,27,5350.45
2025-05-30,9,35,6795.86
2025-05-31,9,33,6479.91
2025-06-01,9,12,2317.4
2025-06-02,9,45,8778.45
2025-06-03,9,23,4635.22
2025-06-04,9,34,6871.59
2025-06-05,9,57,11314.03
2025-06-06,9,28,5570.99
2025-06-07,9,36,6900.59
2025-06-08,9,17,3256.22
2025-06-09,9,23,4417.0
2025-06-10,9,47,9294.0
2025-06-11,9,39,7472.98
2025-06-12,9,35,6760.64
2025-06-13,9,34,6531.1
2025-06-14,9,25,4965.82
2025-06-15,9,28,5418.58
2025-06-16,9,31,6038.41
2025-06-17,9,40,8049.63
2025-06-18,9,41,8313.99
2025-06-19,9,24,4708.43
2025-06-20,9,29,5708.86
2025-06-21,9,25,4853.26
2025-06-22,9,25,4810.78
2025-06-23,9,27,5363.9
2025-06-24,9,40,7906.67
2025-06-25,9,38,7374.16
2025-06-26,9,21,4104.39
2025-06-27,9,43,8242.92
2025-06-28,9,24,4811.99
2025-06-29,9,15,2869.7
2025-06-30,9,36,6949.06
2025-07-01,9,25,5020.99
2025-07-02,9,22,4433.12
2025-07-03,9,27,5272.51
2025-07-04,9,16,3230.63
2025-07-05,9,31,6021.97
2025-07-06,9,9,1766.91
2025-07-07,9,36,7239.27
2025-07-08,9,37,7216.16
2025-07-09,9,30,6059.73
2025-07-10,9,31,6037.56
2025-07-11,9,35,6857.29
2025-07-12,9,29,5567.2
2025-07-13,9,17,3421.29
2025-07-14,9,35,7047.87
2025-07-15,9,25,4879.96
2025-07-16,9,34,6806.69
2025-07-17,9,29,5824.8
2025-07-18,9,34,6659.59
2025-07-19,9,24,4777.63
2025-07-20,9,8,1591.39
2025-07-21,9,23,4494.24
2025-07-22,9,26,5061.35
2025-07-23,9,29,5631.24
2025-07-24,9,24,4687.1
2025-07-25,9,29,5771.6
2025-07-26,9,24,4825.85
2025-07-27,9,19,3696.17
2025-07-28,9,45,9113.66
2025-07-29,9,27,5240.35
2025-07-30,9,19,3666.19
2025-07-31,9,27,5240.01
2025-08-01,9,38,7291.82
2025-08-02,9,23,4531.77
2025-08-03,9,15,2924.56
2025-08-04,9,34,6850.77
2025-08-05,9,25,4860.09
2025-08-06,9,27,5452.53
2025-08-07,9,23,4620.34
2025-08-08,9,37,7529.13
2025-08-09,9,35,6889.35
2025-08-10,9,9,1783.38
2025-08-11,9,43,8521.46
2025-08-12,9,25,4818.47
2025-08-13,9,15,2914.73
2025-08-14,9,20,3897.95
2025-08-15,9,35,6928.28
2025-08-16,9,18,3622.06
2025-08-17,9,12,2408.47
2025-08-18,9,23,4515.53
2025-08-19,9,27,5404.61
2025-08-20,9,40,7719.67
2025-08-21,9,26,5010.78
2025-08-22,9,36,7179.26
2025-08-23,9,18,3652.33
2025-08-24,9,14,2777.04
2025-08-25,9,29,5749.62
2025-08-26,9,34,6877.91
2025-08-27,9,31,6187.0
2025-08-28,9,43,8738.14
2025-08-29,9,24,4635.44
2025-08-30,9,31,6057.9
2025-08-31,9,15,2924.21
2025-09-01,9,27,5327.28
2025-09-02,9,16,3267.26
2025-09-03,9,16,3172.11
2025-09-04,9,22,4496.38
2025-09-05,9,32,6314.37
2025-09-06,9,22,4438.08
2025-09-07,9,17,3369.83
2025-09-08,9,29,5785.69
2025-09-09,9,20,4023.02
2025-09-10,9,22,4397.39
2025-09-11,9,32,6228.33
2025-09-12,9,32,6514.44
2025-09-13,9,17,3313.57
2025-09-14,9,14,2815.17
2025-09-15,9,22,4464.94
2025-09-16,9,28,5640.97
2025-09-17,9,15,2992.27
2025-09-18,9,23,4579.73
2025-09-19,9,19,3669.13
2025-09-20,9,23,4531.29
2025-09-21,9,9,1794.67
2025-09-22,9,31,6314.6
2025-09-23,9,29,5619.73
2025-09-24,9,15,3019.51
2025-09-25,9,27,5261.39
2025-09-26,9,26,5038.69
2025-09-27,9,24,4834.01
2025-09-28,9,10,1949.24
2025-09-29,9,37,7347.61
2025-09-30,9,37,7492.92
2025-10-01,9,32,6280.34
2025-10-02,9,22,4312.56
2025-10-03,9,20,4016.64
2025-10-04,9,21,4098.02
2025-10-05,9,8,1615.48
2025-10-06,9,18,3685.1
2025-10-07,9,36,7027.29
2025-10-08,9,50,10118.65
2025-10-09,9,32,6291.44
2025-10-10,9,26,5173.72
2025-10-11,9,21,4097.6
2025-10-12,9,12,2445.49
2025-10-13,9,22,4259.8
2025-10-14,9,35,6986.42
2025-10-15,9,22,4460.42
2025-10-16,9,25,5124.69
2025-10-17,9,25,4984.58
2025-10-18,9,26,5031.6
2025-10-19,9,16,3141.27
2025-10-20,9,22,4294.93
2025-10-21,9,30,5827.01
2025-10-22,9,54,10848.66
2025-10-23,9,16,3100.68
2025-10-24,9,25,5074.03
2025-10-25,9,34,6698.23
2025-10-26,9,14,2749.68
2025-10-27,9,35,6840.6
2025-10-28,9,35,7087.3
2025-10-29,9,29,5729.31
2025-10-30,9,26,5133.04
2025-10-31,9,22,4312.75
2025-11-01,9,26,5195.48
2025-11-02,9,9,1848.4
2025-11-03,9,33,6544.88
2025-11-04,9,22,4340.86
2025-11-05,9,37,7402.25
2025-11-06,9,26,5295.06
2025-11-07,9,30,6080.44
2025-11-08,9,26,5223.11
2025-11-09,9,14,2825.26
2025-11-10,9,27,5399.63
2025-11-11,9,40,8001.47
2025-11-12,9,27,5471.4
2025-11-13,9,34,6677.48
2025-11-14,9,40,7762.51
2025-11-15,9,28,5447.43
2025-11-16,9,14,2808.08
2025-11-17,9,24,4745.68
2025-11-18,9,31,6356.13
2025-11-19,9,31,6133.37
2025-11-20,9,31,6030.58
2025-11-21,9,38,7406.6
2025-11-22,9,17,3313.04
2025-11-23,9,15,3014.17
2025-11-24,9,38,7543.2
2025-11-25,9,29,5829.15
2025-11-26,9,33,6550.58
2025-11-27,9,23,4698.25
2025-11-28,9,32,6532.65
2025-11-29,9,22,4297.55
2025-11-30,9,19,3868.94
2025-12-01,9,26,5284.38
2025-12-02,9,42,8660.58
2025-12-03,9,29,5811.98
2025-12-04,9,47,9619.93
2025-12-05,9,41,8329.01
2025-12-06,9,25,4968.94
2025-12-07,9,11,2156.26
2025-12-08,9,38,7754.72
2025-12-09,9,25,4893.7
2025-12-10,9,37,7497.21
2025-12-11,9,41,8382.59
2025-12-12,9,36,7137.13
2025-12-13,9,19,3818.53
2025-12-14,9,22,4394.08
2025-12-15,9,40,7807.53
2025-12-16,9,29,5727.18
2025-12-17,9,24,4881.03
2025-12-18,9,36,7007.52
2025-12-19,9,26,5109.71
2025-12-20,9,31,6048.74
2025-12-21,9,13,2610.49
2025-12-22,9,40,8152.78
2025-12-23,9,27,5307.67
2025-12-24,9,32,6350.14
2025-12-25,9,37,7332.48
2025-12-26,9,40,8238.22
2025-12-27,9,19,3718.32
2025-12-28,9,14,2880.78
2025-12-29,9,26,5309.55
2025-12-30,9,24,4768.96
2025-12-31,9,20,4050.56
2026-01-01,9,16,3226.29
2026-01-02,9,28,5537.19
2026-01-03,9,17,3490.77
2026-01-04,9,17,3468.84
2026-01-05,9,32,6420.53
2026-01-06,9,33,6551.55
2026-01-07,9,29,5804.03
2026-01-08,9,24,4844.29
2026-01-09,9,34,6866.38
2026-01-10,9,20,4062.77
2026-01-11,9,11,2269.07
2026-01-12,9,39,8031.74
2026-01-13,9,28,5663.98
2026-01-14,9,24,4832.01
2026-01-15,9,65,12999.18
2026-01-16,9,16,3196.64
2026-01-17,9,27,5379.47
2026-01-18,9,13,2545.65
2026-01-19,9,20,4022.42
2026-01-20,9,37,7443.53
2026-01-21,9,27,5299.65
2026-01-22,9,24,4976.3
2026-01-23,9,15,2942.76
2026-01-24,9,18,3564.82
2026-01-25,9,12,2378.08
2026-01-26,9,28,5470.01
2026-01-27,9,23,4673.52
2026-01-28,9,25,4923.75
2026-01-29,9,18,3558.24
2026-01-30,9,14,2809.22
2026-01-31,9,10,2053.83
2026-02-01,9,15,3001.39
2026-02-02,9,26,5314.63
2026-02-03,9,25,5082.42
2026-02-04,9,31,6313.04
2026-02-05,9,32,6618.72
2026-02-06,9,26,5361.18
2026-02-07,9,28,5505.64
2026-02-08,9,14,2846.4
2026-02-09,9,30,5943.74
2026-02-10,9,29,5896.18
2026-02-11,9,21,4119.63
2026-02-12,9,27,5499.45
2026-02-13,9,36,7166.92
2026-02-14,9,21,4119.58
2026-02-15,9,13,2643.76
2026-02-16,9,42,8359.18
2026-02-17,9,37,7682.42
2026-02-18,9,31,6135.98
2026-02-19,9,27,5451.14
2026-02-20,9,35,7091.75
2026-02-21,9,39,7960.86
2026-02-22,9,13,2643.38
2026-02-23,9,26,5349.36
2026-02-24,9,24,4899.07
2026-02-25,9,20,3951.42
2026-02-26,9,38,7557.66
2026-02-27,9,25,4942.65
2026-02-28,9,27,5295.8
2026-03-01,9,16,3295.42
2026-03-02,9,25,5188.64
2026-03-03,9,28,5781.09
2026-03-04,9,26,5382.53
2026-03-05,9,42,8245.23
2026-03-06,9,35,7247.01
2026-03-07,9,32,6470.08
2026-03-08,9,18,3561.5
2026-03-09,9,34,7063.19
2026-03-10,9,29,5875.54
2026-03-11,9,24,4921.59
2026-03-12,9,40,8109.09
2026-03-13,9,29,5912.65
2026-03-14,9,25,5061.92
2026-03-15,9,20,4149.48
2026-03-16,9,33,6719.48
2026-03-17,9,31,6251.6
2026-03-18,9,23,4682.47
2026-03-19,9,39,7971.83
2026-03-20,9,29,6013.3
2026-03-21,9,35,6923.12
2026-03-22,9,17,3448.65
2026-03-23,9,34,6910.31
2026-03-24,9,36,7365.96
2026-03-25,9,18,3654.33
2026-03-26,9,26,5355.55
2026-03-27,9,22,4447.33
2026-03-28,9,23,4692.56
2026-03-29,9,16,3232.81
2026-03-30,9,29,5773.85
2026-03-31,9,28,5587.05
2026-04-01,9,33,6845.51
2026-04-02,9,47,9455.84
2026-04-03,9,32,6629.95
2026-04-04,9,41,8220.4
2026-04-05,9,14,2851.2
2026-04-06,9,21,4357.39
2026-04-07,9,31,6271.97
2026-04-08,9,32,6466.62
2026-04-09,9,42,8709.25
2026-04-10,9,40,8244.07
2026-04-11,9,29,5779.74
2026-04-12,9,22,4352.59
2026-04-13,9,29,5724.86
2026-04-14,9,48,9623.14
2026-04-15,9,27,5521.35
2026-04-16,9,62,12940.8
2026-04-17,9,34,6705.58
2026-04-18,9,25,5011.76
2026-04-19,9,8,1666.09
2026-04-20,9,38,7800.93
2026-04-21,9,47,9809.0
2026-04-22,9,36,7117.48
2026-04-23,9,39,7966.74
2026-04-24,9,31,6350.96
2026-04-25,9,23,4811.27
2026-04-26,9,14,2926.13
2026-04-27,9,26,5138.35
2026-04-28,9,28,5843.66
2026-04-29,9,33,6614.52
2026-04-30,9,43,8808.8
2026-05-01,9,36,7167.19
2026-05-02,9,51,10656.37
2026-05-03,9,21,4217.34
2026-05-04,9,54,10880.01
2026-05-05,9,38,7580.54
2026-05-06,9,46,9306.46
2026-05-07,9,35,7068.12
2026-05-08,9,52,10517.43
2026-05-09,9,40,8267.57
2026-05-10,9,10,2017.43
2026-05-11,9,39,8110.2
2026-05-12,9,29,5847.36
2026-05-13,9,27,5529.22
2026-05-14,9,30,6168.91
2026-05-15,9,46,9283.56
2026-05-16,9,25,5032.11
2026-05-17,9,25,5102.25
2026-05-18,9,41,8495.81
2026-05-19,9,35,7034.69
2026-05-20,9,38,7712.61
2026-05-21,9,38,7842.36
2026-05-22,9,31,6298.41
2026-05-23,9,33,6676.35
2026-05-24,9,18,3630.76
2026-05-25,9,37,7698.81
2026-05-26,9,41,8137.2
2026-05-27,9,41,8303.17
2026-05-28,9,39,7886.27
2026-05-29,9,36,7384.11
2026-05-30,9,43,8978.97
2026-05-31,9,13,2685.09
2026-06-01,9,34,6980.92
2026-06-02,9,38,7902.11
2026-06-03,9,31,6417.16
2026-06-04,9,36,7399.89
2026-06-05,9,36,7513.37
2026-06-06,9,30,6063.78
2026-06-07,9,16,3270.63
2026-06-08,9,25,5112.2
2026-06-09,9,39,8060.25
2026-06-10,9,57,11891.9
2026-06-11,9,26,5167.31
2026-06-12,9,29,5844.8
2026-06-13,9,38,7742.62
2026-06-14,9,29,6062.7
2026-06-15,9,39,8102.07
2026-06-16,9,45,9039.03
2026-06-17,9,35,7234.99
2026-06-18,9,34,7067.25
2026-06-19,9,35,7001.76
2026-06-20,9,26,5269.72
2026-06-21,9,7,1428.36
2026-06-22,9,23,4590.13
2026-06-23,9,46,9320.06
2026-06-24,9,40,8357.1
2026-06-25,9,40,7981.3
2026-06-26,9,39,8033.55
2026-06-27,9,21,4325.17
2026-06-28,9,19,3803.68
2026-06-29,9,22,4496.88
2026-06-30,9,41,8322.11
2026-07-01,9,31,6183.33
2026-07-02,9,29,6026.72
2026-07-03,9,32,6375.37
2026-07-04,9,27,5457.02
2026-07-05,9,12,2431.87
2026-07-06,9,47,9710.87
2026-07-07,9,33,6898.49
2026-07-08,9,33,6806.38
2026-07-09,9,21,4219.19
2026-07-10,9,26,5351.39
2026-07-11,9,23,4745.34
2026-07-12,9,11,2198.37
2026-07-13,9,30,6317.12
2026-07-14,9,35,7228.02
2026-07-15,9,58,11575.17
2026-07-16,9,33,6744.57
2026-07-17,9,27,5379.74
2026-07-18,9,32,6442.84
2026-07-19,9,20,4204.81
2026-07-20,9,43,8928.75
2026-07-21,9,27,5521.68
2026-07-22,9,33,6914.38
2026-07-23,9,35,7013.42
2026-07-24,9,25,5030.9
2026-07-25,9,26,5191.33
2026-07-26,9,21,4267.5
2026-07-27,9,30,6078.59
2026-07-28,9,43,8797.93
2026-07-29,9,32,6426.34
2026-07-30,9,28,5696.36
2026-07-31,9,27,5636.62
2026-08-01,9,32,6457.13
2026-08-02,9,14,2865.16
2026-08-03,9,26,5289.17
2026-08-04,9,32,6745.16
2026-08-05,9,16,3371.0
2026-08-06,9,29,5841.21
2026-08-07,9,32,6449.53
2026-08-08,9,16,3342.06
2026-08-09,9,21,4199.95
2026-08-10,9,23,4797.61
2026-08-11,9,20,4029.02
2026-08-12,9,32,6569.91
2026-08-13,9,24,4979.55
2026-08-14,9,37,7667.95
2026-08-15,9,26,5400.85
2026-08-16,9,21,4346.7
2026-08-17,9,27,5608.57
2026-08-18,9,33,6694.47
2026-08-19,9,24,4838.74
2026-08-20,9,25,5256.26
2026-08-21,9,37,7539.94
2026-08-22,9,21,4194.12
2026-08-23,9,15,3097.5
2026-08-24,9,34,7100.36
2026-08-25,9,26,5253.32
2026-08-26,9,27,5704.82
2026-08-27,9,32,6409.86
2026-08-28,9,25,5086.03
2026-08-29,9,25,5288.48
2026-08-30,9,15,2995.29
2026-08-31,9,27,5607.68
2026-09-01,9,28,5595.45
2026-09-02,9,29,5825.74
2026-09-03,9,27,5695.9
2026-09-04,9,26,5252.51
2026-09-05,9,27,5413.93
2026-09-06,9,10,2092.74
2026-09-07,9,13,2597.51
2026-09-08,9,24,4906.29
2026-09-09,9,31,6480.77
2026-09-10,9,31,6287.08
2026-09-11,9,45,8998.07
2026-09-12,9,20,3999.94
2026-09-13,9,16,3229.02
2026-09-14,9,27,5724.09
2026-09-15,9,26,5405.7
2026-09-16,9,18,3727.78
2026-09-17,9,19,3811.13
2026-09-18,9,35,7412.77
2026-09-19,9,20,4136.72
2026-09-20,9,10,2027.85
2026-09-21,9,37,7416.43
2026-09-22,9,32,6647.65
2026-09-23,9,34,7141.87
2026-09-24,9,19,3884.97
2026-09-25,9,22,4460.81
2026-09-26,9,22,4458.54
2026-09-27,9,9,1904.19
2026-09-28,9,31,6416.0
2026-09-29,9,28,5750.99
2026-09-30,9,29,5944.95
2023-10-01,10,5,2868.46
2023-10-02,10,11,6212.92
2023-10-03,10,13,7779.57
2023-10-04,10,23,13518.65
2023-10-05,10,15,8581.52
2023-10-06,10,11,6230.77
2023-10-07,10,8,4617.74
2023-10-08,10,16,9417.57
2023-10-09,10,17,9840.98
2023-10-10,10,18,10461.69
2023-10-11,10,10,5693.65
2023-10-12,10,11,6551.52
2023-10-13,10,17,10058.29
2023-10-14,10,12,7085.05
2023-10-15,10,7,4116.73
2023-10-16,10,16,9491.41
2023-10-17,10,18,10760.79
2023-10-18,10,16,9203.67
2023-10-19,10,20,11394.84
2023-10-20,10,12,6981.12
2023-10-21,10,11,6289.99
2023-10-22,10,7,4001.13
2023-10-23,10,9,5264.64
2023-10-24,10,14,8120.32
2023-10-25,10,21,12442.98
2023-10-26,10,11,6493.83
2023-10-27,10,14,8173.44
2023-10-28,10,12,7067.58
2023-10-29,10,7,3999.05
2023-10-30,10,24,14148.59
2023-10-31,10,15,8536.14
2023-11-01,10,14,7925.32
2023-11-02,10,13,7560.09
2023-11-03,10,19,11338.96
2023-11-04,10,10,5890.63
2023-11-05,10,14,8410.36
2023-11-06,10,2,1133.58
2023-11-09,10,17,9945.6
2023-11-10,10,12,6889.99
2023-11-11,10,12,7070.85
2023-11-12,10,6,3475.66
2023-11-13,10,11,6561.85
2023-11-14,10,15,9022.26
2023-11-15,10,10,5747.77
2023-11-16,10,17,9925.71
2023-11-17,10,18,10534.32
2023-11-18,10,7,4112.17
2023-11-19,10,8,4542.46
2023-11-20,10,19,11438.3
2023-11-21,10,13,7510.95
2023-11-22,10,14,8138.9
2023-11-23,10,16,9568.44
2023-11-24,10,11,6409.06
2023-11-25,10,22,12902.35
2023-11-26,10,5,2945.58
2023-11-27,10,25,14728.55
2023-11-28,10,15,8691.75
2023-11-29,10,15,8537.56
2023-11-30,10,19,10971.76
2023-12-01,10,18,10395.88
2023-12-02,10,15,8883.62
2023-12-03,10,18,10806.36
2023-12-04,10,11,6250.73
2023-12-05,10,18,10433.82
2023-12-06,10,4,2279.4
2023-12-09,10,16,9328.28
2023-12-10,10,6,3520.58
2023-12-11,10,11,6494.25
2023-12-12,10,16,9635.22
2023-12-13,10,34,20357.44
2023-12-14,10,19,11386.37
2023-12-15,10,19,11235.0
2023-12-16,10,15,9011.25
2023-12-17,10,6,3422.72
2023-12-18,10,17,9882.0
2023-12-19,10,16,9649.16
2023-12-20,10,14,8086.43
2023-12-24,10,9,5327.14
2023-12-25,10,17,10090.14
2023-12-26,10,14,8001.38
2023-12-27,10,16,9141.47
2023-12-28,10,22,12809.39
2023-12-29,10,21,12077.33
2023-12-30,10,12,7014.72
2023-12-31,10,8,4638.23
2024-01-01,10,18,10848.05
2024-01-02,10,14,8406.57
2024-01-03,10,8,4828.89
2024-01-04,10,12,7010.82
2024-01-09,10,10,5909.51
2024-01-10,10,15,8786.33
2024-01-11,10,11,6429.54
2024-01-12,10,18,10421.37
2024-01-13,10,7,4199.21
2024-01-14,10,7,4191.06
2024-01-15,10,13,7843.11
2024-01-16,10,10,5723.6
2024-01-17,10,14,8078.04
2024-01-18,10,10,6012.71
2024-01-19,10,8,4825.63
2024-01-20,10,13,7823.75
2024-01-21,10,5,2912.27
2024-01-22,10,13,7747.99
2024-01-23,10,11,6602.65
2024-01-24,10,10,5832.18
2024-01-25,10,9,5364.14
2024-01-26,10,11,6364.86
2024-01-27,10,13,7762.86
2024-01-28,10,5,2915.3
2024-01-29,10,6,3618.19
2024-01-30,10,12,6985.27
2024-01-31,10,14,8257.42
2024-02-01,10,26,15761.32
2024-02-02,10,13,7889.39
2024-02-03,10,11,6630.4
2024-02-04,10,9,5275.91
2024-02-05,10,13,7752.76
2024-02-06,10,16,9483.43
2024-02-07,10,12,6966.67
2024-02-08,10,13,7500.84
2024-02-09,10,18,10464.96
2024-02-10,10,14,8177.64
2024-02-11,10,6,3553.66
2024-02-12,10,9,5194.14
2024-02-13,10,9,5444.78
2024-02-14,10,9,5444.45
2024-02-15,10,7,4017.46
2024-02-16,10,14,8113.51
2024-02-17,10,6,3533.51
2024-02-18,10,6,3615.77
2024-02-19,10,12,7113.95
2024-02-20,10,11,6598.8
2024-02-21,10,9,5449.13
2024-02-22,10,7,4102.59
2024-02-23,10,13,7801.98
2024-02-24,10,10,5967.52
2024-02-25,10,6,3611.84
2024-02-26,10,10,5764.82
2024-02-27,10,11,6665.53
2024-02-28,10,15,8924.85
2024-02-29,10,14,8162.62
2024-03-01,10,12,7178.62
2024-03-02,10,10,6020.61
2024-03-03,10,7,4135.59
2024-03-04,10,10,5996.58
2024-03-05,10,10,6037.08
2024-03-06,10,9,5291.12
2024-03-07,10,21,12527.73
2024-03-08,10,11,6512.68
2024-03-09,10,10,6070.96
2024-03-10,10,5,2904.53
2024-03-11,10,22,13164.15
2024-03-12,10,11,6439.05
2024-03-13,10,14,8267.03
2024-03-14,10,16,9435.19
2024-03-15,10,8,4675.24
2024-03-16,10,12,6990.83
2024-03-17,10,11,6365.89
2024-03-18,10,15,8646.83
2024-03-19,10,14,8490.3
2024-03-20,10,12,6922.34
2024-03-21,10,12,7205.86
2024-03-22,10,12,7309.99
2024-03-23,10,14,8440.18
2024-03-24,10,2,1172.6
2024-03-25,10,8,4707.07
2024-03-26,10,6,3622.93
2024-03-28,10,17,9775.08
2024-03-29,10,9,5319.22
2024-03-30,10,15,8979.56
2024-03-31,10,14,8055.65
2024-04-01,10,17,9803.85
2024-04-02,10,10,6063.3
2024-04-03,10,7,4261.17
2024-04-04,10,16,9355.16
2024-04-05,10,16,9547.7
2024-04-06,10,1,609.47
2024-04-11,10,16,9368.54
2024-04-12,10,16,9394.45
2024-04-13,10,6,3657.78
2024-04-14,10,9,5350.67
2024-04-15,10,8,4756.23
2024-04-16,10,10,5989.49
2024-04-17,10,24,14013.77
2024-04-18,10,12,6948.19
2024-04-19,10,24,14420.81
2024-04-20,10,13,7708.23
2024-04-21,10,6,3601.29
2024-04-22,10,10,6099.76
2024-04-23,10,19,11027.14
2024-04-26,10,7,4247.76
2024-04-27,10,8,4667.66
2024-04-28,10,11,6366.31
2024-04-29,10,21,12197.98
2024-04-30,10,9,5370.9
2024-05-01,10,16,9307.34
2024-05-02,10,12,7256.03
2024-05-03,10,15,9146.51
2024-05-04,10,14,8088.72
2024-05-05,10,19,11369.93
2024-05-06,10,3,1815.67
2024-05-12,10,1,580.14
2024-05-13,10,21,12529.19
2024-05-14,10,21,12841.91
2024-05-15,10,21,12246.05
2024-05-16,10,18,10981.51
2024-05-17,10,20,12048.52
2024-05-18,10,18,10930.56
2024-05-19,10,7,4058.98
2024-05-20,10,17,10147.72
2024-05-21,10,16,9264.19
2024-05-22,10,4,2410.13
2024-05-25,10,10,5958.16
2024-05-26,10,13,7756.17
2024-05-27,10,15,8864.54
2024-05-28,10,11,6641.33
2024-05-29,10,19,11141.39
2024-05-30,10,24,14220.88
2024-05-31,10,18,11017.12
2024-06-01,10,19,11054.36
2024-06-02,10,11,6583.17
2024-06-03,10,14,8523.63
2024-06-07,10,21,12630.44
2024-06-08,10,15,8983.17
2024-06-09,10,11,6627.54
2024-06-10,10,24,14230.82
2024-06-11,10,17,9970.96
2024-06-12,10,16,9361.4
2024-06-13,10,17,10098.33
2024-06-14,10,28,16944.79
2024-06-15,10,10,6063.71
2024-06-16,10,7,4091.17
2024-06-17,10,7,4153.24
2024-06-20,10,18,10534.0
2024-06-21,10,23,13729.53
2024-06-22,10,21,12684.15
2024-06-23,10,10,6161.53
2024-06-24,10,13,7726.72
2024-06-25,10,19,11464.52
2024-06-26,10,17,10221.11
2024-06-27,10,20,12287.55
2024-06-28,10,28,17112.39
2024-06-29,10,6,3549.65
2024-06-30,10,11,6643.34
2024-07-01,10,20,12119.28
2024-07-04,10,15,9108.03
2024-07-05,10,20,12203.86
2024-07-06,10,20,11688.05
2024-07-07,10,9,5442.06
2024-07-08,10,21,12231.42
2024-07-09,10,16,9730.86
2024-07-10,10,16,9440.2
2024-07-11,10,18,10797.39
2024-07-12,10,24,14496.95
2024-07-13,10,6,3584.77
2024-07-14,10,5,2924.51
2024-07-20,10,13,7738.51
2024-07-21,10,6,3528.65
2024-07-22,10,21,12605.35
2024-07-23,10,16,9700.92
2024-07-24,10,16,9401.27
2024-07-25,10,29,17809.1
2024-07-26,10,27,16573.86
2024-07-27,10,21,12976.95
2024-07-28,10,10,6131.95
2024-07-29,10,20,11816.85
2024-07-30,10,28,17008.56
2024-07-31,10,22,12976.74
2024-08-01,10,22,13389.8
2024-08-02,10,25,14854.24
2024-08-03,10,16,9613.96
2024-08-04,10,10,6052.69
2024-08-05,10,21,12532.88
2024-08-06,10,15,9055.84
2024-08-07,10,22,13550.99
2024-08-08,10,19,11288.53
2024-08-09,10,26,15216.42
2024-08-10,10,14,8639.07
2024-08-11,10,8,4680.28
2024-08-12,10,8,4674.22
2024-08-18,10,8,4814.01
2024-08-19,10,20,12081.7
2024-08-20,10,19,11271.56
2024-08-21,10,19,11203.77
2024-08-22,10,20,12358.26
2024-08-23,10,18,10738.72
2024-08-24,10,15,8822.0
2024-08-25,10,12,7268.52
2024-08-26,10,23,13516.03
2024-08-27,10,23,13885.24
2024-08-28,10,24,14623.83
2024-08-29,10,6,3668.02
2024-08-30,10,13,7975.49
2024-08-31,10,15,8799.31
2024-09-01,10,7,4199.06
2024-09-02,10,14,8541.48
2024-09-03,10,26,15474.78
2024-09-04,10,12,7146.08
2024-09-05,10,12,7084.34
2024-09-06,10,11,6436.39
2024-09-07,10,9,5506.1
2024-09-08,10,4,2382.7
2024-09-09,10,13,7988.69
2024-09-10,10,17,10086.85
2024-09-11,10,15,9240.06
2024-09-12,10,15,9262.12
2024-09-13,10,19,11745.35
2024-09-14,10,17,10434.97
2024-09-15,10,9,5291.99
2024-09-16,10,22,13129.22
2024-09-18,10,11,6661.46
2024-09-19,10,14,8459.03
2024-09-20,10,12,7261.85
2024-09-21,10,13,7648.19
2024-09-22,10,9,5438.19
2024-09-23,10,18,10696.67
2024-09-24,10,26,15599.8
2024-09-25,10,13,7734.13
2024-09-26,10,16,9635.08
2024-09-27,10,20,11878.08
2024-09-28,10,14,8678.83
2024-09-29,10,7,4125.33
2024-09-30,10,12,7425.69
2024-10-01,10,11,6766.49
2024-10-02,10,18,10721.76
2024-10-03,10,11,6762.73
2024-10-04,10,17,10347.48
2024-10-05,10,12,7332.92
2024-10-06,10,7,4195.75
2024-10-07,10,18,10587.29
2024-10-08,10,19,11292.29
2024-10-09,10,12,7178.81
2024-10-10,10,17,10209.88
2024-10-11,10,8,4921.35
2024-10-12,10,9,5499.79
2024-10-13,10,4,2428.67
2024-10-14,10,22,13244.22
2024-10-15,10,15,9182.44
2024-10-16,10,9,5329.36
2024-10-17,10,22,13510.27
2024-10-18,10,17,10550.31
2024-10-19,10,7,4175.45
2024-10-20,10,4,2450.2
2024-10-21,10,14,8355.84
2024-10-22,10,11,6763.93
2024-10-23,10,10,6177.79
2024-10-24,10,16,9952.34
2024-10-25,10,12,7384.33
2024-10-26,10,18,11146.44
2024-10-27,10,8,4878.82
2024-10-28,10,9,5452.73
2024-10-29,10,13,7685.16
2024-10-30,10,15,8953.58
2024-10-31,10,18,11165.43
2024-11-01,10,15,9254.91
2024-11-02,10,14,8416.65
2024-11-03,10,8,4724.57
2024-11-04,10,9,5406.22
2024-11-05,10,20,12090.13
2024-11-06,10,14,8343.39
2024-11-07,10,10,6098.4
2024-11-08,10,10,6246.26
2024-11-09,10,12,7186.96
2024-11-10,10,11,6786.14
2024-11-11,10,14,8368.14
2024-11-12,10,5,3061.02
2024-11-13,10,16,9550.41
2024-11-14,10,12,7385.37
2024-11-15,10,11,6755.52
2024-11-16,10,11,6769.25
2024-11-17,10,5,3128.46
2024-11-18,10,15,9095.29
2024-11-19,10,23,13853.56
2024-11-20,10,23,13569.16
2024-11-21,10,11,6615.17
2024-11-22,10,18,11152.85
2024-11-23,10,10,5939.9
2024-11-24,10,4,2462.25
2024-11-25,10,16,9904.01
2024-11-26,10,17,10197.07
2024-11-27,10,13,7918.76
2024-11-28,10,15,9072.67
2024-11-29,10,13,7770.73
2024-11-30,10,9,5630.65
2024-12-01,10,4,2444.7
2024-12-04,10,17,10497.19
2024-12-05,10,15,9245.85
2024-12-06,10,19,11543.73
2024-12-07,10,9,5533.26
2024-12-08,10,6,3611.56
2024-12-09,10,27,16429.17
2024-12-10,10,19,11682.12
2024-12-11,10,18,11155.06
2024-12-12,10,20,12151.06
2024-12-13,10,12,7485.88
2024-12-14,10,13,7918.11
2024-12-15,10,5,3129.69
2024-12-16,10,18,10743.46
2024-12-17,10,19,11718.34
2024-12-18,10,12,7358.94
2024-12-19,10,17,10135.96
2024-12-20,10,18,10947.73
2024-12-21,10,17,10620.58
2024-12-22,10,2,1230.77
2024-12-23,10,19,11670.1
2024-12-24,10,15,8946.9
2024-12-25,10,8,5015.53
2024-12-26,10,17,10266.92
2024-12-27,10,4,2434.31
2025-01-01,10,12,7339.12
2025-01-02,10,16,9967.62
2025-01-03,10,11,6837.31
2025-01-04,10,15,9301.57
2025-01-05,10,5,3118.34
2025-01-06,10,13,7765.04
2025-01-07,10,13,7992.16
2025-01-08,10,22,13351.08
2025-01-09,10,14,8563.74
2025-01-10,10,12,7405.31
2025-01-11,10,6,3734.46
2025-01-12,10,5,2988.42
2025-01-13,10,13,8160.46
2025-01-14,10,8,5031.58
2025-01-15,10,5,3007.78
2025-01-16,10,16,9666.74
2025-01-17,10,13,7821.09
2025-01-18,10,18,10996.02
2025-01-19,10,6,3766.4
2025-01-20,10,20,11939.54
2025-01-21,10,9,5436.0
2025-01-22,10,12,7184.67
2025-01-23,10,4,2502.35
2025-01-24,10,13,8159.36
2025-01-25,10,8,4939.05
2025-01-26,10,4,2423.0
2025-01-27,10,12,7176.28
2025-01-28,10,12,7162.45
2025-01-29,10,9,5588.21
2025-01-30,10,13,8180.5
2025-01-31,10,12,7209.02
2025-02-01,10,12,7280.21
2025-02-02,10,6,3601.28
2025-02-03,10,14,8573.88
2025-02-04,10,8,5048.02
2025-02-05,10,11,6733.9
2025-02-06,10,10,6083.42
2025-02-07,10,11,6682.69
2025-02-08,10,9,5489.55
2025-02-09,10,2,1204.22
2025-02-10,10,13,7968.04
2025-02-11,10,11,6836.39
2025-02-12,10,13,8126.56
2025-02-13,10,9,5684.7
2025-02-14,10,12,7434.99
2025-02-15,10,13,8078.96
2025-02-16,10,3,1843.58
2025-02-17,10,11,6937.0
2025-02-18,10,12,7501.42
2025-02-19,10,5,3054.08
2025-02-20,10,8,4824.28
2025-02-21,10,18,11264.22
2025-02-22,10,17,10417.84
2025-02-23,10,10,6004.67
2025-02-24,10,21,12927.34
2025-02-25,10,14,8354.55
2025-02-26,10,8,4888.47
2025-02-27,10,15,9370.13
2025-02-28,10,9,5402.9
2025-03-01,10,14,8660.74
2025-03-02,10,4,2514.97
2025-03-03,10,16,9571.89
2025-03-04,10,16,10099.67
2025-03-05,10,10,6205.71
2025-03-06,10,13,7859.39
2025-03-07,10,11,6771.78
2025-03-08,10,6,3639.02
2025-03-09,10,2,1210.35
2025-03-10,10,8,4864.84
2025-03-11,10,13,7827.64
2025-03-12,10,13,8103.99
2025-03-13,10,21,12728.18
2025-03-14,10,17,10556.23
2025-03-15,10,9,5689.1
2025-03-16,10,6,3736.41
2025-03-17,10,16,9960.82
2025-03-18,10,9,5570.15
2025-03-19,10,13,7941.23
2025-03-20,10,13,8149.62
2025-03-21,10,9,5565.11
2025-03-22,10,11,6900.55
2025-03-23,10,3,1801.13
2025-03-24,10,10,5986.65
2025-03-25,10,19,11400.09
2025-03-26,10,11,6957.85
2025-03-27,10,16,9804.28
2025-03-28,10,3,1802.9
2025-03-30,10,12,7509.65
2025-03-31,10,10,6147.72
2025-04-01,10,13,8186.74
2025-04-02,10,14,8768.23
2025-04-03,10,16,10148.62
2025-04-04,10,16,10148.09
2025-04-05,10,14,8447.45
2025-04-06,10,5,3145.08
2025-04-07,10,18,11240.18
2025-04-08,10,12,7195.91
2025-04-09,10,12,7442.72
2025-04-10,10,13,7949.85
2025-04-11,10,6,3653.71
2025-04-13,10,7,4440.4
2025-04-14,10,14,8532.82
2025-04-15,10,22,13615.64
2025-04-16,10,11,6979.56
2025-04-17,10,12,7363.6
2025-04-18,10,10,6230.78
2025-04-19,10,8,4924.4
2025-04-20,10,10,6072.6
2025-04-21,10,16,10094.49
2025-04-22,10,12,7570.24
2025-04-29,10,11,6677.36
2025-04-30,10,17,10793.4
2025-05-01,10,20,12613.89
2025-05-02,10,17,10570.72
2025-05-03,10,11,6730.21
2025-05-04,10,8,4845.11
2025-05-05,10,9,5688.58
2025-05-06,10,14,8733.28
2025-05-07,10,15,9352.86
2025-05-08,10,18,10958.43
2025-05-09,10,9,5725.15
2025-05-10,10,7,4215.74
2025-05-13,10,19,11642.15
2025-05-14,10,13,8026.6
2025-05-15,10,13,8149.22
2025-05-16,10,14,8797.01
2025-05-17,10,11,6841.92
2025-05-18,10,4,2443.63
2025-05-19,10,17,10297.76
2025-05-20,10,16,9872.55
2025-05-21,10,22,13529.03
2025-05-22,10,23,14013.03
2025-05-23,10,13,7907.72
2025-05-26,10,14,8872.66
2025-05-27,10,12,7289.44
2025-05-28,10,24,15223.29
2025-05-29,10,17,10368.13
2025-05-30,10,11,6936.3
2025-05-31,10,16,10198.47
2025-06-01,10,12,7627.93
2025-06-02,10,20,12246.09
2025-06-03,10,15,9037.19
2025-06-04,10,16,9935.34
2025-06-05,10,7,4281.26
2025-06-09,10,19,12023.42
2025-06-10,10,16,10084.31
2025-06-11,10,11,6896.54
2025-06-12,10,15,9138.98
2025-06-13,10,16,9689.37
2025-06-14,10,27,16495.06
2025-06-15,10,12,7408.22
2025-06-16,10,16,9995.72
2025-06-17,10,15,9490.85
2025-06-18,10,20,12681.77
2025-06-19,10,19,11684.92
2025-06-20,10,11,6906.07
2025-06-25,10,15,9375.26
2025-06-26,10,28,17488.56
2025-06-27,10,16,10243.27
2025-06-28,10,21,12673.95
2025-06-29,10,7,4315.11
2025-06-30,10,16,9670.67
2025-07-01,10,27,16616.67
2025-07-02,10,21,13371.05
2025-07-03,10,18,11405.91
2025-07-09,10,22,13376.98
2025-07-10,10,18,11419.06
2025-07-11,10,18,11151.93
2025-07-12,10,13,7902.76
2025-07-13,10,10,6341.42
2025-07-14,10,17,10595.82
2025-07-15,10,20,12759.61
2025-07-16,10,17,10744.41
2025-07-17,10,13,7969.1
2025-07-18,10,25,15947.34
2025-07-19,10,19,11611.48
2025-07-20,10,10,6244.09
2025-07-21,10,21,13305.52
2025-07-22,10,9,5500.69
2025-07-23,10,15,9199.84
2025-07-24,10,16,9783.88
2025-07-25,10,19,12125.6
2025-07-26,10,21,13199.02
2025-07-27,10,14,8963.45
2025-07-28,10,23,14134.51
2025-07-29,10,24,14575.91
2025-07-30,10,29,17971.5
2025-07-31,10,15,9416.69
2025-08-07,10,7,4315.71
2025-08-08,10,16,9929.02
2025-08-09,10,21,12905.54
2025-08-10,10,8,5098.01
2025-08-11,10,20,12160.8
2025-08-12,10,21,12988.35
2025-08-13,10,26,16238.44
2025-08-14,10,11,6935.61
2025-08-15,10,20,12155.13
2025-08-16,10,27,17139.53
2025-08-17,10,10,6146.99
2025-08-18,10,17,10639.69
2025-08-19,10,26,16660.57
2025-08-20,10,13,8138.28
2025-08-21,10,15,9645.91
2025-08-22,10,21,13412.54
2025-08-23,10,16,10037.23
2025-08-24,10,11,6923.71
2025-08-25,10,8,5122.93
2025-08-26,10,17,10343.14
2025-08-27,10,12,7475.07
2025-08-28,10,21,13291.06
2025-08-29,10,21,12849.1
2025-08-30,10,16,10248.64
2025-08-31,10,3,1882.44
2025-09-01,10,13,8178.29
2025-09-02,10,12,7547.17
2025-09-03,10,13,8141.55
2025-09-04,10,15,9554.03
2025-09-05,10,15,9629.48
2025-09-06,10,10,6114.56
2025-09-07,10,9,5617.61
2025-09-08,10,18,11053.34
2025-09-09,10,18,11178.37
2025-09-10,10,16,9777.87
2025-09-11,10,10,6391.64
2025-09-12,10,14,8544.25
2025-09-13,10,16,9940.53
2025-09-14,10,8,5123.25
2025-09-15,10,16,10247.09
2025-09-16,10,15,9670.29
2025-09-17,10,14,8593.1
2025-09-18,10,12,7351.49
2025-09-19,10,15,9354.56
2025-09-20,10,14,8620.1
2025-09-21,10,14,8955.07
2025-09-22,10,26,16471.91
2025-09-23,10,13,8117.6
2025-09-24,10,16,9890.56
2025-09-25,10,17,10837.22
2025-09-26,10,15,9278.05
2025-09-27,10,12,7726.26
2025-09-28,10,6,3872.24
2025-09-29,10,17,10508.13
2025-09-30,10,12,7634.31
2025-10-01,10,6,3789.45
2025-10-02,10,12,7401.64
2025-10-03,10,10,6254.01
2025-10-04,10,13,8091.71
2025-10-05,10,4,2581.97
2025-10-06,10,15,9444.95
2025-10-07,10,13,7932.03
2025-10-08,10,15,9550.29
2025-10-09,10,19,12215.74
2025-10-10,10,16,9987.6
2025-10-11,10,12,7501.89
2025-10-12,10,6,3714.9
2025-10-13,10,13,8252.87
2025-10-14,10,20,12712.3
2025-10-15,10,15,9439.61
2025-10-16,10,10,6241.1
2025-10-17,10,20,12229.83
2025-10-18,10,14,8686.11
2025-10-19,10,2,1241.24
2025-10-20,10,10,6366.07
2025-10-21,10,10,6189.24
2025-10-22,10,14,8587.14
2025-10-23,10,18,11538.16
2025-10-24,10,16,9822.05
2025-10-25,10,14,8602.28
2025-10-26,10,10,6355.56
2025-10-27,10,11,6897.89
2025-10-28,10,10,6441.95
2025-10-29,10,12,7730.52
2025-10-30,10,15,9165.65
2025-10-31,10,12,7723.69
2025-11-01,10,15,9261.32
2025-11-02,10,7,4448.06
2025-11-03,10,21,12845.89
2025-11-04,10,9,5564.02
2025-11-05,10,12,7433.95
2025-11-06,10,15,9259.79
2025-11-07,10,13,8031.37
2025-11-08,10,23,14607.11
2025-11-09,10,3,1889.49
2025-11-10,10,14,8739.49
2025-11-11,10,13,8165.15
2025-11-12,10,25,15530.12
2025-11-13,10,17,10923.14
2025-11-14,10,18,11253.04
2025-11-15,10,21,12956.21
2025-11-16,10,7,4346.91
2025-11-17,10,10,6206.44
2025-11-18,10,12,7511.74
2025-11-19,10,6,3694.04
2025-11-20,10,15,9743.58
2025-11-21,10,15,9497.78
2025-11-22,10,11,6794.56
2025-11-23,10,10,6209.92
2025-11-24,10,19,12089.09
2025-11-25,10,12,7642.73
2025-11-26,10,8,5062.42
2025-11-27,10,7,4505.06
2025-11-29,10,11,6974.61
2025-11-30,10,4,2497.13
2025-12-01,10,12,7798.53
2025-12-02,10,11,6953.33
2025-12-03,10,13,8206.79
2025-12-04,10,17,11048.2
2025-12-05,10,28,18016.35
2025-12-06,10,8,4910.89
2025-12-07,10,6,3842.74
2025-12-08,10,24,14954.22
2025-12-09,10,13,8283.75
2025-12-10,10,20,12268.97
2025-12-11,10,18,11688.77
2025-12-12,10,5,3096.65
2025-12-13,10,11,6800.0
2025-12-14,10,4,2465.69
2025-12-15,10,12,7471.5
2025-12-16,10,17,10856.32
2025-12-17,10,19,12063.55
2025-12-18,10,17,11004.38
2025-12-19,10,8,5176.83
2025-12-20,10,14,8699.13
2025-12-21,10,11,7027.59
2025-12-22,10,10,6192.91
2025-12-23,10,18,11413.57
2025-12-24,10,16,10170.65
2025-12-25,10,2,1288.61
2025-12-27,10,11,7017.42
2025-12-28,10,11,6969.87
2025-12-29,10,14,8743.14
2025-12-30,10,19,12180.11
2025-12-31,10,25,16268.07
2026-01-01,10,15,9550.36
2026-01-02,10,14,9015.19
2026-01-03,10,8,5147.74
2026-01-04,10,6,3699.11
2026-01-05,10,12,7546.75
2026-01-06,10,13,8069.43
2026-01-07,10,14,9043.35
2026-01-08,10,9,5645.79
2026-01-09,10,10,6332.2
2026-01-10,10,7,4504.65
2026-01-11,10,5,3091.51
2026-01-12,10,9,5775.33
2026-01-13,10,15,9479.78
2026-01-14,10,8,5159.75
2026-01-15,10,27,16741.57
2026-01-16,10,10,6284.18
2026-01-17,10,9,5877.35
2026-01-18,10,8,5188.52
2026-01-19,10,20,12671.39
2026-01-20,10,13,8037.29
2026-01-21,10,11,7094.64
2026-01-22,10,9,5876.92
2026-01-23,10,15,9649.37
2026-01-24,10,18,11601.58
2026-01-25,10,2,1288.75
2026-01-26,10,11,7152.39
2026-01-27,10,12,7574.7
2026-01-28,10,18,11646.9
2026-01-29,10,21,13094.33
2026-01-30,10,8,5207.25
2026-01-31,10,9,5792.85
2026-02-01,10,5,3139.87
2026-02-02,10,13,8444.9
2026-02-03,10,13,8092.71
2026-02-04,10,7,4464.42
2026-02-05,10,16,10016.22
2026-02-06,10,17,11097.84
2026-02-07,10,11,7107.62
2026-02-08,10,1,639.14
2026-02-09,10,9,5883.08
2026-02-10,10,10,6178.63
2026-02-11,10,20,12878.21
2026-02-12,10,8,5058.01
2026-02-13,10,13,8414.48
2026-02-14,10,4,2600.49
2026-02-15,10,8,4965.17
2026-02-16,10,9,5564.49
2026-02-17,10,11,6854.9
2026-02-18,10,27,17393.26
2026-02-19,10,14,9121.3
2026-02-20,10,10,6414.7
2026-02-21,10,10,6186.55
2026-02-22,10,1,647.13
2026-02-23,10,12,7873.08
2026-02-24,10,12,7592.54
2026-02-25,10,11,6827.54
2026-02-26,10,16,9945.4
2026-02-27,10,6,3718.99
2026-02-28,10,7,4438.58
2026-03-01,10,3,1916.09
2026-03-02,10,6,3901.56
2026-03-03,10,13,8423.79
2026-03-04,10,12,7603.44
2026-03-05,10,18,11783.91
2026-03-06,10,18,11298.31
2026-03-07,10,7,4364.36
2026-03-08,10,4,2620.92
2026-03-09,10,11,6960.19
2026-03-10,10,13,8146.98
2026-03-11,10,12,7512.32
2026-03-12,10,5,3113.12
2026-03-13,10,8,5015.65
2026-03-14,10,16,10331.84
2026-03-15,10,10,6573.4
2026-03-16,10,19,12164.78
2026-03-17,10,18,11419.78
2026-03-18,10,15,9296.84
2026-03-19,10,9,5630.47
2026-03-21,10,14,8876.86
2026-03-22,10,6,3728.58
2026-03-23,10,11,6834.88
2026-03-24,10,11,7220.74
2026-03-25,10,18,11699.23
2026-03-26,10,11,6967.51
2026-03-27,10,11,7147.04
2026-03-28,10,18,11377.62
2026-03-29,10,5,3120.92
2026-03-30,10,7,4604.63
2026-03-31,10,14,8842.32
2026-04-01,10,9,5860.38
2026-04-02,10,2,1305.42
2026-04-03,10,17,10958.26
2026-04-04,10,14,8825.09
2026-04-05,10,5,3254.78
2026-04-06,10,18,11211.61
2026-04-07,10,10,6260.97
2026-04-08,10,9,5739.27
2026-04-09,10,14,8929.18
2026-04-10,10,26,16189.66
2026-04-11,10,12,7704.75
2026-04-12,10,5,3156.77
2026-04-13,10,16,10333.57
2026-04-14,10,18,11833.94
2026-04-15,10,1,658.45
2026-04-16,10,20,12724.92
2026-04-17,10,10,6532.67
2026-04-18,10,15,9637.73
2026-04-19,10,2,1304.11
2026-04-20,10,19,12457.0
2026-04-21,10,9,5672.41
2026-04-22,10,8,5091.28
2026-04-23,10,14,8837.46
2026-04-24,10,10,6435.04
2026-04-25,10,12,7756.71
2026-04-26,10,3,1951.81
2026-04-27,10,13,8388.33
2026-04-28,10,5,3235.88
2026-04-30,10,27,16895.5
2026-05-01,10,15,9679.17
2026-05-02,10,12,7613.23
2026-05-03,10,6,3788.48
2026-05-04,10,15,9606.86
2026-05-05,10,17,11162.53
2026-05-06,10,17,11097.93
2026-05-07,10,12,7783.09
2026-05-08,10,12,7883.11
2026-05-09,10,11,7200.64
2026-05-10,10,8,5195.11
2026-05-11,10,13,8508.28
2026-05-12,10,3,1928.41
2026-05-13,10,15,9547.96
2026-05-14,10,16,10414.58
2026-05-15,10,17,11154.85
2026-05-16,10,14,9243.49
2026-05-17,10,5,3206.09
2026-05-18,10,16,10013.35
2026-05-19,10,17,11247.94
2026-05-20,10,21,13787.29
2026-05-21,10,16,10371.17
2026-05-22,10,17,10886.02
2026-05-23,10,7,4582.07
2026-05-26,10,22,14192.09
2026-05-27,10,14,8839.35
2026-05-28,10,10,6317.12
2026-05-29,10,17,11043.38
2026-05-30,10,11,7156.56
2026-05-31,10,6,3872.01
2026-06-01,10,11,7138.76
2026-06-02,10,25,16405.33
2026-06-03,10,19,12467.08
2026-06-04,10,13,8511.34
2026-06-05,10,8,5199.27
2026-06-10,10,16,10087.74
2026-06-11,10,16,10351.14
2026-06-12,10,35,22589.66
2026-06-13,10,19,12484.9
2026-06-14,10,8,5037.82
2026-06-15,10,28,17699.68
2026-06-16,10,28,17665.04
2026-06-17,10,20,13245.7
2026-06-18,10,14,8962.7
2026-06-19,10,1,638.77
2026-06-24,10,24,15209.73
2026-06-25,10,20,13164.81
2026-06-26,10,14,9225.59
2026-06-27,10,15,9488.65
2026-06-28,10,10,6403.93
2026-06-29,10,17,11046.98
2026-06-30,10,20,12797.9
2026-07-01,10,17,10898.24
2026-07-02,10,13,8526.39
2026-07-07,10,13,8523.18
2026-07-08,10,24,15407.41
2026-07-09,10,15,9967.79
2026-07-10,10,16,10202.17
2026-07-11,10,24,15539.96
2026-07-12,10,10,6629.88
2026-07-13,10,20,13187.75
2026-07-14,10,20,13028.12
2026-07-15,10,17,10879.69
2026-07-16,10,19,12291.79
2026-07-17,10,22,14306.99
2026-07-18,10,17,11180.96
2026-07-19,10,10,6494.72
2026-07-20,10,14,9287.94
2026-07-21,10,21,13482.17
2026-07-22,10,17,11010.81
2026-07-23,10,16,10044.76
2026-07-24,10,19,12084.25
2026-07-25,10,18,11610.89
2026-07-26,10,12,7849.71
2026-07-27,10,22,13951.56
2026-07-28,10,26,16421.17
2026-08-05,10,16,10270.24
2026-08-06,10,20,13081.36
2026-08-07,10,19,12228.29
2026-08-08,10,13,8447.47
2026-08-09,10,9,5867.52
2026-08-10,10,28,18505.28
2026-08-11,10,19,12344.03
2026-08-12,10,16,10257.09
2026-08-13,10,24,15396.59
2026-08-14,10,25,16108.51
2026-08-15,10,11,7293.31
2026-08-16,10,11,7169.58
2026-08-17,10,18,11524.65
2026-08-18,10,10,6641.43
2026-08-19,10,15,9729.76
2026-08-20,10,11,7095.83
2026-08-21,10,17,11097.42
2026-08-22,10,19,12542.32
2026-08-23,10,7,4518.06
2026-08-24,10,20,13325.37
2026-08-25,10,26,17320.01
2026-08-26,10,18,11560.69
2026-08-27,10,9,5767.27
2026-08-28,10,27,17267.97
2026-08-29,10,14,8942.64
2026-08-30,10,3,1983.3
2026-08-31,10,9,5840.21
2026-09-01,10,18,11388.96
2026-09-04,10,19,12077.15
2026-09-05,10,9,5780.65
2026-09-06,10,10,6376.18
2026-09-07,10,21,13792.56
2026-09-08,10,27,17945.28
2026-09-09,10,7,4593.78
2026-09-10,10,13,8555.31
2026-09-11,10,17,11102.02
2026-09-12,10,19,12533.08
2026-09-13,10,7,4627.85
2026-09-14,10,11,7287.23
2026-09-15,10,22,13892.46
2026-09-16,10,18,11373.5
2026-09-17,10,10,6554.04
2026-09-18,10,17,11166.39
2026-09-19,10,16,10100.02
2026-09-20,10,7,4557.47
2026-09-21,10,16,10464.37
2026-09-22,10,8,5234.15
2026-09-23,10,11,6994.88
2026-09-24,10,16,10152.64
2026-09-25,10,17,10969.6
2026-09-26,10,16,10411.96
2026-09-27,10,8,5352.24
2026-09-28,10,13,8259.95
2026-09-29,10,13,8651.99
2026-09-30,10,15,9497.99
2023-10-01,11,12,4196.18
2023-10-02,11,34,11806.03
2023-10-03,11,24,8263.63
2023-10-04,11,38,13048.73
2023-10-05,11,27,9465.46
2023-10-06,11,24,8311.49
2023-10-07,11,30,10461.88
2023-10-08,11,15,5148.53
2023-10-09,11,23,7841.22
2023-10-10,11,24,8315.68
2023-10-11,11,19,6622.26
2023-10-12,11,27,9266.28
2023-10-13,11,28,9311.52
2023-10-14,11,22,7700.17
2023-10-15,11,9,3080.53
2023-10-16,11,36,12588.74
2023-10-17,11,39,13378.58
2023-10-18,11,29,10118.75
2023-10-19,11,19,6609.13
2023-10-20,11,30,10197.02
2023-10-21,11,23,7936.51
2023-10-22,11,17,5961.01
2023-10-23,11,29,10185.06
2023-10-24,11,44,14904.9
2023-10-25,11,31,10702.74
2023-10-26,11,27,9065.85
2023-10-27,11,26,9053.93
2023-10-28,11,19,6653.13
2023-10-29,11,13,4454.1
2023-10-30,11,24,8146.49
2023-10-31,11,30,10502.94
2023-11-01,11,19,6579.72
2023-11-02,11,65,21674.51
2023-11-03,11,20,7046.73
2023-11-04,11,28,9672.87
2023-11-05,11,14,4730.7
2023-11-06,11,20,6820.26
2023-11-07,11,33,11085.26
2023-11-08,11,30,10196.3
2023-11-09,11,29,10177.08
2023-11-10,11,16,5554.46
2023-11-11,11,30,10600.28
2023-11-12,11,18,6193.82
2023-11-13,11,23,7674.63
2023-11-14,11,24,8160.98
2023-11-15,11,33,11218.02
2023-11-16,11,15,5029.68
2023-11-17,11,40,13947.49
2023-11-18,11,34,11617.76
2023-11-19,11,20,7060.29
2023-11-20,11,47,16286.33
2023-11-21,11,3,1015.19
2023-11-22,11,27,9243.66
2023-11-23,11,29,9945.31
2023-11-24,11,36,12293.03
2023-11-25,11,19,6483.55
2023-11-26,11,11,3818.01
2023-11-27,11,16,5384.12
2023-11-28,11,27,9356.56
2023-11-29,11,21,7381.77
2023-11-30,11,40,13484.65
2023-12-01,11,34,11768.31
2023-12-02,11,34,11727.66
2023-12-03,11,14,4865.94
2023-12-04,11,28,9439.5
2023-12-05,11,27,9349.3
2023-12-06,11,73,24668.58
2023-12-07,11,45,15236.56
2023-12-08,11,28,9513.81
2023-12-09,11,30,10559.77
2023-12-10,11,16,5492.24
2023-12-11,11,29,9878.83
2023-12-12,11,29,9711.82
2023-12-13,11,40,13618.6
2023-12-14,11,35,12243.53
2023-12-15,11,43,15169.21
2023-12-16,11,27,9448.38
2023-12-18,11,36,12683.46
2023-12-19,11,30,10354.28
2023-12-20,11,39,13475.0
2023-12-21,11,28,9497.34
2023-12-22,11,18,6138.12
2023-12-23,11,39,13817.13
2023-12-24,11,19,6610.02
2023-12-25,11,36,12264.45
2023-12-26,11,18,6297.0
2024-01-02,11,33,11055.03
2024-01-03,11,31,10706.04
2024-01-04,11,22,7414.19
2024-01-05,11,27,9134.47
2024-01-06,11,23,8089.11
2024-01-07,11,11,3763.62
2024-01-08,11,32,10926.52
2024-01-09,11,36,12580.51
2024-01-10,11,26,9195.22
2024-01-11,11,24,8237.41
2024-01-12,11,18,6338.32
2024-01-13,11,20,6708.78
2024-01-14,11,7,2350.31
2024-01-15,11,29,9898.21
2024-01-16,11,11,3714.94
2024-01-17,11,28,9495.0
2024-01-18,11,10,3549.01
2024-01-19,11,19,6741.83
2024-01-20,11,24,8287.5
2024-01-21,11,8,2833.97
2024-01-22,11,20,7005.2
2024-01-23,11,14,4953.68
2024-01-24,11,22,7825.64
2024-01-25,11,26,9092.11
2024-01-26,11,24,8179.24
2024-01-27,11,27,9551.59
2024-01-28,11,10,3540.99
2024-01-29,11,21,7276.0
2024-01-30,11,32,10883.04
2024-01-31,11,25,8906.41
2024-02-01,11,31,10503.88
2024-02-02,11,34,11685.32
2024-02-03,11,27,9139.13
2024-02-04,11,14,4963.73
2024-02-05,11,32,11404.66
2024-02-06,11,26,9165.12
2024-02-07,11,36,12601.05
2024-02-08,11,17,5743.86
2024-02-09,11,27,9294.54
2024-02-10,11,31,10525.24
2024-02-11,11,13,4510.97
2024-02-12,11,27,9337.05
2024-02-13,11,17,5757.52
2024-02-14,11,21,7151.55
2024-02-15,11,27,9597.09
2024-02-16,11,30,10453.18
2024-02-17,11,20,6945.17
2024-02-18,11,11,3777.13
2024-02-19,11,24,8461.87
2024-02-20,11,25,8665.69
2024-02-21,11,25,8479.23
2024-02-22,11,29,9822.73
2024-02-23,11,22,7419.79
2024-02-24,11,23,8015.07
2024-02-25,11,11,3819.39
2024-02-26,11,20,6858.78
2024-02-27,11,29,9781.11
2024-02-28,11,27,9454.67
2024-02-29,11,29,10073.64
2024-03-04,11,23,7959.27
2024-03-05,11,25,8819.13
2024-03-06,11,18,6356.46
2024-03-07,11,31,10614.33
2024-03-08,11,31,10764.05
2024-03-09,11,17,5973.6
2024-03-10,11,10,3409.88
2024-03-11,11,19,6573.7
2024-03-12,11,23,8016.79
2024-03-13,11,23,7788.29
2024-03-14,11,26,8960.07
2024-03-15,11,23,8124.43
2024-03-16,11,31,10589.18
2024-03-17,11,16,5721.41
2024-03-18,11,20,6834.44
2024-03-19,11,25,8511.27
2024-03-20,11,26,9241.91
2024-03-21,11,25,8469.24
2024-03-22,11,32,11381.21
2024-03-23,11,29,10031.4
2024-03-24,11,10,3548.22
2024-03-25,11,29,10291.18
2024-03-26,11,22,7695.87
2024-03-27,11,38,12888.68
2024-03-28,11,19,6617.8
2024-03-29,11,6,2036.02
2024-04-02,11,29,9839.81
2024-04-03,11,26,8996.64
2024-04-04,11,35,11875.4
2024-04-05,11,30,10411.61
2024-04-06,11,23,8160.81
2024-04-07,11,16,5730.78
2024-04-08,11,28,9640.74
2024-04-09,11,22,7816.08
2024-04-10,11,18,6330.28
2024-04-11,11,28,9479.77
2024-04-12,11,28,9817.17
2024-04-13,11,10,3400.68
2024-04-17,11,29,10341.21
2024-04-18,11,30,10448.28
2024-04-19,11,24,8532.96
2024-04-20,11,22,7831.04
2024-04-21,11,18,6251.28
2024-04-22,11,26,8948.66
2024-04-23,11,34,11746.21
2024-04-24,11,26,8881.8
2024-04-25,11,28,9734.13
2024-04-26,11,49,17235.79
2024-04-27,11,41,14666.93
2024-04-28,11,6,2115.69
2024-04-29,11,12,4181.6
2024-05-02,11,45,15472.8
2024-05-03,11,40,14298.82
2024-05-04,11,23,7938.8
2024-05-05,11,15,5281.56
2024-05-06,11,38,13376.99
2024-05-07,11,31,10920.23
2024-05-08,11,31,10795.81
2024-05-09,11,40,14318.4
2024-05-10,11,30,10660.51
2024-05-16,11,47,16544.61
2024-05-17,11,31,10712.22
2024-05-18,11,27,9286.15
2024-05-19,11,18,6394.12
2024-05-20,11,36,12466.76
2024-05-21,11,38,13295.18
2024-05-22,11,31,11152.83
2024-05-23,11,37,13268.24
2024-05-24,11,42,14603.74
2024-05-25,11,39,13978.82
2024-05-26,11,13,4505.33
2024-05-27,11,27,9654.89
2024-05-30,11,43,14652.56
2024-05-31,11,47,16551.84
2024-06-01,11,31,10629.46
2024-06-02,11,25,8837.5
2024-06-03,11,45,15967.67
2024-06-04,11,51,17821.15
2024-06-05,11,30,10510.07
2024-06-06,11,23,8184.37
2024-06-12,11,42,14440.3
2024-06-13,11,52,18559.81
2024-06-14,11,23,7879.01
2024-06-15,11,31,10672.16
2024-06-16,11,29,10325.11
2024-06-17,11,33,11872.66
2024-06-18,11,34,11996.72
2024-06-19,11,40,13867.41
2024-06-20,11,56,19499.73
2024-06-21,11,45,16189.58
2024-06-22,11,19,6664.9
2024-06-23,11,19,6829.55
2024-06-24,11,28,10034.98
2024-06-25,11,3,1040.84
2024-06-27,11,39,13382.07
2024-06-28,11,44,15535.16
2024-06-29,11,20,7171.19
2024-06-30,11,24,8486.13
2024-07-01,11,44,15514.77
2024-07-02,11,39,14123.95
2024-07-03,11,26,9404.37
2024-07-04,11,36,12296.13
2024-07-05,11,22,7704.0
2024-07-11,11,30,10544.14
2024-07-12,11,41,14417.58
2024-07-13,11,29,9991.62
2024-07-14,11,17,5947.41
2024-07-15,11,41,14253.17
2024-07-16,11,41,14364.04
2024-07-17,11,29,10468.51
2024-07-18,11,40,14074.36
2024-07-19,11,23,8245.21
2024-07-20,11,41,14136.77
2024-07-21,11,17,6173.29
2024-07-22,11,46,16549.29
2024-07-23,11,40,14166.07
2024-07-24,11,39,13431.16
2024-07-25,11,49,17453.15
2024-07-26,11,52,17914.08
2024-07-27,11,42,15022.77
2024-07-28,11,11,3964.08
2024-07-29,11,50,18174.19
2024-07-30,11,38,13555.75
2024-07-31,11,64,22440.59
2024-08-01,11,29,10522.7
2024-08-02,11,34,11953.52
2024-08-03,11,16,5759.07
2024-08-08,11,39,13672.5
2024-08-09,11,41,14739.73
2024-08-10,11,37,13236.82
2024-08-11,11,10,3504.67
2024-08-12,11,29,9978.14
2024-08-13,11,40,13725.08
2024-08-14,11,49,17374.51
2024-08-15,11,47,17016.04
2024-08-16,11,51,17633.2
2024-08-17,11,28,9776.17
2024-08-18,11,12,4349.86
2024-08-19,11,43,15451.05
2024-08-20,11,41,14604.59
2024-08-21,11,38,13523.87
2024-08-22,11,36,12718.24
2024-08-23,11,33,11755.27
2024-08-24,11,34,11676.49
2024-08-25,11,17,6002.62
2024-08-26,11,39,13507.38
2024-08-27,11,35,12449.68
2024-08-28,11,28,10055.74
2024-08-29,11,35,12671.3
2024-08-30,11,34,12054.88
2024-08-31,11,29,10298.71
2024-09-01,11,15,5322.79
2024-09-02,11,32,11002.92
2024-09-03,11,36,12916.45
2024-09-04,11,28,9918.65
2024-09-05,11,28,9679.56
2024-09-08,11,16,5685.71
2024-09-09,11,26,9311.18
2024-09-10,11,30,10711.52
2024-09-11,11,34,11962.66
2024-09-12,11,34,12316.71
2024-09-13,11,22,7714.56
2024-09-14,11,28,9745.52
2024-09-15,11,13,4628.77
2024-09-16,11,37,12768.96
2024-09-17,11,26,9005.09
2024-09-18,11,38,13370.98
2024-09-19,11,32,11018.55
2024-09-20,11,35,12152.49
2024-09-21,11,40,14250.79
2024-09-22,11,11,3846.05
2024-09-23,11,28,9970.03
2024-09-24,11,28,10032.77
2024-09-25,11,27,9721.49
2024-09-26,11,42,14489.41
2024-09-27,11,39,13489.64
2024-09-28,11,15,5288.22
2024-09-29,11,19,6702.28
2024-09-30,11,25,9006.99
2024-10-01,11,21,7375.94
2024-10-02,11,32,11163.37
2024-10-03,11,25,8922.18
2024-10-04,11,20,7047.83
2024-10-05,11,18,6234.93
2024-10-06,11,12,4350.79
2024-10-07,11,18,6314.27
2024-10-08,11,12,4152.15
2024-10-09,11,15,5385.69
2024-10-10,11,22,7694.6
2024-10-11,11,25,8688.1
2024-10-12,11,27,9407.85
2024-10-13,11,13,4753.93
2024-10-14,11,27,9531.69
2024-10-15,11,24,8602.93
2024-10-16,11,25,8931.87
2024-10-17,11,26,9204.13
2024-10-18,11,25,8892.71
2024-10-19,11,28,9798.05
2024-10-20,11,11,3846.5
2024-10-21,11,23,8226.94
2024-10-22,11,26,9129.04
2024-10-23,11,24,8431.07
2024-10-24,11,21,7629.32
2024-10-25,11,28,10037.57
2024-10-26,11,25,8805.74
2024-10-27,11,13,4770.6
2024-10-28,11,30,10901.88
2024-10-29,11,21,7366.19
2024-10-30,11,27,9817.45
2024-10-31,11,40,14681.44
2024-11-01,11,21,7653.38
2024-11-02,11,20,6991.56
2024-11-03,11,14,4970.04
2024-11-04,11,28,10033.2
2024-11-05,11,21,7542.09
2024-11-06,11,33,11776.35
2024-11-07,11,27,9482.51
2024-11-08,11,37,13438.9
2024-11-09,11,24,8428.29
2024-11-10,11,12,4204.09
2024-11-11,11,34,12150.04
2024-11-12,11,29,10647.67
2024-11-13,11,20,7333.28
2024-11-14,11,22,7644.71
2024-11-15,11,38,13675.31
2024-11-16,11,21,7566.39
2024-11-17,11,19,6987.87
2024-11-18,11,47,16799.91
2024-11-19,11,33,12078.05
2024-11-20,11,29,10094.62
2024-11-21,11,25,8744.97
2024-11-22,11,31,11292.87
2024-11-23,11,28,9893.22
2024-11-24,11,7,2521.48
2024-11-25,11,23,8169.06
2024-11-26,11,21,7392.8
2024-11-27,11,29,10486.48
2024-11-28,11,35,12771.61
2024-11-29,11,20,7295.19
2024-11-30,11,14,5010.82
2024-12-01,11,13,4531.88
2024-12-02,11,34,12434.68
2024-12-03,11,21,7664.28
2024-12-04,11,79,27594.21
2024-12-05,11,27,9790.65
2024-12-06,11,26,9467.51
2024-12-07,11,28,10229.62
2024-12-08,11,16,5870.74
2024-12-09,11,34,12501.66
2024-12-10,11,40,14428.11
2024-12-11,11,24,8650.74
2024-12-12,11,21,7421.87
2024-12-15,11,15,5403.12
2024-12-16,11,44,16059.31
2024-12-17,11,56,20259.9
2024-12-18,11,29,10577.33
2024-12-19,11,34,11988.04
2024-12-20,11,30,10846.58
2024-12-21,11,27,9541.25
2024-12-22,11,16,5670.66
2024-12-23,11,20,7120.58
2024-12-30,11,41,14546.17
2024-12-31,11,32,11256.58
2025-01-01,11,18,6624.97
2025-01-02,11,24,8590.46
2025-01-03,11,30,11011.66
2025-01-04,11,15,5356.46
2025-01-05,11,12,4274.43
2025-01-06,11,27,9962.95
2025-01-07,11,32,11821.39
2025-01-08,11,27,9497.15
2025-01-09,11,26,9081.73
2025-01-10,11,12,4365.41
2025-01-11,11,17,6020.9
2025-01-12,11,8,2915.28
2025-01-13,11,26,9343.71
2025-01-14,11,20,7156.34
2025-01-15,11,25,9106.87
2025-01-16,11,22,8053.86
2025-01-17,11,23,8308.2
2025-01-18,11,16,5720.81
2025-01-19,11,13,4643.78
2025-01-20,11,19,6743.03
2025-01-21,11,17,6084.37
2025-01-22,11,17,6177.88
2025-01-23,11,34,12152.33
2025-01-24,11,33,11735.39
2025-01-25,11,21,7681.04
2025-01-26,11,8,2933.22
2025-01-27,11,23,8246.37
2025-01-28,11,21,7731.19
2025-01-29,11,28,9953.46
2025-01-30,11,26,9115.31
2025-01-31,11,18,6514.06
2025-02-01,11,22,7956.76
2025-02-02,11,11,3871.26
2025-02-03,11,19,6835.08
2025-02-04,11,30,10656.53
2025-02-05,11,23,8348.42
2025-02-06,11,31,11255.45
2025-02-07,11,24,8707.48
2025-02-08,11,20,7044.31
2025-02-09,11,14,4962.18
2025-02-10,11,34,12262.91
2025-02-11,11,16,5703.25
2025-02-12,11,13,4602.96
2025-02-13,11,25,8961.34
2025-02-14,11,19,6969.6
2025-02-15,11,14,5082.12
2025-02-16,11,15,5498.74
2025-02-17,11,20,7333.0
2025-02-18,11,18,6335.5
2025-02-19,11,22,7813.4
2025-02-20,11,27,9805.76
2025-02-21,11,19,6905.4
2025-02-22,11,18,6477.78
2025-02-23,11,4,1484.77
2025-02-24,11,20,7310.97
2025-02-25,11,30,10560.55
2025-02-26,11,24,8790.01
2025-02-27,11,24,8566.35
2025-02-28,11,23,8133.62
2025-03-01,11,11,3897.76
2025-03-02,11,9,3319.08
2025-03-03,11,25,9062.33
2025-03-04,11,26,9344.31
2025-03-05,11,16,5790.53
2025-03-06,11,20,7423.83
2025-03-07,11,31,11213.0
2025-03-08,11,19,6706.82
2025-03-09,11,7,2513.58
2025-03-10,11,30,10598.02
2025-03-11,11,24,8570.6
2025-03-12,11,33,12219.92
2025-03-13,11,24,8621.15
2025-03-14,11,24,8876.85
2025-03-15,11,19,6719.97
2025-03-16,11,8,2817.21
2025-03-17,11,23,8248.13
2025-03-18,11,28,10148.58
2025-03-19,11,27,9769.76
2025-03-20,11,31,11264.62
2025-03-21,11,31,11318.39
2025-03-22,11,18,6646.96
2025-03-23,11,13,4720.72
2025-03-24,11,24,8821.11
2025-03-25,11,17,6040.02
2025-03-29,11,13,4811.41
2025-03-30,11,20,7062.2
2025-03-31,11,33,11862.21
2025-04-01,11,22,8070.45
2025-04-02,11,35,12873.21
2025-04-03,11,34,12260.29
2025-04-04,11,43,15406.25
2025-04-05,11,25,9303.55
2025-04-06,11,23,8296.88
2025-04-07,11,38,13441.86
2025-04-08,11,25,9073.69
2025-04-09,11,11,3957.34
2025-04-13,11,16,5975.84
2025-04-14,11,32,11865.23
2025-04-15,11,33,12000.52
2025-04-16,11,41,14802.45
2025-04-17,11,23,8412.13
2025-04-18,11,22,7781.75
2025-04-19,11,23,8593.33
2025-04-20,11,10,3609.02
2025-04-21,11,31,11198.59
2025-04-27,11,16,5642.61
2025-04-28,11,17,6046.41
2025-04-29,11,34,12668.82
2025-04-30,11,27,9888.44
2025-05-01,11,35,12549.96
2025-05-02,11,43,15844.46
2025-05-03,11,19,7034.61
2025-05-04,11,13,4857.31
2025-05-05,11,31,11587.81
2025-05-06,11,34,12487.18
2025-05-07,11,30,10748.66
2025-05-08,11,26,9734.43
2025-05-13,11,31,11242.16
2025-05-14,11,42,15536.92
2025-05-15,11,33,11871.72
2025-05-16,11,32,11534.85
2025-05-17,11,33,11907.58
2025-05-18,11,19,6956.91
2025-05-19,11,36,12740.85
2025-05-20,11,28,10081.1
2025-05-21,11,31,11126.25
2025-05-22,11,4,1493.25
2025-05-27,11,40,14592.65
2025-05-28,11,30,11250.34
2025-05-29,11,48,17182.88
2025-05-30,11,22,7831.77
2025-05-31,11,35,12454.4
2025-06-01,11,19,6927.36
2025-06-02,11,46,16911.13
2025-06-03,11,46,16958.04
2025-06-04,11,48,17336.02
2025-06-05,11,6,2164.38
2025-06-11,11,55,20524.92
2025-06-12,11,40,14717.56
2025-06-13,11,34,12134.58
2025-06-14,11,36,12983.0
2025-06-15,11,21,7448.19
2025-06-16,11,44,16121.07
2025-06-17,11,34,12152.34
2025-06-18,11,31,11258.29
2025-06-19,11,46,17068.54
2025-06-20,11,43,16125.73
2025-06-21,11,10,3702.32
2025-06-26,11,40,14452.74
2025-06-27,11,36,12850.85
2025-06-28,11,33,12249.28
2025-06-29,11,26,9539.11
2025-06-30,11,51,18490.14
2025-07-01,11,48,17047.19
2025-07-02,11,45,16480.68
2025-07-03,11,36,13069.32
2025-07-04,11,38,13622.08
2025-07-05,11,2,727.73
2025-07-10,11,49,17447.15
2025-07-11,11,39,14046.76
2025-07-12,11,40,14424.11
2025-07-13,11,24,8544.83
2025-07-14,11,46,16809.4
2025-07-15,11,34,12685.86
2025-07-16,11,43,15341.2
2025-07-17,11,44,15648.81
2025-07-18,11,30,10841.11
2025-07-19,11,41,15278.42
2025-07-20,11,19,6864.86
2025-07-21,11,36,13214.1
2025-07-22,11,52,18539.3
2025-07-23,11,80,28823.72
2025-07-24,11,60,21903.61
2025-07-25,11,48,17616.73
2025-07-26,11,32,11772.47
2025-07-27,11,14,5154.77
2025-07-28,11,31,11320.36
2025-07-29,11,50,18847.19
2025-07-30,11,47,17681.71
2025-07-31,11,2,752.93
2025-08-05,11,24,8828.99
2025-08-06,11,39,14707.82
2025-08-07,11,37,13778.68
2025-08-08,11,28,10421.32
2025-08-09,11,31,11655.41
2025-08-10,11,15,5633.86
2025-08-11,11,34,12125.56
2025-08-12,11,30,11278.76
2025-08-13,11,32,11899.36
2025-08-14,11,38,14001.09
2025-08-15,11,36,13225.66
2025-08-16,11,28,10244.42
2025-08-17,11,28,10074.01
2025-08-18,11,17,6245.58
2025-08-19,11,40,14316.78
2025-08-20,11,48,17504.02
2025-08-21,11,43,15703.47
2025-08-22,11,39,14659.7
2025-08-23,11,24,8911.81
2025-08-24,11,25,9197.84
2025-08-25,11,41,14832.39
2025-08-26,11,51,18416.23
2025-08-27,11,25,9019.55
2025-08-28,11,42,15077.92
2025-08-29,11,31,11574.17
2025-08-30,11,36,13206.73
2025-08-31,11,16,5828.57
2025-09-01,11,33,12247.94
2025-09-02,11,18,6600.15
2025-09-03,11,26,9623.88
2025-09-04,11,26,9387.6
2025-09-05,11,33,11924.13
2025-09-06,11,34,12359.26
2025-09-07,11,13,4681.92
2025-09-08,11,35,13155.59
2025-09-09,11,27,10055.13
2025-09-10,11,30,10885.87
2025-09-11,11,25,9435.7
2025-09-12,11,14,5012.01
2025-09-13,11,29,10709.42
2025-09-14,11,8,3034.3
2025-09-15,11,32,11543.93
2025-09-16,11,25,9138.1
2025-09-17,11,20,7151.39
2025-09-18,11,37,13870.07
2025-09-19,11,30,10931.27
2025-09-20,11,29,10637.65
2025-09-21,11,17,6126.39
2025-09-22,11,51,18581.63
2025-09-23,11,26,9366.73
2025-09-24,11,33,12047.89
2025-09-25,11,23,8673.35
2025-09-26,11,41,15346.66
2025-09-27,11,21,7760.51
2025-09-28,11,13,4748.41
2025-09-29,11,37,13700.52
2025-09-30,11,39,14464.15
2025-10-01,11,24,9118.3
2025-10-02,11,28,10023.75
2025-10-03,11,29,10678.79
2025-10-04,11,27,10109.47
2025-10-05,11,4,1460.81
2025-10-06,11,43,15811.54
2025-10-07,11,24,8796.29
2025-10-08,11,33,12328.9
2025-10-09,11,27,10042.11
2025-10-10,11,15,5396.07
2025-10-11,11,18,6519.26
2025-10-12,11,13,4813.4
2025-10-13,11,31,11626.33
2025-10-14,11,37,13652.17
2025-10-15,11,33,12091.27
2025-10-16,11,40,14650.14
2025-10-17,11,32,11899.84
2025-10-18,11,22,8192.07
2025-10-19,11,16,5997.03
2025-10-20,11,20,7383.55
2025-10-21,11,24,8835.42
2025-10-22,11,32,11899.97
2025-10-23,11,31,11402.54
2025-10-24,11,48,17937.64
2025-10-25,11,10,3730.81
2025-10-26,11,13,4886.89
2025-10-27,11,35,12653.26
2025-10-28,11,18,6692.97
2025-10-29,11,18,6614.94
2025-10-30,11,19,7199.26
2025-10-31,11,28,10523.92
2025-11-01,11,22,8315.91
2025-11-02,11,11,4187.0
2025-11-03,11,34,12381.86
2025-11-04,11,31,11693.58
2025-11-05,11,18,6613.42
2025-11-06,11,18,6814.59
2025-11-07,11,56,20591.3
2025-11-08,11,19,7150.21
2025-11-09,11,16,5877.31
2025-11-10,11,19,7087.6
2025-11-11,11,25,9068.45
2025-11-12,11,36,13090.5
2025-11-13,11,35,12916.75
2025-11-14,11,29,10566.42
2025-11-15,11,35,12903.04
2025-11-16,11,15,5515.23
2025-11-17,11,31,11765.52
2025-11-18,11,32,11707.09
2025-11-19,11,35,13270.42
2025-11-20,11,41,15484.05
2025-11-21,11,30,11364.87
2025-11-22,11,19,6946.3
2025-11-23,11,11,4167.36
2025-11-24,11,36,13594.24
2025-11-25,11,25,9540.37
2025-11-26,11,23,8308.77
2025-11-27,11,27,10229.62
2025-11-28,11,14,5298.55
2025-12-02,11,33,12555.0
2025-12-03,11,34,12372.35
2025-12-04,11,42,15695.07
2025-12-05,11,29,11084.67
2025-12-06,11,34,12688.18
2025-12-07,11,19,7153.37
2025-12-08,11,33,12207.51
2025-12-09,11,43,16136.63
2025-12-10,11,23,8410.38
2025-12-11,11,42,15409.71
2025-12-12,11,48,18220.15
2025-12-13,11,27,9825.04
2025-12-14,11,19,7213.1
2025-12-15,11,23,8405.41
2025-12-16,11,38,13826.8
2025-12-17,11,27,10188.11
2025-12-18,11,47,17081.77
2025-12-19,11,37,13692.83
2025-12-20,11,28,10439.6
2025-12-21,11,16,6046.78
2025-12-22,11,31,11660.45
2025-12-23,11,32,12156.54
2025-12-31,11,33,12019.49
2026-01-01,11,19,7136.78
2026-01-02,11,30,11025.65
2026-01-03,11,36,13179.62
2026-01-04,11,16,6051.36
2026-01-05,11,30,10960.15
2026-01-06,11,19,6934.02
2026-01-07,11,34,12955.15
2026-01-08,11,26,9816.62
2026-01-09,11,23,8364.9
2026-01-10,11,37,14184.03
2026-01-11,11,10,3733.26
2026-01-12,11,21,7675.46
2026-01-13,11,27,9949.15
2026-01-14,11,27,9999.89
2026-01-15,11,21,7891.35
2026-01-16,11,18,6769.8
2026-01-17,11,17,6317.16
2026-01-18,11,13,4705.39
2026-01-19,11,31,11656.98
2026-01-20,11,26,9545.55
2026-01-21,11,28,10577.17
2026-01-22,11,17,6471.26
2026-01-23,11,20,7518.13
2026-01-24,11,18,6541.79
2026-01-25,11,9,3303.14
2026-01-26,11,19,7198.78
2026-01-27,11,22,8358.52
2026-01-28,11,12,4464.88
2026-01-29,11,26,9513.3
2026-01-30,11,17,6243.7
2026-01-31,11,23,8735.06
2026-02-01,11,10,3758.07
2026-02-02,11,26,9855.56
2026-02-03,11,18,6925.51
2026-02-04,11,17,6500.56
2026-02-05,11,9,3316.31
2026-02-06,11,16,6029.71
2026-02-07,11,22,8048.93
2026-02-08,11,11,3989.52
2026-02-09,11,24,8894.75
2026-02-10,11,19,7199.5
2026-02-11,11,19,7085.14
2026-02-12,11,22,8348.48
2026-02-13,11,19,7186.37
2026-02-14,11,25,9575.34
2026-02-15,11,11,4127.39
2026-02-16,11,27,10039.56
2026-02-17,11,36,13308.85
2026-02-18,11,22,8251.85
2026-02-19,11,19,7283.5
2026-02-20,11,26,9740.2
2026-02-21,11,22,8230.87
2026-02-22,11,10,3850.81
2026-02-23,11,23,8514.97
2026-02-24,11,20,7389.96
2026-02-25,11,29,11055.49
2026-02-26,11,23,8778.95
2026-02-27,11,26,9462.86
2026-02-28,11,24,8754.71
2026-03-01,11,11,4149.65
2026-03-02,11,19,6962.91
2026-03-03,11,18,6806.3
2026-03-04,11,21,7811.19
2026-03-05,11,21,7902.66
2026-03-06,11,10,3785.91
2026-03-07,11,21,7715.39
2026-03-08,11,16,6086.65
2026-03-09,11,24,9005.27
2026-03-10,11,29,10627.2
2026-03-11,11,34,12587.12
2026-03-12,11,31,11665.8
2026-03-13,11,38,14140.55
2026-03-14,11,19,6952.91
2026-03-15,11,11,4037.14
2026-03-16,11,23,8880.95
2026-03-17,11,31,11400.04
2026-03-18,11,23,8442.18
2026-03-19,11,18,6905.34
2026-03-20,11,16,6059.96
2026-03-21,11,18,6607.27
2026-03-22,11,10,3857.87
2026-03-23,11,19,7118.75
2026-03-24,11,31,11799.57
2026-03-25,11,4,1486.9
2026-03-27,11,26,9952.86
2026-03-28,11,24,9144.03
2026-03-29,11,13,4787.04
2026-03-30,11,30,11023.41
2026-03-31,11,26,9980.36
2026-04-01,11,35,13244.2
2026-04-02,11,22,8193.34
2026-04-03,11,14,5412.93
2026-04-04,11,26,9997.14
2026-04-05,11,12,4583.85
2026-04-06,11,30,11329.07
2026-04-07,11,24,8877.06
2026-04-08,11,23,8742.69
2026-04-12,11,11,4031.38
2026-04-13,11,32,11850.39
2026-04-14,11,19,6989.2
2026-04-15,11,27,10123.72
2026-04-16,11,39,14937.53
2026-04-17,11,19,6962.27
2026-04-18,11,28,10706.59
2026-04-19,11,19,7120.16
2026-04-20,11,24,8898.08
2026-04-21,11,28,10801.8
2026-04-22,11,2,756.67
2026-04-25,11,30,11547.33
2026-04-26,11,13,4885.15
2026-04-27,11,21,8045.45
2026-04-28,11,36,13243.75
2026-04-29,11,33,12171.31
2026-04-30,11,27,10408.43
2026-05-01,11,22,8111.04
2026-05-02,11,23,8530.68
2026-05-03,11,12,4587.47
2026-05-04,11,23,8457.86
2026-05-05,11,31,11834.5
2026-05-06,11,19,7161.78
2026-05-08,11,34,12947.43
2026-05-09,11,38,13975.14
2026-05-10,11,15,5557.33
2026-05-11,11,36,13238.04
2026-05-12,11,36,13682.42
2026-05-13,11,34,12610.62
2026-05-14,11,32,11843.49
2026-05-15,11,22,8513.4
2026-05-16,11,23,8802.56
2026-05-17,11,12,4461.86
2026-05-18,11,39,14637.65
2026-05-23,11,23,8801.19
2026-05-24,11,8,3104.68
2026-05-25,11,37,14386.51
2026-05-26,11,38,14374.45
2026-05-27,11,28,10566.05
2026-05-28,11,38,14584.5
2026-05-29,11,35,12835.08
2026-05-30,11,30,11415.88
2026-05-31,11,14,5253.61
2026-06-01,11,39,14939.53
2026-06-02,11,4,1553.95
2026-06-06,11,29,10785.77
2026-06-07,11,23,8821.72
2026-06-08,11,44,16907.49
2026-06-09,11,35,13296.57
2026-06-10,11,65,24267.13
2026-06-11,11,36,13812.0
2026-06-12,11,33,12542.23
2026-06-13,11,49,18363.85
2026-06-14,11,13,4983.84
2026-06-15,11,36,13634.5
2026-06-20,11,46,17308.32
2026-06-21,11,17,6540.26
2026-06-22,11,38,14048.73
2026-06-23,11,34,13077.58
2026-06-24,11,51,18873.53
2026-06-25,11,55,20776.87
2026-06-26,11,41,15348.49
2026-06-27,11,18,6763.75
2026-07-06,11,37,13835.4
2026-07-07,11,38,14336.44
2026-07-08,11,35,13352.55
2026-07-09,11,35,13590.91
2026-07-10,11,30,11171.42
2026-07-11,11,37,14106.08
2026-07-12,11,14,5377.51
2026-07-13,11,36,13984.88
2026-07-14,11,41,15475.43
2026-07-15,11,31,11864.46
2026-07-16,11,33,12489.47
2026-07-17,11,34,13294.75
2026-07-18,11,30,11120.68
2026-07-19,11,24,9332.2
2026-07-20,11,49,18589.08
2026-07-21,11,35,13411.75
2026-07-22,11,42,16003.37
2026-07-23,11,36,13753.47
2026-07-24,11,44,16498.53
2026-07-25,11,32,11960.83
2026-07-26,11,13,5032.14
2026-07-27,11,41,15466.37
2026-07-28,11,37,13847.66
2026-07-29,11,25,9261.03
2026-08-06,11,40,15594.62
2026-08-07,11,42,15692.86
2026-08-08,11,30,11663.25
2026-08-09,11,18,6656.7
2026-08-10,11,32,12003.81
2026-08-11,11,39,14707.26
2026-08-12,11,39,14952.89
2026-08-13,11,47,18295.9
2026-08-14,11,45,16742.72
2026-08-15,11,38,14654.29
2026-08-16,11,18,6799.51
2026-08-17,11,32,12049.39
2026-08-18,11,35,13221.29
2026-08-19,11,44,16348.2
2026-08-20,11,48,18220.76
2026-08-21,11,26,10067.14
2026-08-22,11,28,10657.97
2026-08-23,11,19,7253.64
2026-08-24,11,46,17784.42
2026-08-25,11,36,14013.12
2026-08-26,11,44,17154.76
2026-08-27,11,20,7739.82
2026-08-28,11,34,12742.72
2026-08-29,11,21,7951.07
2026-08-30,11,22,8563.14
2026-08-31,11,40,15002.63
2026-09-01,11,26,10095.5
2026-09-02,11,36,13772.35
2026-09-03,11,29,11398.44
2026-09-04,11,30,11733.44
2026-09-05,11,23,9040.88
2026-09-06,11,30,11640.04
2026-09-07,11,27,10271.15
2026-09-08,11,34,12708.21
2026-09-09,11,29,10964.4
2026-09-10,11,35,13544.34
2026-09-11,11,34,13077.95
2026-09-12,11,36,13411.78
2026-09-13,11,12,4548.28
2026-09-14,11,32,12296.82
2026-09-15,11,24,9096.09
2026-09-16,11,27,10073.14
2026-09-17,11,20,7522.72
2026-09-18,11,30,11461.43
2026-09-19,11,23,8891.52
2026-09-20,11,7,2704.2
2026-09-21,11,22,8413.21
2026-09-22,11,32,12165.36
2026-09-23,11,28,10864.87
2026-09-24,11,32,12198.76
2026-09-25,11,31,11544.45
2026-09-26,11,21,8108.29
2026-09-27,11,14,5397.81
2026-09-28,11,31,12134.8
2026-09-29,11,42,16145.87
2026-09-30,11,23,8967.61
2023-10-01,12,8,5747.7
2023-10-02,12,8,5583.22
2023-10-03,12,10,7153.64
2023-10-04,12,14,9849.97
2023-10-05,12,19,13092.66
2023-10-06,12,12,8289.85
2023-10-07,12,12,8591.88
2023-10-08,12,6,4341.28
2023-10-09,12,14,10215.99
2023-10-10,12,21,14603.73
2023-10-11,12,16,11652.28
2023-10-12,12,24,16700.38
2023-10-13,12,22,15829.26
2023-10-14,12,16,11361.08
2023-10-15,12,4,2794.21
2023-10-16,12,10,7014.75
2023-10-17,12,13,8982.22
2023-10-18,12,18,12916.98
2023-10-19,12,16,11160.08
2023-10-20,12,15,10887.93
2023-10-21,12,13,9450.64
2023-10-22,12,5,3454.61
2023-10-23,12,14,9788.76
2023-10-24,12,15,10868.69
2023-10-25,12,12,8487.66
2023-10-26,12,19,13544.07
2023-10-27,12,14,9883.65
2023-10-28,12,9,6462.47
2023-10-29,12,12,8768.66
2023-10-30,12,19,13378.87
2023-10-31,12,14,9815.68
2023-11-01,12,19,13108.21
2023-11-02,12,32,22762.16
2023-11-03,12,15,10780.12
2023-11-04,12,16,11550.6
2023-11-05,12,8,5742.26
2023-11-06,12,16,11357.48
2023-11-07,12,13,9249.73
2023-11-08,12,4,2880.72
2023-11-09,12,15,10784.94
2023-11-10,12,15,10500.9
2023-11-11,12,11,8001.36
2023-11-12,12,11,7704.35
2023-11-13,12,14,10086.69
2023-11-14,12,12,8389.43
2023-11-15,12,14,10046.83
2023-11-16,12,20,13988.63
2023-11-17,12,18,13029.86
2023-11-18,12,16,11117.03
2023-11-19,12,14,10232.59
2023-11-20,12,12,8511.79
2023-11-21,12,14,9750.2
2023-11-22,12,23,16183.26
2023-11-23,12,16,11537.93
2023-11-24,12,20,14430.12
2023-11-25,12,12,8357.28
2023-11-26,12,14,9803.9
2023-11-27,12,20,14509.24
2023-11-28,12,17,12004.82
2023-11-29,12,19,13642.45
2023-11-30,12,16,11076.46
2023-12-01,12,11,8053.61
2023-12-02,12,16,11738.22
2023-12-03,12,7,5108.98
2023-12-04,12,11,8010.09
2023-12-05,12,22,16093.52
2023-12-06,12,22,15975.61
2023-12-07,12,25,17886.83
2023-12-08,12,16,11319.9
2023-12-09,12,8,5841.03
2023-12-10,12,5,3557.86
2023-12-11,12,13,9330.42
2023-12-12,12,16,11502.04
2023-12-13,12,29,21301.43
2023-12-14,12,20,14549.15
2023-12-15,12,17,12000.65
2023-12-16,12,15,10792.32
2023-12-17,12,12,8640.5
2023-12-18,12,8,5847.56
2023-12-19,12,20,14419.41
2023-12-20,12,20,14576.92
2023-12-21,12,21,15375.47
2023-12-22,12,15,10926.12
2023-12-23,12,18,12665.17
2023-12-24,12,6,4196.34
2023-12-25,12,25,18215.05
2023-12-26,12,13,9102.62
2023-12-27,12,24,16770.9
2023-12-28,12,17,12466.42
2023-12-29,12,18,12515.06
2023-12-30,12,9,6604.78
2023-12-31,12,11,7730.44
2024-01-01,12,9,6434.71
2024-01-02,12,13,9346.92
2024-01-03,12,11,8008.75
2024-01-04,12,22,15597.8
2024-01-05,12,13,9305.46
2024-01-06,12,16,11515.56
2024-01-07,12,8,5863.17
2024-01-08,12,6,4375.41
2024-01-09,12,12,8459.92
2024-01-10,12,20,14312.01
2024-01-11,12,15,10512.44
2024-01-12,12,17,12190.66
2024-01-13,12,14,10129.08
2024-01-14,12,6,4378.07
2024-01-15,12,9,6313.52
2024-01-16,12,24,17253.64
2024-01-17,12,6,4367.65
2024-01-18,12,15,10605.87
2024-01-19,12,19,13343.71
2024-01-20,12,12,8536.85
2024-01-21,12,5,3525.5
2024-01-22,12,10,7074.05
2024-01-23,12,16,11461.42
2024-01-24,12,13,9148.02
2024-01-25,12,16,11495.09
2024-01-26,12,23,16791.28
2024-01-27,12,16,11586.19
2024-01-28,12,13,9479.54
2024-01-29,12,16,11173.17
2024-01-30,12,13,9535.1
2024-01-31,12,16,11152.23
2024-02-01,12,27,18962.66
2024-02-02,12,16,11704.11
2024-02-03,12,15,11040.64
2024-02-04,12,5,3500.0
2024-02-05,12,16,11428.47
2024-02-06,12,14,10200.81
2024-02-07,12,9,6417.31
2024-02-08,12,11,8136.08
2024-02-09,12,18,12678.77
2024-02-10,12,12,8586.72
2024-02-11,12,8,5846.14
2024-02-12,12,11,8096.85
2024-02-13,12,15,10750.78
2024-02-14,12,18,13209.62
2024-02-15,12,15,10785.58
2024-02-16,12,10,7027.36
2024-02-17,12,12,8877.18
2024-02-18,12,8,5798.87
2024-02-19,12,5,3691.13
2024-02-20,12,12,8699.35
2024-02-21,12,18,13203.01
2024-02-22,12,16,11655.71
2024-02-23,12,13,9319.19
2024-02-24,12,19,13653.91
2024-02-25,12,5,3645.54
2024-02-26,12,11,7810.51
2024-02-27,12,12,8649.82
2024-02-28,12,10,7175.01
2024-02-29,12,12,8457.67
2024-03-01,12,22,15789.78
2024-03-02,12,14,9868.57
2024-03-03,12,8,5641.57
2024-03-04,12,12,8835.67
2024-03-05,12,23,16342.23
2024-03-06,12,11,7909.26
2024-03-07,12,21,14695.99
2024-03-08,12,15,11100.42
2024-03-09,12,15,11046.94
2024-03-10,12,10,7353.87
2024-03-11,12,21,15144.45
2024-03-12,12,20,14349.89
2024-03-13,12,11,8031.05
2024-03-14,12,12,8754.52
2024-03-15,12,16,11577.1
2024-03-16,12,13,9486.67
2024-03-17,12,7,5040.16
2024-03-18,12,25,18054.51
2024-03-19,12,10,7228.39
2024-03-20,12,15,11062.82
2024-03-21,12,19,14101.06
2024-03-22,12,17,12167.6
2024-03-23,12,24,17378.89
2024-03-24,12,5,3691.09
2024-03-25,12,15,10810.53
2024-03-26,12,18,12662.89
2024-03-27,12,13,9586.67
2024-03-29,12,24,16950.8
2024-03-30,12,13,9370.95
2024-03-31,12,6,4239.99
2024-04-01,12,20,14375.22
2024-04-02,12,19,13739.89
2024-04-03,12,18,13133.02
2024-04-04,12,17,12310.19
2024-04-05,12,8,5874.36
2024-04-10,12,17,11930.79
2024-04-11,12,19,14114.79
2024-04-12,12,12,8823.04
2024-04-13,12,12,8495.35
2024-04-14,12,8,5834.86
2024-04-15,12,18,13353.42
2024-04-16,12,17,12173.26
2024-04-17,12,14,9960.74
2024-04-18,12,25,18157.14
2024-04-19,12,22,15472.02
2024-04-20,12,13,9135.73
2024-04-21,12,5,3671.47
2024-04-22,12,10,7137.48
2024-04-23,12,18,13332.41
2024-04-24,12,18,13156.16
2024-04-25,12,16,11751.24
2024-04-26,12,24,17530.78
2024-04-27,12,8,5818.35
2024-04-28,12,2,1439.56
2024-04-29,12,17,12464.41
2024-04-30,12,22,16112.42
2024-05-01,12,21,14861.51
2024-05-02,12,29,20491.77
2024-05-03,12,23,16728.24
2024-05-04,12,16,11267.29
2024-05-05,12,17,12498.19
2024-05-06,12,16,11496.2
2024-05-07,12,18,12705.61
2024-05-08,12,25,18639.19
2024-05-09,12,22,15819.19
2024-05-10,12,22,16125.66
2024-05-11,12,21,14861.04
2024-05-12,12,9,6457.6
2024-05-13,12,18,13056.13
2024-05-14,12,21,14925.85
2024-05-15,12,16,11740.51
2024-05-16,12,17,12570.43
2024-05-17,12,15,11059.48
2024-05-18,12,4,2916.9
2024-05-19,12,10,7130.98
2024-05-20,12,15,11171.82
2024-05-21,12,23,16729.23
2024-05-22,12,19,13405.79
2024-05-23,12,19,13922.88
2024-05-24,12,26,18722.3
2024-05-25,12,17,12365.88
2024-05-26,12,5,3541.97
2024-05-27,12,15,10591.33
2024-05-28,12,21,15539.71
2024-05-29,12,13,9688.69
2024-05-30,12,4,2971.52
2024-05-31,12,38,27212.42
2024-06-01,12,23,16865.93
2024-06-02,12,14,10349.09
2024-06-03,12,29,21002.01
2024-06-04,12,38,27598.35
2024-06-05,12,11,8006.74
2024-06-12,12,38,26984.15
2024-06-13,12,24,17661.53
2024-06-14,12,21,15735.74
2024-06-15,12,31,22415.96
2024-06-16,12,3,2148.5
2024-06-17,12,15,10991.61
2024-06-18,12,25,18603.7
2024-06-19,12,20,14727.11
2024-06-20,12,17,12618.25
2024-06-21,12,25,18126.48
2024-06-22,12,17,12082.42
2024-06-23,12,12,8589.48
2024-06-24,12,29,21626.81
2024-06-25,12,21,15486.24
2024-06-26,12,20,14986.03
2024-06-27,12,16,11886.36
2024-06-28,12,24,17871.12
2024-06-29,12,14,10310.33
2024-06-30,12,14,10040.06
2024-07-01,12,14,10445.98
2024-07-02,12,3,2166.7
2024-07-03,12,22,15778.81
2024-07-04,12,28,20773.17
2024-07-05,12,21,15645.35
2024-07-06,12,16,11583.22
2024-07-07,12,16,11496.24
2024-07-08,12,20,14285.9
2024-07-09,12,30,22143.29
2024-07-10,12,18,13078.24
2024-07-11,12,10,7278.83
2024-07-15,12,20,15016.01
2024-07-16,12,26,19101.45
2024-07-17,12,34,24305.84
2024-07-18,12,33,24002.84
2024-07-19,12,30,21376.4
2024-07-20,12,17,12346.31
2024-07-21,12,9,6467.82
2024-07-22,12,21,15468.81
2024-07-23,12,21,15209.54
2024-07-24,12,27,20036.24
2024-07-25,12,27,20137.85
2024-07-26,12,16,11903.52
2024-07-27,12,17,12464.56
2024-07-28,12,10,7189.1
2024-07-29,12,22,15998.29
2024-07-30,12,24,17468.79
2024-07-31,12,38,27442.03
2024-08-01,12,19,14046.91
2024-08-02,12,25,18138.49
2024-08-03,12,14,9988.6
2024-08-04,12,10,7336.63
2024-08-08,12,24,17081.6
2024-08-09,12,30,21925.76
2024-08-10,12,29,21673.83
2024-08-11,12,7,5229.93
2024-08-12,12,17,12519.57
2024-08-13,12,20,14342.5
2024-08-14,12,24,17399.07
2024-08-15,12,10,7318.19
2024-08-16,12,18,13341.51
2024-08-17,12,15,11327.89
2024-08-18,12,16,11440.91
2024-08-19,12,25,17884.2
2024-08-20,12,20,14405.84
2024-08-21,12,23,16883.29
2024-08-22,12,18,12911.42
2024-08-23,12,21,15671.82
2024-08-24,12,20,14412.15
2024-08-25,12,9,6748.97
2024-08-26,12,19,13894.43
2024-08-27,12,22,16001.57
2024-08-28,12,22,15837.03
2024-08-29,12,30,21669.6
2024-08-30,12,22,15758.73
2024-08-31,12,20,14278.14
2024-09-01,12,11,7909.96
2024-09-02,12,21,15744.31
2024-09-03,12,18,13100.13
2024-09-04,12,19,14166.66
2024-09-05,12,14,10585.8
2024-09-06,12,18,12866.46
2024-09-07,12,16,11657.45
2024-09-08,12,9,6735.76
2024-09-09,12,11,7880.97
2024-09-10,12,24,18064.05
2024-09-11,12,24,17483.25
2024-09-12,12,26,18551.65
2024-09-13,12,15,11073.35
2024-09-14,12,14,10117.6
2024-09-15,12,4,2903.01
2024-09-16,12,22,15840.8
2024-09-17,12,22,15893.59
2024-09-18,12,22,16611.9
2024-09-19,12,11,8083.81
2024-09-20,12,15,10857.8
2024-09-21,12,17,12454.93
2024-09-22,12,3,2232.99
2024-09-23,12,15,11283.89
2024-09-24,12,22,15843.54
2024-09-25,12,23,16942.13
2024-09-26,12,26,19287.19
2024-09-27,12,21,15439.84
2024-09-28,12,16,11943.61
2024-09-29,12,6,4409.95
2024-09-30,12,14,10198.83
2024-10-01,12,21,15436.33
2024-10-02,12,20,14446.43
2024-10-03,12,18,13064.84
2024-10-04,12,16,11921.88
2024-10-05,12,22,16282.21
2024-10-06,12,12,8892.23
2024-10-07,12,22,16553.96
2024-10-08,12,17,12307.42
2024-10-09,12,21,15527.93
2024-10-10,12,18,13079.95
2024-10-11,12,23,16931.93
2024-10-12,12,15,11348.96
2024-10-13,12,7,5109.48
2024-10-14,12,21,15726.41
2024-10-15,12,22,16134.55
2024-10-16,12,22,15908.33
2024-10-17,12,17,12348.05
2024-10-18,12,15,10942.58
2024-10-19,12,19,14074.19
2024-10-20,12,12,8841.65
2024-10-21,12,12,8935.98
2024-10-22,12,12,8734.89
2024-10-23,12,15,11237.35
2024-10-24,12,19,14153.89
2024-10-25,12,18,12973.55
2024-10-26,12,16,11959.7
2024-10-27,12,7,5151.74
2024-10-28,12,17,12669.54
2024-10-29,12,19,13939.28
2024-10-30,12,19,14156.99
2024-10-31,12,8,5888.19
2024-11-01,12,15,11004.4
2024-11-02,12,17,12497.83
2024-11-03,12,14,10054.15
2024-11-04,12,14,10505.93
2024-11-05,12,24,18019.06
2024-11-06,12,11,7954.2
2024-11-07,12,17,12247.72
2024-11-08,12,11,8009.95
2024-11-09,12,13,9542.26
2024-11-10,12,8,6090.32
2024-11-11,12,20,14589.89
2024-11-12,12,17,12932.53
2024-11-13,12,26,19117.33
2024-11-14,12,27,20038.63
2024-11-15,12,20,14914.25
2024-11-16,12,19,14154.58
2024-11-17,12,8,5796.54
2024-11-18,12,17,12345.91
2024-11-19,12,19,13833.51
2024-11-20,12,22,16513.94
2024-11-21,12,22,16288.67
2024-11-22,12,16,12062.02
2024-11-23,12,11,8383.95
2024-11-24,12,4,2945.76
2024-11-25,12,20,14463.7
2024-11-26,12,12,8968.04
2024-11-27,12,16,11618.34
2024-11-28,12,21,15391.07
2024-11-29,12,22,16795.75
2024-11-30,12,11,8350.51
2024-12-01,12,5,3673.71
2024-12-02,12,18,13355.57
2024-12-03,12,26,18973.82
2024-12-04,12,27,19994.93
2024-12-05,12,31,22344.73
2024-12-06,12,19,13750.36
2024-12-07,12,12,8795.26
2024-12-08,12,9,6863.53
2024-12-09,12,21,15186.35
2024-12-10,12,24,17969.74
2024-12-11,12,24,17437.44
2024-12-12,12,16,11845.23
2024-12-13,12,29,20901.67
2024-12-14,12,22,16379.64
2024-12-15,12,9,6681.05
2024-12-16,12,23,17520.34
2024-12-17,12,28,21217.51
2024-12-18,12,29,21927.45
2024-12-19,12,26,19042.89
2024-12-20,12,37,27410.97
2024-12-21,12,20,15043.96
2024-12-22,12,13,9650.8
2024-12-23,12,17,12600.99
2024-12-24,12,6,4545.02
2024-12-28,12,25,18937.55
2024-12-29,12,5,3677.45
2024-12-30,12,22,16694.72
2024-12-31,12,21,15564.5
2025-01-01,12,13,9489.08
2025-01-02,12,21,15647.77
2025-01-03,12,13,9715.8
2025-01-04,12,14,10179.38
2025-01-05,12,9,6749.37
2025-01-06,12,12,8776.07
2025-01-07,12,5,3673.58
2025-01-08,12,12,8804.79
2025-01-09,12,15,11440.09
2025-01-10,12,19,14104.01
2025-01-11,12,15,11061.1
2025-01-12,12,9,6524.69
2025-01-13,12,19,14522.18
2025-01-14,12,20,14684.11
2025-01-15,12,20,14774.35
2025-01-16,12,13,9671.01
2025-01-17,12,14,10324.67
2025-01-18,12,18,13546.34
2025-01-19,12,6,4570.31
2025-01-20,12,21,15653.71
2025-01-21,12,12,9078.97
2025-01-22,12,11,8178.46
2025-01-23,12,12,8810.27
2025-01-24,12,21,15535.24
2025-01-25,12,18,13699.31
2025-01-26,12,6,4389.97
2025-01-27,12,21,15662.47
2025-01-28,12,16,11764.37
2025-01-29,12,32,24097.22
2025-01-30,12,8,6088.41
2025-01-31,12,14,10138.52
2025-02-01,12,14,10538.26
2025-02-02,12,5,3794.49
2025-02-03,12,12,8984.61
2025-02-04,12,19,14182.04
2025-02-05,12,19,14278.81
2025-02-06,12,27,19688.94
2025-02-07,12,22,16611.65
2025-02-08,12,13,9606.41
2025-02-09,12,3,2271.82
2025-02-10,12,25,18171.86
2025-02-11,12,12,8738.49
2025-02-12,12,13,9946.33
2025-02-13,12,29,21880.92
2025-02-14,12,15,11526.06
2025-02-15,12,14,10163.8
2025-02-16,12,8,5896.57
2025-02-17,12,15,10940.07
2025-02-18,12,14,10387.28
2025-02-19,12,17,12771.36
2025-02-20,12,16,11796.4
2025-02-21,12,15,11077.29
2025-02-22,12,9,6586.91
2025-02-23,12,9,6619.62
2025-02-24,12,11,8137.65
2025-02-25,12,12,9165.23
2025-02-26,12,18,13538.93
2025-02-27,12,14,10180.05
2025-02-28,12,13,9644.41
2025-03-01,12,29,22262.44
2025-03-02,12,12,9060.77
2025-03-03,12,18,13388.14
2025-03-04,12,23,17226.86
2025-03-05,12,24,18161.05
2025-03-06,12,21,15581.87
2025-03-07,12,17,12971.19
2025-03-08,12,12,9199.97
2025-03-09,12,11,8325.81
2025-03-10,12,14,10784.78
2025-03-11,12,18,13797.86
2025-03-12,12,17,12988.39
2025-03-13,12,17,12950.52
2025-03-14,12,21,15792.46
2025-03-15,12,8,6082.83
2025-03-16,12,10,7366.03
2025-03-17,12,24,18094.72
2025-03-18,12,6,4598.54
2025-03-19,12,17,12885.03
2025-03-20,12,22,16753.53
2025-03-21,12,25,18473.83
2025-03-22,12,13,9567.05
2025-03-23,12,4,3075.53
2025-03-24,12,20,15053.08
2025-03-25,12,21,15580.06
2025-03-26,12,19,14106.99
2025-03-27,12,16,11913.55
2025-03-28,12,25,18620.28
2025-03-29,12,20,15148.09
2025-03-30,12,14,10389.1
2025-03-31,12,23,17443.34
2025-04-01,12,26,19566.25
2025-04-02,12,21,16122.83
2025-04-03,12,5,3686.77
2025-04-04,12,17,12774.17
2025-04-05,12,17,13022.13
2025-04-06,12,7,5163.64
2025-04-07,12,19,13994.13
2025-04-08,12,21,15802.44
2025-04-09,12,20,14933.55
2025-04-10,12,15,11144.38
2025-04-11,12,19,13961.03
2025-04-12,12,14,10580.88
2025-04-15,12,24,18333.51
2025-04-16,12,21,15748.05
2025-04-17,12,16,12311.29
2025-04-18,12,30,23107.21
2025-04-19,12,16,12353.83
2025-04-20,12,8,6119.75
2025-04-21,12,14,10766.97
2025-04-22,12,13,9996.65
2025-04-23,12,18,13828.43
2025-04-24,12,16,11939.58
2025-04-25,12,18,13933.44
2025-04-26,12,12,9033.82
2025-04-27,12,17,12445.42
2025-04-28,12,19,14379.82
2025-04-29,12,11,8269.23
2025-04-30,12,17,12837.05
2025-05-01,12,16,11738.61
2025-05-02,12,24,18346.86
2025-05-03,12,17,12915.15
2025-05-04,12,8,5908.54
2025-05-05,12,28,20916.93
2025-05-06,12,33,25157.86
2025-05-07,12,22,16364.58
2025-05-08,12,15,11513.88
2025-05-09,12,22,16553.04
2025-05-10,12,24,17661.9
2025-05-11,12,7,5208.64
2025-05-12,12,24,18622.31
2025-05-13,12,23,17546.49
2025-05-14,12,9,6881.45
2025-05-16,12,26,19907.36
2025-05-17,12,24,18257.14
2025-05-18,12,11,8118.69
2025-05-19,12,21,16318.87
2025-05-20,12,19,14438.71
2025-05-21,12,24,17628.37
2025-05-22,12,22,16944.1
2025-05-23,12,22,16489.47
2025-05-24,12,17,12469.44
2025-05-25,12,8,6012.13
2025-05-26,12,25,18404.95
2025-05-27,12,57,43275.39
2025-05-28,12,28,20888.77
2025-05-29,12,28,20878.31
2025-05-30,12,20,15069.86
2025-05-31,12,19,14653.67
2025-06-01,12,16,11872.26
2025-06-02,12,5,3882.23
2025-06-06,12,38,28065.5
2025-06-07,12,20,15426.31
2025-06-08,12,10,7771.82
2025-06-09,12,36,26828.58
2025-06-10,12,31,23563.76
2025-06-11,12,31,23483.42
2025-06-12,12,27,20868.1
2025-06-13,12,30,22220.98
2025-06-14,12,10,7672.78
2025-06-15,12,7,5279.35
2025-06-16,12,32,24826.47
2025-06-17,12,37,27415.66
2025-06-18,12,30,22193.75
2025-06-19,12,22,16978.0
2025-06-20,12,40,30434.34
2025-06-21,12,25,19335.75
2025-06-22,12,16,11804.99
2025-06-23,12,2,1477.91
2025-06-26,12,26,19640.44
2025-06-27,12,26,19921.19
2025-06-28,12,34,26051.34
2025-06-29,12,10,7525.63
2025-06-30,12,25,19421.75
2025-07-01,12,25,19423.34
2025-07-02,12,25,18801.1
2025-07-03,12,27,20404.66
2025-07-04,12,27,20029.57
2025-07-05,12,22,16769.27
2025-07-06,12,16,12250.88
2025-07-07,12,27,20368.39
2025-07-08,12,17,12746.45
2025-07-09,12,28,21407.35
2025-07-10,12,33,25125.74
2025-07-11,12,42,31448.74
2025-07-12,12,25,18698.52
2025-07-13,12,8,6105.86
2025-07-14,12,35,26398.57
2025-07-15,12,25,18611.19
2025-07-16,12,31,22827.57
2025-07-17,12,31,22891.22
2025-07-18,12,55,41186.41
2025-07-19,12,25,19333.89
2025-07-20,12,19,14469.12
2025-07-21,12,33,25216.28
2025-07-22,12,23,17432.9
2025-07-23,12,15,11061.32
2025-07-26,12,22,16424.27
2025-07-27,12,11,8597.35
2025-07-28,12,34,25552.95
2025-07-29,12,27,20155.14
2025-07-30,12,31,23935.78
2025-07-31,12,33,24427.33
2025-08-01,12,20,15396.43
2025-08-02,12,40,29571.17
2025-08-03,12,12,9308.86
2025-08-04,12,13,10104.45
2025-08-05,12,23,17401.48
2025-08-06,12,33,24712.82
2025-08-07,12,28,21555.39
2025-08-08,12,23,17195.5
2025-08-09,12,24,18689.69
2025-08-10,12,15,11552.64
2025-08-11,12,29,22280.48
2025-08-12,12,22,16737.77
2025-08-13,12,23,17942.66
2025-08-14,12,19,14369.58
2025-08-15,12,31,23741.91
2025-08-16,12,16,12234.94
2025-08-17,12,11,8444.51
2025-08-18,12,23,17505.96
2025-08-19,12,33,24605.94
2025-08-20,12,29,21783.42
2025-08-21,12,32,24138.16
2025-08-22,12,18,13725.84
2025-08-23,12,20,14924.17
2025-08-24,12,13,9647.26
2025-08-25,12,25,18813.38
2025-08-26,12,22,17010.55
2025-08-27,12,30,22725.04
2025-08-28,12,21,15630.03
2025-08-29,12,27,21176.4
2025-08-30,12,19,14647.4
2025-08-31,12,16,12224.69
2025-09-01,12,26,19626.25
2025-09-02,12,21,16365.67
2025-09-03,12,20,15074.39
2025-09-04,12,23,17964.9
2025-09-05,12,17,13085.03
2025-09-06,12,23,17248.76
2025-09-07,12,8,6095.6
2025-09-08,12,18,13386.1
2025-09-09,12,14,10866.76
2025-09-10,12,17,12741.08
2025-09-11,12,29,21883.04
2025-09-12,12,16,11981.85
2025-09-13,12,17,12627.21
2025-09-14,12,7,5324.68
2025-09-15,12,25,19569.46
2025-09-16,12,23,17572.95
2025-09-17,12,19,14641.72
2025-09-18,12,34,26055.78
2025-09-19,12,21,16332.73
2025-09-20,12,23,18032.25
2025-09-21,12,12,9219.36
2025-09-22,12,22,16479.09
2025-09-23,12,30,23275.41
2025-09-24,12,25,19673.48
2025-09-25,12,28,21545.79
2025-09-26,12,27,20839.98
2025-09-27,12,13,9876.63
2025-09-28,12,12,8919.44
2025-09-29,12,19,14220.6
2025-09-30,12,21,16502.75
2025-10-01,12,22,16774.7
2025-10-02,12,19,14532.64
2025-10-03,12,14,10682.73
2025-10-04,12,13,9757.53
2025-10-05,12,10,7639.49
2025-10-06,12,20,15084.93
2025-10-07,12,18,13829.11
2025-10-08,12,12,9405.91
2025-10-09,12,18,14157.66
2025-10-10,12,26,20182.47
2025-10-11,12,15,11610.07
2025-10-12,12,16,12178.33
2025-10-13,12,16,12569.15
2025-10-14,12,20,15717.19
2025-10-15,12,33,25228.87
2025-10-16,12,26,20256.93
2025-10-17,12,19,14671.88
2025-10-18,12,17,12859.53
2025-10-19,12,12,9421.86
2025-10-20,12,21,15798.85
2025-10-21,12,9,7092.05
2025-10-22,12,16,12135.34
2025-10-23,12,26,19696.31
2025-10-24,12,23,17541.12
2025-10-25,12,12,9264.05
2025-10-26,12,12,8980.0
2025-10-27,12,17,12952.52
2025-10-28,12,17,12734.14
2025-10-29,12,19,14986.96
2025-10-30,12,31,23722.4
2025-10-31,12,27,21140.1
2025-11-01,12,20,15352.76
2025-11-02,12,12,9266.81
2025-11-03,12,40,30350.53
2025-11-04,12,31,23952.46
2025-11-05,12,17,12875.2
2025-11-06,12,15,11758.32
2025-11-07,12,26,19722.01
2025-11-08,12,18,13415.18
2025-11-09,12,14,11053.34
2025-11-10,12,29,22855.89
2025-11-11,12,11,8473.41
2025-11-12,12,31,24180.62
2025-11-13,12,8,6210.76
2025-11-14,12,18,13828.37
2025-11-15,12,28,21256.97
2025-11-16,12,4,3155.56
2025-11-17,12,25,19247.17
2025-11-18,12,13,9959.87
2025-11-19,12,19,14701.4
2025-11-20,12,24,18849.36
2025-11-21,12,22,16925.93
2025-11-22,12,15,11275.63
2025-11-23,12,10,7674.36
2025-11-24,12,19,14322.02
2025-11-25,12,27,20480.46
2025-11-26,12,29,22431.26
2025-11-27,12,22,17384.71
2025-11-28,12,17,13216.98
2025-11-29,12,30,22865.24
2025-11-30,12,9,6816.43
2025-12-01,12,29,21782.63
2025-12-02,12,23,17634.36
2025-12-03,12,26,20113.44
2025-12-04,12,37,28914.12
2025-12-05,12,2,1494.86
2025-12-07,12,15,11800.97
2025-12-08,12,24,18355.25
2025-12-09,12,25,19529.68
2025-12-10,12,38,29212.58
2025-12-11,12,33,25220.61
2025-12-12,12,30,23766.13
2025-12-13,12,17,13439.25
2025-12-14,12,5,3885.12
2025-12-15,12,32,25291.95
2025-12-16,12,6,4489.73
2025-12-18,12,19,14658.31
2025-12-19,12,23,17784.85
2025-12-20,12,28,22020.4
2025-12-21,12,15,11246.29
2025-12-22,12,27,20699.42
2025-12-23,12,18,13842.54
2025-12-24,12,19,14624.46
2025-12-25,12,44,33679.61
2025-12-26,12,17,13007.31
2025-12-28,12,15,11262.46
2025-12-29,12,31,23657.12
2025-12-30,12,26,19469.84
2025-12-31,12,35,26542.27
2026-01-01,12,22,16741.12
2026-01-02,12,16,12093.43
2026-01-03,12,17,12744.53
2026-01-04,12,6,4696.46
2026-01-05,12,17,13381.01
2026-01-06,12,21,16358.89
2026-01-07,12,13,10088.26
2026-01-08,12,10,7614.72
2026-01-09,12,13,10308.08
2026-01-10,12,24,18781.67
2026-01-11,12,4,3011.19
2026-01-12,12,17,13214.76
2026-01-13,12,14,10877.77
2026-01-14,12,28,21173.97
2026-01-15,12,20,15430.87
2026-01-16,12,12,9075.47
2026-01-17,12,17,12835.01
2026-01-18,12,7,5373.15
2026-01-19,12,19,15078.46
2026-01-20,12,19,14594.79
2026-01-21,12,16,12711.58
2026-01-22,12,17,12942.5
2026-01-23,12,19,14621.58
2026-01-24,12,21,16110.38
2026-01-25,12,7,5559.22
2026-01-26,12,16,12450.19
2026-01-27,12,13,9995.48
2026-01-28,12,16,12547.93
2026-01-29,12,17,13284.15
2026-01-30,12,16,12677.46
2026-01-31,12,18,13574.55
2026-02-01,12,17,13149.25
2026-02-02,12,14,10640.74
2026-02-03,12,20,15159.3
2026-02-04,12,23,17849.36
2026-02-05,12,22,17316.54
2026-02-06,12,20,15935.57
2026-02-07,12,15,11600.76
2026-02-08,12,3,2365.58
2026-02-09,12,28,21371.94
2026-02-10,12,18,13648.89
2026-02-11,12,24,18846.74
2026-02-12,12,19,14903.58
2026-02-13,12,17,13086.99
2026-02-14,12,12,9083.4
2026-02-15,12,10,7527.45
2026-02-16,12,19,14641.78
2026-02-17,12,14,10568.71
2026-02-18,12,18,13889.66
2026-02-19,12,16,12198.36
2026-02-20,12,21,16525.32
2026-02-21,12,21,16061.58
2026-02-22,12,9,7192.03
2026-02-23,12,17,13066.48
2026-02-24,12,19,14925.14
2026-02-25,12,11,8324.94
2026-02-26,12,13,10069.54
2026-02-27,12,22,16681.05
2026-02-28,12,17,13585.56
2026-03-01,12,6,4544.97
2026-03-02,12,22,17290.3
2026-03-03,12,19,14709.63
2026-03-04,12,21,16227.67
2026-03-05,12,19,14440.19
2026-03-06,12,13,10266.28
2026-03-07,12,16,12338.78
2026-03-08,12,6,4786.62
2026-03-09,12,24,18289.72
2026-03-10,12,26,20817.21
2026-03-11,12,24,19002.92
2026-03-12,12,19,15042.25
2026-03-13,12,16,12190.29
2026-03-14,12,16,12094.28
2026-03-15,12,10,7545.45
2026-03-16,12,18,14209.65
2026-03-17,12,17,13449.47
2026-03-18,12,24,19229.25
2026-03-19,12,25,19025.88
2026-03-20,12,19,14670.07
2026-03-21,12,18,13870.14
2026-03-22,12,9,6986.0
2026-03-23,12,20,15598.99
2026-03-24,12,21,16493.85
2026-03-25,12,15,11728.82
2026-03-26,12,14,11064.63
2026-03-27,12,12,9144.61
2026-03-28,12,17,13457.55
2026-03-29,12,5,3815.73
2026-03-30,12,18,14401.09
2026-03-31,12,15,11683.64
2026-04-01,12,30,23877.12
2026-04-02,12,17,13180.61
2026-04-03,12,18,14048.62
2026-04-04,12,19,14530.66
2026-04-05,12,14,10962.31
2026-04-06,12,36,27937.86
2026-04-07,12,22,17278.25
2026-04-08,12,29,23240.14
2026-04-09,12,26,20049.03
2026-04-10,12,18,14396.94
2026-04-11,12,17,13081.49
2026-04-12,12,4,3100.39
2026-04-13,12,18,13703.1
2026-04-14,12,35,26657.46
2026-04-15,12,24,18615.08
2026-04-17,12,24,18327.18
2026-04-18,12,22,16753.97
2026-04-19,12,9,6949.85
2026-04-20,12,21,16067.12
2026-04-21,12,23,18333.52
2026-04-22,12,27,21372.11
2026-04-23,12,12,9282.01
2026-04-24,12,15,11681.05
2026-04-25,12,16,12403.15
2026-04-26,12,9,6905.54
2026-04-27,12,34,26279.25
2026-04-28,12,19,14451.31
2026-04-29,12,20,15299.18
2026-04-30,12,20,15947.26
2026-05-01,12,25,20036.08
2026-05-02,12,25,19157.8
2026-05-03,12,15,11784.35
2026-05-04,12,35,27484.3
2026-05-05,12,18,13815.75
2026-05-07,12,18,13969.52
2026-05-08,12,22,17391.23
2026-05-09,12,21,15960.05
2026-05-10,12,11,8616.87
2026-05-11,12,31,24905.8
2026-05-12,12,30,23055.95
2026-05-13,12,27,21658.09
2026-05-14,12,27,21228.7
2026-05-15,12,1,784.07
2026-05-16,12,25,18981.16
2026-05-17,12,23,17698.33
2026-05-18,12,28,22462.79
2026-05-19,12,24,19334.36
2026-05-20,12,20,15912.55
2026-05-21,12,39,30437.68
2026-05-22,12,25,19814.03
2026-05-23,12,30,23636.18
2026-05-24,12,13,10044.29
2026-05-25,12,2,1570.39
2026-05-26,12,22,16868.81
2026-05-27,12,31,24769.44
2026-05-28,12,27,21765.86
2026-05-29,12,25,19281.94
2026-05-30,12,23,18366.07
2026-05-31,12,18,14047.73
2026-06-01,12,30,23091.53
2026-06-02,12,19,14884.64
2026-06-07,12,17,13353.62
2026-06-08,12,43,33864.52
2026-06-09,12,26,19798.87
2026-06-10,12,29,22815.07
2026-06-11,12,37,28696.16
2026-06-12,12,34,27428.1
2026-06-13,12,23,18170.96
2026-06-14,12,16,12717.78
2026-06-15,12,42,32860.77
2026-06-16,12,30,23661.1
2026-06-17,12,48,38001.9
2026-06-18,12,42,33061.23
2026-06-19,12,39,30263.27
2026-06-20,12,38,28968.63
2026-06-21,12,14,10836.57
2026-06-25,12,28,21560.12
2026-06-26,12,36,29013.72
2026-06-27,12,24,19089.18
2026-06-28,12,9,6898.75
2026-06-29,12,27,21768.37
2026-06-30,12,37,29023.01
2026-07-01,12,32,25189.92
2026-07-02,12,42,32859.77
2026-07-03,12,30,22969.69
2026-07-04,12,15,11983.61
2026-07-06,12,37,28721.4
2026-07-07,12,35,27816.02
2026-07-08,12,25,19433.18
2026-07-09,12,33,25489.18
2026-07-10,12,28,21873.19
2026-07-11,12,39,31527.11
2026-07-12,12,9,7062.16
2026-07-13,12,33,25347.64
2026-07-14,12,32,25445.89
2026-07-15,12,19,14552.79
2026-07-17,12,33,26014.41
2026-07-18,12,32,25471.06
2026-07-19,12,14,10879.69
2026-07-20,12,34,27058.94
2026-07-21,12,29,22539.64
2026-07-22,12,42,32518.61
2026-07-23,12,37,29796.87
2026-07-24,12,29,23258.42
2026-07-25,12,30,23170.28
2026-07-26,12,12,9729.26
2026-07-27,12,30,23438.09
2026-07-28,12,27,20910.3
2026-07-29,12,36,27831.61
2026-07-30,12,23,18285.49
2026-07-31,12,42,32358.39
2026-08-01,12,20,16153.28
2026-08-02,12,15,11489.74
2026-08-03,12,36,28507.27
2026-08-04,12,31,23918.98
2026-08-05,12,32,24903.0
2026-08-06,12,28,22260.98
2026-08-07,12,26,21073.92
2026-08-08,12,27,21373.93
2026-08-09,12,18,14604.42
2026-08-10,12,24,19506.35
2026-08-11,12,24,18958.52
2026-08-12,12,44,34462.26
2026-08-13,12,24,18482.61
2026-08-14,12,24,18816.06
2026-08-15,12,18,14260.7
2026-08-16,12,17,13590.06
2026-08-17,12,28,21527.79
2026-08-18,12,24,19131.32
2026-08-19,12,25,19646.87
2026-08-20,12,30,23413.05
2026-08-21,12,18,14553.79
2026-08-22,12,29,22429.5
2026-08-23,12,18,14529.99
2026-08-24,12,39,31463.25
2026-08-25,12,37,28669.38
2026-08-26,12,28,22345.97
2026-08-27,12,35,28346.46
2026-08-28,12,22,17656.34
2026-08-29,12,31,25099.54
2026-08-30,12,12,9359.45
2026-08-31,12,31,24271.78
2026-09-01,12,27,21765.22
2026-09-02,12,18,14462.08
2026-09-03,12,26,20921.66
2026-09-04,12,28,22470.97
2026-09-05,12,23,18017.38
2026-09-06,12,10,7962.34
2026-09-07,12,25,20267.61
2026-09-08,12,23,18321.02
2026-09-09,12,20,16306.61
2026-09-10,12,15,11758.86
2026-09-11,12,31,24127.85
2026-09-12,12,24,18966.28
2026-09-13,12,19,15013.82
2026-09-14,12,31,25110.86
2026-09-15,12,28,21739.82
2026-09-16,12,31,23940.84
2026-09-17,12,30,23398.98
2026-09-18,12,17,13738.42
2026-09-19,12,21,16828.64
2026-09-20,12,11,8891.04
2026-09-21,12,27,21400.98
2026-09-22,12,34,27034.74
2026-09-23,12,20,16105.08
2026-09-24,12,19,14961.65
2026-09-25,12,22,17265.46
2026-09-26,12,17,13398.19
2026-09-27,12,20,16097.6
2026-09-28,12,20,15980.4
2026-09-29,12,26,20465.45
2026-09-30,12,26,20844.93
2023-10-01,13,3,1296.63
2023-10-02,13,27,11592.7
2023-10-03,13,20,8580.39
2023-10-04,13,28,12140.35
2023-10-05,13,26,11226.99
2023-10-06,13,24,10346.15
2023-10-07,13,11,4958.06
2023-10-08,13,13,5840.67
2023-10-09,13,21,9439.05
2023-10-10,13,24,10511.65
2023-10-11,13,26,11413.76
2023-10-12,13,14,6048.81
2023-10-13,13,18,7716.36
2023-10-14,13,17,7433.58
2023-10-15,13,7,3156.83
2023-10-16,13,14,6252.24
2023-10-17,13,16,7163.36
2023-10-18,13,20,8808.94
2023-10-19,13,29,12584.11
2023-10-20,13,30,13384.02
2023-10-21,13,19,8327.15
2023-10-22,13,8,3616.86
2023-10-23,13,31,13436.7
2023-10-24,13,18,8074.46
2023-10-25,13,19,8268.7
2023-10-26,13,20,8953.03
2023-10-27,13,29,13005.15
2023-10-28,13,17,7700.08
2023-10-29,13,13,5692.75
2023-10-30,13,12,5145.82
2023-10-31,13,32,13786.51
2023-11-01,13,32,14391.44
2023-11-02,13,15,6601.94
2023-11-03,13,32,14211.67
2023-11-04,13,19,8315.28
2023-11-05,13,12,5271.21
2023-11-06,13,31,13812.98
2023-11-07,13,26,11500.74
2023-11-08,13,30,13151.64
2023-11-09,13,15,6761.11
2023-11-10,13,28,12265.09
2023-11-11,13,26,11503.77
2023-11-12,13,14,6255.62
2023-11-13,13,33,14705.07
2023-11-14,13,29,12989.91
2023-11-15,13,19,8263.88
2023-11-16,13,25,10932.57
2023-11-17,13,28,12414.17
2023-11-18,13,15,6655.66
2023-11-19,13,4,1806.62
2023-11-20,13,20,9046.91
2023-11-21,13,21,9282.88
2023-11-22,13,29,12575.67
2023-11-24,13,26,11604.65
2023-11-25,13,11,4762.4
2023-11-26,13,14,6101.28
2023-11-27,13,29,13125.45
2023-11-28,13,25,11028.63
2023-11-29,13,34,15461.02
2023-11-30,13,22,9963.97
2023-12-01,13,17,7432.19
2023-12-02,13,27,12096.65
2023-12-03,13,13,5744.04
2023-12-04,13,34,15281.51
2023-12-05,13,37,15944.57
2023-12-06,13,26,11487.55
2023-12-08,13,37,16299.56
2023-12-09,13,21,9257.43
2023-12-10,13,11,4826.85
2023-12-11,13,22,9976.74
2023-12-12,13,32,13943.01
2023-12-13,13,24,10714.8
2023-12-14,13,28,12510.41
2023-12-15,13,25,10914.53
2023-12-16,13,26,11168.87
2023-12-17,13,19,8384.3
2023-12-18,13,27,11941.46
2023-12-19,13,30,13535.3
2023-12-20,13,15,6837.05
2023-12-21,13,38,16986.35
2023-12-22,13,26,11547.77
2023-12-23,13,29,12934.55
2023-12-24,13,19,8218.82
2023-12-25,13,22,9788.47
2023-12-26,13,39,17590.28
2023-12-27,13,34,15496.18
2023-12-28,13,29,12611.57
2023-12-29,13,20,9102.07
2024-01-06,13,16,6978.53
2024-01-07,13,13,5846.66
2024-01-08,13,16,6979.89
2024-01-09,13,17,7579.14
2024-01-10,13,29,13151.95
2024-01-11,13,19,8207.22
2024-01-12,13,19,8264.2
2024-01-13,13,20,8757.31
2024-01-14,13,11,4937.26
2024-01-15,13,23,10288.65
2024-01-16,13,19,8453.51
2024-01-17,13,14,6363.56
2024-01-18,13,17,7700.61
2024-01-19,13,27,11786.11
2024-01-20,13,20,8655.04
2024-01-21,13,8,3540.78
2024-01-22,13,15,6517.74
2024-01-23,13,24,10777.81
2024-01-24,13,11,4887.01
2024-01-25,13,18,8141.07
2024-01-26,13,41,18580.62
2024-01-27,13,18,8204.85
2024-01-28,13,9,4004.56
2024-01-29,13,28,12180.55
2024-01-30,13,18,7969.28
2024-01-31,13,17,7497.77
2024-02-01,13,17,7755.46
2024-02-02,13,21,9437.4
2024-02-03,13,10,4392.09
2024-02-04,13,7,3133.52
2024-02-05,13,19,8400.09
2024-02-06,13,24,10860.89
2024-02-07,13,21,9156.98
2024-02-08,13,18,8131.98
2024-02-09,13,17,7516.53
2024-02-10,13,19,8470.27
2024-02-11,13,7,3088.35
2024-02-12,13,21,9531.97
2024-02-13,13,20,8663.3
2024-02-14,13,26,11791.7
2024-02-15,13,23,10126.63
2024-02-16,13,18,8103.39
2024-02-17,13,25,11210.89
2024-02-18,13,11,5040.65
2024-02-19,13,23,10170.42
2024-02-20,13,24,10431.09
2024-02-21,13,17,7378.84
2024-02-22,13,20,9021.41
2024-02-23,13,25,11237.06
2024-02-24,13,13,5717.56
2024-02-25,13,13,5735.59
2024-02-26,13,44,20030.37
2024-02-27,13,20,9127.5
2024-02-28,13,24,10982.94
2024-02-29,13,19,8415.86
2024-03-01,13,28,12843.19
2024-03-02,13,8,3591.47
2024-03-03,13,1,440.24
2024-03-05,13,25,10933.46
2024-03-06,13,17,7698.15
2024-03-07,13,30,13156.31
2024-03-08,13,26,11453.82
2024-03-09,13,18,8033.8
2024-03-10,13,10,4588.02
2024-03-11,13,20,8756.63
2024-03-12,13,25,11368.35
2024-03-13,13,24,10979.53
2024-03-14,13,14,6378.71
2024-03-15,13,25,10942.55
2024-03-16,13,21,9192.95
2024-03-17,13,17,7434.91
2024-03-18,13,20,9204.67
2024-03-19,13,21,9665.87
2024-03-20,13,12,5488.88
2024-03-21,13,21,9197.8
2024-03-22,13,23,10150.93
2024-03-23,13,16,6938.78
2024-03-24,13,15,6811.94
2024-03-25,13,29,13318.2
2024-03-26,13,33,14426.19
2024-03-27,13,25,11196.53
2024-03-28,13,12,5347.38
2024-04-01,13,22,9983.95
2024-04-02,13,26,11806.15
2024-04-03,13,11,5040.69
2024-04-04,13,37,16441.91
2024-04-05,13,18,7919.69
2024-04-06,13,21,9185.17
2024-04-07,13,7,3148.47
2024-04-08,13,28,12542.76
2024-04-09,13,30,13355.14
2024-04-10,13,40,17477.42
2024-04-11,13,26,11630.68
2024-04-12,13,1,456.36
2024-04-16,13,24,10491.68
2024-04-17,13,24,10874.7
2024-04-18,13,40,18357.41
2024-04-19,13,22,9621.33
2024-04-20,13,15,6802.5
2024-04-21,13,15,6889.92
2024-04-22,13,26,11362.64
2024-04-23,13,34,14822.72
2024-04-24,13,27,11774.43
2024-04-25,13,19,8296.48
2024-04-26,13,20,9179.83
2024-05-02,13,37,16204.18
2024-05-03,13,38,17039.76
2024-05-04,13,27,12331.04
2024-05-05,13,16,7133.17
2024-05-06,13,32,14329.02
2024-05-07,13,30,13763.51
2024-05-08,13,26,11927.85
2024-05-09,13,20,8961.99
2024-05-10,13,36,16506.11
2024-05-11,13,7,3053.61
2024-05-17,13,32,14184.18
2024-05-18,13,21,9310.0
2024-05-19,13,12,5290.17
2024-05-20,13,27,11831.75
2024-05-21,13,25,11206.68
2024-05-22,13,27,12507.9
2024-05-23,13,21,9538.44
2024-05-24,13,33,14954.82
2024-05-25,13,23,10084.03
2024-05-26,13,20,8879.05
2024-05-27,13,29,13093.79
2024-05-28,13,30,13545.98
2024-05-29,13,22,9687.71
2024-05-30,13,11,4816.23
2024-06-01,13,14,6440.35
2024-06-02,13,12,5316.62
2024-06-03,13,46,20851.27
2024-06-04,13,33,14552.36
2024-06-05,13,37,16797.88
2024-06-06,13,35,16148.79
2024-06-07,13,41,18823.14
2024-06-08,13,19,8752.22
2024-06-09,13,12,5521.56
2024-06-10,13,15,6655.17
2024-06-17,13,25,11068.55
2024-06-18,13,40,18556.97
2024-06-19,13,43,19305.15
2024-06-20,13,33,14928.38
2024-06-21,13,30,13373.56
2024-06-22,13,51,23007.31
2024-06-23,13,13,5742.92
2024-06-24,13,34,15282.13
2024-06-25,13,27,12407.79
2024-06-26,13,30,13843.31
2024-06-27,13,28,13013.93
2024-06-28,13,20,8916.44
2024-07-02,13,31,13900.4
2024-07-03,13,34,15610.57
2024-07-04,13,25,11199.8
2024-07-05,13,41,18736.41
2024-07-06,13,44,19391.55
2024-07-07,13,15,6612.07
2024-07-08,13,44,20201.92
2024-07-09,13,27,12293.55
2024-07-10,13,14,6228.77
2024-07-17,13,38,16975.43
2024-07-18,13,42,18790.41
2024-07-19,13,40,17935.17
2024-07-20,13,37,16727.58
2024-07-21,13,25,11503.59
2024-07-22,13,28,12986.34
2024-07-23,13,44,19501.5
2024-07-24,13,36,16163.54
2024-07-25,13,43,19656.48
2024-07-26,13,40,18624.76
2024-07-27,13,36,16374.33
2024-07-28,13,17,7769.18
2024-07-29,13,24,11032.69
2024-07-30,13,32,14515.46
2024-07-31,13,37,16627.95
2024-08-01,13,39,18016.79
2024-08-02,13,35,15650.42
2024-08-03,13,25,11393.45
2024-08-04,13,11,5109.01
2024-08-05,13,31,13892.12
2024-08-06,13,51,22935.29
2024-08-07,13,35,16227.78
2024-08-13,13,31,14243.38
2024-08-14,13,36,15984.08
2024-08-15,13,25,11473.67
2024-08-16,13,30,13557.32
2024-08-17,13,33,14650.29
2024-08-18,13,16,7389.31
2024-08-19,13,43,19713.9
2024-08-20,13,30,13724.6
2024-08-21,13,33,15044.03
2024-08-22,13,44,19814.72
2024-08-23,13,39,17922.62
2024-08-24,13,42,18728.43
2024-08-25,13,18,8135.53
2024-08-26,13,32,14211.29
2024-08-27,13,34,15859.93
2024-08-28,13,33,14828.65
2024-08-29,13,21,9458.24
2024-08-30,13,31,14093.94
2024-08-31,13,17,7825.29
2024-09-01,13,14,6390.39
2024-09-02,13,27,12299.47
2024-09-03,13,16,7062.01
2024-09-04,13,23,10699.21
2024-09-05,13,23,10551.75
2024-09-06,13,16,7095.05
2024-09-07,13,21,9775.31
2024-09-08,13,17,7820.63
2024-09-09,13,23,10478.82
2024-09-10,13,25,11299.4
2024-09-11,13,27,12636.43
2024-09-12,13,35,15768.26
2024-09-13,13,38,17812.91
2024-09-14,13,20,9297.37
2024-09-15,13,8,3716.47
2024-09-16,13,31,14134.23
2024-09-17,13,29,13575.22
2024-09-18,13,34,15643.9
2024-09-19,13,13,5977.03
2024-09-20,13,33,14594.73
2024-09-21,13,22,9923.19
2024-09-22,13,21,9762.62
2024-09-23,13,8,3608.61
2024-09-24,13,24,11009.62
2024-09-25,13,22,10332.77
2024-09-26,13,23,10408.29
2024-09-27,13,31,14277.05
2024-09-28,13,29,13434.94
2024-09-29,13,11,5059.0
2024-09-30,13,29,13009.4
2024-10-01,13,29,13606.98
2024-10-02,13,29,12850.81
2024-10-03,13,19,8782.06
2024-10-04,13,24,11179.82
2024-10-05,13,13,6047.73
2024-10-06,13,14,6581.64
2024-10-07,13,25,11287.22
2024-10-08,13,37,17259.17
2024-10-09,13,25,11550.51
2024-10-10,13,22,10340.65
2024-10-11,13,25,11516.08
2024-10-12,13,13,6106.96
2024-10-13,13,16,7154.88
2024-10-14,13,49,22830.54
2024-10-15,13,19,8590.2
2024-10-16,13,27,12339.78
2024-10-17,13,28,12748.9
2024-10-18,13,36,16252.44
2024-10-19,13,25,11371.4
2024-10-20,13,12,5481.57
2024-10-21,13,30,13873.97
2024-10-22,13,19,8934.19
2024-10-23,13,25,11556.06
2024-10-24,13,23,10332.24
2024-10-25,13,15,7012.94
2024-10-26,13,14,6448.4
2024-10-27,13,19,8633.47
2024-10-28,13,28,12748.71
2024-10-29,13,27,12149.37
2024-10-30,13,29,13257.43
2024-10-31,13,26,11881.82
2024-11-01,13,16,7143.57
2024-11-02,13,25,11706.21
2024-11-03,13,17,7979.71
2024-11-04,13,27,12258.15
2024-11-05,13,25,11404.57
2024-11-06,13,25,11353.19
2024-11-07,13,29,13070.41
2024-11-08,13,20,9108.61
2024-11-09,13,16,7447.02
2024-11-10,13,12,5396.76
2024-11-11,13,25,11604.85
2024-11-12,13,24,11224.43
2024-11-13,13,23,10328.16
2024-11-14,13,18,8307.49
2024-11-15,13,32,14742.08
2024-11-16,13,16,7348.65
2024-11-17,13,16,7539.92
2024-11-18,13,32,14625.86
2024-11-19,13,27,12568.3
2024-11-20,13,14,6474.6
2024-11-21,13,17,7831.51
2024-11-22,13,24,10766.33
2024-11-23,13,36,16318.35
2024-11-24,13,12,5416.5
2024-11-25,13,33,15288.04
2024-11-26,13,23,10728.73
2024-11-27,13,26,12255.45
2024-11-28,13,24,11291.8
2024-11-29,13,28,13150.63
2024-11-30,13,18,8102.44
2024-12-01,13,12,5431.68
2024-12-02,13,31,14555.72
2024-12-03,13,46,20623.61
2024-12-04,13,32,15005.32
2024-12-05,13,5,2325.43
2024-12-07,13,16,7278.32
2024-12-08,13,16,7444.87
2024-12-09,13,24,10917.38
2024-12-10,13,30,14152.47
2024-12-11,13,36,16387.12
2024-12-12,13,17,7767.13
2024-12-13,13,35,16053.65
2024-12-14,13,29,13434.59
2024-12-15,13,17,7955.76
2024-12-16,13,22,9882.78
2024-12-17,13,23,10414.14
2024-12-18,13,25,11357.73
2024-12-19,13,23,10562.35
2024-12-20,13,23,10380.06
2024-12-21,13,21,9616.08
2024-12-22,13,20,9245.82
2024-12-23,13,27,12464.49
2024-12-24,13,31,14605.3
2024-12-25,13,29,13031.96
2024-12-26,13,37,16787.92
2024-12-27,13,27,12159.4
2024-12-28,13,16,7408.34
2024-12-29,13,13,5935.77
2024-12-30,13,37,17018.06
2024-12-31,13,13,5969.74
2025-01-02,13,18,8403.27
2025-01-03,13,30,14093.01
2025-01-04,13,17,8064.4
2025-01-05,13,11,5207.88
2025-01-06,13,28,13023.36
2025-01-07,13,25,11398.02
2025-01-08,13,37,17194.25
2025-01-09,13,20,9159.4
2025-01-10,13,26,12334.85
2025-01-11,13,19,8942.97
2025-01-12,13,14,6451.36
2025-01-13,13,21,9467.19
2025-01-14,13,15,6809.05
2025-01-15,13,27,12475.31
2025-01-16,13,12,5514.95
2025-01-18,13,17,7877.22
2025-01-19,13,15,6797.45
2025-01-20,13,32,14747.01
2025-01-21,13,25,11338.14
2025-01-22,13,29,13010.44
2025-01-23,13,25,11612.1
2025-01-24,13,19,8694.52
2025-01-25,13,15,6973.16
2025-01-26,13,5,2258.83
2025-01-27,13,23,10856.55
2025-01-28,13,25,11781.16
2025-01-29,13,27,12706.77
2025-01-30,13,26,11830.07
2025-01-31,13,8,3758.65
2025-02-01,13,18,8236.15
2025-02-03,13,24,11064.85
2025-02-04,13,21,9602.25
2025-02-05,13,22,10337.59
2025-02-06,13,26,12113.57
2025-02-07,13,19,8917.39
2025-02-08,13,20,9411.84
2025-02-09,13,11,5169.98
2025-02-10,13,20,9338.64
2025-02-11,13,22,10225.11
2025-02-12,13,21,9716.83
2025-02-13,13,20,9027.14
2025-02-14,13,20,8999.08
2025-02-15,13,24,11392.34
2025-02-16,13,4,1872.8
2025-02-17,13,16,7528.84
2025-02-18,13,22,10397.53
2025-02-19,13,22,10335.5
2025-02-20,13,26,11922.75
2025-02-21,13,9,4053.21
2025-02-22,13,17,7872.59
2025-02-23,13,9,4217.27
2025-02-24,13,26,12005.59
2025-02-25,13,28,13290.88
2025-02-26,13,29,13539.17
2025-02-27,13,17,7911.58
2025-02-28,13,22,10271.98
2025-03-01,13,36,16521.84
2025-03-02,13,10,4605.27
2025-03-03,13,17,7988.0
2025-03-04,13,15,6993.48
2025-03-05,13,20,9106.98
2025-03-06,13,32,14542.05
2025-03-07,13,35,15985.55
2025-03-08,13,22,10280.69
2025-03-09,13,9,4146.93
2025-03-10,13,23,10426.07
2025-03-11,13,29,13839.67
2025-03-12,13,23,10497.05
2025-03-13,13,38,17561.24
2025-03-14,13,29,13575.86
2025-03-15,13,18,8368.09
2025-03-16,13,9,4136.41
2025-03-17,13,30,13865.69
2025-03-18,13,22,10074.87
2025-03-19,13,21,10036.12
2025-03-20,13,23,10667.82
2025-03-21,13,23,10953.35
2025-03-22,13,15,6846.35
2025-03-23,13,14,6419.82
2025-03-24,13,21,9520.08
2025-03-25,13,14,6414.01
2025-03-26,13,20,9148.51
2025-03-27,13,20,9072.86
2025-04-03,13,23,10891.01
2025-04-04,13,31,14148.77
2025-04-05,13,17,7960.04
2025-04-06,13,10,4701.19
2025-04-07,13,22,9974.12
2025-04-08,13,24,11055.52
2025-04-09,13,33,15530.98
2025-04-10,13,27,12433.1
2025-04-11,13,27,12928.21
2025-04-12,13,37,16883.53
2025-04-13,13,13,6047.49
2025-04-14,13,34,15959.14
2025-04-15,13,15,6959.87
2025-04-16,13,30,13949.45
2025-04-17,13,22,10338.17
2025-04-18,13,27,12489.81
2025-04-19,13,22,10490.67
2025-04-20,13,15,7136.36
2025-04-21,13,27,12659.39
2025-04-22,13,48,22296.73
2025-04-23,13,40,18868.65
2025-04-29,13,19,8835.7
2025-04-30,13,29,13636.31
2025-05-01,13,22,10175.84
2025-05-02,13,42,19865.1
2025-05-03,13,17,7722.12
2025-05-04,13,19,8618.22
2025-05-05,13,41,19376.19
2025-05-06,13,23,10848.26
2025-05-07,13,23,10501.27
2025-05-08,13,25,11733.77
2025-05-09,13,28,13210.93
2025-05-10,13,22,10188.78
2025-05-11,13,10,4783.81
2025-05-13,13,31,14264.64
2025-05-14,13,23,10509.3
2025-05-15,13,27,12787.86
2025-05-16,13,29,13239.62
2025-05-17,13,25,11340.25
2025-05-18,13,13,6013.71
2025-05-19,13,32,14999.09
2025-05-20,13,29,13744.57
2025-05-21,13,29,13643.15
2025-05-22,13,29,13480.55
2025-05-23,13,16,7256.8
2025-05-27,13,31,14206.78
2025-05-28,13,20,9195.92
2025-05-29,13,29,13772.92
2025-05-30,13,41,19673.34
2025-05-31,13,28,12880.18
2025-06-01,13,15,6865.69
2025-06-02,13,41,18865.01
2025-06-03,13,40,18781.72
2025-06-04,13,40,18803.24
2025-06-05,13,35,16635.58
2025-06-06,13,12,5502.84
2025-06-11,13,35,15968.54
2025-06-12,13,43,19625.64
2025-06-13,13,39,18746.87
2025-06-14,13,29,13795.36
2025-06-15,13,16,7683.52
2025-06-16,13,49,23103.52
2025-06-17,13,48,22438.36
2025-06-18,13,34,15996.66
2025-06-19,13,34,15837.61
2025-06-20,13,6,2797.25
2025-06-24,13,36,17279.0
2025-06-25,13,36,16433.97
2025-06-26,13,36,16922.98
2025-06-27,13,44,20346.94
2025-06-28,13,32,14673.7
2025-06-29,13,10,4721.07
2025-06-30,13,43,20124.4
2025-07-01,13,41,18978.54
2025-07-02,13,51,23618.76
2025-07-03,13,7,3188.31
2025-07-08,13,38,17840.66
2025-07-09,13,37,17157.15
2025-07-10,13,32,15340.71
2025-07-11,13,77,37235.1
2025-07-12,13,41,19438.43
2025-07-13,13,16,7565.22
2025-07-14,13,34,15605.04
2025-07-15,13,56,26249.21
2025-07-16,13,42,20045.94
2025-07-17,13,28,12840.43
2025-07-18,13,49,23139.26
2025-07-19,13,9,4151.53
2025-07-23,13,45,21418.89
2025-07-24,13,20,9209.96
2025-07-25,13,31,14574.23
2025-07-26,13,28,13465.18
2025-07-27,13,21,9795.43
2025-07-28,13,33,15417.99
2025-07-29,13,36,16833.43
2025-07-30,13,47,22770.91
2025-07-31,13,32,15262.7
2025-08-01,13,34,16272.28
2025-08-02,13,11,5250.31
2025-08-08,13,39,18010.01
2025-08-09,13,29,13857.65
2025-08-10,13,19,8977.51
2025-08-11,13,46,21707.86
2025-08-12,13,40,18510.22
2025-08-13,13,38,17655.33
2025-08-14,13,38,17558.86
2025-08-15,13,40,19117.05
2025-08-16,13,42,19694.17
2025-08-17,13,25,12055.46
2025-08-18,13,36,17236.29
2025-08-19,13,35,16198.94
2025-08-20,13,37,17139.06
2025-08-21,13,30,14111.94
2025-08-22,13,46,21579.87
2025-08-23,13,24,11168.95
2025-08-24,13,19,9004.54
2025-08-25,13,35,16501.07
2025-08-26,13,42,19299.68
2025-08-27,13,47,21970.39
2025-08-28,13,36,16927.98
2025-08-29,13,22,10229.2
2025-08-30,13,36,16553.07
2025-08-31,13,10,4671.54
2025-09-01,13,33,15151.97
2025-09-02,13,40,18807.05
2025-09-03,13,37,17870.58
2025-09-04,13,16,7492.02
2025-09-06,13,28,12916.95
2025-09-07,13,10,4835.81
2025-09-08,13,27,12645.71
2025-09-09,13,47,22294.2
2025-09-10,13,33,15857.28
2025-09-11,13,32,14869.43
2025-09-12,13,29,13863.8
2025-09-13,13,31,15047.15
2025-09-14,13,14,6601.76
2025-09-15,13,41,19810.56
2025-09-16,13,22,10382.43
2025-09-17,13,28,13499.78
2025-09-18,13,24,11094.21
2025-09-19,13,28,13376.82
2025-09-20,13,30,14553.28
2025-09-21,13,6,2769.58
2025-09-22,13,42,19996.65
2025-09-23,13,26,12624.79
2025-09-24,13,46,22178.36
2025-09-25,13,21,10118.67
2025-09-26,13,28,13545.24
2025-09-27,13,24,11183.8
2025-09-28,13,19,8962.01
2025-09-29,13,30,13786.77
2025-09-30,13,36,17237.31
2025-10-01,13,28,13363.22
2025-10-02,13,36,17374.74
2025-10-03,13,21,10174.24
2025-10-04,13,16,7564.02
2025-10-05,13,18,8297.5
2025-10-06,13,23,10891.91
2025-10-07,13,19,8981.95
2025-10-08,13,22,10246.87
2025-10-09,13,24,11149.89
2025-10-10,13,36,17534.63
2025-10-11,13,30,14492.4
2025-10-12,13,18,8731.42
2025-10-13,13,19,9154.36
2025-10-14,13,23,10858.36
2025-10-15,13,31,14351.04
2025-10-16,13,58,26700.36
2025-10-17,13,29,14122.1
2025-10-18,13,34,15740.67
2025-10-19,13,15,7014.12
2025-10-20,13,24,11400.75
2025-10-21,13,28,13212.42
2025-10-22,13,36,16982.9
2025-10-23,13,25,12163.7
2025-10-24,13,36,17056.5
2025-10-25,13,18,8423.23
2025-10-26,13,15,7087.08
2025-10-27,13,36,16683.39
2025-10-28,13,17,7951.37
2025-10-29,13,28,13051.23
2025-10-30,13,33,15791.11
2025-10-31,13,26,12482.05
2025-11-01,13,27,12766.7
2025-11-02,13,19,9046.84
2025-11-03,13,31,14451.95
2025-11-04,13,33,15685.1
2025-11-05,13,27,13223.3
2025-11-06,13,22,10310.22
2025-11-07,13,29,14190.72
2025-11-08,13,26,12151.82
2025-11-09,13,12,5590.13
2025-11-10,13,26,12048.1
2025-11-11,13,28,13332.1
2025-11-12,13,30,14218.86
2025-11-13,13,26,12254.95
2025-11-14,13,31,14782.8
2025-11-15,13,25,11895.46
2025-11-16,13,17,7908.55
2025-11-17,13,21,10071.21
2025-11-18,13,27,12887.19
2025-11-19,13,26,12427.34
2025-11-20,13,28,13522.74
2025-11-21,13,34,16556.27
2025-11-22,13,27,12482.82
2025-11-23,13,14,6533.96
2025-11-24,13,23,11104.29
2025-11-25,13,19,8806.85
2025-11-26,13,24,11312.7
2025-11-27,13,27,12734.67
2025-11-28,13,29,13527.24
2025-11-29,13,26,12117.01
2025-11-30,13,12,5814.85
2025-12-02,13,54,25259.23
2025-12-03,13,26,12707.66
2025-12-04,13,33,15604.21
2025-12-05,13,19,9174.68
2025-12-06,13,26,12174.64
2025-12-07,13,17,8147.95
2025-12-08,13,33,15927.86
2025-12-09,13,39,18187.44
2025-12-10,13,27,12962.08
2025-12-11,13,43,20129.86
2025-12-12,13,28,13402.01
2025-12-13,13,34,16125.14
2025-12-14,13,16,7583.45
2025-12-15,13,8,3810.31
2025-12-17,13,38,17633.8
2025-12-18,13,30,14680.4
2025-12-19,13,41,19990.28
2025-12-20,13,28,13768.02
2025-12-21,13,16,7805.05
2025-12-22,13,35,17082.21
2025-12-23,13,23,11306.17
2025-12-24,13,50,24197.48
2025-12-25,13,37,18022.15
2025-12-26,13,18,8536.17
2025-12-31,13,19,9168.9
2026-01-01,13,25,11695.86
2026-01-02,13,17,8291.59
2026-01-03,13,27,12916.83
2026-01-04,13,7,3300.31
2026-01-05,13,24,11443.26
2026-01-06,13,25,11741.13
2026-01-07,13,34,15988.85
2026-01-08,13,16,7786.66
2026-01-09,13,23,10909.1
2026-01-10,13,18,8450.05
2026-01-11,13,6,2841.73
2026-01-12,13,38,18111.79
2026-01-13,13,22,10360.95
2026-01-14,13,27,12828.53
2026-01-15,13,16,7728.24
2026-01-16,13,32,15415.29
2026-01-17,13,11,5227.38
2026-01-18,13,9,4269.48
2026-01-19,13,17,8193.72
2026-01-20,13,33,15974.18
2026-01-21,13,24,11244.3
2026-01-22,13,21,9918.6
2026-01-23,13,34,16546.0
2026-01-24,13,26,12091.28
2026-01-25,13,8,3900.42
2026-01-26,13,33,16007.51
2026-01-27,13,21,10340.96
2026-01-28,13,36,17172.04
2026-01-29,13,28,13808.58
2026-01-30,13,22,10419.31
2026-01-31,13,30,14306.97
2026-02-01,13,13,6086.68
2026-02-02,13,31,15042.31
2026-02-03,13,29,13997.4
2026-02-04,13,25,11685.6
2026-02-05,13,26,12241.4
2026-02-06,13,26,12621.85
2026-02-07,13,19,8966.02
2026-02-08,13,5,2371.8
2026-02-09,13,33,15542.71
2026-02-10,13,31,14522.4
2026-02-11,13,27,12959.17
2026-02-12,13,22,10485.5
2026-02-13,13,20,9879.39
2026-02-14,13,29,13747.07
2026-02-15,13,13,6402.92
2026-02-16,13,24,11834.16
2026-02-17,13,19,9244.51
2026-02-18,13,30,14182.92
2026-02-19,13,28,13426.45
2026-02-20,13,30,14176.75
2026-02-21,13,22,10477.64
2026-02-22,13,9,4439.89
2026-02-23,13,29,13618.91
2026-02-24,13,27,12770.05
2026-02-25,13,34,16621.18
2026-02-26,13,28,13239.93
2026-02-27,13,21,10349.8
2026-02-28,13,25,11941.77
2026-03-01,13,10,4716.86
2026-03-02,13,27,13065.81
2026-03-03,13,36,17376.2
2026-03-04,13,23,10824.54
2026-03-05,13,33,16013.83
2026-03-06,13,27,13239.79
2026-03-07,13,11,5256.68
2026-03-08,13,23,11246.76
2026-03-09,13,22,10659.65
2026-03-10,13,31,15338.65
2026-03-11,13,16,7775.25
2026-03-12,13,24,11273.03
2026-03-13,13,23,11395.29
2026-03-14,13,19,9212.04
2026-03-15,13,12,5649.77
2026-03-16,13,27,12993.55
2026-03-17,13,13,6236.36
2026-03-18,13,38,18154.24
2026-03-19,13,27,12684.09
2026-03-20,13,17,8378.49
2026-03-21,13,30,14308.48
2026-03-22,13,15,7049.3
2026-03-24,13,22,10347.13
2026-03-25,13,35,16550.09
2026-03-26,13,30,14544.76
2026-03-27,13,42,19821.29
2026-03-28,13,23,10821.88
2026-03-29,13,8,3915.24
2026-03-30,13,29,14176.4
2026-03-31,13,22,10802.95
2026-04-01,13,24,11758.05
2026-04-02,13,21,10280.91
2026-04-03,13,25,11717.59
2026-04-04,13,20,9492.27
2026-04-05,13,9,4351.94
2026-04-06,13,19,9335.39
2026-04-07,13,22,10520.55
2026-04-08,13,30,14510.8
2026-04-09,13,26,12277.35
2026-04-10,13,46,21932.64
2026-04-11,13,18,8500.74
2026-04-12,13,17,8320.57
2026-04-13,13,39,19120.77
2026-04-14,13,26,12267.28
2026-04-15,13,33,15846.76
2026-04-16,13,35,17225.4
2026-04-17,13,1,484.93
2026-04-22,13,33,15672.04
2026-04-23,13,25,11829.21
2026-04-24,13,15,7389.48
2026-04-25,13,31,15005.03
2026-04-26,13,6,2837.89
2026-04-27,13,36,17706.84
2026-04-28,13,23,10806.23
2026-04-29,13,34,16234.84
2026-04-30,13,31,14732.81
2026-05-01,13,43,20237.22
2026-05-02,13,21,10083.93
2026-05-03,13,24,11919.19
2026-05-04,13,37,17443.89
2026-05-06,13,31,14909.96
2026-05-07,13,31,14646.66
2026-05-08,13,49,23508.5
2026-05-09,13,24,11560.69
2026-05-10,13,15,7319.08
2026-05-11,13,42,20094.23
2026-05-12,13,49,23880.18
2026-05-13,13,31,15074.06
2026-05-14,13,27,13000.72
2026-05-19,13,30,14578.96
2026-05-20,13,32,15370.52
2026-05-21,13,26,12406.03
2026-05-22,13,49,24079.49
2026-05-23,13,35,16683.9
2026-05-24,13,19,8954.65
2026-05-25,13,36,17376.03
2026-05-26,13,46,22849.49
2026-05-27,13,22,10391.61
2026-05-28,13,33,16129.69
2026-05-29,13,29,13832.4
2026-06-03,13,40,19433.6
2026-06-04,13,43,20998.97
2026-06-05,13,42,20897.13
2026-06-06,13,29,13674.98
2026-06-07,13,25,12407.72
2026-06-08,13,34,16393.09
2026-06-09,13,35,16707.79
2026-06-10,13,40,19093.66
2026-06-11,13,28,13639.19
2026-06-12,13,27,13330.51
2026-06-13,13,30,14722.76
2026-06-18,13,29,14482.78
2026-06-19,13,38,18157.63
2026-06-20,13,36,17350.22
2026-06-21,13,22,10950.01
2026-06-22,13,43,21042.0
2026-06-23,13,41,19971.58
2026-06-24,13,47,23326.68
2026-06-25,13,30,14351.83
2026-06-26,13,31,15144.46
2026-06-27,13,46,22033.72
2026-06-28,13,4,1948.66
2026-07-04,13,36,17198.41
2026-07-05,13,21,10368.05
2026-07-06,13,26,12790.13
2026-07-07,13,41,19707.93
2026-07-08,13,51,25206.72
2026-07-09,13,50,23901.75
2026-07-10,13,39,19046.06
2026-07-11,13,31,14995.12
2026-07-12,13,22,11026.26
2026-07-13,13,48,23429.38
2026-07-14,13,51,25431.87
2026-07-15,13,42,19957.56
2026-07-16,13,21,10326.75
2026-07-17,13,45,22297.45
2026-07-18,13,31,15448.69
2026-07-19,13,27,13515.15
2026-07-20,13,45,22284.61
2026-07-21,13,53,25903.91
2026-07-22,13,41,19869.82
2026-07-23,13,48,23024.79
2026-07-24,13,35,16715.1
2026-07-25,13,40,19305.89
2026-07-26,13,9,4430.23
2026-08-01,13,32,15436.76
2026-08-02,13,22,11057.21
2026-08-03,13,37,17885.62
2026-08-04,13,48,23139.52
2026-08-05,13,38,19055.95
2026-08-06,13,36,17604.7
2026-08-07,13,43,21454.95
2026-08-08,13,26,12846.48
2026-08-09,13,21,10178.06
2026-08-10,13,38,18185.73
2026-08-11,13,33,16183.2
2026-08-12,13,32,15789.11
2026-08-13,13,36,17301.86
2026-08-14,13,42,21033.35
2026-08-15,13,41,20487.33
2026-08-16,13,22,11024.49
2026-08-17,13,45,21850.52
2026-08-18,13,47,23326.09
2026-08-19,13,41,19474.83
2026-08-20,13,38,18324.49
2026-08-21,13,41,20399.5
2026-08-22,13,20,9951.33
2026-08-23,13,25,12062.79
2026-08-24,13,46,21920.28
2026-08-25,13,40,19155.53
2026-08-26,13,40,19442.45
2026-08-27,13,30,15050.16
2026-09-01,13,33,15951.06
2026-09-02,13,33,15909.39
2026-09-03,13,31,14755.62
2026-09-04,13,32,15403.24
2026-09-05,13,18,8630.63
2026-09-06,13,18,8741.15
2026-09-07,13,34,16756.43
2026-09-08,13,26,13108.99
2026-09-09,13,34,17084.54
2026-09-10,13,30,15030.6
2026-09-11,13,34,16729.39
2026-09-12,13,40,19602.85
2026-09-13,13,11,5465.51
2026-09-14,13,38,18192.01
2026-09-15,13,34,16815.85
2026-09-16,13,30,14437.48
2026-09-17,13,31,15322.18
2026-09-18,13,21,10064.15
2026-09-19,13,66,31503.47
2026-09-20,13,24,11712.06
2026-09-21,13,35,17069.49
2026-09-22,13,29,14551.47
2026-09-23,13,27,13318.27
2026-09-24,13,33,16456.75
2026-09-25,13,27,13172.15
2026-09-26,13,20,9676.15
2026-09-27,13,11,5473.01
2026-09-28,13,27,13236.82
2026-09-29,13,33,16334.96
2026-09-30,13,50,24797.13
2023-10-01,14,13,7916.42
2023-10-02,14,29,18234.39
2023-10-03,14,24,15324.32
2023-10-04,14,14,8818.81
2023-10-05,14,22,13756.68
2023-10-06,14,27,17238.61
2023-10-07,14,29,18180.42
2023-10-08,14,10,6203.1
2023-10-09,14,25,15339.77
2023-10-10,14,24,14864.78
2023-10-11,14,40,24813.33
2023-10-12,14,26,16191.55
2023-10-13,14,21,12999.77
2023-10-14,14,25,15885.52
2023-10-15,14,14,8629.75
2023-10-16,14,27,17150.82
2023-10-17,14,23,14170.43
2023-10-18,14,31,19977.31
2023-10-19,14,15,9418.1
2023-10-20,14,22,13715.88
2023-10-21,14,17,10598.92
2023-10-22,14,8,5030.66
2023-10-23,14,25,15876.29
2023-10-24,14,35,21644.97
2023-10-25,14,35,22288.78
2023-10-26,14,34,21050.77
2023-10-27,14,22,13981.02
2023-10-28,14,25,15270.82
2023-10-29,14,13,8159.65
2023-10-30,14,35,21595.72
2023-10-31,14,24,15326.7
2023-11-01,14,32,19553.13
2023-11-02,14,24,15052.18
2023-11-03,14,29,18699.97
2023-11-04,14,34,21397.97
2023-11-05,14,13,8072.58
2023-11-06,14,26,16645.64
2023-11-07,14,40,25465.2
2023-11-08,14,23,14021.52
2023-11-09,14,28,17217.3
2023-11-10,14,34,21192.08
2023-11-11,14,32,19830.84
2023-11-12,14,14,8574.27
2023-11-13,14,35,21858.22
2023-11-14,14,26,15961.07
2023-11-15,14,17,10822.67
2023-11-16,14,34,21519.36
2023-11-17,14,35,21866.46
2023-11-18,14,32,19898.33
2023-11-19,14,14,8677.02
2023-11-20,14,28,17220.19
2023-11-21,14,21,13071.4
2023-11-22,14,37,22688.7
2023-11-23,14,36,22638.04
2023-11-24,14,37,23932.49
2023-11-25,14,26,16679.53
2023-11-26,14,26,16807.46
2023-11-27,14,34,21117.23
2023-11-28,14,38,23814.61
2023-11-29,14,21,13410.43
2023-11-30,14,16,9978.71
2023-12-01,14,24,14783.92
2023-12-02,14,28,17655.24
2023-12-03,14,18,11654.49
2023-12-04,14,40,25615.26
2023-12-05,14,31,19301.69
2023-12-06,14,38,23660.91
2023-12-07,14,40,24512.27
2023-12-08,14,29,18486.2
2023-12-09,14,31,19004.5
2023-12-10,14,11,6934.22
2023-12-11,14,38,24488.33
2023-12-12,14,41,26050.58
2023-12-13,14,40,25359.05
2023-12-14,14,28,17277.8
2023-12-15,14,39,24016.03
2023-12-16,14,21,13262.79
2023-12-17,14,22,14271.55
2023-12-18,14,29,18227.43
2023-12-19,14,29,18139.16
2023-12-20,14,43,26768.74
2023-12-21,14,29,17951.28
2023-12-22,14,32,20312.75
2023-12-23,14,33,20257.45
2023-12-24,14,19,11986.65
2023-12-25,14,26,16290.88
2023-12-26,14,29,17978.49
2023-12-27,14,40,25349.65
2023-12-28,14,38,23904.48
2023-12-29,14,42,25783.4
2023-12-30,14,17,10803.34
2023-12-31,14,10,6243.57
2024-01-01,14,25,15874.09
2024-01-02,14,34,21895.43
2024-01-03,14,29,17857.98
2024-01-04,14,21,13357.98
2024-01-05,14,27,16803.7
2024-01-06,14,16,10071.61
2024-01-07,14,10,6190.95
2024-01-08,14,12,7725.23
2024-01-09,14,13,8001.1
2024-01-10,14,26,16171.29
2024-01-11,14,25,15988.44
2024-01-12,14,13,8317.37
2024-01-13,14,27,17423.43
2024-01-14,14,14,9072.69
2024-01-15,14,19,11842.31
2024-01-16,14,31,20134.39
2024-01-17,14,21,13555.37
2024-01-18,14,19,12167.07
2024-01-19,14,41,25475.04
2024-01-20,14,13,8348.17
2024-01-21,14,12,7727.95
2024-01-22,14,29,18056.3
2024-01-23,14,31,19598.08
2024-01-24,14,31,19788.16
2024-01-25,14,25,15466.03
2024-01-26,14,17,10899.02
2024-01-27,14,15,9261.55
2024-01-28,14,13,8224.75
2024-01-29,14,24,15266.62
2024-01-30,14,28,17986.61
2024-01-31,14,36,23501.81
2024-02-01,14,22,13933.99
2024-02-02,14,16,10116.68
2024-02-03,14,23,14465.79
2024-02-04,14,16,10246.2
2024-02-05,14,16,10321.56
2024-02-06,14,28,18098.18
2024-02-07,14,18,11128.88
2024-02-08,14,35,21785.4
2024-02-09,14,24,15336.98
2024-02-10,14,20,12626.83
2024-02-11,14,9,5779.27
2024-02-12,14,31,19911.59
2024-02-13,14,23,14696.13
2024-02-14,14,30,18528.6
2024-02-15,14,23,14688.22
2024-02-16,14,21,13520.44
2024-02-17,14,22,13777.24
2024-02-18,14,14,8798.05
2024-02-19,14,27,17587.8
2024-02-20,14,24,15026.93
2024-02-21,14,29,18806.25
2024-02-22,14,25,15525.96
2024-02-23,14,33,21509.97
2024-02-24,14,16,10455.31
2024-02-25,14,10,6359.46
2024-02-26,14,28,17488.05
2024-02-27,14,29,18381.2
2024-02-28,14,26,16759.72
2024-02-29,14,22,13910.48
2024-03-01,14,22,13682.1
2024-03-02,14,16,10332.77
2024-03-03,14,21,13182.03
2024-03-04,14,41,25687.0
2024-03-05,14,30,18860.17
2024-03-06,14,19,12191.21
2024-03-07,14,17,10763.4
2024-03-08,14,19,12298.6
2024-03-09,14,23,14668.3
2024-03-10,14,13,8378.01
2024-03-11,14,35,22558.1
2024-03-12,14,25,16335.21
2024-03-13,14,33,21127.77
2024-03-14,14,36,23610.52
2024-03-15,14,36,22518.53
2024-03-16,14,28,17697.29
2024-03-17,14,17,10934.73
2024-03-18,14,17,10560.82
2024-03-19,14,27,16971.37
2024-03-20,14,30,19180.22
2024-03-21,14,27,17708.12
2024-03-22,14,40,26226.68
2024-03-23,14,31,19624.42
2024-03-24,14,19,11942.41
2024-03-25,14,16,10328.17
2024-03-26,14,24,15690.46
2024-03-27,14,31,19666.82
2024-03-28,14,31,19977.63
2024-03-29,14,38,23620.62
2024-03-30,14,20,12407.12
2024-03-31,14,9,5605.75
2024-04-01,14,51,32496.76
2024-04-02,14,34,21386.14
2024-04-03,14,34,21824.22
2024-04-04,14,25,15969.86
2024-04-05,14,34,21865.17
2024-04-06,14,19,12200.11
2024-04-07,14,17,10785.81
2024-04-08,14,22,13982.38
2024-04-09,14,27,17028.23
2024-04-10,14,25,15837.27
2024-04-11,14,35,22829.26
2024-04-12,14,30,19106.69
2024-04-13,14,40,25119.7
2024-04-14,14,18,11180.38
2024-04-15,14,26,16194.78
2024-04-16,14,19,12228.06
2024-04-17,14,33,20716.06
2024-04-18,14,35,22779.43
2024-04-19,14,41,25966.27
2024-04-20,14,24,15004.67
2024-04-21,14,6,3818.28
2024-04-22,14,26,16433.66
2024-04-23,14,28,18275.44
2024-04-24,14,36,23668.71
2024-04-25,14,43,26703.49
2024-04-26,14,40,26368.09
2024-04-27,14,31,20256.33
2024-04-28,14,15,9469.55
2024-04-29,14,19,11808.28
2024-04-30,14,18,11380.36
2024-05-01,14,39,25448.6
2024-05-02,14,25,16478.36
2024-05-03,14,32,20511.47
2024-05-04,14,31,19898.88
2024-05-05,14,17,11072.13
2024-05-06,14,36,23654.86
2024-05-07,14,51,32181.85
2024-05-08,14,37,24265.87
2024-05-09,14,31,19785.65
2024-05-10,14,46,30011.18
2024-05-11,14,36,23746.08
2024-05-12,14,15,9517.29
2024-05-13,14,37,24273.14
2024-05-14,14,36,23185.97
2024-05-15,14,49,31607.21
2024-05-16,14,38,25062.97
2024-05-17,14,44,28827.35
2024-05-18,14,52,33651.77
2024-05-19,14,19,12488.84
2024-05-20,14,30,19230.21
2024-05-21,14,34,21340.14
2024-05-22,14,32,20015.99
2024-05-23,14,35,21844.78
2024-05-24,14,34,22335.73
2024-05-25,14,21,13589.09
2024-05-26,14,16,10060.29
2024-05-27,14,25,15892.15
2024-05-28,14,46,29153.52
2024-05-29,14,39,25033.81
2024-05-30,14,39,25330.25
2024-05-31,14,44,28702.73
2024-06-01,14,33,20754.1
2024-06-02,14,21,13330.69
2024-06-03,14,44,27826.48
2024-06-04,14,67,44219.35
2024-06-05,14,36,23536.72
2024-06-06,14,44,28892.68
2024-06-07,14,58,36184.3
2024-06-08,14,48,31662.06
2024-06-09,14,28,17950.4
2024-06-10,14,30,19274.69
2024-06-11,14,49,31104.76
2024-06-12,14,60,37968.96
2024-06-13,14,30,18949.33
2024-06-14,14,38,23784.17
2024-06-15,14,56,35235.94
2024-06-16,14,19,11889.66
2024-06-17,14,57,36378.65
2024-06-18,14,45,28422.32
2024-06-19,14,65,42479.62
2024-06-20,14,42,27591.0
2024-06-21,14,38,24766.58
2024-06-22,14,49,31755.32
2024-06-23,14,20,12809.52
2024-06-24,14,53,34717.35
2024-06-25,14,60,38082.7
2024-06-26,14,37,23140.09
2024-06-27,14,41,25727.32
2024-06-28,14,54,34319.31
2024-06-29,14,33,20751.74
2024-06-30,14,8,5222.31
2024-07-01,14,56,36017.19
2024-07-02,14,41,25935.69
2024-07-03,14,47,29852.36
2024-07-04,14,54,34670.61
2024-07-05,14,45,28861.3
2024-07-06,14,28,18572.71
2024-07-07,14,27,17146.65
2024-07-08,14,48,31061.94
2024-07-09,14,46,29888.98
2024-07-10,14,59,36944.29
2024-07-11,14,37,24100.45
2024-07-12,14,52,33767.82
2024-07-13,14,39,25065.0
2024-07-14,14,27,17318.98
2024-07-15,14,60,38836.18
2024-07-16,14,48,30409.91
2024-07-17,14,47,30532.54
2024-07-18,14,34,22490.44
2024-07-19,14,52,34412.85
2024-07-20,14,37,23225.8
2024-07-21,14,20,13113.78
2024-07-22,14,41,26397.37
2024-07-23,14,51,32520.51
2024-07-24,14,45,29307.55
2024-07-25,14,38,25026.08
2024-07-26,14,62,40433.93
2024-07-27,14,44,28719.32
2024-07-28,14,16,10190.24
2024-07-29,14,33,21900.23
2024-07-30,14,43,27971.08
2024-07-31,14,50,31745.42
2024-08-01,14,52,32760.46
2024-08-02,14,35,22977.03
2024-08-03,14,34,21643.01
2024-08-04,14,22,14620.72
2024-08-05,14,30,19659.44
2024-08-06,14,51,33889.0
2024-08-07,14,49,31585.34
2024-08-08,14,47,30464.99
2024-08-09,14,44,27964.02
2024-08-10,14,40,25651.73
2024-08-11,14,17,11139.18
2024-08-12,14,41,26896.87
2024-08-13,14,65,42147.46
2024-08-14,14,40,25686.55
2024-08-15,14,56,36044.25
2024-08-16,14,53,33397.7
2024-08-17,14,27,17279.64
2024-08-18,14,23,14760.04
2024-08-19,14,37,24122.41
2024-08-20,14,53,34930.37
2024-08-21,14,40,25165.29
2024-08-22,14,59,38376.79
2024-08-23,14,31,19563.1
2024-08-24,14,28,18055.08
2024-08-25,14,22,14394.25
2024-08-26,14,60,37797.09
2024-08-27,14,45,28624.14
2024-08-28,14,54,35504.33
2024-08-29,14,38,24374.43
2024-08-30,14,62,39439.13
2024-08-31,14,49,32069.58
2024-09-01,14,7,4452.95
2024-09-02,14,21,13523.24
2024-09-03,14,39,24627.92
2024-09-04,14,25,16008.86
2024-09-05,14,31,20081.26
2024-09-06,14,29,19336.17
2024-09-07,14,31,20334.81
2024-09-08,14,13,8476.31
2024-09-09,14,41,26990.78
2024-09-10,14,23,15249.35
2024-09-11,14,33,21447.01
2024-09-12,14,27,17038.78
2024-09-13,14,43,27272.26
2024-09-14,14,29,19017.72
2024-09-15,14,17,11187.03
2024-09-16,14,26,17301.18
2024-09-17,14,29,18457.08
2024-09-18,14,32,20378.14
2024-09-19,14,37,23423.01
2024-09-20,14,44,27901.51
2024-09-21,14,23,15057.1
2024-09-22,14,15,9651.07
2024-09-23,14,28,18047.93
2024-09-24,14,40,26564.91
2024-09-25,14,31,19650.15
2024-09-26,14,34,21468.48
2024-09-27,14,38,25097.32
2024-09-28,14,32,21291.59
2024-09-29,14,12,7826.13
2024-09-30,14,23,14592.96
2024-10-01,14,28,18493.25
2024-10-02,14,25,16725.8
2024-10-03,14,32,20273.49
2024-10-04,14,37,23849.59
2024-10-05,14,18,11585.51
2024-10-06,14,12,7937.58
2024-10-07,14,28,18539.58
2024-10-08,14,42,26697.88
2024-10-09,14,34,21682.12
2024-10-10,14,32,20442.88
2024-10-11,14,26,17265.64
2024-10-12,14,22,14262.09
2024-10-13,14,14,9039.01
2024-10-14,14,33,21843.97
2024-10-15,14,25,16367.43
2024-10-16,14,29,18728.34
2024-10-17,14,24,15819.63
2024-10-18,14,23,14880.48
2024-10-19,14,28,17768.31
2024-10-20,14,17,11009.94
2024-10-21,14,27,17977.76
2024-10-22,14,28,18189.44
2024-10-23,14,43,27250.16
2024-10-24,14,29,19018.02
2024-10-25,14,33,21173.58
2024-10-26,14,17,11242.93
2024-10-27,14,10,6577.33
2024-10-28,14,22,14169.07
2024-10-29,14,25,15933.16
2024-10-30,14,27,17251.75
2024-10-31,14,37,23693.54
2024-11-01,14,32,20604.09
2024-11-02,14,20,12954.06
2024-11-03,14,16,10744.55
2024-11-04,14,33,21509.92
2024-11-05,14,45,29682.97
2024-11-06,14,34,22249.79
2024-11-07,14,29,19332.4
2024-11-08,14,46,29669.96
2024-11-09,14,62,39714.32
2024-11-10,14,15,9841.33
2024-11-11,14,37,23681.04
2024-11-12,14,29,19178.99
2024-11-13,14,27,17522.58
2024-11-14,14,32,21469.09
2024-11-15,14,44,29021.69
2024-11-16,14,31,20552.86
2024-11-17,14,13,8451.22
2024-11-18,14,32,20529.05
2024-11-19,14,28,18446.93
2024-11-20,14,37,23619.6
2024-11-21,14,37,23655.29
2024-11-22,14,23,15418.04
2024-11-23,14,26,16932.27
2024-11-24,14,19,12542.32
2024-11-25,14,40,26306.52
2024-11-26,14,35,22896.96
2024-11-27,14,32,21308.49
2024-11-28,14,17,11362.29
2024-11-29,14,31,20908.92
2024-11-30,14,21,14114.81
2024-12-01,14,22,14652.53
2024-12-02,14,41,27291.02
2024-12-03,14,47,30392.59
2024-12-04,14,29,19033.03
2024-12-05,14,40,25888.24
2024-12-06,14,44,29552.44
2024-12-07,14,29,19576.31
2024-12-08,14,19,12715.99
2024-12-09,14,28,18814.55
2024-12-10,14,48,32078.14
2024-12-11,14,62,40620.58
2024-12-12,14,35,23281.71
2024-12-13,14,36,24229.28
2024-12-14,14,33,21074.33
2024-12-15,14,13,8279.07
2024-12-16,14,53,35226.84
2024-12-17,14,41,27128.06
2024-12-18,14,45,29620.54
2024-12-19,14,40,26197.77
2024-12-20,14,43,27931.01
2024-12-21,14,36,23256.26
2024-12-22,14,28,18147.81
2024-12-23,14,41,27137.75
2024-12-24,14,35,23246.71
2024-12-25,14,35,22944.76
2024-12-26,14,35,22352.33
2024-12-27,14,33,21398.1
2024-12-28,14,34,21870.37
2024-12-29,14,25,16768.16
2024-12-30,14,51,33296.05
2024-12-31,14,53,35359.97
2025-01-01,14,37,24438.6
2025-01-02,14,27,18254.51
2025-01-03,14,23,15110.51
2025-01-04,14,23,14993.71
2025-01-05,14,18,11920.35
2025-01-06,14,35,22992.55
2025-01-07,14,49,32837.9
2025-01-08,14,24,15431.9
2025-01-09,14,27,17280.96
2025-01-10,14,24,15774.57
2025-01-11,14,25,16458.78
2025-01-12,14,16,10732.25
2025-01-13,14,31,20075.48
2025-01-14,14,17,10987.73
2025-01-15,14,17,11190.65
2025-01-16,14,21,14235.17
2025-01-17,14,17,10947.69
2025-01-18,14,16,10505.42
2025-01-19,14,13,8758.62
2025-01-20,14,26,16787.14
2025-01-21,14,23,15072.7
2025-01-22,14,32,20793.07
2025-01-23,14,33,21779.52
2025-01-24,14,33,21877.65
2025-01-25,14,26,17354.77
2025-01-26,14,11,7357.14
2025-01-27,14,31,19945.33
2025-01-28,14,34,22185.34
2025-01-29,14,26,17084.1
2025-01-30,14,24,15974.84
2025-01-31,14,20,13286.16
2025-02-01,14,12,7919.53
2025-02-02,14,16,10648.5
2025-02-03,14,23,15198.05
2025-02-04,14,30,19615.84
2025-02-05,14,31,20176.37
2025-02-06,14,35,23013.0
2025-02-07,14,30,20345.03
2025-02-08,14,25,16841.7
2025-02-09,14,19,12612.67
2025-02-10,14,25,16033.37
2025-02-11,14,21,14106.3
2025-02-12,14,28,18279.57
2025-02-13,14,24,15458.67
2025-02-14,14,28,18410.06
2025-02-15,14,28,19002.29
2025-02-16,14,9,5888.77
2025-02-17,14,33,22363.27
2025-02-18,14,20,13293.18
2025-02-19,14,31,20285.47
2025-02-20,14,19,12904.79
2025-02-21,14,35,22912.92
2025-02-22,14,27,18219.43
2025-02-23,14,11,7237.33
2025-02-24,14,30,19582.51
2025-02-25,14,24,15708.54
2025-02-26,14,20,13112.37
2025-02-27,14,39,25858.1
2025-02-28,14,23,15061.43
2025-03-01,14,17,11001.2
2025-03-02,14,14,9311.21
2025-03-03,14,23,14835.8
2025-03-04,14,28,18677.43
2025-03-05,14,27,17679.85
2025-03-06,14,23,15580.11
2025-03-07,14,25,16568.39
2025-03-08,14,21,14038.61
2025-03-09,14,13,8685.05
2025-03-10,14,31,20855.48
2025-03-11,14,26,17712.16
2025-03-12,14,24,16196.24
2025-03-13,14,33,21711.55
2025-03-14,14,28,18453.26
2025-03-15,14,26,17079.37
2025-03-16,14,9,6026.7
2025-03-17,14,27,17462.05
2025-03-18,14,32,21580.63
2025-03-19,14,35,22851.24
2025-03-20,14,20,13506.89
2025-03-21,14,30,19730.14
2025-03-22,14,31,21125.12
2025-03-23,14,24,16164.48
2025-03-24,14,35,22634.47
2025-03-25,14,25,16205.65
2025-03-26,14,25,16982.88
2025-03-27,14,47,30682.24
2025-03-28,14,40,26557.7
2025-03-29,14,22,14856.72
2025-03-30,14,14,9155.82
2025-03-31,14,30,20142.47
2025-04-01,14,40,26756.5
2025-04-02,14,38,25736.87
2025-04-03,14,36,23624.7
2025-04-04,14,37,23825.61
2025-04-05,14,28,18321.5
2025-04-06,14,13,8448.97
2025-04-07,14,43,28555.32
2025-04-08,14,29,18898.79
2025-04-09,14,37,24016.25
2025-04-10,14,40,27104.16
2025-04-11,14,36,24509.56
2025-04-12,14,29,19505.88
2025-04-13,14,15,10019.1
2025-04-14,14,40,26138.05
2025-04-15,14,45,30351.39
2025-04-16,14,29,19024.35
2025-04-17,14,26,17067.69
2025-04-18,14,43,28350.83
2025-04-19,14,27,17945.93
2025-04-20,14,19,12261.69
2025-04-21,14,41,26456.29
2025-04-22,14,36,24432.21
2025-04-23,14,19,12908.86
2025-04-24,14,34,22804.56
2025-04-25,14,36,23490.66
2025-04-26,14,27,18272.17
2025-04-27,14,16,10948.86
2025-04-28,14,40,27035.95
2025-04-29,14,33,22367.44
2025-04-30,14,32,21092.53
2025-05-01,14,56,37721.57
2025-05-02,14,51,33012.67
2025-05-03,14,45,29955.72
2025-05-04,14,9,5906.47
2025-05-05,14,37,24376.59
2025-05-06,14,27,18194.86
2025-05-07,14,53,34460.62
2025-05-08,14,36,23286.03
2025-05-09,14,37,24424.14
2025-05-10,14,30,19427.65
2025-05-11,14,19,12755.25
2025-05-12,14,38,25704.83
2025-05-13,14,53,34570.23
2025-05-14,14,48,32365.29
2025-05-15,14,38,25369.83
2025-05-16,14,28,18241.75
2025-05-17,14,30,20058.0
2025-05-18,14,18,12257.71
2025-05-19,14,40,26222.69
2025-05-20,14,36,23906.35
2025-05-21,14,39,26470.63
2025-05-22,14,36,24497.21
2025-05-23,14,38,25794.0
2025-05-24,14,39,26770.83
2025-05-25,14,16,10928.64
2025-05-26,14,33,22030.41
2025-05-27,14,34,22744.91
2025-05-28,14,31,20318.29
2025-05-29,14,37,24469.16
2025-05-30,14,46,30116.58
2025-05-31,14,31,21310.72
2025-06-01,14,23,15505.41
2025-06-02,14,29,19388.99
2025-06-03,14,56,36445.0
2025-06-04,14,45,30802.88
2025-06-05,14,48,31294.85
2025-06-06,14,61,39521.34
2025-06-07,14,33,22045.17
2025-06-08,14,21,13991.22
2025-06-09,14,70,46817.38
2025-06-10,14,50,33391.8
2025-06-11,14,42,28356.08
2025-06-12,14,44,30013.1
2025-06-13,14,52,34516.49
2025-06-14,14,51,34461.44
2025-06-15,14,25,16757.27
2025-06-16,14,34,22664.25
2025-06-17,14,46,30028.25
2025-06-18,14,36,24621.11
2025-06-19,14,46,30968.36
2025-06-20,14,63,41802.26
2025-06-21,14,35,23050.76
2025-06-22,14,24,15810.46
2025-06-23,14,46,31436.58
2025-06-24,14,56,37934.89
2025-06-25,14,52,34734.46
2025-06-26,14,44,30104.35
2025-06-27,14,49,33576.77
2025-06-28,14,33,22398.15
2025-06-29,14,20,13743.83
2025-06-30,14,29,19443.11
2025-07-01,14,65,44301.83
2025-07-02,14,54,36933.73
2025-07-03,14,44,29290.16
2025-07-04,14,44,30171.98
2025-07-05,14,35,23205.88
2025-07-06,14,20,13202.66
2025-07-07,14,55,37799.14
2025-07-08,14,56,36710.94
2025-07-09,14,50,32942.3
2025-07-10,14,44,29984.71
2025-07-11,14,48,32393.78
2025-07-12,14,43,28493.14
2025-07-13,14,21,14228.03
2025-07-14,14,37,25322.97
2025-07-15,14,48,32240.19
2025-07-16,14,50,33077.48
2025-07-17,14,31,20534.87
2025-07-18,14,49,31926.7
2025-07-19,14,41,26922.96
2025-07-20,14,26,17136.82
2025-07-21,14,47,30622.85
2025-07-22,14,39,26334.92
2025-07-23,14,41,27998.28
2025-07-24,14,52,35516.41
2025-07-25,14,44,30273.09
2025-07-26,14,46,30310.55
2025-07-27,14,24,16190.44
2025-07-28,14,50,33126.11
2025-07-29,14,57,39010.78
2025-07-30,14,53,35648.59
2025-07-31,14,47,32109.26
2025-08-01,14,49,32268.56
2025-08-02,14,42,28796.59
2025-08-03,14,23,15028.49
2025-08-04,14,44,30007.59
2025-08-05,14,41,27859.36
2025-08-06,14,40,27567.02
2025-08-07,14,62,40913.31
2025-08-08,14,36,24068.02
2025-08-09,14,49,32757.84
2025-08-10,14,18,12014.82
2025-08-11,14,34,22280.93
2025-08-12,14,27,18461.92
2025-08-13,14,32,21039.65
2025-08-14,14,42,29001.18
2025-08-15,14,51,34809.55
2025-08-16,14,34,22807.49
2025-08-17,14,19,12494.93
2025-08-18,14,45,30296.12
2025-08-19,14,39,25809.72
2025-08-20,14,48,32544.65
2025-08-21,14,47,31698.22
2025-08-22,14,48,31801.17
2025-08-23,14,39,26244.61
2025-08-24,14,17,11180.88
2025-08-25,14,33,21718.54
2025-08-26,14,36,24953.9
2025-08-27,14,45,29894.3
2025-08-28,14,42,28954.63
2025-08-29,14,42,28344.94
2025-08-30,14,48,31595.69
2025-08-31,14,18,12346.09
2025-09-01,14,50,33673.53
2025-09-02,14,39,26322.45
2025-09-03,14,35,23722.44
2025-09-04,14,36,24246.2
2025-09-05,14,37,25452.28
2025-09-06,14,37,25517.44
2025-09-07,14,20,13097.98
2025-09-08,14,28,18539.62
2025-09-09,14,40,26774.09
2025-09-10,14,21,14554.56
2025-09-11,14,31,21499.03
2025-09-12,14,27,18633.54
2025-09-13,14,33,21621.35
2025-09-14,14,10,6779.39
2025-09-15,14,51,34429.63
2025-09-16,14,33,22069.83
2025-09-17,14,34,23397.94
2025-09-18,14,37,24566.59
2025-09-19,14,38,26148.31
2025-09-20,14,38,25282.29
2025-09-21,14,18,12314.8
2025-09-22,14,45,30796.36
2025-09-23,14,39,25689.34
2025-09-24,14,55,37748.17
2025-09-25,14,34,22553.91
2025-09-26,14,51,34138.87
2025-09-27,14,26,18091.62
2025-09-28,14,6,4009.56
2025-09-29,14,33,22909.7
2025-09-30,14,33,21958.81
2025-10-01,14,41,28183.82
2025-10-02,14,29,19793.1
2025-10-03,14,35,24338.17
2025-10-04,14,26,17203.92
2025-10-05,14,23,15528.03
2025-10-06,14,33,21961.48
2025-10-07,14,35,23174.6
2025-10-08,14,37,24615.26
2025-10-09,14,29,19428.29
2025-10-10,14,29,19695.52
2025-10-11,14,30,20520.01
2025-10-12,14,13,8624.76
2025-10-13,14,33,22887.13
2025-10-14,14,28,18664.7
2025-10-15,14,31,20476.19
2025-10-16,14,35,24096.91
2025-10-17,14,32,22074.87
2025-10-18,14,33,22623.15
2025-10-19,14,23,15721.32
2025-10-20,14,24,16146.64
2025-10-21,14,23,15446.41
2025-10-22,14,24,15800.49
2025-10-23,14,28,18433.33
2025-10-24,14,38,25613.77
2025-10-25,14,32,22171.31
2025-10-26,14,20,13875.88
2025-10-27,14,36,23900.06
2025-10-28,14,33,22232.36
2025-10-29,14,35,23441.24
2025-10-30,14,25,16956.05
2025-10-31,14,41,27863.02
2025-11-01,14,36,24125.48
2025-11-02,14,20,13731.62
2025-11-03,14,29,19405.52
2025-11-04,14,28,19342.34
2025-11-05,14,52,35627.12
2025-11-06,14,40,26545.6
2025-11-07,14,29,20183.98
2025-11-08,14,25,17009.35
2025-11-09,14,16,11105.98
2025-11-10,14,37,25807.89
2025-11-11,14,37,25411.66
2025-11-12,14,45,30233.7
2025-11-13,14,37,24982.41
2025-11-14,14,35,23905.94
2025-11-15,14,41,28670.82
2025-11-16,14,15,10222.54
2025-11-17,14,32,21496.93
2025-11-18,14,35,24086.83
2025-11-19,14,29,19486.34
2025-11-20,14,32,21122.83
2025-11-21,14,40,27496.06
2025-11-22,14,27,18849.28
2025-11-23,14,11,7394.92
2025-11-24,14,40,27486.46
2025-11-25,14,44,29961.29
2025-11-26,14,30,20675.43
2025-11-27,14,35,24459.55
2025-11-28,14,25,17191.06
2025-11-29,14,28,19207.48
2025-11-30,14,14,9246.78
2025-12-01,14,35,23607.52
2025-12-02,14,42,28771.14
2025-12-03,14,35,23959.03
2025-12-04,14,47,32256.09
2025-12-05,14,41,28260.28
2025-12-06,14,40,27141.23
2025-12-07,14,24,16023.55
2025-12-08,14,34,23110.6
2025-12-09,14,58,38865.93
2025-12-10,14,40,27837.58
2025-12-11,14,28,18722.22
2025-12-12,14,33,22933.43
2025-12-13,14,26,17430.77
2025-12-14,14,17,11838.38
2025-12-15,14,41,28013.33
2025-12-16,14,38,25342.6
2025-12-17,14,34,22747.94
2025-12-18,14,37,24633.54
2025-12-19,14,38,25729.65
2025-12-20,14,34,22484.72
2025-12-21,14,21,14392.64
2025-12-22,14,51,35033.93
2025-12-23,14,32,22121.28
2025-12-24,14,56,38426.52
2025-12-25,14,48,32251.85
2025-12-26,14,34,23444.96
2025-12-27,14,38,26046.97
2025-12-28,14,19,12939.79
2025-12-29,14,56,38846.81
2025-12-30,14,38,25408.64
2025-12-31,14,39,25838.71
2026-01-01,14,39,26376.79
2026-01-02,14,24,16033.61
2026-01-03,14,29,19375.18
2026-01-04,14,9,5979.01
2026-01-05,14,33,22087.44
2026-01-06,14,33,22554.88
2026-01-07,14,27,18332.69
2026-01-08,14,17,11385.71
2026-01-09,14,29,20389.07
2026-01-10,14,19,12956.21
2026-01-11,14,18,12388.88
2026-01-12,14,41,27899.74
2026-01-13,14,30,20045.27
2026-01-14,14,23,15378.95
2026-01-15,14,31,20672.44
2026-01-16,14,29,19251.17
2026-01-17,14,25,17119.52
2026-01-18,14,15,10555.14
2026-01-19,14,23,15858.47
2026-01-20,14,19,12630.23
2026-01-21,14,19,13287.35
2026-01-22,14,22,14774.88
2026-01-23,14,24,16708.12
2026-01-24,14,19,12798.22
2026-01-25,14,16,11173.84
2026-01-26,14,24,16773.58
2026-01-27,14,27,18575.33
2026-01-28,14,27,18591.5
2026-01-29,14,34,22897.97
2026-01-30,14,38,26275.54
2026-01-31,14,30,20698.7
2026-02-01,14,9,6062.83
2026-02-02,14,32,22161.15
2026-02-03,14,30,20636.86
2026-02-04,14,27,17937.08
2026-02-05,14,29,20170.0
2026-02-06,14,26,17819.92
2026-02-07,14,25,17235.72
2026-02-08,14,15,10505.76
2026-02-09,14,30,20110.28
2026-02-10,14,30,20893.13
2026-02-11,14,31,20948.92
2026-02-12,14,29,20435.39
2026-02-13,14,31,21806.74
2026-02-14,14,28,19593.34
2026-02-15,14,15,10475.94
2026-02-16,14,28,19374.17
2026-02-17,14,24,16179.66
2026-02-18,14,32,21331.14
2026-02-19,14,24,16389.5
2026-02-20,14,16,11171.53
2026-02-21,14,22,15292.2
2026-02-22,14,12,8147.63
2026-02-23,14,39,27547.58
2026-02-24,14,22,15166.12
2026-02-25,14,16,11270.44
2026-02-26,14,43,28670.69
2026-02-27,14,31,21580.47
2026-02-28,14,15,10493.72
2026-03-01,14,19,12721.96
2026-03-02,14,31,21027.65
2026-03-03,14,28,19329.24
2026-03-04,14,38,26168.15
2026-03-05,14,22,15377.32
2026-03-06,14,29,20046.21
2026-03-07,14,28,19373.85
2026-03-08,14,16,10763.81
2026-03-09,14,31,21056.89
2026-03-10,14,35,23429.76
2026-03-11,14,29,19474.92
2026-03-12,14,43,29987.48
2026-03-13,14,33,22987.53
2026-03-14,14,29,20273.45
2026-03-15,14,9,6112.87
2026-03-16,14,27,18556.6
2026-03-17,14,32,22079.33
2026-03-18,14,27,18283.7
2026-03-19,14,38,25879.9
2026-03-20,14,44,30948.89
2026-03-21,14,35,23374.01
2026-03-22,14,15,10162.32
2026-03-23,14,32,22030.06
2026-03-24,14,33,22383.22
2026-03-25,14,29,20214.5
2026-03-26,14,37,25742.3
2026-03-27,14,35,23440.28
2026-03-28,14,22,14894.79
2026-03-29,14,12,8269.84
2026-03-30,14,33,22400.18
2026-03-31,14,40,26881.72
2026-04-01,14,41,27595.28
2026-04-02,14,25,17398.92
2026-04-03,14,31,21978.77
2026-04-04,14,33,22659.2
2026-04-05,14,21,14647.7
2026-04-06,14,45,31635.52
2026-04-07,14,41,27854.17
2026-04-08,14,33,22165.69
2026-04-09,14,39,27606.59
2026-04-10,14,46,31051.53
2026-04-11,14,37,25869.57
2026-04-12,14,17,11894.36
2026-04-13,14,43,30417.02
2026-04-14,14,41,27678.7
2026-04-15,14,27,18495.65
2026-04-16,14,29,20151.67
2026-04-17,14,32,21711.45
2026-04-18,14,27,19136.29
2026-04-19,14,17,11769.78
2026-04-20,14,38,26360.81
2026-04-21,14,38,26355.55
2026-04-22,14,38,25822.61
2026-04-23,14,33,22663.15
2026-04-24,14,36,24833.6
2026-04-25,14,34,24115.64
2026-04-26,14,16,11178.41
2026-04-27,14,35,24763.81
2026-04-28,14,35,23481.97
2026-04-29,14,43,29709.5
2026-04-30,14,26,17730.86
2026-05-01,14,39,26817.78
2026-05-02,14,30,21223.04
2026-05-03,14,22,15188.07
2026-05-04,14,30,20864.59
2026-05-05,14,39,27597.37
2026-05-06,14,43,28840.94
2026-05-07,14,37,26247.75
2026-05-08,14,44,29592.97
2026-05-09,14,36,25239.88
2026-05-10,14,21,14280.54
2026-05-11,14,27,18219.69
2026-05-12,14,41,28300.43
2026-05-13,14,41,27771.27
2026-05-14,14,60,41427.08
2026-05-15,14,29,20503.56
2026-05-16,14,36,25064.21
2026-05-17,14,18,12553.54
2026-05-18,14,50,35296.38
2026-05-19,14,49,33361.11
2026-05-20,14,49,34905.28
2026-05-21,14,46,32092.8
2026-05-22,14,51,34729.87
2026-05-23,14,31,21679.36
2026-05-24,14,22,15080.26
2026-05-25,14,44,30522.57
2026-05-26,14,40,28414.02
2026-05-27,14,32,22658.93
2026-05-28,14,45,30342.05
2026-05-29,14,39,27594.04
2026-05-30,14,37,26382.27
2026-05-31,14,16,11141.08
2026-06-01,14,41,29155.92
2026-06-02,14,74,52222.77
2026-06-03,14,34,23464.04
2026-06-04,14,56,39066.78
2026-06-05,14,44,29992.27
2026-06-06,14,41,27844.98
2026-06-07,14,15,10624.56
2026-06-08,14,48,33641.09
2026-06-09,14,44,29830.9
2026-06-10,14,53,36688.64
2026-06-11,14,38,26562.6
2026-06-12,14,38,25716.95
2026-06-13,14,40,28158.42
2026-06-14,14,25,17474.19
2026-06-15,14,50,35075.21
2026-06-16,14,53,37531.47
2026-06-17,14,29,20259.48
2026-06-18,14,46,31487.08
2026-06-19,14,51,35825.5
2026-06-20,14,40,27763.89
2026-06-21,14,28,19535.27
2026-06-22,14,58,40315.52
2026-06-23,14,58,40644.52
2026-06-24,14,61,41982.49
2026-06-25,14,61,42474.43
2026-06-26,14,37,26135.17
2026-06-27,14,47,32022.0
2026-06-28,14,26,18135.78
2026-06-29,14,50,35152.97
2026-06-30,14,67,47770.41
2026-07-01,14,59,41880.75
2026-07-02,14,38,26033.54
2026-07-03,14,37,25740.87
2026-07-04,14,51,35981.42
2026-07-05,14,25,17384.56
2026-07-06,14,52,35308.53
2026-07-07,14,49,33352.22
2026-07-08,14,65,44362.43
2026-07-09,14,54,37780.85
2026-07-10,14,39,26936.97
2026-07-11,14,51,35413.02
2026-07-12,14,25,17230.69
2026-07-13,14,56,39214.56
2026-07-14,14,37,25540.25
2026-07-15,14,44,30004.31
2026-07-16,14,59,41596.12
2026-07-17,14,61,43466.26
2026-07-18,14,48,33319.77
2026-07-19,14,22,15230.01
2026-07-20,14,48,34109.22
2026-07-21,14,49,33918.55
2026-07-22,14,35,24929.32
2026-07-23,14,38,25947.81
2026-07-24,14,59,40400.54
2026-07-25,14,44,30239.8
2026-07-26,14,17,11725.34
2026-07-27,14,45,31321.08
2026-07-28,14,51,35427.84
2026-07-29,14,50,35841.94
2026-07-30,14,70,49225.75
2026-07-31,14,68,46631.01
2026-08-01,14,52,35512.75
2026-08-02,14,26,18191.84
2026-08-03,14,50,35826.51
2026-08-04,14,48,33458.24
2026-08-05,14,33,23570.97
2026-08-06,14,49,34728.03
2026-08-07,14,30,21153.17
2026-08-08,14,27,18777.27
2026-08-09,14,24,16853.73
2026-08-10,14,52,36109.01
2026-08-11,14,33,22407.68
2026-08-12,14,49,34071.71
2026-08-13,14,48,32689.41
2026-08-14,14,41,28094.15
2026-08-15,14,32,22297.86
2026-08-16,14,20,13822.14
2026-08-17,14,44,31514.29
2026-08-18,14,45,31353.15
2026-08-19,14,43,29390.86
2026-08-20,14,38,26402.5
2026-08-21,14,37,25152.56
2026-08-22,14,47,33658.73
2026-08-23,14,16,10899.08
2026-08-24,14,37,25310.48
2026-08-25,14,55,39372.09
2026-08-26,14,37,25211.11
2026-08-27,14,49,34992.55
2026-08-28,14,41,28401.81
2026-08-29,14,38,27083.03
2026-08-30,14,15,10395.15
2026-08-31,14,50,35865.05
2026-09-01,14,43,30829.87
2026-09-02,14,47,33080.2
2026-09-03,14,37,25149.16
2026-09-04,14,28,19123.39
2026-09-05,14,30,21432.89
2026-09-06,14,13,9280.15
2026-09-07,14,41,28550.25
2026-09-08,14,36,25237.45
2026-09-09,14,51,35531.16
2026-09-10,14,41,28795.24
2026-09-11,14,36,25127.22
2026-09-12,14,35,24923.09
2026-09-13,14,26,18077.77
2026-09-14,14,31,22016.43
2026-09-15,14,45,32061.13
2026-09-16,14,36,25149.87
2026-09-17,14,43,30754.42
2026-09-18,14,40,27868.93
2026-09-19,14,34,24390.59
2026-09-20,14,17,11554.14
2026-09-21,14,37,25814.46
2026-09-22,14,31,22156.79
2026-09-23,14,29,20135.37
2026-09-24,14,25,17513.74
2026-09-25,14,47,32073.01
2026-09-26,14,32,22064.85
2026-09-27,14,21,14974.9
2026-09-28,14,27,18361.35
2026-09-29,14,26,17844.2
2026-09-30,14,32,22052.66
2023-10-01,15,11,9747.73
2023-10-02,15,21,18384.81
2023-10-03,15,44,37275.44
2023-10-04,15,18,15972.28
2023-10-05,15,30,26277.21
2023-10-06,15,30,26924.55
2023-10-07,15,21,17974.82
2023-10-08,15,8,7186.05
2023-10-09,15,21,18317.38
2023-10-10,15,24,20891.32
2023-10-11,15,32,27605.67
2023-10-12,15,27,23789.78
2023-10-13,15,37,32576.51
2023-10-14,15,24,21164.49
2023-10-15,15,8,6848.39
2023-10-16,15,32,27887.8
2023-10-17,15,32,28259.46
2023-10-18,15,26,22310.71
2023-10-19,15,23,20401.8
2023-10-20,15,14,11988.08
2023-10-21,15,23,19835.05
2023-10-22,15,11,9346.98
2023-10-23,15,23,20103.04
2023-10-24,15,18,15373.76
2023-10-25,15,22,19674.4
2023-10-26,15,22,19232.98
2023-10-27,15,17,14450.14
2023-10-28,15,19,16997.81
2023-10-29,15,9,8087.05
2023-10-30,15,30,25921.5
2023-10-31,15,15,12833.83
2023-11-01,15,16,14025.98
2023-11-02,15,16,13750.1
2023-11-03,15,38,34101.98
2023-11-04,15,27,23057.76
2023-11-05,15,22,19784.44
2023-11-06,15,24,21334.18
2023-11-07,15,30,26426.91
2023-11-08,15,19,16226.28
2023-11-09,15,26,22978.57
2023-11-10,15,36,32055.52
2023-11-11,15,16,14132.3
2023-11-12,15,12,10769.23
2023-11-13,15,28,25046.73
2023-11-14,15,19,16216.52
2023-11-15,15,28,24182.67
2023-11-16,15,22,19238.27
2023-11-17,15,18,15952.68
2023-11-18,15,17,15105.68
2023-11-19,15,10,8712.95
2023-11-20,15,20,17505.62
2023-11-21,15,31,27517.91
2023-11-22,15,24,21264.82
2023-11-23,15,21,18542.53
2023-11-24,15,20,17231.13
2023-11-25,15,16,13717.05
2023-11-26,15,18,15821.86
2023-11-27,15,15,13051.98
2023-11-28,15,22,19505.07
2023-11-29,15,23,20262.78
2023-11-30,15,26,22494.12
2023-12-01,15,29,26143.42
2023-12-02,15,27,23492.65
2023-12-03,15,23,20500.37
2023-12-04,15,26,23039.47
2023-12-05,15,23,20519.7
2023-12-06,15,41,35437.88
2023-12-07,15,33,29480.29
2023-12-08,15,23,20421.73
2023-12-09,15,29,24896.76
2023-12-10,15,8,7018.2
2023-12-11,15,35,29851.72
2023-12-12,15,25,21331.34
2023-12-13,15,19,16659.95
2023-12-14,15,24,20831.5
2023-12-15,15,32,27586.59
2023-12-16,15,22,19876.97
2023-12-17,15,19,16845.31
2023-12-18,15,19,16231.34
2023-12-19,15,34,29787.17
2023-12-20,15,26,22989.67
2023-12-21,15,29,25592.24
2023-12-22,15,30,26743.5
2023-12-23,15,28,23959.96
2023-12-24,15,8,6961.56
2023-12-25,15,24,20729.26
2023-12-26,15,28,25328.11
2023-12-27,15,38,33701.48
2023-12-28,15,29,25284.68
2023-12-29,15,19,17143.53
2023-12-30,15,18,16137.55
2023-12-31,15,13,11579.63
2024-01-01,15,23,20411.82
2024-01-02,15,24,20842.68
2024-01-03,15,22,19404.39
2024-01-04,15,22,19775.33
2024-01-05,15,34,29346.73
2024-01-06,15,21,18716.49
2024-01-07,15,14,12285.78
2024-01-08,15,19,16685.81
2024-01-09,15,33,28964.42
2024-01-10,15,14,12581.72
2024-01-11,15,26,23215.74
2024-01-12,15,22,18867.27
2024-01-13,15,13,11432.29
2024-01-14,15,12,10311.27
2024-01-15,15,20,17844.55
2024-01-16,15,14,12144.41
2024-01-17,15,23,20586.32
2024-01-18,15,17,14921.6
2024-01-19,15,21,18194.12
2024-01-20,15,26,23146.53
2024-01-21,15,6,5207.06
2024-01-22,15,32,28008.89
2024-01-23,15,25,22315.49
2024-01-24,15,23,20667.44
2024-01-25,15,25,21416.02
2024-01-26,15,23,20164.62
2024-01-27,15,27,23430.81
2024-01-28,15,13,11649.28
2024-01-29,15,24,21407.54
2024-01-30,15,17,15325.29
2024-01-31,15,32,28590.96
2024-02-01,15,23,20630.57
2024-02-02,15,28,24603.88
2024-02-03,15,21,18097.16
2024-02-04,15,13,11316.1
2024-02-05,15,20,17575.45
2024-02-06,15,28,25353.8
2024-02-07,15,18,16321.01
2024-02-08,15,22,19449.06
2024-02-09,15,22,19143.68
2024-02-10,15,16,14161.66
2024-02-11,15,10,8891.9
2024-02-12,15,20,17934.47
2024-02-13,15,30,27204.65
2024-02-14,15,26,23170.51
2024-02-15,15,23,19881.84
2024-02-16,15,18,15769.27
2024-02-17,15,18,16329.35
2024-02-18,15,14,12526.0
2024-02-19,15,24,21184.43
2024-02-20,15,25,21920.32
2024-02-21,15,22,19328.29
2024-02-22,15,21,19064.44
2024-02-23,15,22,19535.53
2024-02-24,15,19,16514.97
2024-02-25,15,12,10442.88
2024-02-26,15,11,9633.09
2024-02-27,15,13,11443.94
2024-02-28,15,14,12589.61
2024-02-29,15,27,23558.86
2024-03-01,15,18,16185.78
2024-03-02,15,18,15565.36
2024-03-03,15,10,8968.94
2024-03-04,15,22,20063.77
2024-03-05,15,26,23265.82
2024-03-06,15,26,22487.55
2024-03-07,15,19,17043.76
2024-03-08,15,25,22769.81
2024-03-09,15,18,15619.75
2024-03-10,15,3,2660.27
2024-03-11,15,13,11817.54
2024-03-12,15,23,19884.88
2024-03-13,15,13,11502.46
2024-03-14,15,26,23418.59
2024-03-15,15,27,23552.05
2024-03-16,15,21,18749.44
2024-03-17,15,10,9016.66
2024-03-18,15,29,25861.17
2024-03-19,15,23,20553.98
2024-03-20,15,16,14261.63
2024-03-21,15,22,19159.09
2024-03-22,15,18,16056.81
2024-03-23,15,8,7168.84
2024-03-24,15,7,6392.46
2024-03-25,15,22,19597.11
2024-03-26,15,22,20049.23
2024-03-27,15,28,25412.73
2024-03-28,15,27,24630.29
2024-03-29,15,26,22431.68
2024-03-30,15,22,19097.77
2024-03-31,15,12,10557.61
2024-04-01,15,32,28887.37
2024-04-02,15,27,23949.33
2024-04-03,15,27,23672.43
2024-04-04,15,22,19295.8
2024-04-05,15,17,15343.02
2024-04-06,15,19,17257.31
2024-04-07,15,13,11485.66
2024-04-08,15,20,17539.16
2024-04-09,15,40,35069.57
2024-04-10,15,25,22670.89
2024-04-11,15,21,19119.42
2024-04-12,15,24,21924.71
2024-04-13,15,23,20581.21
2024-04-14,15,14,12668.34
2024-04-15,15,28,24773.45
2024-04-16,15,25,21798.93
2024-04-17,15,28,24480.09
2024-04-18,15,40,35934.2
2024-04-19,15,25,21700.76
2024-04-20,15,23,19952.36
2024-04-21,15,8,7057.51
2024-04-22,15,26,23325.55
2024-04-23,15,18,16431.13
2024-04-24,15,34,29960.92
2024-04-25,15,26,23477.26
2024-04-26,15,34,30815.5
2024-04-27,15,17,15410.04
2024-04-28,15,14,12853.4
2024-04-29,15,20,17757.33
2024-04-30,15,24,21946.68
2024-05-01,15,28,25269.97
2024-05-02,15,34,30190.32
2024-05-03,15,30,26718.17
2024-05-04,15,32,28379.12
2024-05-05,15,10,8936.35
2024-05-06,15,34,30471.17
2024-05-07,15,28,24782.15
2024-05-08,15,27,24215.63
2024-05-09,15,35,30797.07
2024-05-10,15,23,20597.33
2024-05-11,15,30,27311.42
2024-05-12,15,12,10963.47
2024-05-13,15,23,21109.24
2024-05-14,15,26,23072.11
2024-05-15,15,22,19246.06
2024-05-16,15,36,32944.68
2024-05-17,15,31,26919.79
2024-05-18,15,21,18712.69
2024-05-19,15,17,15438.41
2024-05-20,15,20,18067.05
2024-05-21,15,34,30013.21
2024-05-22,15,37,33656.31
2024-05-23,15,18,15860.25
2024-05-24,15,34,30245.44
2024-05-25,15,21,18236.36
2024-05-26,15,10,8772.65
2024-05-27,15,28,25426.64
2024-05-28,15,26,23941.42
2024-05-29,15,28,24795.2
2024-05-30,15,37,32454.05
2024-05-31,15,30,27420.87
2024-06-01,15,38,34609.93
2024-06-02,15,9,7961.15
2024-06-03,15,39,35230.98
2024-06-04,15,37,33288.5
2024-06-05,15,28,24992.33
2024-06-06,15,33,29221.22
2024-06-07,15,41,36495.28
2024-06-08,15,39,34651.87
2024-06-09,15,14,12890.62
2024-06-10,15,35,31060.8
2024-06-11,15,32,28098.99
2024-06-12,15,26,22802.2
2024-06-13,15,38,33727.33
2024-06-14,15,25,22065.69
2024-06-15,15,29,26059.96
2024-06-16,15,17,15429.05
2024-06-17,15,50,45956.71
2024-06-18,15,48,43442.9
2024-06-19,15,39,34518.95
2024-06-20,15,33,29127.75
2024-06-21,15,38,34744.42
2024-06-22,15,30,27594.24
2024-06-23,15,16,14689.06
2024-06-24,15,40,36541.63
2024-06-25,15,34,31367.47
2024-06-26,15,30,26513.82
2024-06-27,15,30,26243.73
2024-06-28,15,48,43507.15
2024-06-29,15,35,30769.59
2024-06-30,15,16,14720.89
2024-07-01,15,33,29041.19
2024-07-02,15,29,26618.37
2024-07-03,15,45,40583.45
2024-07-04,15,49,45333.91
2024-07-05,15,43,39414.35
2024-07-06,15,26,23814.91
2024-07-07,15,16,14227.39
2024-07-08,15,44,38520.33
2024-07-09,15,39,35750.79
2024-07-10,15,29,26734.89
2024-07-11,15,30,26222.2
2024-07-12,15,28,25716.37
2024-07-13,15,33,29344.62
2024-07-14,15,19,17399.44
2024-07-15,15,32,28273.1
2024-07-16,15,36,32324.51
2024-07-17,15,27,23644.11
2024-07-18,15,29,26306.68
2024-07-19,15,34,29782.51
2024-07-20,15,35,31368.58
2024-07-21,15,9,8168.16
2024-07-22,15,41,36386.45
2024-07-23,15,50,45326.45
2024-07-24,15,36,32004.85
2024-07-25,15,30,26451.95
2024-07-26,15,42,38542.52
2024-07-27,15,35,30819.24
2024-07-28,15,14,12840.25
2024-07-29,15,31,27992.83
2024-07-30,15,32,29257.22
2024-07-31,15,30,26434.17
2024-08-01,15,22,20286.24
2024-08-02,15,31,27802.85
2024-08-03,15,23,21077.82
2024-08-04,15,12,10743.54
2024-08-05,15,43,38516.76
2024-08-06,15,42,38097.85
2024-08-07,15,18,16653.29
2024-08-08,15,37,32423.02
2024-08-09,15,31,28610.71
2024-08-10,15,27,25012.72
2024-08-11,15,12,10633.99
2024-08-12,15,27,24145.56
2024-08-13,15,26,23383.6
2024-08-14,15,33,29262.39
2024-08-15,15,26,22974.98
2024-08-16,15,17,15713.91
2024-08-17,15,31,27627.53
2024-08-18,15,14,12473.15
2024-08-19,15,30,27235.89
2024-08-20,15,35,32459.7
2024-08-21,15,29,25951.69
2024-08-22,15,26,23237.0
2024-08-23,15,28,25319.88
2024-08-24,15,34,31126.43
2024-08-25,15,10,9193.92
2024-08-26,15,35,30704.48
2024-08-27,15,44,38590.08
2024-08-28,15,29,25778.19
2024-08-29,15,30,26485.01
2024-08-30,15,38,35013.73
2024-08-31,15,25,22919.91
2024-09-01,15,11,10089.97
2024-09-02,15,20,18357.92
2024-09-03,15,23,20784.01
2024-09-04,15,17,15013.88
2024-09-05,15,20,18056.0
2024-09-06,15,25,21964.75
2024-09-07,15,33,30052.55
2024-09-08,15,7,6162.48
2024-09-09,15,23,20718.57
2024-09-10,15,36,32872.29
2024-09-11,15,23,20803.17
2024-09-12,15,24,21907.91
2024-09-13,15,30,27836.52
2024-09-14,15,7,6289.34
2024-09-15,15,11,9985.58
2024-09-16,15,31,27392.69
2024-09-17,15,28,25225.67
2024-09-18,15,29,26630.08
2024-09-19,15,14,12642.54
2024-09-20,15,23,21125.9
2024-09-21,15,17,15734.69
2024-09-22,15,15,13731.78
2024-09-23,15,41,36131.85
2024-09-24,15,26,23319.14
2024-09-25,15,32,29188.12
2024-09-26,15,27,24784.47
2024-09-27,15,23,21195.27
2024-09-28,15,12,10842.67
2024-09-29,15,9,8164.96
2024-09-30,15,18,15838.96
2024-10-01,15,22,19586.63
2024-10-02,15,13,11535.56
2024-10-03,15,27,24850.24
2024-10-04,15,27,25202.94
2024-10-05,15,29,25641.42
2024-10-06,15,9,8098.3
2024-10-07,15,26,24027.97
2024-10-08,15,17,15027.98
2024-10-09,15,21,18778.9
2024-10-10,15,22,19621.06
2024-10-11,15,32,29209.94
2024-10-12,15,16,14675.64
2024-10-13,15,18,16533.77
2024-10-14,15,19,16922.72
2024-10-15,15,23,20665.89
2024-10-16,15,28,25394.05
2024-10-17,15,31,28096.7
2024-10-18,15,22,19659.52
2024-10-19,15,17,15439.83
2024-10-20,15,10,9236.97
2024-10-21,15,25,22330.74
2024-10-22,15,32,28799.03
2024-10-23,15,24,21301.55
2024-10-24,15,21,18786.48
2024-10-25,15,17,15303.06
2024-10-26,15,19,17769.07
2024-10-27,15,16,14470.0
2024-10-28,15,17,15118.13
2024-10-29,15,16,14156.02
2024-10-30,15,21,19015.32
2024-10-31,15,20,18612.87
2024-11-01,15,33,30303.06
2024-11-02,15,23,21494.62
2024-11-03,15,14,12760.0
2024-11-04,15,31,28955.51
2024-11-05,15,23,20361.01
2024-11-06,15,13,12080.09
2024-11-07,15,21,19603.46
2024-11-08,15,39,36514.42
2024-11-09,15,20,18578.36
2024-11-10,15,6,5328.18
2024-11-11,15,23,20795.99
2024-11-12,15,16,14303.11
2024-11-13,15,26,23162.42
2024-11-14,15,24,22489.15
2024-11-15,15,17,15939.55
2024-11-16,15,11,9929.87
2024-11-17,15,15,13344.46
2024-11-18,15,19,17507.23
2024-11-19,15,22,20564.07
2024-11-20,15,21,19114.42
2024-11-21,15,30,27457.01
2024-11-22,15,14,12932.92
2024-11-23,15,22,20532.58
2024-11-24,15,13,11870.74
2024-11-25,15,17,15518.07
2024-11-26,15,26,23666.5
2024-11-27,15,33,29893.2
2024-11-28,15,26,23587.96
2024-11-29,15,19,17292.67
2024-11-30,15,25,22249.79
2024-12-01,15,16,14991.45
2024-12-02,15,29,26072.01
2024-12-03,15,35,32859.76
2024-12-04,15,27,24703.05
2024-12-05,15,23,20963.04
2024-12-06,15,35,32125.11
2024-12-07,15,22,20295.55
2024-12-08,15,13,12202.49
2024-12-09,15,19,16985.36
2024-12-10,15,31,28238.42
2024-12-11,15,34,31539.42
2024-12-12,15,37,34594.09
2024-12-13,15,26,24073.87
2024-12-14,15,36,33206.38
2024-12-15,15,11,9805.67
2024-12-16,15,36,32948.21
2024-12-17,15,22,20177.52
2024-12-18,15,32,29294.44
2024-12-19,15,22,19578.47
2024-12-20,15,28,25905.75
2024-12-21,15,31,29080.14
2024-12-22,15,7,6310.18
2024-12-23,15,25,23170.23
2024-12-24,15,25,23386.46
2024-12-25,15,30,27268.64
2024-12-26,15,40,36846.03
2024-12-27,15,26,23924.93
2024-12-28,15,20,18511.93
2024-12-29,15,14,12742.74
2024-12-30,15,30,27713.31
2024-12-31,15,34,31086.7
2025-01-01,15,21,19229.04
2025-01-02,15,17,15351.84
2025-01-03,15,15,13418.33
2025-01-04,15,17,15999.39
2025-01-05,15,6,5628.09
2025-01-06,15,24,21543.58
2025-01-07,15,24,22615.62
2025-01-08,15,21,19024.98
2025-01-09,15,22,20269.07
2025-01-10,15,8,7341.71
2025-01-11,15,12,11116.45
2025-01-12,15,12,11270.47
2025-01-13,15,18,16266.65
2025-01-14,15,22,20158.01
2025-01-15,15,28,25865.21
2025-01-16,15,13,12249.57
2025-01-17,15,22,19852.65
2025-01-18,15,11,10081.68
2025-01-19,15,12,10845.47
2025-01-20,15,24,22302.77
2025-01-21,15,20,18127.73
2025-01-22,15,16,14760.02
2025-01-23,15,17,15396.37
2025-01-24,15,22,20525.04
2025-01-25,15,19,17603.52
2025-01-26,15,10,9041.62
2025-01-27,15,23,21682.7
2025-01-28,15,18,16855.75
2025-01-29,15,20,18850.26
2025-01-30,15,25,23648.8
2025-01-31,15,17,15323.13
2025-02-01,15,15,13395.82
2025-02-02,15,9,8409.27
2025-02-03,15,27,24933.15
2025-02-04,15,16,14528.1
2025-02-05,15,16,14300.11
2025-02-06,15,25,22532.53
2025-02-07,15,19,17055.2
2025-02-08,15,16,15007.25
2025-02-09,15,11,9926.19
2025-02-10,15,13,12121.24
2025-02-11,15,14,12555.25
2025-02-12,15,14,13240.71
2025-02-13,15,25,23591.58
2025-02-14,15,26,23407.83
2025-02-15,15,18,16898.48
2025-02-16,15,11,10231.13
2025-02-17,15,8,7535.84
2025-02-18,15,23,21159.25
2025-02-19,15,19,17089.64
2025-02-20,15,19,16981.71
2025-02-21,15,10,8994.21
2025-02-22,15,19,17453.75
2025-02-23,15,13,12175.42
2025-02-24,15,24,21878.99
2025-02-25,15,24,22251.27
2025-02-26,15,20,18702.89
2025-02-27,15,15,14051.9
2025-02-28,15,20,18805.36
2025-03-01,15,7,6564.28
2025-03-02,15,11,10382.3
2025-03-03,15,25,23612.06
2025-03-04,15,23,21131.47
2025-03-05,15,20,18857.8
2025-03-06,15,18,16749.7
2025-03-07,15,19,17331.17
2025-03-08,15,30,26837.86
2025-03-09,15,11,10015.17
2025-03-10,15,29,27321.62
2025-03-11,15,16,14997.86
2025-03-12,15,27,24832.09
2025-03-13,15,22,20640.93
2025-03-14,15,25,23619.1
2025-03-15,15,26,24318.63
2025-03-16,15,8,7401.22
2025-03-17,15,23,21605.28
2025-03-18,15,19,17485.28
2025-03-19,15,31,28840.46
2025-03-20,15,17,15762.57
2025-03-21,15,28,26537.78
2025-03-22,15,17,15921.66
2025-03-23,15,10,9500.04
2025-03-24,15,11,10331.61
2025-03-25,15,17,15386.7
2025-03-26,15,17,15980.15
2025-03-27,15,26,24488.73
2025-03-28,15,22,20757.69
2025-03-29,15,15,14165.02
2025-03-30,15,12,11284.15
2025-03-31,15,31,29370.13
2025-04-01,15,21,19732.25
2025-04-02,15,24,22557.99
2025-04-03,15,22,20434.27
2025-04-04,15,19,17576.94
2025-04-05,15,23,21593.01
2025-04-06,15,20,18118.02
2025-04-07,15,31,28178.79
2025-04-08,15,21,19773.44
2025-04-09,15,27,24560.71
2025-04-10,15,22,20793.48
2025-04-11,15,31,28541.21
2025-04-12,15,15,14045.82
2025-04-13,15,10,9009.25
2025-04-14,15,24,21680.21
2025-04-15,15,17,15347.22
2025-04-16,15,38,35669.07
2025-04-17,15,23,20807.55
2025-04-18,15,24,21780.05
2025-04-19,15,22,20483.13
2025-04-20,15,8,7260.45
2025-04-21,15,33,30778.73
2025-04-22,15,24,22462.97
2025-04-23,15,19,18045.1
2025-04-24,15,25,23098.55
2025-04-25,15,22,20624.32
2025-04-26,15,18,16430.51
2025-04-27,15,17,15545.89
2025-04-28,15,31,29374.9
2025-04-29,15,20,18651.43
2025-04-30,15,24,22565.06
2025-05-01,15,27,24522.32
2025-05-02,15,26,23389.39
2025-05-03,15,23,20912.92
2025-05-04,15,14,12610.9
2025-05-05,15,28,26450.87
2025-05-06,15,28,25913.38
2025-05-07,15,20,19030.24
2025-05-08,15,31,29061.26
2025-05-09,15,31,27922.77
2025-05-10,15,24,22923.33
2025-05-11,15,13,12300.02
2025-05-12,15,23,21921.11
2025-05-13,15,31,28049.47
2025-05-14,15,14,13300.32
2025-05-15,15,38,35621.81
2025-05-16,15,21,19773.79
2025-05-17,15,20,18976.82
2025-05-18,15,15,14002.73
2025-05-19,15,35,31777.6
2025-05-20,15,34,31043.51
2025-05-21,15,30,27464.18
2025-05-22,15,32,30263.12
2025-05-23,15,32,29540.36
2025-05-24,15,29,27373.35
2025-05-25,15,17,15775.81
2025-05-26,15,35,33226.04
2025-05-27,15,37,35378.59
2025-05-28,15,24,22971.19
2025-05-29,15,23,21186.22
2025-05-30,15,26,23574.98
2025-05-31,15,13,11967.46
2025-06-01,15,15,13957.36
2025-06-02,15,37,35424.95
2025-06-03,15,33,29990.08
2025-06-04,15,20,18152.56
2025-06-05,15,40,36138.54
2025-06-06,15,35,32803.23
2025-06-07,15,26,23874.27
2025-06-08,15,15,14021.73
2025-06-09,15,33,29926.13
2025-06-10,15,28,26143.5
2025-06-11,15,36,32985.1
2025-06-12,15,27,25821.0
2025-06-13,15,37,35394.92
2025-06-14,15,25,23681.31
2025-06-15,15,12,10901.31
2025-06-16,15,34,32240.95
2025-06-17,15,37,34754.79
2025-06-18,15,34,31474.35
2025-06-19,15,31,29169.92
2025-06-20,15,29,27540.3
2025-06-21,15,27,25825.14
2025-06-22,15,16,14755.27
2025-06-23,15,32,29193.58
2025-06-24,15,30,27375.91
2025-06-25,15,30,27845.49
2025-06-26,15,51,48092.02
2025-06-27,15,48,44348.26
2025-06-28,15,24,21995.43
2025-06-29,15,16,14538.89
2025-06-30,15,29,27539.27
2025-07-01,15,31,28621.1
2025-07-02,15,42,40122.24
2025-07-03,15,31,28761.6
2025-07-04,15,32,29924.37
2025-07-05,15,30,27702.74
2025-07-06,15,22,20957.55
2025-07-07,15,45,41261.56
2025-07-08,15,28,26497.73
2025-07-09,15,27,25402.87
2025-07-10,15,27,24703.43
2025-07-11,15,30,27415.73
2025-07-12,15,20,18416.81
2025-07-13,15,18,17020.41
2025-07-14,15,40,36870.6
2025-07-15,15,29,26811.38
2025-07-16,15,35,33427.48
2025-07-17,15,30,28546.46
2025-07-18,15,41,39008.16
2025-07-19,15,31,28632.67
2025-07-20,15,14,12896.45
2025-07-21,15,40,37088.14
2025-07-22,15,37,35584.29
2025-07-23,15,33,30110.32
2025-07-24,15,18,16762.86
2025-07-25,15,25,23695.28
2025-07-26,15,33,30047.97
2025-07-27,15,12,11223.96
2025-07-28,15,43,41025.92
2025-07-29,15,37,35594.04
2025-07-30,15,30,28281.36
2025-07-31,15,37,35530.78
2025-08-01,15,35,33445.75
2025-08-02,15,20,18378.13
2025-08-03,15,22,20898.33
2025-08-04,15,30,27416.53
2025-08-05,15,26,23673.58
2025-08-06,15,32,29803.55
2025-08-07,15,27,25402.33
2025-08-08,15,27,24994.87
2025-08-09,15,18,16726.68
2025-08-10,15,8,7289.01
2025-08-11,15,31,29088.69
2025-08-12,15,32,30196.57
2025-08-13,15,38,35041.1
2025-08-14,15,41,39377.71
2025-08-15,15,40,37977.83
2025-08-16,15,20,18712.05
2025-08-17,15,13,12162.41
2025-08-18,15,31,29845.62
2025-08-19,15,38,36506.18
2025-08-20,15,28,26803.07
2025-08-21,15,27,25165.81
2025-08-22,15,28,26851.08
2025-08-23,15,26,24997.7
2025-08-24,15,17,16049.46
2025-08-25,15,29,27416.44
2025-08-26,15,31,29947.19
2025-08-27,15,24,22772.62
2025-08-28,15,40,37925.15
2025-08-29,15,24,22798.69
2025-08-30,15,31,28973.81
2025-08-31,15,12,11268.58
2025-09-01,15,30,27497.71
2025-09-02,15,20,18495.91
2025-09-03,15,21,19561.74
2025-09-04,15,17,16255.5
2025-09-05,15,19,17900.69
2025-09-06,15,30,28521.52
2025-09-07,15,15,13932.05
2025-09-08,15,20,19340.9
2025-09-09,15,25,23133.06
2025-09-10,15,26,24334.76
2025-09-11,15,23,21035.44
2025-09-12,15,19,17869.62
2025-09-13,15,34,31203.32
2025-09-14,15,6,5512.31
2025-09-15,15,21,20178.08
2025-09-16,15,25,23678.78
2025-09-17,15,38,35912.86
2025-09-18,15,27,25283.12
2025-09-19,15,31,29191.49
2025-09-20,15,23,21703.53
2025-09-21,15,15,14218.69
2025-09-22,15,14,13142.68
2025-09-23,15,23,21108.16
2025-09-24,15,22,21217.47
2025-09-25,15,19,17468.14
2025-09-26,15,29,26910.62
2025-09-27,15,25,23981.35
2025-09-28,15,9,8247.44
2025-09-29,15,25,24092.58
2025-09-30,15,25,23738.28
2025-10-01,15,17,16486.86
2025-10-02,15,22,20833.43
2025-10-03,15,20,19213.53
2025-10-04,15,22,21170.27
2025-10-05,15,10,9465.95
2025-10-06,15,23,21568.48
2025-10-07,15,19,17571.15
2025-10-08,15,15,14186.62
2025-10-09,15,32,30188.68
2025-10-10,15,19,18006.67
2025-10-11,15,17,15671.47
2025-10-12,15,14,13546.35
2025-10-13,15,20,18622.39
2025-10-14,15,20,18932.49
2025-10-15,15,30,28041.59
2025-10-16,15,17,16162.34
2025-10-17,15,27,25136.37
2025-10-18,15,17,15690.31
2025-10-19,15,8,7349.86
2025-10-20,15,25,23943.32
2025-10-21,15,21,19532.11
2025-10-22,15,19,17883.32
2025-10-23,15,27,25150.9
2025-10-24,15,17,15643.75
2025-10-25,15,21,19936.6
2025-10-26,15,7,6709.56
2025-10-27,15,16,14778.23
2025-10-28,15,25,22945.96
2025-10-29,15,19,17550.26
2025-10-30,15,22,21170.81
2025-10-31,15,18,16605.67
2025-11-01,15,24,22539.77
2025-11-02,15,9,8282.26
2025-11-03,15,25,24177.85
2025-11-04,15,28,25970.83
2025-11-05,15,34,31452.38
2025-11-06,15,24,23015.87
2025-11-07,15,34,32132.12
2025-11-08,15,28,27182.06
2025-11-09,15,9,8451.07
2025-11-10,15,14,12976.34
2025-11-11,15,16,15272.52
2025-11-12,15,19,17552.05
2025-11-13,15,30,28561.15
2025-11-14,15,19,18315.81
2025-11-15,15,25,23811.47
2025-11-16,15,15,14202.56
2025-11-17,15,34,32954.62
2025-11-18,15,24,22609.12
2025-11-19,15,29,26875.92
2025-11-20,15,25,23612.57
2025-11-21,15,32,30969.32
2025-11-22,15,10,9430.29
2025-11-23,15,12,11465.07
2025-11-24,15,27,25044.06
2025-11-25,15,27,24971.16
2025-11-26,15,23,21774.66
2025-11-27,15,23,22165.36
2025-11-28,15,16,14790.76
2025-11-29,15,11,10409.75
2025-11-30,15,14,13266.48
2025-12-01,15,31,29366.49
2025-12-02,15,27,25440.83
2025-12-03,15,32,30416.82
2025-12-04,15,27,25548.59
2025-12-05,15,39,35991.98
2025-12-06,15,27,25777.42
2025-12-07,15,8,7755.34
2025-12-08,15,27,25477.25
2025-12-09,15,17,15819.41
2025-12-10,15,26,24788.59
2025-12-11,15,22,20824.67
2025-12-12,15,24,22703.5
2025-12-13,15,25,23320.65
2025-12-14,15,18,16920.48
2025-12-15,15,26,25042.51
2025-12-16,15,35,32744.99
2025-12-17,15,22,20748.69
2025-12-18,15,34,31581.53
2025-12-19,15,21,19497.25
2025-12-20,15,16,14866.4
2025-12-21,15,13,12562.63
2025-12-22,15,31,30006.53
2025-12-23,15,28,27264.65
2025-12-24,15,37,34284.05
2025-12-25,15,36,33981.16
2025-12-26,15,29,27160.08
2025-12-27,15,29,26844.69
2025-12-28,15,11,10399.0
2025-12-29,15,31,29551.26
2025-12-30,15,33,31538.35
2025-12-31,15,32,30828.3
2026-01-01,15,22,21503.99
2026-01-02,15,16,15372.75
2026-01-03,15,21,19857.19
2026-01-04,15,10,9394.12
2026-01-05,15,7,6672.53
2026-01-06,15,26,24103.35
2026-01-07,15,21,20110.83
2026-01-08,15,29,27547.67
2026-01-09,15,12,11418.66
2026-01-10,15,9,8406.76
2026-01-11,15,9,8640.8
2026-01-12,15,16,15566.46
2026-01-13,15,19,18203.1
2026-01-14,15,14,12937.32
2026-01-15,15,19,17990.71
2026-01-16,15,19,17654.13
2026-01-17,15,25,24186.7
2026-01-18,15,7,6495.38
2026-01-19,15,23,21980.94
2026-01-20,15,16,15246.33
2026-01-21,15,9,8654.45
2026-01-22,15,15,14015.89
2026-01-23,15,23,22563.05
2026-01-24,15,19,17874.42
2026-01-25,15,8,7412.81
2026-01-26,15,26,24478.67
2026-01-27,15,18,17326.25
2026-01-28,15,23,21949.43
2026-01-29,15,25,23894.17
2026-01-30,15,23,21631.89
2026-01-31,15,14,13514.32
2026-02-01,15,9,8695.47
2026-02-02,15,15,14208.1
2026-02-03,15,23,22209.93
2026-02-04,15,25,24326.77
2026-02-05,15,21,19852.22
2026-02-06,15,13,12679.84
2026-02-07,15,8,7595.67
2026-02-08,15,9,8635.02
2026-02-09,15,16,14897.21
2026-02-10,15,31,29764.69
2026-02-11,15,21,19570.79
2026-02-12,15,13,12729.72
2026-02-13,15,18,17005.15
2026-02-14,15,14,13414.05
2026-02-15,15,5,4662.22
2026-02-16,15,13,12416.49
2026-02-17,15,19,18041.11
2026-02-18,15,25,23238.04
2026-02-19,15,19,17655.11
2026-02-20,15,21,20475.85
2026-02-21,15,23,22548.15
2026-02-22,15,11,10434.24
2026-02-23,15,12,11746.07
2026-02-24,15,22,21569.87
2026-02-25,15,15,14130.64
2026-02-26,15,24,22632.97
2026-02-27,15,22,20604.98
2026-02-28,15,21,19908.86
2026-03-01,15,8,7553.33
2026-03-02,15,17,16085.49
2026-03-03,15,33,31551.02
2026-03-04,15,13,12147.15
2026-03-05,15,24,22329.63
2026-03-06,15,23,22438.02
2026-03-07,15,17,15911.06
2026-03-08,15,12,11248.3
2026-03-09,15,19,17689.86
2026-03-10,15,20,19373.21
2026-03-11,15,31,29688.68
2026-03-12,15,24,23620.25
2026-03-13,15,15,14753.39
2026-03-14,15,18,16991.15
2026-03-15,15,9,8535.69
2026-03-16,15,18,17257.01
2026-03-17,15,41,38089.51
2026-03-18,15,20,19594.9
2026-03-19,15,20,18642.77
2026-03-20,15,22,21215.55
2026-03-21,15,19,17907.13
2026-03-22,15,13,12212.52
2026-03-23,15,24,23434.36
2026-03-24,15,21,20300.49
2026-03-25,15,19,18626.1
2026-03-26,15,21,19658.46
2026-03-27,15,24,22839.96
2026-03-28,15,15,14683.36
2026-03-29,15,12,11487.23
2026-03-30,15,25,24400.69
2026-03-31,15,21,20488.35
2026-04-01,15,15,14703.84
2026-04-02,15,21,20593.1
2026-04-03,15,31,29174.34
2026-04-04,15,19,17994.67
2026-04-05,15,8,7575.32
2026-04-06,15,24,23062.9
2026-04-07,15,16,15224.53
2026-04-08,15,18,17627.44
2026-04-09,15,20,18878.05
2026-04-10,15,25,24700.61
2026-04-11,15,18,17449.8
2026-04-12,15,10,9698.64
2026-04-13,15,19,17736.88
2026-04-14,15,25,24033.34
2026-04-15,15,29,28211.21
2026-04-16,15,30,28000.94
2026-04-17,15,25,23322.65
2026-04-18,15,25,23360.88
2026-04-19,15,7,6717.02
2026-04-20,15,18,16816.27
2026-04-21,15,23,21499.82
2026-04-22,15,17,16255.26
2026-04-23,15,21,19789.26
2026-04-24,15,33,31377.96
2026-04-25,15,26,25301.66
2026-04-26,15,20,19020.32
2026-04-27,15,20,19475.26
2026-04-28,15,33,31954.27
2026-04-29,15,29,28718.82
2026-04-30,15,25,24073.98
2026-05-01,15,27,26503.8
2026-05-02,15,28,26476.99
2026-05-03,15,16,15630.19
2026-05-04,15,25,24319.6
2026-05-05,15,20,19813.57
2026-05-06,15,27,25737.19
2026-05-07,15,33,31313.68
2026-05-08,15,30,29277.08
2026-05-09,15,18,16926.18
2026-05-10,15,10,9360.59
2026-05-11,15,20,18848.97
2026-05-12,15,27,26717.72
2026-05-13,15,29,27517.4
2026-05-14,15,48,46800.42
2026-05-15,15,18,17789.56
2026-05-16,15,21,20385.09
2026-05-17,15,12,11604.48
2026-05-18,15,36,35009.33
2026-05-19,15,28,26700.75
2026-05-20,15,29,27456.32
2026-05-21,15,23,22814.78
2026-05-22,15,22,21804.25
2026-05-23,15,20,19732.14
2026-05-24,15,10,9789.06
2026-05-25,15,23,21866.44
2026-05-26,15,22,21252.64
2026-05-27,15,19,18304.04
2026-05-28,15,24,23452.65
2026-05-29,15,26,25584.95
2026-05-30,15,30,28975.45
2026-05-31,15,16,15126.81
2026-06-01,15,28,27430.91
2026-06-02,15,33,31493.99
2026-06-03,15,31,29958.64
2026-06-04,15,34,33559.78
2026-06-05,15,32,30345.17
2026-06-06,15,26,24463.93
2026-06-07,15,14,13535.7
2026-06-08,15,25,24755.57
2026-06-09,15,30,28179.37
2026-06-10,15,40,38774.38
2026-06-11,15,38,37741.24
2026-06-12,15,30,28330.66
2026-06-13,15,27,25629.12
2026-06-14,15,7,6567.24
2026-06-15,15,36,35639.06
2026-06-16,15,31,30584.62
2026-06-17,15,29,28433.59
2026-06-18,15,26,24582.66
2026-06-19,15,37,35387.23
2026-06-20,15,22,20886.77
2026-06-21,15,18,17304.48
2026-06-22,15,27,26293.35
2026-06-23,15,25,23956.57
2026-06-24,15,26,24561.8
2026-06-25,15,35,33767.4
2026-06-26,15,34,33739.71
2026-06-27,15,34,33141.1
2026-06-28,15,8,7678.47
2026-06-29,15,31,30452.56
2026-06-30,15,34,33306.36
2026-07-01,15,39,37791.59
2026-07-02,15,27,25555.92
2026-07-03,15,28,27077.24
2026-07-04,15,39,38216.29
2026-07-05,15,29,28293.39
2026-07-06,15,32,30771.62
2026-07-07,15,28,27644.91
2026-07-08,15,37,36658.74
2026-07-09,15,29,28109.28
2026-07-10,15,33,31169.61
2026-07-11,15,25,24068.02
2026-07-12,15,14,13629.64
2026-07-13,15,33,31022.08
2026-07-14,15,42,40420.7
2026-07-15,15,38,37024.4
2026-07-16,15,39,37532.35
2026-07-17,15,28,26385.92
2026-07-18,15,25,23788.85
2026-07-19,15,9,8701.83
2026-07-20,15,24,22724.25
2026-07-21,15,27,26225.86
2026-07-22,15,15,14352.2
2026-07-23,15,23,22010.69
2026-07-24,15,37,35920.8
2026-07-25,15,29,27452.42
2026-07-26,15,14,13967.75
2026-07-27,15,44,43714.09
2026-07-28,15,28,27644.19
2026-07-29,15,78,74498.89
2026-07-30,15,31,30906.47
2026-07-31,15,32,31748.83
2026-08-01,15,25,24850.49
2026-08-02,15,16,15379.19
2026-08-03,15,26,24515.0
2026-08-04,15,28,27239.7
2026-08-05,15,29,27564.61
2026-08-06,15,33,31545.31
2026-08-07,15,29,27490.25
2026-08-08,15,19,18979.68
2026-08-09,15,16,15942.81
2026-08-10,15,34,32428.7
2026-08-11,15,32,31801.64
2026-08-12,15,22,20980.78
2026-08-13,15,25,24971.76
2026-08-14,15,21,20030.23
2026-08-15,15,17,16566.41
2026-08-16,15,11,10380.04
2026-08-17,15,29,27942.67
2026-08-18,15,32,30822.9
2026-08-19,15,39,38761.34
2026-08-20,15,22,21891.53
2026-08-21,15,20,19426.49
2026-08-22,15,25,24352.63
2026-08-23,15,13,12420.08
2026-08-24,15,28,26437.89
2026-08-25,15,32,30621.24
2026-08-26,15,16,15664.15
2026-08-27,15,33,32152.99
2026-08-28,15,22,20887.67
2026-08-29,15,20,18976.73
2026-08-30,15,21,20584.91
2026-08-31,15,30,28589.87
2026-09-01,15,30,29602.25
2026-09-02,15,23,22978.94
2026-09-03,15,30,28767.98
2026-09-04,15,27,26267.05
2026-09-05,15,20,18988.71
2026-09-06,15,18,17448.31
2026-09-07,15,33,32513.2
2026-09-08,15,27,26846.21
2026-09-09,15,39,37129.95
2026-09-10,15,24,24010.09
2026-09-11,15,23,21908.14
2026-09-12,15,18,17100.44
2026-09-13,15,11,10679.61
2026-09-14,15,23,22927.28
2026-09-15,15,23,21774.9
2026-09-16,15,25,24655.69
2026-09-17,15,15,14595.45
2026-09-18,15,17,16362.83
2026-09-19,15,18,17398.05
2026-09-20,15,12,11489.13
2026-09-21,15,19,18580.79
2026-09-22,15,21,20410.99
2026-09-23,15,17,16586.41
2026-09-24,15,29,27481.05
2026-09-25,15,23,22057.54
2026-09-26,15,21,20886.41
2026-09-27,15,17,16921.81
2026-09-28,15,20,19653.39
2026-09-29,15,32,31688.47
2026-09-30,15,33,32945.85
2023-10-01,16,11,4912.61
2023-10-02,16,44,19964.05
2023-10-03,16,38,17245.18
2023-10-04,16,45,19507.75
2023-10-05,16,41,17564.15
2023-10-06,16,34,14603.79
2023-10-07,16,27,11640.43
2023-10-08,16,13,5885.07
2023-10-09,16,39,17010.27
2023-10-10,16,35,15875.76
2023-10-11,16,28,12673.05
2023-10-12,16,26,11685.79
2023-10-13,16,36,15914.16
2023-10-14,16,30,13516.28
2023-10-15,16,18,8121.56
2023-10-16,16,31,13291.52
2023-10-17,16,25,10913.13
2023-10-18,16,31,13356.07
2023-10-19,16,37,16800.05
2023-10-20,16,49,21058.8
2023-10-21,16,25,10793.87
2023-10-22,16,21,9514.31
2023-10-23,16,29,12757.42
2023-10-24,16,26,11264.31
2023-10-25,16,32,14214.07
2023-10-26,16,31,13778.8
2023-10-27,16,44,18955.01
2023-10-28,16,32,14407.43
2023-10-29,16,15,6825.87
2023-10-30,16,46,20223.13
2023-10-31,16,20,8631.61
2023-11-01,16,46,20877.43
2023-11-02,16,26,11487.24
2023-11-03,16,34,14894.98
2023-11-04,16,36,16219.4
2023-11-05,16,4,1778.22
2023-11-06,16,37,16695.96
2023-11-07,16,42,18301.19
2023-11-08,16,32,14350.0
2023-11-09,16,24,10370.01
2023-11-10,16,45,19481.4
2023-11-11,16,18,7765.2
2023-11-12,16,13,5609.39
2023-11-13,16,31,13445.74
2023-11-14,16,27,12007.83
2023-11-15,16,42,18205.13
2023-11-16,16,37,16491.1
2023-11-17,16,23,10346.45
2023-11-18,16,30,13070.02
2023-11-19,16,25,11333.22
2023-11-20,16,34,15484.19
2023-11-21,16,32,14332.39
2023-11-22,16,32,14141.69
2023-11-23,16,32,13951.84
2023-11-24,16,40,17389.46
2023-11-25,16,24,10514.9
2023-11-26,16,25,10780.82
2023-11-27,16,40,18144.85
2023-11-28,16,24,10759.88
2023-11-29,16,41,18232.48
2023-11-30,16,31,13508.54
2023-12-01,16,25,11320.36
2023-12-02,16,34,14739.66
2023-12-03,16,19,8475.26
2023-12-04,16,49,22328.81
2023-12-05,16,32,13806.19
2023-12-06,16,26,11556.44
2023-12-07,16,49,22303.38
2023-12-08,16,43,19462.56
2023-12-09,16,37,15983.18
2023-12-10,16,20,8758.16
2023-12-11,16,56,24388.11
2023-12-12,16,41,18560.73
2023-12-13,16,29,12683.35
2023-12-14,16,51,23258.03
2023-12-15,16,36,16168.98
2023-12-16,16,38,16701.76
2023-12-17,16,16,6929.55
2023-12-18,16,46,19990.3
2023-12-19,16,49,22344.81
2023-12-20,16,43,18712.2
2023-12-21,16,49,21836.44
2023-12-22,16,41,18528.2
2023-12-23,16,30,13431.21
2023-12-24,16,19,8341.65
2023-12-25,16,44,20134.82
2023-12-26,16,44,19584.2
2023-12-27,16,32,14157.66
2023-12-28,16,48,21576.56
2023-12-29,16,41,17761.03
2023-12-30,16,48,21286.03
2023-12-31,16,15,6601.88
2024-01-01,16,23,10312.03
2024-01-02,16,30,13058.95
2024-01-03,16,28,12533.87
2024-01-04,16,20,9160.41
2024-01-05,16,35,15830.52
2024-01-06,16,28,12696.99
2024-01-07,16,14,6169.15
2024-01-08,16,31,13965.74
2024-01-09,16,25,11111.92
2024-01-10,16,30,13403.57
2024-01-11,16,32,14469.84
2024-01-12,16,31,13673.73
2024-01-13,16,20,9069.01
2024-01-14,16,10,4379.78
2024-01-15,16,32,14466.99
2024-01-16,16,28,12337.52
2024-01-17,16,26,11268.88
2024-01-18,16,22,10095.44
2024-01-19,16,30,13749.64
2024-01-20,16,10,4385.6
2024-01-21,16,21,9598.65
2024-01-22,16,33,14640.29
2024-01-23,16,26,11493.26
2024-01-24,16,26,11528.23
2024-01-25,16,25,11467.2
2024-01-26,16,26,11965.26
2024-01-27,16,25,10924.92
2024-01-28,16,18,7866.46
2024-01-29,16,32,14419.62
2024-01-30,16,29,12786.13
2024-01-31,16,29,13198.97
2024-02-01,16,29,12577.57
2024-02-02,16,21,9345.52
2024-02-03,16,23,10384.83
2024-02-04,16,15,6865.24
2024-02-05,16,27,11881.63
2024-02-06,16,26,11776.89
2024-02-07,16,37,16811.54
2024-02-08,16,21,9638.21
2024-02-09,16,25,11057.57
2024-02-10,16,30,13665.1
2024-02-11,16,18,7877.97
2024-02-12,16,26,11673.05
2024-02-13,16,33,15051.78
2024-02-14,16,25,11157.68
2024-02-15,16,26,11749.67
2024-02-16,16,38,17105.98
2024-02-17,16,23,10030.85
2024-02-18,16,14,6325.99
2024-02-19,16,30,13192.32
2024-02-20,16,36,16156.65
2024-02-21,16,27,11924.57
2024-02-22,16,22,9581.03
2024-02-23,16,27,12401.82
2024-02-24,16,20,9207.6
2024-02-25,16,9,4148.84
2024-02-26,16,27,12454.81
2024-02-27,16,30,13738.92
2024-02-28,16,38,16974.5
2024-02-29,16,34,15569.24
2024-03-01,16,32,14133.47
2024-03-02,16,24,10971.5
2024-03-03,16,18,7946.91
2024-03-04,16,34,15521.75
2024-03-05,16,37,16516.19
2024-03-06,16,19,8624.7
2024-03-07,16,34,14818.16
2024-03-08,16,24,10609.79
2024-03-09,16,41,18058.24
2024-03-10,16,17,7856.64
2024-03-11,16,39,17049.15
2024-03-12,16,21,9429.12
2024-03-13,16,41,18421.49
2024-03-14,16,46,20859.99
2024-03-15,16,39,17368.95
2024-03-16,16,16,7083.51
2024-03-17,16,20,8962.45
2024-03-18,16,29,13168.06
2024-03-19,16,37,17085.15
2024-03-20,16,20,9066.64
2024-03-21,16,30,13639.14
2024-03-22,16,27,11837.99
2024-03-23,16,22,10070.87
2024-03-24,16,8,3654.33
2024-03-25,16,39,17218.0
2024-03-26,16,38,16799.74
2024-03-27,16,34,15052.26
2024-03-28,16,32,14702.75
2024-03-29,16,26,11514.49
2024-03-30,16,13,5802.64
2024-03-31,16,10,4408.71
2024-04-01,16,37,16629.77
2024-04-02,16,46,21249.77
2024-04-03,16,33,14901.04
2024-04-04,16,23,10126.51
2024-04-05,16,29,12923.24
2024-04-06,16,23,10418.47
2024-04-07,16,20,9267.98
2024-04-08,16,49,21751.49
2024-04-09,16,44,19855.61
2024-04-10,16,32,14058.58
2024-04-11,16,29,13379.72
2024-04-12,16,40,18451.9
2024-04-13,16,27,12029.76
2024-04-14,16,22,9996.45
2024-04-15,16,31,13696.5
2024-04-16,16,42,18726.2
2024-04-17,16,34,15488.52
2024-04-18,16,25,11079.22
2024-04-19,16,35,16147.38
2024-04-20,16,20,9262.28
2024-04-21,16,15,6566.35
2024-04-22,16,47,21571.4
2024-04-23,16,47,20707.72
2024-04-24,16,46,20767.61
2024-04-25,16,31,14377.17
2024-04-26,16,27,12442.33
2024-04-27,16,47,21832.05
2024-04-28,16,13,5931.22
2024-04-29,16,29,13064.01
2024-04-30,16,33,14979.41
2024-05-01,16,43,19685.9
2024-05-02,16,49,22765.8
2024-05-03,16,45,20100.07
2024-05-04,16,43,19145.42
2024-05-05,16,15,6915.71
2024-05-06,16,35,15491.2
2024-05-07,16,36,16124.22
2024-05-08,16,46,21400.54
2024-05-09,16,75,33130.33
2024-05-10,16,36,16561.65
2024-05-11,16,39,17543.51
2024-05-12,16,16,7346.59
2024-05-13,16,40,17746.29
2024-05-14,16,43,19192.01
2024-05-15,16,29,13131.41
2024-05-16,16,43,19206.83
2024-05-17,16,52,23510.1
2024-05-18,16,27,12393.01
2024-05-19,16,15,6736.31
2024-05-20,16,44,20061.06
2024-05-21,16,35,15805.25
2024-05-22,16,43,19974.14
2024-05-23,16,40,18337.73
2024-05-24,16,40,17762.35
2024-05-25,16,38,17375.03
2024-05-26,16,31,14268.69
2024-05-27,16,45,20884.19
2024-05-28,16,46,21286.17
2024-05-29,16,40,18371.23
2024-05-30,16,43,19015.07
2024-05-31,16,41,18370.55
2024-06-01,16,44,20435.2
2024-06-02,16,37,16609.49
2024-06-03,16,41,18056.71
2024-06-04,16,41,18440.9
2024-06-05,16,39,17451.58
2024-06-06,16,48,22363.15
2024-06-07,16,54,24723.28
2024-06-08,16,60,26571.12
2024-06-09,16,21,9359.01
2024-06-10,16,40,18365.04
2024-06-11,16,53,23771.68
2024-06-12,16,50,22540.48
2024-06-13,16,49,22251.07
2024-06-14,16,53,24151.47
2024-06-15,16,32,14532.96
2024-06-16,16,32,14927.77
2024-06-17,16,49,22700.45
2024-06-18,16,54,25219.83
2024-06-19,16,49,22289.25
2024-06-20,16,40,18649.03
2024-06-21,16,41,18898.89
2024-06-22,16,35,15430.59
2024-06-23,16,29,13091.49
2024-06-24,16,53,24197.46
2024-06-25,16,63,28940.35
2024-06-26,16,54,23803.31
2024-06-27,16,44,19779.56
2024-06-28,16,56,25697.34
2024-06-29,16,61,27804.58
2024-06-30,16,13,5860.62
2024-07-01,16,60,27387.69
2024-07-02,16,71,32709.53
2024-07-03,16,61,27794.84
2024-07-04,16,52,23140.83
2024-07-05,16,49,22876.06
2024-07-06,16,44,20305.98
2024-07-07,16,23,10661.63
2024-07-08,16,53,23899.17
2024-07-09,16,61,27722.01
2024-07-10,16,46,21424.86
2024-07-11,16,75,33686.94
2024-07-12,16,75,34939.84
2024-07-13,16,37,16488.26
2024-07-14,16,23,10561.0
2024-07-15,16,47,21469.86
2024-07-16,16,45,20783.87
2024-07-17,16,50,22156.26
2024-07-18,16,35,16072.6
2024-07-19,16,58,26369.65
2024-07-20,16,41,18131.96
2024-07-21,16,24,10683.63
2024-07-22,16,55,25252.77
2024-07-23,16,49,22101.07
2024-07-24,16,40,18188.56
2024-07-25,16,52,23825.65
2024-07-26,16,57,26408.94
2024-07-27,16,49,21727.67
2024-07-28,16,25,11235.05
2024-07-29,16,60,27767.17
2024-07-30,16,49,22933.85
2024-07-31,16,57,25664.76
2024-08-01,16,38,17621.51
2024-08-02,16,63,28070.28
2024-08-03,16,47,21535.87
2024-08-04,16,23,10473.35
2024-08-05,16,44,20584.11
2024-08-06,16,36,15995.67
2024-08-07,16,38,17031.74
2024-08-08,16,40,17893.69
2024-08-09,16,46,21263.5
2024-08-10,16,40,18484.24
2024-08-11,16,24,10801.11
2024-08-12,16,42,19039.62
2024-08-13,16,71,31981.39
2024-08-14,16,50,23195.02
2024-08-15,16,65,30365.3
2024-08-16,16,54,24983.41
2024-08-17,16,46,20783.49
2024-08-18,16,21,9487.05
2024-08-19,16,50,23382.08
2024-08-20,16,50,23253.72
2024-08-21,16,31,14143.42
2024-08-22,16,46,20437.43
2024-08-23,16,40,18361.19
2024-08-24,16,39,18153.14
2024-08-25,16,13,5988.24
2024-08-26,16,52,23136.33
2024-08-27,16,54,24088.8
2024-08-28,16,53,23920.29
2024-08-29,16,38,17303.23
2024-08-30,16,61,27217.76
2024-08-31,16,45,20555.23
2024-09-01,16,16,7189.93
2024-09-02,16,39,17636.67
2024-09-03,16,42,19613.43
2024-09-04,16,34,15436.55
2024-09-05,16,39,18204.58
2024-09-06,16,29,13295.79
2024-09-07,16,41,18651.58
2024-09-08,16,12,5372.59
2024-09-09,16,37,17087.37
2024-09-10,16,35,16110.43
2024-09-11,16,29,12999.95
2024-09-12,16,37,16604.35
2024-09-13,16,38,16903.82
2024-09-14,16,27,12536.1
2024-09-15,16,17,7634.29
2024-09-16,16,33,14857.17
2024-09-17,16,45,20309.29
2024-09-18,16,46,20576.21
2024-09-19,16,31,14273.55
2024-09-20,16,39,18014.16
2024-09-21,16,44,19733.3
2024-09-22,16,13,6088.55
2024-09-23,16,39,18124.86
2024-09-24,16,32,15000.24
2024-09-25,16,48,22418.07
2024-09-26,16,39,18294.89
2024-09-27,16,52,23768.5
2024-09-28,16,23,10770.56
2024-09-29,16,15,6818.39
2024-09-30,16,33,14715.21
2024-10-01,16,49,21989.34
2024-10-02,16,26,11824.91
2024-10-03,16,40,18714.22
2024-10-04,16,47,21212.08
2024-10-05,16,26,12071.24
2024-10-06,16,11,5134.36
2024-10-07,16,36,16441.61
2024-10-08,16,59,27670.52
2024-10-09,16,39,17871.44
2024-10-10,16,32,14577.31
2024-10-11,16,31,14347.5
2024-10-12,16,37,17455.48
2024-10-13,16,23,10725.3
2024-10-14,16,29,13527.57
2024-10-15,16,34,15975.55
2024-10-16,16,34,15826.35
2024-10-17,16,29,13512.9
2024-10-18,16,31,14239.87
2024-10-19,16,33,14754.27
2024-10-20,16,14,6548.54
2024-10-21,16,39,18379.31
2024-10-22,16,43,19956.71
2024-10-23,16,36,16465.82
2024-10-24,16,24,11071.0
2024-10-25,16,30,13888.45
2024-10-26,16,35,15625.11
2024-10-27,16,18,8089.97
2024-10-28,16,42,19201.74
2024-10-29,16,34,15864.45
2024-10-30,16,36,16966.54
2024-10-31,16,29,13177.73
2024-11-01,16,40,18808.17
2024-11-02,16,21,9777.46
2024-11-03,16,7,3262.88
2024-11-04,16,34,15493.01
2024-11-05,16,31,14391.83
2024-11-06,16,44,20322.3
2024-11-07,16,25,11382.94
2024-11-08,16,40,18237.27
2024-11-09,16,32,14890.14
2024-11-10,16,16,7444.97
2024-11-11,16,39,18297.83
2024-11-12,16,27,12802.42
2024-11-13,16,30,13711.09
2024-11-14,16,46,20930.92
2024-11-15,16,49,23177.22
2024-11-16,16,30,13711.15
2024-11-17,16,18,8384.08
2024-11-18,16,46,20594.22
2024-11-19,16,18,8094.97
2024-11-20,16,40,18090.39
2024-11-21,16,31,14013.19
2024-11-22,16,33,15001.19
2024-11-23,16,21,9974.2
2024-11-24,16,14,6637.91
2024-11-25,16,37,16876.89
2024-11-26,16,44,20477.52
2024-11-27,16,34,15441.05
2024-11-28,16,33,14814.84
2024-11-29,16,36,16824.21
2024-11-30,16,39,18269.94
2024-12-01,16,23,10913.09
2024-12-02,16,53,25053.78
2024-12-03,16,27,12838.87
2024-12-04,16,35,15813.45
2024-12-05,16,42,19019.74
2024-12-06,16,34,16059.31
2024-12-07,16,39,17846.98
2024-12-08,16,17,7995.29
2024-12-09,16,46,21345.94
2024-12-10,16,45,20261.02
2024-12-11,16,55,26075.37
2024-12-12,16,34,15994.7
2024-12-13,16,44,20277.81
2024-12-14,16,40,19038.82
2024-12-15,16,18,8173.99
2024-12-16,16,42,18852.57
2024-12-17,16,41,18639.24
2024-12-18,16,54,25320.18
2024-12-19,16,36,16724.17
2024-12-20,16,34,15296.42
2024-12-21,16,36,16927.43
2024-12-22,16,18,8254.11
2024-12-23,16,53,23842.13
2024-12-24,16,47,22181.35
2024-12-25,16,44,20500.62
2024-12-26,16,38,17079.96
2024-12-27,16,36,17160.5
2024-12-28,16,44,20157.1
2024-12-29,16,19,8790.99
2024-12-30,16,46,21069.55
2024-12-31,16,43,19545.58
2025-01-01,16,30,14248.78
2025-01-02,16,33,15421.19
2025-01-03,16,29,13201.34
2025-01-04,16,24,11025.75
2025-01-05,16,18,8547.92
2025-01-06,16,27,12782.69
2025-01-07,16,35,15913.33
2025-01-08,16,33,15579.74
2025-01-09,16,29,13208.68
2025-01-10,16,25,11473.28
2025-01-11,16,26,12214.33
2025-01-12,16,20,9251.99
2025-01-13,16,28,12734.79
2025-01-14,16,37,17095.54
2025-01-15,16,44,19935.87
2025-01-16,16,34,15825.72
2025-01-17,16,22,10213.14
2025-01-18,16,35,16399.99
2025-01-19,16,16,7218.44
2025-01-20,16,36,16940.63
2025-01-21,16,33,15505.42
2025-01-22,16,35,15832.45
2025-01-23,16,25,11826.92
2025-01-24,16,28,12950.67
2025-01-25,16,41,19504.24
2025-01-26,16,22,10387.39
2025-01-27,16,34,15638.81
2025-01-28,16,42,20046.09
2025-01-29,16,36,16872.88
2025-01-30,16,31,14194.09
2025-01-31,16,36,16993.13
2025-02-01,16,26,11863.44
2025-02-02,16,9,4145.82
2025-02-03,16,23,10980.33
2025-02-04,16,29,13785.13
2025-02-05,16,28,12638.78
2025-02-06,16,35,16734.42
2025-02-07,16,41,19319.78
2025-02-08,16,41,19121.93
2025-02-09,16,16,7551.08
2025-02-10,16,24,11037.34
2025-02-11,16,30,14064.48
2025-02-12,16,27,12413.11
2025-02-13,16,44,20145.72
2025-02-14,16,43,19845.53
2025-02-15,16,40,18410.63
2025-02-16,16,15,6886.65
2025-02-17,16,27,12270.84
2025-02-18,16,35,15983.02
2025-02-19,16,40,18475.11
2025-02-20,16,45,21427.93
2025-02-21,16,27,12384.03
2025-02-22,16,32,14627.08
2025-02-23,16,14,6533.91
2025-02-24,16,24,11302.34
2025-02-25,16,38,17916.41
2025-02-26,16,17,7863.24
2025-02-27,16,26,11783.85
2025-02-28,16,37,17127.77
2025-03-01,16,23,10694.92
2025-03-02,16,8,3656.73
2025-03-03,16,32,15259.23
2025-03-04,16,31,14228.69
2025-03-05,16,29,13461.17
2025-03-06,16,38,17874.39
2025-03-07,16,35,16452.03
2025-03-08,16,47,22528.41
2025-03-09,16,17,7923.67
2025-03-10,16,37,17056.75
2025-03-11,16,28,12992.39
2025-03-12,16,43,20152.56
2025-03-13,16,36,16720.7
2025-03-14,16,42,19294.99
2025-03-15,16,24,10868.56
2025-03-16,16,14,6639.8
2025-03-17,16,34,15713.49
2025-03-18,16,33,15574.99
2025-03-19,16,29,13726.04
2025-03-20,16,34,15913.28
2025-03-21,16,40,19139.83
2025-03-22,16,38,18275.59
2025-03-23,16,18,8389.26
2025-03-24,16,42,20008.15
2025-03-25,16,39,18620.1
2025-03-26,16,47,21368.93
2025-03-27,16,27,12956.83
2025-03-28,16,38,17807.14
2025-03-29,16,14,6482.2
2025-03-30,16,22,10357.28
2025-03-31,16,39,18239.51
2025-04-01,16,32,15368.57
2025-04-02,16,38,17495.01
2025-04-03,16,31,14588.57
2025-04-04,16,32,14629.99
2025-04-05,16,33,15120.72
2025-04-06,16,11,5016.38
2025-04-07,16,52,24317.04
2025-04-08,16,37,17562.73
2025-04-09,16,45,21292.33
2025-04-10,16,29,13239.56
2025-04-11,16,47,22292.72
2025-04-12,16,32,14818.27
2025-04-13,16,17,7933.1
2025-04-14,16,50,23809.42
2025-04-15,16,44,20716.66
2025-04-16,16,42,19961.47
2025-04-17,16,49,22990.46
2025-04-18,16,37,17050.47
2025-04-19,16,25,11895.29
2025-04-20,16,8,3759.86
2025-04-21,16,36,17000.52
2025-04-22,16,47,21532.84
2025-04-23,16,27,12697.95
2025-04-24,16,35,16364.24
2025-04-25,16,36,16744.24
2025-04-26,16,44,21026.7
2025-04-27,16,17,8067.37
2025-04-28,16,50,23544.44
2025-04-29,16,33,15839.78
2025-04-30,16,43,20741.72
2025-05-01,16,52,24332.97
2025-05-02,16,43,20229.51
2025-05-03,16,35,16324.63
2025-05-04,16,20,9346.62
2025-05-05,16,42,20287.92
2025-05-06,16,53,25342.31
2025-05-07,16,82,37959.62
2025-05-08,16,59,27108.95
2025-05-09,16,55,25702.27
2025-05-10,16,30,13928.5
2025-05-11,16,27,12338.49
2025-05-12,16,33,15087.31
2025-05-13,16,55,25697.23
2025-05-14,16,40,19050.62
2025-05-15,16,34,16039.15
2025-05-16,16,33,15295.73
2025-05-17,16,36,16927.68
2025-05-18,16,23,10811.66
2025-05-19,16,41,18719.61
2025-05-20,16,44,20643.48
2025-05-21,16,63,29333.2
2025-05-22,16,48,22705.5
2025-05-23,16,51,24112.26
2025-05-24,16,40,19275.15
2025-05-25,16,17,8045.19
2025-05-26,16,37,17647.59
2025-05-27,16,54,24686.21
2025-05-28,16,45,20793.28
2025-05-29,16,44,21053.22
2025-05-30,16,47,22570.68
2025-05-31,16,42,19241.13
2025-06-01,16,20,9605.46
2025-06-02,16,39,18219.47
2025-06-03,16,51,24705.21
2025-06-04,16,62,29309.68
2025-06-05,16,37,17107.68
2025-06-06,16,71,33144.68
2025-06-07,16,46,22179.76
2025-06-08,16,29,13286.6
2025-06-09,16,43,20089.68
2025-06-10,16,60,28813.98
2025-06-11,16,37,17295.85
2025-06-12,16,56,25785.03
2025-06-13,16,61,27897.17
2025-06-14,16,44,20509.58
2025-06-15,16,29,14050.7
2025-06-16,16,41,19536.44
2025-06-17,16,62,29824.81
2025-06-18,16,42,19508.19
2025-06-19,16,39,17954.25
2025-06-20,16,70,32546.61
2025-06-21,16,54,25587.88
2025-06-22,16,17,8171.62
2025-06-23,16,50,23697.66
2025-06-24,16,45,21639.46
2025-06-25,16,56,25901.45
2025-06-26,16,44,20375.86
2025-06-27,16,61,29102.96
2025-06-28,16,42,19342.99
2025-06-29,16,37,17064.73
2025-06-30,16,63,29011.59
2025-07-01,16,61,28165.39
2025-07-02,16,59,27767.15
2025-07-03,16,61,28416.48
2025-07-04,16,57,26648.08
2025-07-05,16,78,37416.58
2025-07-06,16,40,18639.12
2025-07-07,16,65,29917.15
2025-07-08,16,51,23997.53
2025-07-09,16,65,31182.66
2025-07-10,16,63,30211.78
2025-07-11,16,65,30465.85
2025-07-12,16,52,24402.21
2025-07-13,16,32,15012.14
2025-07-14,16,51,24498.42
2025-07-15,16,68,31759.89
2025-07-16,16,63,29151.43
2025-07-17,16,77,35411.32
2025-07-18,16,64,30751.2
2025-07-19,16,53,24854.52
2025-07-20,16,24,11025.45
2025-07-21,16,57,27183.25
2025-07-22,16,50,23996.11
2025-07-23,16,54,26161.68
2025-07-24,16,71,33978.77
2025-07-25,16,62,29904.08
2025-07-26,16,43,20412.22
2025-07-27,16,24,11356.54
2025-07-28,16,50,23954.46
2025-07-29,16,60,27886.18
2025-07-30,16,53,25375.08
2025-07-31,16,50,23722.13
2025-08-01,16,56,26874.85
2025-08-02,16,60,27717.21
2025-08-03,16,29,13907.07
2025-08-04,16,63,30725.47
2025-08-05,16,67,31795.07
2025-08-06,16,50,23052.92
2025-08-07,16,62,30107.64
2025-08-08,16,48,22966.83
2025-08-09,16,46,22383.03
2025-08-10,16,23,10943.09
2025-08-11,16,61,29174.89
2025-08-12,16,34,16431.04
2025-08-13,16,41,18924.42
2025-08-14,16,52,24971.17
2025-08-15,16,59,27731.12
2025-08-16,16,42,20456.45
2025-08-17,16,25,11648.26
2025-08-18,16,65,30353.38
2025-08-19,16,38,17626.61
2025-08-20,16,38,17978.35
2025-08-21,16,41,19725.72
2025-08-22,16,38,18299.33
2025-08-23,16,42,20341.24
2025-08-24,16,29,13451.83
2025-08-25,16,47,22411.53
2025-08-26,16,63,30412.53
2025-08-27,16,38,17669.27
2025-08-28,16,43,20210.72
2025-08-29,16,50,23406.48
2025-08-30,16,37,17939.66
2025-08-31,16,31,14662.97
2025-09-01,16,42,20242.69
2025-09-02,16,41,19025.87
2025-09-03,16,39,18870.17
2025-09-04,16,39,18889.33
2025-09-05,16,30,14175.27
2025-09-06,16,44,20309.16
2025-09-07,16,26,12323.55
2025-09-08,16,50,23471.12
2025-09-09,16,59,27711.89
2025-09-10,16,56,26701.43
2025-09-11,16,44,21418.31
2025-09-12,16,49,23518.53
2025-09-13,16,32,15480.85
2025-09-14,16,23,10698.51
2025-09-15,16,55,25636.8
2025-09-16,16,39,18933.49
2025-09-17,16,32,15604.73
2025-09-18,16,35,16943.2
2025-09-19,16,47,22103.17
2025-09-20,16,33,15740.38
2025-09-21,16,13,6265.58
2025-09-22,16,37,17135.78
2025-09-23,16,34,16296.83
2025-09-24,16,42,20214.96
2025-09-25,16,43,20808.31
2025-09-26,16,46,22070.28
2025-09-27,16,24,11650.36
2025-09-28,16,21,10248.35
2025-09-29,16,60,28331.25
2025-09-30,16,49,23482.78
2025-10-01,16,46,22306.02
2025-10-02,16,58,28263.03
2025-10-03,16,44,20849.02
2025-10-04,16,39,19088.33
2025-10-05,16,23,11087.84
2025-10-06,16,24,11768.33
2025-10-07,16,24,11526.92
2025-10-08,16,37,18161.77
2025-10-09,16,35,17086.27
2025-10-10,16,32,15229.34
2025-10-11,16,34,15997.74
2025-10-12,16,17,8219.88
2025-10-13,16,39,18598.45
2025-10-14,16,51,23808.26
2025-10-15,16,30,14085.98
2025-10-16,16,39,18682.39
2025-10-17,16,39,19073.09
2025-10-18,16,47,22744.33
2025-10-19,16,19,8936.59
2025-10-20,16,39,18242.96
2025-10-21,16,35,17033.13
2025-10-22,16,34,16478.34
2025-10-23,16,35,16388.71
2025-10-24,16,42,20387.97
2025-10-25,16,36,17605.88
2025-10-26,16,22,10572.47
2025-10-27,16,49,23343.78
2025-10-28,16,43,20579.11
2025-10-29,16,46,22319.71
2025-10-30,16,47,23032.73
2025-10-31,16,46,21446.69
2025-11-01,16,38,17695.33
2025-11-02,16,19,8832.87
2025-11-03,16,50,23397.64
2025-11-04,16,59,27388.9
2025-11-05,16,56,27572.91
2025-11-06,16,50,23688.97
2025-11-07,16,35,16735.55
2025-11-08,16,37,17888.61
2025-11-09,16,17,8224.38
2025-11-10,16,43,21068.51
2025-11-11,16,32,15227.23
2025-11-12,16,35,16748.01
2025-11-13,16,48,22768.46
2025-11-14,16,44,20748.65
2025-11-15,16,37,17428.67
2025-11-16,16,22,10440.14
2025-11-17,16,33,15776.51
2025-11-18,16,37,17704.24
2025-11-19,16,29,13748.16
2025-11-20,16,46,21435.59
2025-11-21,16,38,18634.28
2025-11-22,16,31,14747.3
2025-11-23,16,21,9981.78
2025-11-24,16,43,20562.99
2025-11-25,16,47,22749.51
2025-11-26,16,34,16602.3
2025-11-27,16,54,26294.81
2025-11-28,16,51,24128.64
2025-11-29,16,38,18014.42
2025-11-30,16,10,4889.56
2025-12-01,16,55,25877.15
2025-12-02,16,47,22179.23
2025-12-03,16,48,22363.27
2025-12-04,16,39,18250.61
2025-12-05,16,57,27343.91
2025-12-06,16,43,20130.55
2025-12-07,16,31,15090.99
2025-12-08,16,52,24264.44
2025-12-09,16,77,37482.21
2025-12-10,16,51,24269.85
2025-12-11,16,42,20349.53
2025-12-12,16,59,28771.88
2025-12-13,16,49,24180.92
2025-12-14,16,21,10113.77
2025-12-15,16,50,24715.33
2025-12-16,16,52,24687.06
2025-12-17,16,59,27751.78
2025-12-18,16,43,20422.03
2025-12-19,16,57,28120.57
2025-12-20,16,39,19115.85
2025-12-21,16,26,12783.54
2025-12-22,16,47,22431.06
2025-12-23,16,35,16636.95
2025-12-24,16,43,20710.44
2025-12-25,16,35,17020.05
2025-12-26,16,56,26964.87
2025-12-27,16,35,16377.92
2025-12-28,16,34,15860.01
2025-12-29,16,46,22285.03
2025-12-30,16,55,27218.67
2025-12-31,16,42,19842.49
2026-01-01,16,38,18346.93
2026-01-02,16,28,13776.58
2026-01-03,16,33,15694.41
2026-01-04,16,17,8317.19
2026-01-05,16,37,18060.83
2026-01-06,16,60,28991.85
2026-01-07,16,39,18457.65
2026-01-08,16,40,19286.54
2026-01-09,16,38,17900.41
2026-01-10,16,26,12440.84
2026-01-11,16,15,7403.82
2026-01-12,16,29,13741.49
2026-01-13,16,41,19257.53
2026-01-14,16,42,20680.82
2026-01-15,16,28,13132.03
2026-01-16,16,32,15225.95
2026-01-17,16,30,14631.84
2026-01-18,16,10,4857.5
2026-01-19,16,42,20553.13
2026-01-20,16,30,14528.19
2026-01-21,16,34,16291.79
2026-01-22,16,23,11320.08
2026-01-23,16,26,12799.68
2026-01-24,16,19,9255.63
2026-01-25,16,20,9711.3
2026-01-26,16,49,24023.35
2026-01-27,16,27,13354.93
2026-01-28,16,36,17326.72
2026-01-29,16,47,23177.3
2026-01-30,16,36,17248.51
2026-01-31,16,36,17124.93
2026-02-01,16,12,5905.34
2026-02-02,16,33,16093.77
2026-02-03,16,34,16377.65
2026-02-04,16,34,16553.89
2026-02-05,16,31,15048.5
2026-02-06,16,30,14223.98
2026-02-07,16,34,16066.61
2026-02-08,16,16,7574.01
2026-02-09,16,27,13357.49
2026-02-10,16,38,18274.95
2026-02-11,16,35,16693.65
2026-02-12,16,35,17343.49
2026-02-13,16,40,18887.51
2026-02-14,16,32,15219.07
2026-02-15,16,13,6327.44
2026-02-16,16,26,12467.88
2026-02-17,16,33,16201.88
2026-02-18,16,28,13421.92
2026-02-19,16,37,18029.37
2026-02-20,16,41,19397.38
2026-02-21,16,28,13774.56
2026-02-22,16,26,12372.78
2026-02-23,16,41,19710.68
2026-02-24,16,20,9596.1
2026-02-25,16,34,16617.09
2026-02-26,16,38,18837.12
2026-02-27,16,42,19764.72
2026-02-28,16,41,19422.44
2026-03-01,16,25,12091.91
2026-03-02,16,50,23556.2
2026-03-03,16,41,19969.69
2026-03-04,16,46,22863.34
2026-03-05,16,47,22240.31
2026-03-06,16,40,18942.73
2026-03-07,16,32,15673.95
2026-03-08,16,20,9908.79
2026-03-09,16,46,22600.7
2026-03-10,16,25,12338.92
2026-03-11,16,37,17500.62
2026-03-12,16,46,22613.43
2026-03-13,16,37,18076.74
2026-03-14,16,40,18832.74
2026-03-15,16,18,8950.88
2026-03-16,16,41,20297.56
2026-03-17,16,43,20244.13
2026-03-18,16,28,13198.59
2026-03-19,16,27,13236.95
2026-03-20,16,51,24415.23
2026-03-21,16,32,15113.44
2026-03-22,16,29,13757.26
2026-03-23,16,36,17178.06
2026-03-24,16,28,13690.69
2026-03-25,16,37,17581.28
2026-03-26,16,43,20649.25
2026-03-27,16,43,20992.47
2026-03-28,16,35,17185.47
2026-03-29,16,26,12735.74
2026-03-30,16,29,14362.77
2026-03-31,16,34,16793.31
2026-04-01,16,46,22294.84
2026-04-02,16,51,24570.24
2026-04-03,16,42,20756.38
2026-04-04,16,51,24830.18
2026-04-05,16,29,13721.43
2026-04-06,16,39,19234.43
2026-04-07,16,34,16202.81
2026-04-08,16,44,20748.06
2026-04-09,16,29,14174.67
2026-04-10,16,58,28901.23
2026-04-11,16,30,14575.65
2026-04-12,16,25,11886.15
2026-04-13,16,36,17148.96
2026-04-14,16,38,18456.06
2026-04-15,16,38,18867.6
2026-04-16,16,44,21355.64
2026-04-17,16,53,25279.19
2026-04-18,16,39,18959.06
2026-04-19,16,33,16489.23
2026-04-20,16,37,18108.79
2026-04-21,16,69,32675.89
2026-04-22,16,43,21082.61
2026-04-23,16,36,17286.19
2026-04-24,16,56,26716.82
2026-04-25,16,63,30594.88
2026-04-26,16,19,9406.44
2026-04-27,16,39,18989.07
2026-04-28,16,45,22104.28
2026-04-29,16,45,22501.19
2026-04-30,16,47,22603.5
2026-05-01,16,56,26829.11
2026-05-02,16,52,25681.43
2026-05-03,16,17,8082.54
2026-05-04,16,63,30173.81
2026-05-05,16,52,24997.4
2026-05-06,16,34,16594.8
2026-05-07,16,43,20637.48
2026-05-08,16,56,27021.95
2026-05-09,16,52,25107.22
2026-05-10,16,34,16860.68
2026-05-11,16,52,25572.65
2026-05-12,16,46,22597.3
2026-05-13,16,42,20132.15
2026-05-14,16,41,19540.59
2026-05-15,16,46,21880.31
2026-05-16,16,42,20566.26
2026-05-17,16,26,12849.35
2026-05-18,16,34,16708.93
2026-05-19,16,50,24754.59
2026-05-20,16,46,22642.29
2026-05-21,16,44,21060.04
2026-05-22,16,60,29021.57
2026-05-23,16,45,22000.67
2026-05-24,16,28,13558.17
2026-05-25,16,58,27478.48
2026-05-26,16,47,23414.5
2026-05-27,16,46,22631.22
2026-05-28,16,50,24911.38
2026-05-29,16,50,25034.38
2026-05-30,16,55,26934.77
2026-05-31,16,21,10278.58
2026-06-01,16,62,30072.92
2026-06-02,16,62,30146.91
2026-06-03,16,60,29762.92
2026-06-04,16,67,32107.0
2026-06-05,16,65,31926.05
2026-06-06,16,44,21273.86
2026-06-07,16,26,12623.17
2026-06-08,16,51,24741.65
2026-06-09,16,56,27398.08
2026-06-10,16,45,21715.82
2026-06-11,16,48,23102.61
2026-06-12,16,59,28895.26
2026-06-13,16,42,20066.62
2026-06-14,16,20,9599.62
2026-06-15,16,72,35811.14
2026-06-16,16,74,36643.54
2026-06-17,16,79,37714.48
2026-06-18,16,45,22166.05
2026-06-19,16,55,27600.74
2026-06-20,16,49,24196.67
2026-06-21,16,24,11715.73
2026-06-22,16,70,33873.45
2026-06-23,16,75,36816.99
2026-06-24,16,61,29456.05
2026-06-25,16,70,34124.24
2026-06-26,16,73,35322.25
2026-06-27,16,52,25826.11
2026-06-28,16,33,15753.06
2026-06-29,16,47,22492.65
2026-06-30,16,68,33714.6
2026-07-01,16,59,29356.64
2026-07-02,16,87,43544.79
2026-07-03,16,80,38059.83
2026-07-04,16,50,23759.61
2026-07-05,16,34,16668.81
2026-07-06,16,49,23889.56
2026-07-07,16,67,33702.75
2026-07-08,16,42,20317.26
2026-07-09,16,53,26515.38
2026-07-10,16,57,28099.79
2026-07-11,16,63,29995.76
2026-07-12,16,22,10958.24
2026-07-13,16,60,28671.31
2026-07-14,16,72,35871.72
2026-07-15,16,62,30351.05
2026-07-16,16,50,24816.24
2026-07-17,16,64,31161.12
2026-07-18,16,47,22671.44
2026-07-19,16,26,12418.33
2026-07-20,16,77,38209.75
2026-07-21,16,73,35249.2
2026-07-22,16,63,31300.14
2026-07-23,16,50,24362.69
2026-07-24,16,68,33028.51
2026-07-25,16,62,29733.55
2026-07-26,16,33,16450.51
2026-07-27,16,65,31104.26
2026-07-28,16,70,34310.14
2026-07-29,16,55,26879.29
2026-07-30,16,59,28829.33
2026-07-31,16,75,35733.76
2026-08-01,16,51,24884.52
2026-08-02,16,26,12477.28
2026-08-03,16,64,30529.38
2026-08-04,16,55,27050.94
2026-08-05,16,56,27466.54
2026-08-06,16,41,19799.16
2026-08-07,16,50,24380.85
2026-08-08,16,44,21316.44
2026-08-09,16,18,8976.53
2026-08-10,16,55,27773.18
2026-08-11,16,74,35927.2
2026-08-12,16,57,28372.64
2026-08-13,16,49,23374.25
2026-08-14,16,92,45353.39
2026-08-15,16,47,23458.06
2026-08-16,16,26,12673.14
2026-08-17,16,51,24709.15
2026-08-18,16,48,23994.39
2026-08-19,16,68,32862.46
2026-08-20,16,56,27666.11
2026-08-21,16,75,36924.01
2026-08-22,16,40,19400.22
2026-08-23,16,30,14961.32
2026-08-24,16,42,20231.44
2026-08-25,16,67,32448.0
2026-08-26,16,63,31065.15
2026-08-27,16,52,25943.2
2026-08-28,16,65,31408.91
2026-08-29,16,43,20890.5
2026-08-30,16,27,13417.92
2026-08-31,16,65,32572.53
2026-09-01,16,37,18205.7
2026-09-02,16,44,21138.92
2026-09-03,16,41,20507.43
2026-09-04,16,43,20716.11
2026-09-05,16,57,27614.56
2026-09-06,16,28,13715.68
2026-09-07,16,42,20776.25
2026-09-08,16,47,22814.84
2026-09-09,16,49,24210.62
2026-09-10,16,56,27782.48
2026-09-11,16,49,23664.02
2026-09-12,16,45,22093.56
2026-09-13,16,21,10264.78
2026-09-14,16,35,17089.48
2026-09-15,16,49,23650.67
2026-09-16,16,27,13337.11
2026-09-17,16,60,29895.88
2026-09-18,16,46,22155.98
2026-09-19,16,37,18413.18
2026-09-20,16,32,15540.51
2026-09-21,16,50,25346.46
2026-09-22,16,60,29833.72
2026-09-23,16,40,19948.31
2026-09-24,16,37,18126.86
2026-09-25,16,53,26057.22
2026-09-26,16,43,21870.97
2026-09-27,16,30,15125.6
2026-09-28,16,55,27910.78
2026-09-29,16,52,25575.79
2026-09-30,16,50,23976.59
2023-10-01,17,15,2156.84
2023-10-02,17,65,9697.35
2023-10-03,17,50,7171.61
2023-10-04,17,55,8049.27
2023-10-05,17,39,5676.5
2023-10-06,17,29,4313.05
2023-10-07,17,35,5315.87
2023-10-08,17,21,3111.7
2023-10-09,17,37,5490.18
2023-10-10,17,45,6787.61
2023-10-11,17,34,5006.15
2023-10-12,17,42,6279.45
2023-10-13,17,55,8014.01
2023-10-14,17,31,4483.98
2023-10-15,17,14,2049.08
2023-10-16,17,37,5437.53
2023-10-17,17,47,7030.67
2023-10-18,17,30,4393.73
2023-10-19,17,40,6043.96
2023-10-20,17,27,3970.57
2023-10-21,17,30,4462.57
2023-10-22,17,8,1202.54
2023-10-23,17,45,6667.29
2023-10-24,17,37,5419.82
2023-10-25,17,42,6154.44
2023-10-26,17,32,4714.91
2023-10-27,17,34,4990.62
2023-10-28,17,35,5279.31
2023-10-29,17,11,1635.33
2023-10-30,17,33,4867.09
2023-10-31,17,40,5821.95
2023-11-01,17,48,7191.95
2023-11-02,17,46,6695.36
2023-11-03,17,31,4518.08
2023-11-04,17,36,5175.7
2023-11-05,17,23,3423.59
2023-11-06,17,36,5484.47
2023-11-07,17,28,4080.1
2023-11-08,17,47,6786.9
2023-11-09,17,42,6104.41
2023-11-10,17,34,4923.5
2023-11-11,17,22,3311.84
2023-11-12,17,22,3316.32
2023-11-13,17,36,5300.81
2023-11-14,17,38,5474.53
2023-11-15,17,51,7701.14
2023-11-16,17,28,4237.77
2023-11-17,17,33,4975.32
2023-11-18,17,34,4959.74
2023-11-19,17,22,3233.03
2023-11-20,17,45,6815.81
2023-11-21,17,22,3210.48
2023-11-22,17,42,6304.53
2023-11-23,17,30,4458.7
2023-11-24,17,44,6665.8
2023-11-25,17,32,4794.77
2023-11-26,17,19,2780.64
2023-11-27,17,41,6133.42
2023-11-28,17,39,5721.98
2023-11-29,17,26,3802.26
2023-11-30,17,27,4083.22
2023-12-01,17,39,5798.16
2023-12-02,17,44,6576.47
2023-12-03,17,14,2044.82
2023-12-04,17,36,5457.99
2023-12-05,17,54,8207.3
2023-12-06,17,39,5720.6
2023-12-07,17,39,5901.15
2023-12-08,17,49,7089.75
2023-12-09,17,29,4231.74
2023-12-10,17,19,2782.89
2023-12-11,17,24,3536.91
2023-12-12,17,43,6266.61
2023-12-13,17,36,5290.6
2023-12-14,17,28,4079.73
2023-12-15,17,29,4391.61
2023-12-16,17,32,4690.07
2023-12-17,17,15,2203.67
2023-12-18,17,43,6375.66
2023-12-19,17,40,5893.75
2023-12-20,17,46,6708.35
2023-12-21,17,79,11960.67
2023-12-22,17,38,5762.4
2023-12-23,17,38,5526.83
2023-12-24,17,21,3211.28
2023-12-25,17,52,7715.61
2023-12-26,17,48,7093.62
2023-12-27,17,34,5164.4
2023-12-28,17,35,5198.11
2023-12-29,17,42,6170.74
2023-12-30,17,51,7590.17
2023-12-31,17,26,3952.98
2024-01-01,17,36,5368.7
2024-01-02,17,28,4168.87
2024-01-03,17,27,3923.7
2024-01-04,17,30,4518.28
2024-01-05,17,25,3650.67
2024-01-06,17,23,3374.87
2024-01-07,17,18,2741.42
2024-01-08,17,28,4066.19
2024-01-09,17,38,5718.36
2024-01-10,17,37,5498.0
2024-01-11,17,47,6925.32
2024-01-12,17,35,5172.93
2024-01-13,17,26,3951.63
2024-01-14,17,22,3372.37
2024-01-15,17,28,4080.48
2024-01-16,17,27,3923.52
2024-01-17,17,46,6751.09
2024-01-18,17,26,3920.14
2024-01-19,17,46,6674.34
2024-01-20,17,33,4777.41
2024-01-21,17,13,1994.52
2024-01-22,17,48,7132.44
2024-01-23,17,33,4826.8
2024-01-24,17,34,4973.4
2024-01-25,17,22,3235.03
2024-01-26,17,35,5320.5
2024-01-27,17,27,3997.39
2024-01-28,17,18,2745.62
2024-01-29,17,35,5151.13
2024-01-30,17,25,3741.58
2024-01-31,17,31,4647.49
2024-02-01,17,31,4702.87
2024-02-02,17,21,3180.55
2024-02-03,17,31,4644.03
2024-02-04,17,9,1340.87
2024-02-05,17,23,3337.63
2024-02-06,17,26,3866.49
2024-02-07,17,29,4418.85
2024-02-08,17,36,5370.34
2024-02-09,17,28,4300.87
2024-02-10,17,30,4515.11
2024-02-11,17,14,2107.98
2024-02-12,17,19,2825.49
2024-02-13,17,27,4078.98
2024-02-14,17,36,5427.28
2024-02-15,17,26,3983.31
2024-02-16,17,27,4137.79
2024-02-17,17,33,4967.34
2024-02-18,17,13,1915.25
2024-02-19,17,23,3345.72
2024-02-20,17,33,4959.57
2024-02-21,17,40,6015.66
2024-02-22,17,32,4805.37
2024-02-23,17,31,4619.65
2024-02-24,17,28,4281.87
2024-02-25,17,13,1954.51
2024-02-26,17,28,4289.84
2024-02-27,17,28,4287.33
2024-02-28,17,36,5356.3
2024-02-29,17,52,7845.39
2024-03-01,17,28,4154.94
2024-03-02,17,22,3280.66
2024-03-03,17,23,3475.98
2024-03-04,17,25,3641.82
2024-03-05,17,40,6037.85
2024-03-06,17,36,5553.48
2024-03-07,17,29,4354.0
2024-03-08,17,19,2933.97
2024-03-09,17,40,5868.39
2024-03-10,17,13,1976.09
2024-03-11,17,37,5598.17
2024-03-12,17,46,6732.84
2024-03-13,17,27,3953.95
2024-03-14,17,46,7057.96
2024-03-15,17,31,4690.04
2024-03-16,17,41,6118.56
2024-03-17,17,11,1639.25
2024-03-18,17,46,6848.22
2024-03-19,17,28,4130.12
2024-03-20,17,20,3090.29
2024-03-21,17,37,5517.55
2024-03-22,17,32,4844.58
2024-03-23,17,11,1617.13
2024-03-24,17,8,1184.07
2024-03-25,17,33,5062.15
2024-03-26,17,39,5712.73
2024-03-27,17,30,4564.32
2024-03-28,17,31,4684.57
2024-03-29,17,26,3894.46
2024-03-30,17,31,4636.17
2024-03-31,17,23,3507.83
2024-04-01,17,36,5442.86
2024-04-02,17,50,7583.48
2024-04-03,17,31,4742.04
2024-04-04,17,34,5025.71
2024-04-05,17,41,6035.76
2024-04-06,17,30,4596.85
2024-04-07,17,18,2710.49
2024-04-08,17,28,4220.84
2024-04-09,17,43,6285.4
2024-04-10,17,31,4738.11
2024-04-11,17,48,7197.28
2024-04-12,17,32,4892.5
2024-04-13,17,40,6057.2
2024-04-14,17,18,2701.94
2024-04-15,17,37,5510.57
2024-04-16,17,24,3648.04
2024-04-17,17,34,5062.1
2024-04-18,17,42,6263.76
2024-04-19,17,54,8019.02
2024-04-20,17,35,5288.72
2024-04-21,17,22,3358.47
2024-04-22,17,30,4559.06
2024-04-23,17,20,2945.04
2024-04-24,17,69,10385.05
2024-04-25,17,42,6490.24
2024-04-26,17,42,6448.64
2024-04-27,17,35,5239.62
2024-04-28,17,17,2612.11
2024-04-29,17,32,4695.18
2024-04-30,17,34,5259.98
2024-05-01,17,50,7418.68
2024-05-02,17,40,6069.8
2024-05-03,17,51,7903.89
2024-05-04,17,38,5793.15
2024-05-05,17,16,2472.0
2024-05-06,17,45,6760.1
2024-05-07,17,58,8626.68
2024-05-08,17,45,6858.37
2024-05-09,17,42,6268.43
2024-05-10,17,55,8491.82
2024-05-11,17,37,5628.06
2024-05-12,17,15,2228.64
2024-05-13,17,46,6797.97
2024-05-14,17,37,5731.13
2024-05-15,17,37,5696.65
2024-05-16,17,41,6242.73
2024-05-17,17,44,6503.72
2024-05-18,17,34,5166.56
2024-05-19,17,24,3709.77
2024-05-20,17,43,6464.2
2024-05-21,17,39,6003.59
2024-05-22,17,51,7523.28
2024-05-23,17,49,7319.11
2024-05-24,17,84,12714.0
2024-05-25,17,38,5864.24
2024-05-26,17,23,3421.29
2024-05-27,17,52,7775.37
2024-05-28,17,32,4940.2
2024-05-29,17,40,6195.21
2024-05-30,17,17,2606.64
2024-05-31,17,36,5602.57
2024-06-01,17,54,8264.03
2024-06-02,17,21,3245.38
2024-06-03,17,59,8753.0
2024-06-04,17,48,7105.65
2024-06-05,17,39,5997.37
2024-06-06,17,40,6190.91
2024-06-07,17,36,5515.28
2024-06-08,17,46,6843.99
2024-06-09,17,21,3103.14
2024-06-10,17,52,7854.28
2024-06-11,17,72,10640.03
2024-06-12,17,46,7075.32
2024-06-13,17,60,8888.29
2024-06-14,17,44,6640.61
2024-06-15,17,42,6404.32
2024-06-16,17,25,3826.54
2024-06-17,17,50,7563.36
2024-06-18,17,37,5580.82
2024-06-19,17,45,6824.5
2024-06-20,17,72,10596.34
2024-06-21,17,53,8159.71
2024-06-22,17,34,5293.55
2024-06-23,17,30,4611.88
2024-06-24,17,43,6404.98
2024-06-25,17,51,7863.88
2024-06-26,17,52,7656.56
2024-06-27,17,35,5315.43
2024-06-28,17,35,5406.26
2024-06-29,17,46,6874.66
2024-06-30,17,29,4314.7
2024-07-01,17,41,6354.91
2024-07-02,17,78,11808.83
2024-07-03,17,67,10152.79
2024-07-04,17,61,9161.53
2024-07-05,17,53,8216.78
2024-07-06,17,36,5628.17
2024-07-07,17,26,4031.85
2024-07-08,17,43,6494.89
2024-07-09,17,51,7522.17
2024-07-10,17,52,7973.27
2024-07-11,17,48,7088.73
2024-07-12,17,53,7896.56
2024-07-13,17,40,5999.7
2024-07-14,17,29,4403.86
2024-07-15,17,52,7823.76
2024-07-16,17,49,7421.8
2024-07-17,17,49,7389.56
2024-07-18,17,60,9072.47
2024-07-19,17,71,10973.82
2024-07-20,17,71,10967.56
2024-07-21,17,31,4607.85
2024-07-22,17,52,7823.06
2024-07-23,17,53,7843.73
2024-07-24,17,48,7315.16
2024-07-25,17,68,10378.82
2024-07-26,17,45,6719.74
2024-07-27,17,48,7242.16
2024-07-28,17,27,4104.42
2024-07-29,17,56,8689.46
2024-07-30,17,51,7806.25
2024-07-31,17,55,8534.62
2024-08-01,17,46,7159.1
2024-08-02,17,63,9701.21
2024-08-03,17,42,6322.04
2024-08-04,17,28,4377.69
2024-08-05,17,48,7342.66
2024-08-06,17,44,6769.04
2024-08-07,17,47,7257.33
2024-08-08,17,55,8525.39
2024-08-09,17,44,6646.29
2024-08-10,17,47,7337.52
2024-08-11,17,26,3954.61
2024-08-12,17,53,8081.78
2024-08-13,17,44,6872.46
2024-08-14,17,56,8583.28
2024-08-15,17,66,10018.63
2024-08-16,17,47,7330.94
2024-08-17,17,47,7371.35
2024-08-18,17,24,3716.87
2024-08-19,17,34,5306.32
2024-08-20,17,68,10147.3
2024-08-21,17,58,8726.4
2024-08-22,17,46,6900.46
2024-08-23,17,66,10050.82
2024-08-24,17,49,7393.89
2024-08-25,17,22,3338.15
2024-08-26,17,81,12095.79
2024-08-27,17,65,9877.26
2024-08-28,17,54,8349.72
2024-08-29,17,44,6568.55
2024-08-30,17,35,5292.55
2024-08-31,17,30,4672.04
2024-09-01,17,21,3119.39
2024-09-02,17,35,5284.68
2024-09-03,17,54,8487.99
2024-09-04,17,44,6925.85
2024-09-05,17,35,5195.99
2024-09-06,17,56,8672.82
2024-09-07,17,27,4228.88
2024-09-08,17,23,3497.7
2024-09-09,17,55,8409.82
2024-09-10,17,38,5819.05
2024-09-11,17,51,7665.18
2024-09-12,17,43,6641.35
2024-09-13,17,20,3026.72
2024-09-14,17,20,3044.55
2024-09-15,17,18,2760.9
2024-09-16,17,46,7069.42
2024-09-17,17,30,4670.65
2024-09-18,17,35,5279.72
2024-09-19,17,40,6032.42
2024-09-20,17,44,6792.53
2024-09-21,17,37,5625.16
2024-09-22,17,22,3321.47
2024-09-23,17,38,5927.33
2024-09-24,17,41,6421.1
2024-09-25,17,47,7332.85
2024-09-26,17,46,7188.93
2024-09-27,17,44,6868.26
2024-09-28,17,45,6962.25
2024-09-29,17,15,2324.76
2024-09-30,17,37,5575.54
2024-10-01,17,48,7556.52
2024-10-02,17,31,4808.48
2024-10-03,17,44,6712.24
2024-10-04,17,32,4846.63
2024-10-05,17,40,5993.78
2024-10-06,17,18,2696.13
2024-10-07,17,37,5731.15
2024-10-08,17,43,6402.7
2024-10-09,17,80,12447.69
2024-10-10,17,19,2942.67
2024-10-11,17,40,6226.73
2024-10-12,17,26,4063.04
2024-10-13,17,26,4084.0
2024-10-14,17,45,7085.97
2024-10-15,17,50,7896.44
2024-10-16,17,44,6665.43
2024-10-17,17,35,5513.29
2024-10-18,17,45,6997.11
2024-10-19,17,30,4574.91
2024-10-20,17,20,3119.35
2024-10-21,17,46,6857.0
2024-10-22,17,32,5008.24
2024-10-23,17,26,3877.17
2024-10-24,17,38,5879.11
2024-10-25,17,56,8713.27
2024-10-26,17,27,4259.72
2024-10-27,17,14,2184.85
2024-10-28,17,25,3749.74
2024-10-29,17,36,5611.53
2024-10-30,17,43,6518.75
2024-10-31,17,42,6575.36
2024-11-01,17,46,6995.55
2024-11-02,17,33,5108.65
2024-11-03,17,22,3439.46
2024-11-04,17,34,5386.5
2024-11-05,17,41,6455.52
2024-11-06,17,40,6165.86
2024-11-07,17,44,6708.58
2024-11-08,17,46,7265.9
2024-11-09,17,43,6695.52
2024-11-10,17,13,2027.9
2024-11-11,17,60,9201.75
2024-11-12,17,29,4344.06
2024-11-13,17,51,7975.75
2024-11-14,17,39,6046.02
2024-11-15,17,35,5527.48
2024-11-16,17,32,4838.76
2024-11-17,17,24,3685.82
2024-11-18,17,42,6633.29
2024-11-19,17,41,6390.52
2024-11-20,17,48,7559.65
2024-11-21,17,41,6296.49
2024-11-22,17,27,4283.85
2024-11-23,17,28,4393.21
2024-11-24,17,28,4255.33
2024-11-25,17,32,4822.5
2024-11-26,17,48,7448.13
2024-11-27,17,39,5858.77
2024-11-28,17,26,3915.6
2024-11-29,17,48,7398.97
2024-11-30,17,42,6626.48
2024-12-01,17,18,2838.18
2024-12-02,17,57,8709.36
2024-12-03,17,44,6991.55
2024-12-04,17,40,6060.96
2024-12-05,17,56,8738.93
2024-12-06,17,40,6354.17
2024-12-07,17,44,6621.13
2024-12-08,17,22,3396.93
2024-12-09,17,47,7217.65
2024-12-10,17,46,7089.86
2024-12-11,17,40,6134.66
2024-12-12,17,46,6963.31
2024-12-13,17,47,7179.6
2024-12-14,17,50,7818.34
2024-12-15,17,17,2654.88
2024-12-16,17,42,6408.62
2024-12-17,17,49,7702.4
2024-12-18,17,43,6728.61
2024-12-19,17,41,6237.79
2024-12-20,17,50,7699.59
2024-12-21,17,30,4499.18
2024-12-22,17,18,2827.07
2024-12-23,17,44,6949.08
2024-12-24,17,19,3020.18
2024-12-25,17,34,5409.8
2024-12-26,17,39,6163.06
2024-12-27,17,43,6647.11
2024-12-28,17,33,4968.26
2024-12-29,17,21,3280.74
2024-12-30,17,47,7404.99
2024-12-31,17,37,5826.2
2025-01-01,17,34,5419.39
2025-01-02,17,23,3512.03
2025-01-03,17,33,5181.74
2025-01-04,17,26,4138.67
2025-01-05,17,15,2363.19
2025-01-06,17,35,5499.67
2025-01-07,17,32,5011.01
2025-01-08,17,34,5120.14
2025-01-09,17,29,4449.33
2025-01-10,17,21,3266.34
2025-01-11,17,22,3351.45
2025-01-12,17,17,2711.44
2025-01-13,17,25,3962.04
2025-01-14,17,33,5132.71
2025-01-15,17,33,5113.15
2025-01-16,17,35,5377.97
2025-01-17,17,35,5454.68
2025-01-18,17,24,3708.16
2025-01-19,17,9,1392.82
2025-01-20,17,16,2546.42
2025-01-21,17,28,4382.61
2025-01-22,17,35,5549.48
2025-01-23,17,38,6013.15
2025-01-24,17,29,4631.4
2025-01-25,17,27,4234.76
2025-01-26,17,16,2443.51
2025-01-27,17,33,5009.54
2025-01-28,17,23,3499.24
2025-01-29,17,37,5789.5
2025-01-30,17,50,7756.51
2025-01-31,17,44,6910.74
2025-02-01,17,38,5768.18
2025-02-02,17,17,2631.89
2025-02-03,17,41,6283.02
2025-02-04,17,25,3979.88
2025-02-05,17,42,6629.55
2025-02-06,17,38,5904.12
2025-02-07,17,33,5108.66
2025-02-08,17,33,5144.09
2025-02-09,17,10,1527.28
2025-02-10,17,21,3225.08
2025-02-11,17,40,6156.36
2025-02-12,17,29,4449.24
2025-02-13,17,31,4936.77
2025-02-14,17,30,4696.01
2025-02-15,17,24,3643.74
2025-02-16,17,15,2306.58
2025-02-17,17,33,5241.47
2025-02-18,17,20,3187.26
2025-02-19,17,43,6636.64
2025-02-20,17,46,6968.88
2025-02-21,17,32,4889.72
2025-02-22,17,25,3950.7
2025-02-23,17,9,1433.9
2025-02-24,17,30,4655.23
2025-02-25,17,27,4152.43
2025-02-26,17,34,5177.67
2025-02-27,17,26,4026.0
2025-02-28,17,42,6382.12
2025-03-01,17,31,4872.84
2025-03-02,17,32,4991.96
2025-03-03,17,37,5772.77
2025-03-04,17,45,7141.63
2025-03-05,17,23,3671.71
2025-03-06,17,42,6453.73
2025-03-07,17,39,6169.35
2025-03-08,17,29,4551.73
2025-03-09,17,15,2349.78
2025-03-10,17,34,5187.23
2025-03-11,17,29,4556.03
2025-03-12,17,56,8743.38
2025-03-13,17,30,4664.21
2025-03-14,17,35,5379.39
2025-03-15,17,25,3838.59
2025-03-16,17,22,3389.26
2025-03-17,17,34,5228.26
2025-03-18,17,23,3504.34
2025-03-19,17,32,5014.01
2025-03-20,17,30,4577.2
2025-03-21,17,30,4680.85
2025-03-22,17,29,4601.46
2025-03-23,17,16,2427.47
2025-03-24,17,37,5930.96
2025-03-25,17,26,3949.26
2025-03-26,17,53,8090.66
2025-03-27,17,30,4768.0
2025-03-28,17,16,2459.51
2025-03-29,17,41,6398.24
2025-03-30,17,14,2210.46
2025-03-31,17,50,7978.97
2025-04-01,17,29,4644.39
2025-04-02,17,38,6031.65
2025-04-03,17,35,5550.91
2025-04-04,17,32,4873.93
2025-04-05,17,34,5265.85
2025-04-06,17,12,1831.3
2025-04-07,17,40,6431.27
2025-04-08,17,34,5194.29
2025-04-09,17,30,4596.0
2025-04-10,17,42,6576.71
2025-04-11,17,30,4557.62
2025-04-12,17,25,4016.6
2025-04-13,17,16,2475.39
2025-04-14,17,50,7964.98
2025-04-15,17,37,5664.62
2025-04-16,17,36,5620.23
2025-04-17,17,31,4725.34
2025-04-18,17,36,5589.19
2025-04-19,17,43,6642.72
2025-04-20,17,15,2393.74
2025-04-21,17,42,6685.5
2025-04-22,17,35,5356.11
2025-04-23,17,34,5260.31
2025-04-24,17,40,6255.1
2025-04-25,17,40,6451.19
2025-04-26,17,28,4336.64
2025-04-27,17,16,2544.05
2025-04-28,17,56,8679.82
2025-04-29,17,37,5772.61
2025-04-30,17,27,4324.55
2025-05-01,17,34,5213.46
2025-05-02,17,52,8150.77
2025-05-03,17,44,6867.04
2025-05-04,17,24,3701.13
2025-05-05,17,76,11974.13
2025-05-06,17,42,6404.48
2025-05-07,17,46,7121.86
2025-05-08,17,49,7838.56
2025-05-09,17,41,6314.91
2025-05-10,17,33,5252.6
2025-05-11,17,13,2047.91
2025-05-12,17,48,7570.44
2025-05-13,17,44,6804.68
2025-05-14,17,39,6256.01
2025-05-15,17,52,8244.89
2025-05-16,17,54,8444.61
2025-05-17,17,53,8149.75
2025-05-18,17,13,1988.33
2025-05-19,17,31,4949.53
2025-05-20,17,56,9021.97
2025-05-21,17,41,6498.04
2025-05-22,17,51,8148.95
2025-05-23,17,55,8612.87
2025-05-24,17,27,4167.06
2025-05-25,17,16,2587.53
2025-05-26,17,38,5801.53
2025-05-27,17,38,6006.63
2025-05-28,17,47,7482.93
2025-05-29,17,72,11415.34
2025-05-30,17,46,7149.05
2025-05-31,17,36,5795.52
2025-06-01,17,27,4350.37
2025-06-02,17,65,10175.14
2025-06-03,17,54,8453.5
2025-06-04,17,38,5836.84
2025-06-05,17,64,10271.26
2025-06-06,17,53,8546.13
2025-06-07,17,46,7178.82
2025-06-08,17,24,3772.25
2025-06-09,17,44,6825.71
2025-06-10,17,60,9538.53
2025-06-11,17,46,7063.54
2025-06-12,17,43,6855.46
2025-06-13,17,58,9272.38
2025-06-14,17,61,9520.29
2025-06-15,17,26,3995.24
2025-06-16,17,64,10235.37
2025-06-17,17,84,13563.39
2025-06-18,17,37,5999.94
2025-06-19,17,54,8718.19
2025-06-20,17,66,10634.83
2025-06-21,17,33,5194.86
2025-06-22,17,26,4126.56
2025-06-23,17,57,8964.71
2025-06-24,17,45,7208.92
2025-06-25,17,57,8725.92
2025-06-26,17,45,7000.74
2025-06-27,17,51,8188.74
2025-06-28,17,50,8092.06
2025-06-29,17,22,3554.19
2025-06-30,17,47,7248.14
2025-07-01,17,35,5534.43
2025-07-02,17,43,6737.51
2025-07-03,17,58,9195.3
2025-07-04,17,58,8964.45
2025-07-05,17,51,8213.26
2025-07-06,17,30,4675.41
2025-07-07,17,54,8455.76
2025-07-08,17,53,8589.68
2025-07-09,17,43,6880.19
2025-07-10,17,65,10261.59
2025-07-11,17,51,7966.5
2025-07-12,17,58,8962.42
2025-07-13,17,36,5525.64
2025-07-14,17,55,8535.02
2025-07-15,17,54,8285.36
2025-07-16,17,57,8802.93
2025-07-17,17,41,6453.56
2025-07-18,17,64,10141.02
2025-07-19,17,53,8490.68
2025-07-20,17,32,5159.43
2025-07-21,17,69,11048.13
2025-07-22,17,46,7255.26
2025-07-23,17,45,7100.95
2025-07-24,17,64,10401.48
2025-07-25,17,68,10682.14
2025-07-26,17,47,7394.13
2025-07-27,17,32,4930.57
2025-07-28,17,40,6378.78
2025-07-29,17,54,8611.71
2025-07-30,17,53,8319.59
2025-07-31,17,68,10951.27
2025-08-01,17,51,8137.94
2025-08-02,17,37,5823.54
2025-08-03,17,28,4493.92
2025-08-04,17,33,5313.82
2025-08-05,17,63,9789.28
2025-08-06,17,33,5352.9
2025-08-07,17,48,7492.26
2025-08-08,17,54,8521.71
2025-08-09,17,32,5157.16
2025-08-10,17,22,3445.45
2025-08-11,17,39,6321.84
2025-08-12,17,40,6473.91
2025-08-13,17,52,8164.9
2025-08-14,17,35,5405.64
2025-08-15,17,35,5454.5
2025-08-16,17,35,5482.7
2025-08-17,17,23,3665.82
2025-08-18,17,37,5869.47
2025-08-19,17,54,8597.75
2025-08-20,17,43,6810.69
2025-08-21,17,39,6309.04
2025-08-22,17,60,9395.44
2025-08-23,17,36,5732.04
2025-08-24,17,13,2092.3
2025-08-25,17,46,7449.02
2025-08-26,17,47,7467.96
2025-08-27,17,39,6190.38
2025-08-28,17,38,5898.69
2025-08-29,17,39,6173.74
2025-08-30,17,46,7172.05
2025-08-31,17,28,4487.85
2025-09-01,17,53,8306.96
2025-09-02,17,57,8838.59
2025-09-03,17,50,8149.4
2025-09-04,17,52,8413.73
2025-09-05,17,25,4072.42
2025-09-06,17,41,6377.39
2025-09-07,17,20,3093.17
2025-09-08,17,45,7314.6
2025-09-09,17,36,5825.64
2025-09-10,17,50,7827.59
2025-09-11,17,53,8597.09
2025-09-12,17,45,7199.86
2025-09-13,17,25,3861.97
2025-09-14,17,11,1763.89
2025-09-15,17,55,8917.79
2025-09-16,17,49,7891.48
2025-09-17,17,39,6077.1
2025-09-18,17,41,6617.6
2025-09-19,17,56,8888.44
2025-09-20,17,35,5522.68
2025-09-21,17,13,2090.01
2025-09-22,17,30,4808.0
2025-09-23,17,43,7019.15
2025-09-24,17,43,7018.95
2025-09-25,17,39,6044.71
2025-09-26,17,58,9291.57
2025-09-27,17,26,4211.28
2025-09-28,17,15,2437.5
2025-09-29,17,36,5763.7
2025-09-30,17,50,7991.44
2025-10-01,17,25,3866.18
2025-10-02,17,62,9739.5
2025-10-03,17,47,7597.06
2025-10-04,17,41,6430.86
2025-10-05,17,28,4501.57
2025-10-06,17,37,5785.66
2025-10-07,17,50,7821.35
2025-10-08,17,37,5800.48
2025-10-09,17,44,6933.67
2025-10-10,17,31,4949.75
2025-10-11,17,35,5569.69
2025-10-12,17,12,1935.53
2025-10-13,17,33,5412.94
2025-10-14,17,28,4586.87
2025-10-15,17,29,4656.77
2025-10-16,17,37,5751.78
2025-10-17,17,51,8359.99
2025-10-18,17,26,4248.04
2025-10-19,17,29,4649.91
2025-10-20,17,37,6067.88
2025-10-21,17,27,4303.69
2025-10-22,17,34,5380.1
2025-10-23,17,36,5857.43
2025-10-24,17,28,4384.46
2025-10-25,17,32,5245.26
2025-10-26,17,22,3568.56
2025-10-27,17,39,6144.62
2025-10-28,17,37,5857.17
2025-10-29,17,41,6635.75
2025-10-30,17,32,5161.33
2025-10-31,17,38,6080.65
2025-11-01,17,29,4717.15
2025-11-02,17,24,3724.2
2025-11-03,17,43,6893.29
2025-11-04,17,40,6535.51
2025-11-05,17,39,6089.68
2025-11-06,17,46,7371.32
2025-11-07,17,36,5915.73
2025-11-08,17,40,6285.52
2025-11-09,17,11,1709.07
2025-11-10,17,43,7005.74
2025-11-11,17,39,6089.44
2025-11-12,17,37,6065.27
2025-11-13,17,48,7551.72
2025-11-14,17,33,5297.25
2025-11-15,17,34,5281.44
2025-11-16,17,14,2221.63
2025-11-17,17,42,6810.91
2025-11-18,17,42,6629.05
2025-11-19,17,47,7683.61
2025-11-20,17,32,5003.2
2025-11-21,17,52,8222.81
2025-11-22,17,43,7019.49
2025-11-23,17,21,3404.25
2025-11-24,17,49,7640.6
2025-11-25,17,29,4634.41
2025-11-26,17,35,5657.61
2025-11-27,17,39,6355.05
2025-11-28,17,26,4116.67
2025-11-29,17,31,5077.47
2025-11-30,17,11,1718.5
2025-12-01,17,50,7793.13
2025-12-02,17,48,7695.69
2025-12-03,17,48,7627.08
2025-12-04,17,37,5942.89
2025-12-05,17,48,7693.49
2025-12-06,17,41,6685.54
2025-12-07,17,24,3861.08
2025-12-08,17,49,7924.0
2025-12-09,17,50,7842.7
2025-12-10,17,44,7132.16
2025-12-11,17,48,7613.42
2025-12-12,17,39,6391.39
2025-12-13,17,39,6427.18
2025-12-14,17,24,3735.02
2025-12-15,17,49,8046.52
2025-12-16,17,49,7846.7
2025-12-17,17,56,8842.35
2025-12-18,17,43,7082.99
2025-12-19,17,52,8188.7
2025-12-20,17,56,9101.69
2025-12-21,17,32,5132.01
2025-12-22,17,49,7868.7
2025-12-23,17,62,10184.99
2025-12-24,17,61,10023.53
2025-12-25,17,54,8775.16
2025-12-26,17,28,4532.04
2025-12-27,17,48,7704.82
2025-12-28,17,16,2497.29
2025-12-29,17,52,8362.86
2025-12-30,17,62,10050.28
2025-12-31,17,54,8906.92
2026-01-01,17,21,3403.2
2026-01-02,17,27,4456.16
2026-01-03,17,32,5259.62
2026-01-04,17,14,2286.52
2026-01-05,17,81,13346.02
2026-01-06,17,30,4732.13
2026-01-07,17,44,7057.17
2026-01-08,17,31,5014.37
2026-01-09,17,28,4397.9
2026-01-10,17,22,3507.58
2026-01-11,17,14,2210.09
2026-01-12,17,33,5153.52
2026-01-13,17,48,7739.83
2026-01-14,17,29,4567.44
2026-01-15,17,35,5758.93
2026-01-16,17,35,5672.51
2026-01-17,17,39,6153.34
2026-01-18,17,14,2301.91
2026-01-19,17,34,5353.76
2026-01-20,17,24,3959.71
2026-01-21,17,37,5849.36
2026-01-22,17,32,5037.87
2026-01-23,17,47,7519.85
2026-01-24,17,28,4617.9
2026-01-25,17,16,2522.81
2026-01-26,17,28,4625.23
2026-01-27,17,30,4708.57
2026-01-28,17,23,3793.88
2026-01-29,17,33,5267.45
2026-01-30,17,32,5198.92
2026-01-31,17,29,4753.97
2026-02-01,17,18,2877.36
2026-02-02,17,35,5617.11
2026-02-03,17,36,5778.92
2026-02-04,17,26,4314.03
2026-02-05,17,35,5545.21
2026-02-06,17,29,4735.57
2026-02-07,17,33,5298.44
2026-02-08,17,9,1428.96
2026-02-09,17,39,6311.84
2026-02-10,17,25,4043.96
2026-02-11,17,35,5760.76
2026-02-12,17,29,4744.35
2026-02-13,17,29,4799.25
2026-02-14,17,19,3089.55
2026-02-15,17,10,1662.03
2026-02-16,17,32,5072.06
2026-02-17,17,35,5586.04
2026-02-18,17,31,5150.38
2026-02-19,17,47,7688.85
2026-02-20,17,33,5206.77
2026-02-21,17,29,4713.96
2026-02-22,17,14,2212.33
2026-02-23,17,21,3399.41
2026-02-24,17,27,4291.94
2026-02-25,17,30,4804.56
2026-02-26,17,29,4805.18
2026-02-27,17,30,4925.6
2026-02-28,17,29,4750.59
2026-03-01,17,16,2595.46
2026-03-02,17,29,4792.77
2026-03-03,17,38,6004.71
2026-03-04,17,29,4681.08
2026-03-05,17,40,6401.23
2026-03-06,17,30,4743.15
2026-03-07,17,30,4861.65
2026-03-08,17,11,1827.55
2026-03-09,17,38,6243.27
2026-03-10,17,27,4473.46
2026-03-11,17,34,5582.67
2026-03-12,17,44,7132.28
2026-03-13,17,38,6095.49
2026-03-14,17,21,3417.61
2026-03-15,17,19,3160.56
2026-03-16,17,32,5246.74
2026-03-17,17,37,6139.0
2026-03-18,17,40,6573.02
2026-03-19,17,29,4831.87
2026-03-20,17,29,4667.72
2026-03-21,17,35,5569.75
2026-03-22,17,16,2577.49
2026-03-23,17,35,5828.93
2026-03-24,17,35,5520.42
2026-03-25,17,36,5828.57
2026-03-26,17,47,7744.15
2026-03-27,17,28,4615.31
2026-03-28,17,26,4134.67
2026-03-29,17,11,1782.22
2026-03-30,17,35,5791.12
2026-03-31,17,35,5766.75
2026-04-01,17,29,4626.02
2026-04-02,17,38,6161.32
2026-04-03,17,29,4773.35
2026-04-04,17,39,6344.9
2026-04-05,17,21,3328.59
2026-04-06,17,59,9469.87
2026-04-07,17,20,3314.83
2026-04-08,17,48,7867.37
2026-04-09,17,45,7256.58
2026-04-10,17,34,5675.19
2026-04-11,17,28,4512.3
2026-04-12,17,13,2170.29
2026-04-13,17,48,7957.6
2026-04-14,17,17,2741.92
2026-04-15,17,37,5940.79
2026-04-16,17,36,5692.7
2026-04-17,17,46,7664.46
2026-04-18,17,33,5332.19
2026-04-19,17,18,2944.82
2026-04-20,17,49,7753.81
2026-04-21,17,33,5488.75
2026-04-22,17,28,4441.49
2026-04-23,17,43,6939.22
2026-04-24,17,36,5712.86
2026-04-25,17,37,6047.27
2026-04-26,17,26,4262.99
2026-04-27,17,42,6700.5
2026-04-28,17,40,6336.25
2026-04-29,17,42,6681.3
2026-04-30,17,28,4674.44
2026-05-01,17,35,5764.18
2026-05-02,17,39,6490.73
2026-05-03,17,17,2817.39
2026-05-04,17,34,5490.22
2026-05-05,17,46,7405.56
2026-05-06,17,51,8108.66
2026-05-07,17,73,12144.83
2026-05-08,17,49,8041.58
2026-05-09,17,34,5573.99
2026-05-10,17,15,2506.01
2026-05-11,17,42,6739.93
2026-05-12,17,43,6968.49
2026-05-13,17,49,7789.51
2026-05-14,17,41,6793.7
2026-05-15,17,55,8718.19
2026-05-16,17,40,6454.41
2026-05-17,17,14,2287.86
2026-05-18,17,30,4806.74
2026-05-19,17,46,7662.77
2026-05-20,17,36,5928.95
2026-05-21,17,39,6334.91
2026-05-22,17,42,6658.31
2026-05-23,17,41,6763.46
2026-05-24,17,26,4191.85
2026-05-25,17,34,5663.67
2026-05-26,17,33,5385.85
2026-05-27,17,59,9486.47
2026-05-28,17,38,6224.87
2026-05-29,17,33,5479.51
2026-05-30,17,36,5822.81
2026-05-31,17,23,3773.03
2026-06-01,17,50,8393.01
2026-06-02,17,51,8113.5
2026-06-03,17,44,7111.79
2026-06-04,17,55,8925.56
2026-06-05,17,46,7730.1
2026-06-06,17,41,6743.67
2026-06-07,17,24,4012.68
2026-06-08,17,47,7833.57
2026-06-09,17,42,6906.17
2026-06-10,17,63,10377.43
2026-06-11,17,36,5955.89
2026-06-12,17,36,6007.21
2026-06-13,17,60,9829.72
2026-06-14,17,22,3512.41
2026-06-15,17,39,6540.43
2026-06-16,17,59,9895.86
2026-06-17,17,45,7257.14
2026-06-18,17,46,7517.4
2026-06-19,17,64,10580.68
2026-06-20,17,54,8663.6
2026-06-21,17,37,5908.96
2026-06-22,17,44,7134.1
2026-06-23,17,46,7528.98
2026-06-24,17,58,9741.69
2026-06-25,17,51,8459.2
2026-06-26,17,63,10018.02
2026-06-27,17,45,7485.07
2026-06-28,17,28,4545.27
2026-06-29,17,48,7757.45
2026-06-30,17,30,4828.49
2026-07-01,17,74,12052.34
2026-07-02,17,61,9870.71
2026-07-03,17,55,8860.9
2026-07-04,17,51,8137.66
2026-07-05,17,30,4919.47
2026-07-06,17,55,9218.8
2026-07-07,17,56,9356.13
2026-07-08,17,65,10901.51
2026-07-09,17,78,12938.13
2026-07-10,17,60,9685.76
2026-07-11,17,49,8183.11
2026-07-12,17,31,5142.58
2026-07-13,17,65,10424.93
2026-07-14,17,74,11957.41
2026-07-15,17,39,6493.35
2026-07-16,17,76,12756.8
2026-07-17,17,55,8777.36
2026-07-18,17,54,8976.84
2026-07-19,17,25,4140.74
2026-07-20,17,40,6647.57
2026-07-21,17,67,11144.98
2026-07-22,17,51,8551.35
2026-07-23,17,38,6258.97
2026-07-24,17,48,7809.3
2026-07-25,17,38,6102.02
2026-07-26,17,26,4307.53
2026-07-27,17,69,11211.67
2026-07-28,17,50,8202.21
2026-07-29,17,78,13022.09
2026-07-30,17,42,6700.93
2026-07-31,17,64,10659.32
2026-08-01,17,35,5577.36
2026-08-02,17,26,4166.24
2026-08-03,17,37,6196.68
2026-08-04,17,55,9152.85
2026-08-05,17,58,9555.03
2026-08-06,17,48,8072.38
2026-08-07,17,57,9387.16
2026-08-08,17,28,4593.24
2026-08-09,17,24,3946.41
2026-08-10,17,56,9113.34
2026-08-11,17,43,6974.57
2026-08-12,17,53,8618.69
2026-08-13,17,60,9604.96
2026-08-14,17,58,9719.81
2026-08-15,17,54,8646.51
2026-08-16,17,29,4886.19
2026-08-17,17,55,9197.39
2026-08-18,17,54,8852.11
2026-08-19,17,43,7124.62
2026-08-20,17,54,8686.77
2026-08-21,17,61,10305.26
2026-08-22,17,55,8881.35
2026-08-23,17,21,3503.61
2026-08-24,17,45,7189.41
2026-08-25,17,57,9164.27
2026-08-26,17,64,10357.17
2026-08-27,17,77,12620.8
2026-08-28,17,37,6197.13
2026-08-29,17,36,6032.4
2026-08-30,17,16,2623.44
2026-08-31,17,34,5608.26
2026-09-01,17,33,5282.04
2026-09-02,17,29,4896.44
2026-09-03,17,28,4479.05
2026-09-04,17,42,7109.75
2026-09-05,17,32,5396.36
2026-09-06,17,23,3854.45
2026-09-07,17,43,7138.28
2026-09-08,17,40,6529.66
2026-09-09,17,46,7666.32
2026-09-10,17,47,7523.11
2026-09-11,17,35,5795.15
2026-09-12,17,46,7440.15
2026-09-13,17,19,3137.98
2026-09-14,17,37,6115.89
2026-09-15,17,32,5198.96
2026-09-16,17,30,5086.4
2026-09-17,17,40,6723.81
2026-09-18,17,41,6711.35
2026-09-19,17,32,5334.73
2026-09-20,17,20,3266.83
2026-09-21,17,46,7466.87
2026-09-22,17,38,6233.82
2026-09-23,17,47,7964.67
2026-09-24,17,48,7916.77
2026-09-25,17,48,8123.76
2026-09-26,17,24,4020.19
2026-09-27,17,14,2378.26
2026-09-28,17,33,5521.47
2026-09-29,17,51,8230.01
2026-09-30,17,44,7151.56
2023-10-01,18,12,7461.89
2023-10-02,18,25,15234.34
2023-10-03,18,25,15319.13
2023-10-04,18,30,18726.39
2023-10-05,18,26,15837.95
2023-10-06,18,34,20716.87
2023-10-07,18,12,7178.62
2023-10-08,18,10,6258.38
2023-10-09,18,24,14877.81
2023-10-10,18,18,11237.59
2023-10-11,18,31,18787.3
2023-10-12,18,32,19527.92
2023-10-13,18,35,21460.2
2023-10-14,18,24,14523.05
2023-10-15,18,14,8629.09
2023-10-16,18,19,11639.82
2023-10-17,18,31,19014.4
2023-10-18,18,23,14415.2
2023-10-19,18,20,12042.16
2023-10-20,18,21,13030.64
2023-10-21,18,24,14781.69
2023-10-22,18,12,7184.75
2023-10-23,18,34,20723.32
2023-10-24,18,18,10963.92
2023-10-25,18,25,15345.48
2023-10-26,18,18,11227.81
2023-10-27,18,24,14989.71
2023-10-28,18,20,12096.07
2023-10-29,18,13,8041.37
2023-10-30,18,29,17620.43
2023-10-31,18,22,13402.03
2023-11-01,18,28,17136.67
2023-11-02,18,30,18038.59
2023-11-03,18,26,15825.99
2023-11-04,18,25,15255.79
2023-11-05,18,23,13959.73
2023-11-06,18,35,21749.31
2023-11-07,18,25,15259.2
2023-11-08,18,25,15481.07
2023-11-09,18,28,16857.42
2023-11-10,18,17,10224.94
2023-11-11,18,13,8036.95
2023-11-12,18,11,6722.85
2023-11-13,18,36,22789.02
2023-11-14,18,22,13943.71
2023-11-15,18,32,20090.91
2023-11-16,18,23,14311.29
2023-11-17,18,28,16941.75
2023-11-18,18,24,14973.71
2023-11-19,18,13,8142.6
2023-11-20,18,28,17737.2
2023-11-21,18,24,15056.41
2023-11-22,18,17,10613.17
2023-11-23,18,27,16919.43
2023-11-24,18,41,25596.72
2023-11-25,18,23,14588.79
2023-11-26,18,8,5056.65
2023-11-27,18,30,18964.21
2023-11-28,18,15,9007.45
2023-11-29,18,24,15278.19
2023-11-30,18,24,14688.82
2023-12-01,18,23,14393.68
2023-12-02,18,27,16229.39
2023-12-03,18,16,9949.44
2023-12-04,18,26,16374.29
2023-12-05,18,38,23274.63
2023-12-06,18,20,12412.72
2023-12-07,18,32,19546.67
2023-12-08,18,34,21128.87
2023-12-09,18,28,17458.42
2023-12-10,18,23,13831.44
2023-12-11,18,29,17918.91
2023-12-12,18,27,16507.37
2023-12-13,18,32,19613.29
2023-12-14,18,28,17432.86
2023-12-15,18,35,22180.7
2023-12-16,18,13,7854.32
2023-12-17,18,9,5512.06
2023-12-18,18,36,22045.2
2023-12-19,18,39,24749.34
2023-12-20,18,27,17209.11
2023-12-21,18,32,19844.69
2023-12-22,18,33,20050.03
2023-12-23,18,21,12864.95
2023-12-24,18,13,8084.09
2023-12-25,18,24,14719.79
2023-12-26,18,40,25283.55
2023-12-27,18,41,26009.75
2023-12-28,18,26,16384.48
2023-12-29,18,33,20360.31
2023-12-30,18,15,9275.12
2023-12-31,18,9,5483.18
2024-01-01,18,20,12446.28
2024-01-02,18,23,14166.45
2024-01-03,18,24,14474.5
2024-01-04,18,22,13865.54
2024-01-05,18,14,8457.74
2024-01-06,18,12,7666.04
2024-01-07,18,15,9416.75
2024-01-08,18,18,11452.86
2024-01-09,18,17,10652.96
2024-01-10,18,32,20458.64
2024-01-11,18,18,11404.81
2024-01-12,18,13,7888.22
2024-01-13,18,23,14243.28
2024-01-14,18,16,9679.84
2024-01-15,18,15,9564.2
2024-01-16,18,23,13954.16
2024-01-17,18,16,9833.33
2024-01-18,18,21,12922.44
2024-01-19,18,22,13430.68
2024-01-20,18,25,15462.76
2024-01-21,18,8,5115.46
2024-01-22,18,21,12792.23
2024-01-23,18,21,13155.0
2024-01-24,18,22,14061.64
2024-01-25,18,20,12635.07
2024-01-26,18,21,13343.19
2024-01-27,18,25,15707.44
2024-01-28,18,13,7925.84
2024-01-29,18,24,14749.33
2024-01-30,18,20,12605.86
2024-01-31,18,20,12462.2
2024-02-01,18,21,13064.84
2024-02-02,18,13,7869.42
2024-02-03,18,28,17345.14
2024-02-04,18,9,5524.92
2024-02-05,18,20,12129.55
2024-02-06,18,24,15260.24
2024-02-07,18,20,12816.2
2024-02-08,18,18,11178.47
2024-02-09,18,30,18501.3
2024-02-10,18,18,10979.69
2024-02-11,18,12,7289.93
2024-02-12,18,23,14602.83
2024-02-13,18,17,10321.88
2024-02-14,18,21,13018.64
2024-02-15,18,18,11423.42
2024-02-16,18,27,17020.85
2024-02-17,18,21,13087.85
2024-02-18,18,8,5059.61
2024-02-19,18,25,15344.34
2024-02-20,18,26,16091.51
2024-02-21,18,21,13374.21
2024-02-22,18,25,15290.13
2024-02-23,18,28,17225.71
2024-02-24,18,19,11863.42
2024-02-25,18,14,8727.89
2024-02-26,18,21,12763.5
2024-02-27,18,22,13813.1
2024-02-28,18,18,11395.17
2024-02-29,18,35,21878.07
2024-03-01,18,27,16378.99
2024-03-02,18,20,12593.04
2024-03-03,18,14,8893.77
2024-03-04,18,28,17288.45
2024-03-05,18,25,15811.09
2024-03-06,18,22,13567.23
2024-03-07,18,26,16451.26
2024-03-08,18,31,19616.48
2024-03-09,18,16,10010.88
2024-03-10,18,8,5035.95
2024-03-11,18,12,7382.21
2024-03-12,18,12,7562.88
2024-03-13,18,28,17051.29
2024-03-14,18,16,9774.71
2024-03-15,18,28,17891.59
2024-03-16,18,19,11931.65
2024-03-17,18,6,3806.41
2024-03-18,18,28,17576.92
2024-03-19,18,24,15406.39
2024-03-20,18,21,13525.61
2024-03-21,18,26,16487.46
2024-03-22,18,38,23786.28
2024-03-23,18,27,17039.82
2024-03-24,18,14,8940.0
2024-03-25,18,28,17778.86
2024-03-26,18,24,14607.9
2024-03-27,18,26,16340.16
2024-03-28,18,23,14630.0
2024-03-29,18,24,15044.21
2024-03-30,18,19,11645.18
2024-03-31,18,8,5084.9
2024-04-01,18,23,14519.99
2024-04-02,18,34,21691.28
2024-04-03,18,24,14827.3
2024-04-04,18,22,13461.14
2024-04-05,18,34,21558.6
2024-04-06,18,28,17828.23
2024-04-07,18,19,12074.41
2024-04-08,18,25,15987.71
2024-04-09,18,43,26245.1
2024-04-10,18,12,7564.9
2024-04-11,18,28,17797.77
2024-04-12,18,36,22624.39
2024-04-13,18,25,15844.34
2024-04-14,18,14,8704.94
2024-04-15,18,29,18746.85
2024-04-16,18,23,14688.49
2024-04-17,18,17,10866.26
2024-04-18,18,24,15007.54
2024-04-19,18,27,16474.66
2024-04-20,18,22,14199.07
2024-04-21,18,11,6936.69
2024-04-22,18,24,15198.15
2024-04-23,18,23,14099.1
2024-04-24,18,37,23825.07
2024-04-25,18,21,13323.8
2024-04-26,18,28,18042.49
2024-04-27,18,21,13173.65
2024-04-28,18,7,4474.45
2024-04-29,18,32,20126.28
2024-04-30,18,35,21562.11
2024-05-01,18,26,16680.73
2024-05-02,18,21,13540.44
2024-05-03,18,39,24739.67
2024-05-04,18,22,13571.55
2024-05-05,18,13,8129.92
2024-05-06,18,22,14092.51
2024-05-07,18,22,13853.49
2024-05-08,18,29,18771.12
2024-05-09,18,35,21796.5
2024-05-10,18,37,23445.5
2024-05-11,18,22,13471.75
2024-05-12,18,7,4346.15
2024-05-13,18,31,19333.59
2024-05-14,18,28,17320.55
2024-05-15,18,43,27322.31
2024-05-16,18,30,19291.91
2024-05-17,18,31,19696.43
2024-05-18,18,28,17562.78
2024-05-19,18,13,8343.48
2024-05-20,18,18,11543.65
2024-05-21,18,23,14142.72
2024-05-22,18,19,12065.76
2024-05-23,18,41,25409.39
2024-05-24,18,31,19608.87
2024-05-25,18,30,18976.68
2024-05-26,18,12,7613.38
2024-05-27,18,30,19186.74
2024-05-28,18,33,20655.55
2024-05-29,18,35,22516.43
2024-05-30,18,48,30110.8
2024-05-31,18,28,18158.07
2024-06-01,18,25,15510.11
2024-06-02,18,16,10173.77
2024-06-03,18,41,25451.81
2024-06-04,18,38,24427.95
2024-06-05,18,46,29135.23
2024-06-06,18,41,25474.3
2024-06-07,18,48,30226.8
2024-06-08,18,24,14770.99
2024-06-09,18,13,8267.6
2024-06-10,18,45,28002.86
2024-06-11,18,38,23464.28
2024-06-12,18,38,24325.34
2024-06-13,18,47,28943.42
2024-06-14,18,29,18421.07
2024-06-15,18,19,12254.64
2024-06-16,18,15,9625.02
2024-06-17,18,45,28072.18
2024-06-18,18,94,57639.6
2024-06-19,18,28,17407.99
2024-06-20,18,47,29767.3
2024-06-21,18,30,19158.41
2024-06-22,18,25,15603.46
2024-06-23,18,20,12558.86
2024-06-24,18,24,15364.93
2024-06-25,18,74,46769.89
2024-06-26,18,25,15978.85
2024-06-27,18,35,21815.65
2024-06-28,18,26,16167.52
2024-06-29,18,21,13403.56
2024-06-30,18,13,8146.17
2024-07-01,18,63,40663.8
2024-07-02,18,56,34967.55
2024-07-03,18,34,21183.38
2024-07-04,18,47,29117.86
2024-07-05,18,43,26509.83
2024-07-06,18,28,17712.52
2024-07-07,18,16,9956.03
2024-07-08,18,30,18968.76
2024-07-09,18,32,19915.56
2024-07-10,18,43,27294.57
2024-07-11,18,42,25985.37
2024-07-12,18,35,22815.36
2024-07-13,18,43,27062.4
2024-07-14,18,21,13575.7
2024-07-15,18,36,22471.64
2024-07-16,18,33,20986.67
2024-07-17,18,32,20317.4
2024-07-18,18,36,23140.76
2024-07-19,18,47,29035.32
2024-07-20,18,22,13538.58
2024-07-21,18,16,10173.6
2024-07-22,18,31,19544.63
2024-07-23,18,31,19629.32
2024-07-24,18,36,22734.55
2024-07-25,18,44,27197.35
2024-07-26,18,31,19919.57
2024-07-27,18,24,15461.82
2024-07-28,18,22,13631.32
2024-07-29,18,31,19506.19
2024-07-30,18,36,22275.72
2024-07-31,18,39,24907.34
2024-08-01,18,38,24815.51
2024-08-02,18,36,22220.28
2024-08-03,18,37,23068.92
2024-08-04,18,20,12903.88
2024-08-05,18,52,33295.98
2024-08-06,18,33,21415.57
2024-08-07,18,23,14623.09
2024-08-08,18,25,15865.6
2024-08-09,18,40,25100.12
2024-08-10,18,26,16659.6
2024-08-11,18,19,11912.86
2024-08-12,18,41,25885.72
2024-08-13,18,27,16804.85
2024-08-14,18,36,23243.1
2024-08-15,18,21,13211.65
2024-08-16,18,30,19320.81
2024-08-17,18,28,18066.07
2024-08-18,18,17,10723.21
2024-08-19,18,23,14439.09
2024-08-20,18,34,21925.34
2024-08-21,18,34,21295.78
2024-08-22,18,30,18954.4
2024-08-23,18,34,22230.75
2024-08-24,18,19,11830.74
2024-08-25,18,15,9532.22
2024-08-26,18,30,19666.29
2024-08-27,18,30,19079.2
2024-08-28,18,34,21035.28
2024-08-29,18,36,23533.49
2024-08-30,18,25,16351.72
2024-08-31,18,16,10356.02
2024-09-01,18,9,5782.74
2024-09-02,18,32,20394.87
2024-09-03,18,29,18718.47
2024-09-04,18,25,16008.77
2024-09-05,18,21,13373.44
2024-09-06,18,31,19863.71
2024-09-07,18,24,14920.44
2024-09-08,18,10,6390.15
2024-09-09,18,29,18988.01
2024-09-10,18,26,17042.21
2024-09-11,18,36,22319.15
2024-09-12,18,45,28204.14
2024-09-13,18,39,24550.73
2024-09-14,18,29,18101.42
2024-09-15,18,11,7032.85
2024-09-16,18,30,19596.99
2024-09-17,18,39,24260.52
2024-09-18,18,11,7008.49
2024-09-19,18,29,18444.73
2024-09-20,18,37,23306.64
2024-09-21,18,25,16117.95
2024-09-22,18,15,9290.28
2024-09-23,18,21,13668.06
2024-09-24,18,25,15768.35
2024-09-25,18,45,29428.49
2024-09-26,18,35,22978.4
2024-09-27,18,34,21191.16
2024-09-28,18,21,13356.92
2024-09-29,18,18,11837.43
2024-09-30,18,28,17912.0
2024-10-01,18,33,20515.57
2024-10-02,18,20,12709.78
2024-10-03,18,21,13720.08
2024-10-04,18,34,21853.45
2024-10-05,18,25,16345.1
2024-10-06,18,13,8492.48
2024-10-07,18,32,20145.91
2024-10-08,18,27,17272.16
2024-10-09,18,22,14481.81
2024-10-10,18,21,13374.53
2024-10-11,18,34,21720.61
2024-10-12,18,29,18545.16
2024-10-13,18,10,6451.97
2024-10-14,18,31,20329.32
2024-10-15,18,29,18906.92
2024-10-16,18,39,25102.82
2024-10-17,18,20,12420.75
2024-10-18,18,18,11642.41
2024-10-19,18,19,11899.35
2024-10-20,18,8,5067.63
2024-10-21,18,22,14143.34
2024-10-22,18,25,15687.49
2024-10-23,18,29,19064.36
2024-10-24,18,29,19113.8
2024-10-25,18,32,20319.44
2024-10-26,18,27,17689.47
2024-10-27,18,13,8543.35
2024-10-28,18,27,16787.44
2024-10-29,18,34,21629.94
2024-10-30,18,29,18891.59
2024-10-31,18,32,20320.28
2024-11-01,18,31,19414.64
2024-11-02,18,18,11349.72
2024-11-03,18,19,12339.31
2024-11-04,18,21,13176.77
2024-11-05,18,37,23280.36
2024-11-06,18,24,15217.75
2024-11-07,18,25,15818.39
2024-11-08,18,30,19530.93
2024-11-09,18,18,11296.33
2024-11-10,18,17,11116.11
2024-11-11,18,27,17058.38
2024-11-12,18,46,29206.8
2024-11-13,18,54,34774.46
2024-11-14,18,34,21619.8
2024-11-15,18,33,20624.0
2024-11-16,18,29,18228.26
2024-11-17,18,13,8157.51
2024-11-18,18,34,22113.11
2024-11-19,18,39,24735.49
2024-11-20,18,36,22964.56
2024-11-21,18,23,14747.6
2024-11-22,18,32,20216.87
2024-11-23,18,17,11088.66
2024-11-24,18,16,10176.51
2024-11-25,18,21,13615.11
2024-11-26,18,33,21745.25
2024-11-27,18,31,20012.62
2024-11-28,18,22,14251.31
2024-11-29,18,36,23815.91
2024-11-30,18,54,35217.31
2024-12-01,18,17,10709.94
2024-12-02,18,42,27144.27
2024-12-03,18,34,21730.37
2024-12-04,18,46,29107.16
2024-12-05,18,25,16345.92
2024-12-06,18,34,21660.13
2024-12-07,18,27,17112.37
2024-12-08,18,7,4628.66
2024-12-09,18,40,25766.37
2024-12-10,18,34,21361.74
2024-12-11,18,38,24493.1
2024-12-12,18,30,18978.56
2024-12-13,18,30,19040.73
2024-12-14,18,25,15776.53
2024-12-15,18,16,10509.69
2024-12-16,18,32,20873.47
2024-12-17,18,47,29486.21
2024-12-18,18,23,14509.79
2024-12-19,18,35,22356.91
2024-12-20,18,42,26890.46
2024-12-21,18,29,18167.9
2024-12-22,18,5,3295.68
2024-12-23,18,27,17738.11
2024-12-24,18,29,18231.82
2024-12-25,18,39,25488.02
2024-12-26,18,36,23365.86
2024-12-27,18,39,24562.51
2024-12-28,18,27,17689.06
2024-12-29,18,13,8425.98
2024-12-30,18,25,15909.32
2024-12-31,18,29,18705.73
2025-01-01,18,23,15101.92
2025-01-02,18,22,14599.66
2025-01-03,18,25,15687.47
2025-01-04,18,28,17642.77
2025-01-05,18,13,8175.28
2025-01-06,18,14,8798.21
2025-01-07,18,24,15298.91
2025-01-08,18,20,13237.23
2025-01-09,18,23,15270.23
2025-01-10,18,23,14953.66
2025-01-11,18,24,15871.73
2025-01-12,18,11,6914.09
2025-01-13,18,25,16529.56
2025-01-14,18,20,12648.05
2025-01-15,18,22,14427.43
2025-01-16,18,26,16322.91
2025-01-17,18,22,14467.6
2025-01-18,18,26,16913.57
2025-01-19,18,14,8928.88
2025-01-20,18,31,19591.87
2025-01-21,18,30,19764.48
2025-01-22,18,30,19877.61
2025-01-23,18,29,18321.46
2025-01-24,18,20,13068.4
2025-01-25,18,21,13654.52
2025-01-26,18,13,8436.03
2025-01-27,18,22,14609.51
2025-01-28,18,26,16960.85
2025-01-29,18,24,15201.73
2025-01-30,18,23,14779.26
2025-01-31,18,19,11958.37
2025-02-01,18,15,9741.81
2025-02-02,18,8,5178.71
2025-02-03,18,21,13704.3
2025-02-04,18,23,15296.31
2025-02-05,18,25,15911.89
2025-02-06,18,30,18896.09
2025-02-07,18,30,18915.41
2025-02-08,18,25,16348.41
2025-02-09,18,6,3972.31
2025-02-10,18,25,16523.5
2025-02-11,18,29,18636.16
2025-02-12,18,19,12275.64
2025-02-13,18,23,14570.03
2025-02-14,18,23,14507.74
2025-02-15,18,12,7710.52
2025-02-16,18,8,5268.57
2025-02-17,18,19,12483.41
2025-02-18,18,30,19586.89
2025-02-19,18,25,16241.06
2025-02-20,18,32,20671.12
2025-02-21,18,21,13303.59
2025-02-22,18,20,13240.3
2025-02-23,18,13,8686.36
2025-02-24,18,23,14826.15
2025-02-25,18,32,20797.52
2025-02-26,18,20,12784.37
2025-02-27,18,27,16998.41
2025-02-28,18,23,15024.36
2025-03-01,18,25,15759.69
2025-03-02,18,5,3250.19
2025-03-03,18,38,25061.32
2025-03-04,18,36,23631.32
2025-03-05,18,18,11959.21
2025-03-06,18,17,10914.59
2025-03-07,18,27,17264.9
2025-03-08,18,23,15008.07
2025-03-09,18,19,12251.16
2025-03-10,18,23,15314.25
2025-03-11,18,22,13880.19
2025-03-12,18,36,22811.8
2025-03-13,18,28,18180.89
2025-03-14,18,20,13098.59
2025-03-15,18,13,8369.91
2025-03-16,18,11,6982.6
2025-03-17,18,26,16671.82
2025-03-18,18,36,23567.86
2025-03-19,18,26,16680.22
2025-03-20,18,29,18544.9
2025-03-21,18,26,16810.32
2025-03-22,18,18,11675.22
2025-03-23,18,8,5275.32
2025-03-24,18,20,13162.67
2025-03-25,18,15,9733.69
2025-03-26,18,18,11779.98
2025-03-27,18,15,9652.05
2025-03-28,18,36,23211.06
2025-03-29,18,23,14799.4
2025-03-30,18,10,6372.98
2025-03-31,18,20,13110.51
2025-04-01,18,30,18952.43
2025-04-02,18,23,15309.37
2025-04-03,18,32,21340.25
2025-04-04,18,35,23466.29
2025-04-05,18,21,13377.96
2025-04-06,18,16,10590.9
2025-04-07,18,41,27437.44
2025-04-08,18,28,18234.88
2025-04-09,18,36,24108.0
2025-04-10,18,21,13584.82
2025-04-11,18,35,22580.86
2025-04-12,18,22,14534.78
2025-04-13,18,8,5066.78
2025-04-14,18,29,18969.39
2025-04-15,18,18,11760.81
2025-04-16,18,23,15143.15
2025-04-17,18,24,15937.28
2025-04-18,18,26,17173.92
2025-04-19,18,25,16652.81
2025-04-20,18,11,7133.09
2025-04-21,18,26,16555.51
2025-04-22,18,27,17758.81
2025-04-23,18,28,17733.56
2025-04-24,18,27,17539.66
2025-04-25,18,29,18909.45
2025-04-26,18,34,22237.24
2025-04-27,18,13,8532.88
2025-04-28,18,24,15880.11
2025-04-29,18,34,22828.69
2025-04-30,18,33,21319.96
2025-05-01,18,32,20937.7
2025-05-02,18,25,16822.6
2025-05-03,18,39,25312.9
2025-05-04,18,12,7685.59
2025-05-05,18,40,25874.16
2025-05-06,18,45,30011.63
2025-05-07,18,36,23315.36
2025-05-08,18,46,30942.08
2025-05-09,18,34,22575.52
2025-05-10,18,24,15885.56
2025-05-11,18,13,8648.74
2025-05-12,18,37,24155.61
2025-05-13,18,38,24292.32
2025-05-14,18,32,20764.1
2025-05-15,18,36,23335.7
2025-05-16,18,32,20425.35
2025-05-17,18,28,18689.7
2025-05-18,18,15,9975.64
2025-05-19,18,24,15767.86
2025-05-20,18,32,21416.72
2025-05-21,18,43,28500.12
2025-05-22,18,45,29049.8
2025-05-23,18,44,28412.36
2025-05-24,18,31,20221.15
2025-05-25,18,14,8918.79
2025-05-26,18,30,20020.04
2025-05-27,18,40,26831.69
2025-05-28,18,41,26659.36
2025-05-29,18,36,23950.34
2025-05-30,18,42,27366.89
2025-05-31,18,32,20992.76
2025-06-01,18,20,13097.15
2025-06-02,18,38,25495.79
2025-06-03,18,48,30991.4
2025-06-04,18,42,27371.42
2025-06-05,18,44,28380.6
2025-06-06,18,25,15916.11
2025-06-07,18,34,22561.08
2025-06-08,18,27,18217.24
2025-06-09,18,36,23320.93
2025-06-10,18,40,25545.24
2025-06-11,18,37,24677.26
2025-06-12,18,42,27788.1
2025-06-13,18,48,30560.0
2025-06-14,18,33,21348.46
2025-06-15,18,30,19312.42
2025-06-16,18,56,35681.98
2025-06-17,18,31,19839.48
2025-06-18,18,36,22965.57
2025-06-19,18,43,28291.56
2025-06-20,18,32,21354.1
2025-06-21,18,36,23133.68
2025-06-22,18,18,11931.38
2025-06-23,18,52,33324.63
2025-06-24,18,29,19602.56
2025-06-25,18,31,20933.3
2025-06-26,18,30,20168.32
2025-06-27,18,45,28817.69
2025-06-28,18,40,25788.01
2025-06-29,18,20,13219.78
2025-06-30,18,41,26650.93
2025-07-01,18,41,26731.23
2025-07-02,18,50,33656.12
2025-07-03,18,54,35974.37
2025-07-04,18,42,28295.64
2025-07-05,18,35,22441.85
2025-07-06,18,11,7216.56
2025-07-07,18,39,26203.42
2025-07-08,18,42,28227.39
2025-07-09,18,48,31584.91
2025-07-10,18,37,24549.54
2025-07-11,18,43,28707.46
2025-07-12,18,27,17944.21
2025-07-13,18,17,11101.32
2025-07-14,18,43,27567.22
2025-07-15,18,47,31315.72
2025-07-16,18,40,25639.34
2025-07-17,18,52,35094.47
2025-07-18,18,54,35707.33
2025-07-19,18,37,24839.52
2025-07-20,18,24,15765.76
2025-07-21,18,38,24577.29
2025-07-22,18,57,36581.59
2025-07-23,18,42,27486.29
2025-07-24,18,34,22457.3
2025-07-25,18,52,34579.05
2025-07-26,18,30,19992.94
2025-07-27,18,17,11109.09
2025-07-28,18,55,35595.6
2025-07-29,18,40,25726.95
2025-07-30,18,46,31163.83
2025-07-31,18,42,27767.73
2025-08-01,18,31,20517.22
2025-08-02,18,32,20472.37
2025-08-03,18,8,5177.58
2025-08-04,18,27,18162.43
2025-08-05,18,22,14658.24
2025-08-06,18,33,21868.71
2025-08-07,18,42,27611.9
2025-08-08,18,38,25467.03
2025-08-09,18,30,20198.79
2025-08-10,18,15,9946.71
2025-08-11,18,37,24708.26
2025-08-12,18,40,25675.79
2025-08-13,18,39,26115.52
2025-08-14,18,40,26534.21
2025-08-15,18,42,28127.34
2025-08-16,18,35,22492.71
2025-08-17,18,17,11029.53
2025-08-18,18,38,24870.22
2025-08-19,18,55,36366.81
2025-08-20,18,34,22911.11
2025-08-21,18,26,17620.27
2025-08-22,18,41,26489.59
2025-08-23,18,27,17339.11
2025-08-24,18,33,21233.88
2025-08-25,18,37,23892.36
2025-08-26,18,55,37302.76
2025-08-27,18,39,25260.61
2025-08-28,18,37,24341.64
2025-08-29,18,52,34637.38
2025-08-30,18,27,18289.76
2025-08-31,18,12,7886.88
2025-09-01,18,27,17568.06
2025-09-02,18,37,24709.28
2025-09-03,18,30,19914.71
2025-09-04,18,34,22724.55
2025-09-05,18,35,23513.53
2025-09-06,18,25,16965.23
2025-09-07,18,19,12713.77
2025-09-08,18,28,18035.25
2025-09-09,18,19,12282.48
2025-09-10,18,33,21367.42
2025-09-11,18,28,17993.65
2025-09-12,18,45,29689.42
2025-09-13,18,27,17742.29
2025-09-14,18,16,10641.12
2025-09-15,18,44,29418.8
2025-09-16,18,27,18202.83
2025-09-17,18,22,14147.73
2025-09-18,18,32,20762.35
2025-09-19,18,26,16945.4
2025-09-20,18,33,21250.55
2025-09-21,18,16,10379.77
2025-09-22,18,30,20479.62
2025-09-23,18,42,27338.48
2025-09-24,18,29,18682.31
2025-09-25,18,21,13865.19
2025-09-26,18,36,23595.41
2025-09-27,18,23,15438.56
2025-09-28,18,10,6756.95
2025-09-29,18,30,19589.93
2025-09-30,18,38,25068.83
2025-10-01,18,27,18226.65
2025-10-02,18,37,23854.0
2025-10-03,18,27,18172.64
2025-10-04,18,29,19622.71
2025-10-05,18,18,11748.76
2025-10-06,18,29,19596.02
2025-10-07,18,27,17978.9
2025-10-08,18,29,19002.38
2025-10-09,18,33,21440.24
2025-10-10,18,23,15420.71
2025-10-11,18,31,20910.9
2025-10-12,18,6,3977.45
2025-10-13,18,27,17925.08
2025-10-14,18,31,20515.28
2025-10-15,18,22,14549.84
2025-10-16,18,38,24618.07
2025-10-17,18,28,18749.84
2025-10-18,18,26,17620.67
2025-10-19,18,10,6657.96
2025-10-20,18,33,22025.44
2025-10-21,18,29,19825.65
2025-10-22,18,27,18414.6
2025-10-23,18,28,18155.68
2025-10-24,18,31,21127.78
2025-10-25,18,31,20615.78
2025-10-26,18,20,13557.2
2025-10-27,18,22,14750.82
2025-10-28,18,33,22095.27
2025-10-29,18,33,21364.14
2025-10-30,18,34,22063.05
2025-10-31,18,35,23756.71
2025-11-01,18,29,19201.53
2025-11-02,18,22,14628.76
2025-11-03,18,32,20777.22
2025-11-04,18,38,25143.29
2025-11-05,18,18,12270.27
2025-11-06,18,26,17283.73
2025-11-07,18,33,21752.48
2025-11-08,18,22,14423.79
2025-11-09,18,12,7941.88
2025-11-10,18,30,19998.52
2025-11-11,18,35,22982.34
2025-11-12,18,40,27179.39
2025-11-13,18,30,19855.41
2025-11-14,18,27,18260.74
2025-11-15,18,34,22869.39
2025-11-16,18,12,7771.36
2025-11-17,18,34,22811.75
2025-11-18,18,29,19793.99
2025-11-19,18,20,13706.2
2025-11-20,18,31,21063.58
2025-11-21,18,26,17508.72
2025-11-22,18,39,25398.87
2025-11-23,18,13,8596.69
2025-11-24,18,29,19458.24
2025-11-25,18,28,18339.9
2025-11-26,18,42,27777.01
2025-11-27,18,29,18958.99
2025-11-28,18,28,19180.08
2025-11-29,18,32,21671.26
2025-11-30,18,21,13768.15
2025-12-01,18,28,18516.77
2025-12-02,18,27,18383.9
2025-12-03,18,38,25744.79
2025-12-04,18,38,25242.54
2025-12-05,18,38,25555.68
2025-12-06,18,32,20997.03
2025-12-07,18,9,6087.81
2025-12-08,18,34,22941.35
2025-12-09,18,36,23394.38
2025-12-10,18,43,28543.42
2025-12-11,18,32,21318.17
2025-12-12,18,30,20574.76
2025-12-13,18,32,21473.45
2025-12-14,18,18,12382.98
2025-12-15,18,28,18234.49
2025-12-16,18,46,30827.06
2025-12-17,18,40,27402.18
2025-12-18,18,37,25133.62
2025-12-19,18,35,22740.04
2025-12-20,18,24,16329.17
2025-12-21,18,18,12244.15
2025-12-22,18,34,22357.2
2025-12-23,18,41,27140.04
2025-12-24,18,32,21467.71
2025-12-25,18,43,29189.84
2025-12-26,18,32,22021.81
2025-12-27,18,30,19723.38
2025-12-28,18,20,13244.78
2025-12-29,18,43,28167.14
2025-12-30,18,36,23622.63
2025-12-31,18,44,29184.32
2026-01-01,18,34,22351.69
2026-01-02,18,13,8531.71
2026-01-03,18,24,16401.47
2026-01-04,18,18,12164.26
2026-01-05,18,29,19181.33
2026-01-06,18,31,20852.14
2026-01-07,18,32,21405.73
2026-01-08,18,35,23821.65
2026-01-09,18,21,14455.19
2026-01-10,18,16,10695.38
2026-01-11,18,10,6676.21
2026-01-12,18,30,20650.55
2026-01-13,18,30,20332.51
2026-01-14,18,36,24515.68
2026-01-15,18,23,15819.66
2026-01-16,18,27,18196.16
2026-01-17,18,19,12912.63
2026-01-18,18,12,8085.94
2026-01-19,18,17,11361.71
2026-01-20,18,29,19787.98
2026-01-21,18,22,14387.24
2026-01-22,18,23,15730.32
2026-01-23,18,45,30112.59
2026-01-24,18,29,19513.05
2026-01-25,18,7,4574.89
2026-01-26,18,37,24670.6
2026-01-27,18,27,18231.66
2026-01-28,18,32,21057.73
2026-01-29,18,21,13777.28
2026-01-30,18,23,15091.29
2026-01-31,18,28,18443.5
2026-02-01,18,9,6127.31
2026-02-02,18,32,21813.44
2026-02-03,18,17,11715.27
2026-02-04,18,22,14997.8
2026-02-05,18,27,17927.32
2026-02-06,18,35,23328.14
2026-02-07,18,24,15743.09
2026-02-08,18,11,7498.33
2026-02-09,18,28,18714.29
2026-02-10,18,21,14519.87
2026-02-11,18,26,17462.03
2026-02-12,18,23,15548.55
2026-02-13,18,35,23549.67
2026-02-14,18,19,12532.25
2026-02-15,18,18,11765.62
2026-02-16,18,32,21481.29
2026-02-17,18,25,16625.67
2026-02-18,18,31,20468.52
2026-02-19,18,22,15193.88
2026-02-20,18,14,9209.99
2026-02-21,18,22,14652.1
2026-02-22,18,21,14523.68
2026-02-23,18,32,21055.47
2026-02-24,18,29,19949.15
2026-02-25,18,25,16727.67
2026-02-26,18,24,16272.41
2026-02-27,18,33,21706.14
2026-02-28,18,32,21904.31
2026-03-01,18,9,6023.78
2026-03-02,18,26,17258.57
2026-03-03,18,29,19254.72
2026-03-04,18,22,14701.66
2026-03-05,18,40,26804.04
2026-03-06,18,31,21115.83
2026-03-07,18,20,13831.01
2026-03-08,18,14,9353.56
2026-03-09,18,36,24813.72
2026-03-10,18,31,20926.04
2026-03-11,18,29,19752.58
2026-03-12,18,41,28440.94
2026-03-13,18,35,23708.72
2026-03-14,18,21,13971.42
2026-03-15,18,6,4051.05
2026-03-16,18,33,22120.17
2026-03-17,18,17,11271.81
2026-03-18,18,35,23176.02
2026-03-19,18,25,16422.84
2026-03-20,18,47,31511.94
2026-03-21,18,14,9289.56
2026-03-22,18,21,14386.31
2026-03-23,18,29,19265.62
2026-03-24,18,26,18022.06
2026-03-25,18,31,21301.45
2026-03-26,18,25,16421.65
2026-03-27,18,22,14422.32
2026-03-28,18,32,21313.85
2026-03-29,18,13,8686.72
2026-03-30,18,19,13048.3
2026-03-31,18,42,28005.99
2026-04-01,18,32,21453.45
2026-04-02,18,38,25020.58
2026-04-03,18,28,19059.68
2026-04-04,18,24,15828.13
2026-04-05,18,13,8757.1
2026-04-06,18,33,22345.11
2026-04-07,18,37,24900.39
2026-04-08,18,21,14340.63
2026-04-09,18,32,21121.26
2026-04-10,18,24,16484.03
2026-04-11,18,25,17317.55
2026-04-12,18,13,8778.45
2026-04-13,18,24,16377.96
2026-04-14,18,29,19614.7
2026-04-15,18,26,17569.12
2026-04-16,18,36,25076.72
2026-04-17,18,34,23648.2
2026-04-18,18,24,15911.2
2026-04-19,18,34,22772.05
2026-04-20,18,33,22200.94
2026-04-21,18,47,31310.81
2026-04-22,18,37,24886.93
2026-04-23,18,33,21739.52
2026-04-24,18,30,20002.25
2026-04-25,18,30,19983.13
2026-04-26,18,15,10088.81
2026-04-27,18,32,21536.36
2026-04-28,18,22,15093.57
2026-04-29,18,36,24621.16
2026-04-30,18,37,25062.92
2026-05-01,18,25,17169.85
2026-05-02,18,22,15357.66
2026-05-03,18,16,11060.0
2026-05-04,18,43,28438.98
2026-05-05,18,43,29978.51
2026-05-06,18,29,19183.52
2026-05-07,18,38,25997.93
2026-05-08,18,42,27742.73
2026-05-09,18,35,24223.09
2026-05-10,18,18,12203.32
2026-05-11,18,31,21221.2
2026-05-12,18,31,21393.11
2026-05-13,18,34,22395.26
2026-05-14,18,41,28167.42
2026-05-15,18,35,23121.02
2026-05-16,18,31,21102.97
2026-05-17,18,12,8308.87
2026-05-18,18,34,22847.36
2026-05-19,18,49,33434.69
2026-05-20,18,33,22787.94
2026-05-21,18,39,26135.43
2026-05-22,18,40,26796.66
2026-05-23,18,32,21791.07
2026-05-24,18,24,16586.42
2026-05-25,18,44,29905.07
2026-05-26,18,45,29932.08
2026-05-27,18,46,30780.47
2026-05-28,18,36,23743.37
2026-05-29,18,21,14589.81
2026-05-30,18,28,19378.95
2026-05-31,18,17,11898.89
2026-06-01,18,53,37087.31
2026-06-02,18,48,32413.28
2026-06-03,18,31,20468.02
2026-06-04,18,37,24458.79
2026-06-05,18,42,29404.77
2026-06-06,18,38,25898.71
2026-06-07,18,22,14932.89
2026-06-08,18,41,28080.46
2026-06-09,18,49,34262.76
2026-06-10,18,32,22409.0
2026-06-11,18,39,25935.96
2026-06-12,18,52,35498.1
2026-06-13,18,36,23913.62
2026-06-14,18,14,9484.43
2026-06-15,18,48,33471.72
2026-06-16,18,53,35764.77
2026-06-17,18,33,22710.82
2026-06-18,18,54,37352.35
2026-06-19,18,35,23436.21
2026-06-20,18,43,29781.67
2026-06-21,18,33,22200.18
2026-06-22,18,43,28586.05
2026-06-23,18,37,25443.45
2026-06-24,18,45,31521.8
2026-06-25,18,47,31992.73
2026-06-26,18,58,38967.2
2026-06-27,18,42,28289.73
2026-06-28,18,22,15307.51
2026-06-29,18,43,29176.12
2026-06-30,18,54,37356.34
2026-07-01,18,57,39748.78
2026-07-02,18,44,30884.43
2026-07-03,18,53,35950.67
2026-07-04,18,44,29526.8
2026-07-05,18,12,8270.98
2026-07-06,18,49,34216.64
2026-07-07,18,44,29667.37
2026-07-08,18,58,39299.35
2026-07-09,18,54,37866.76
2026-07-10,18,56,37672.53
2026-07-11,18,37,24786.97
2026-07-12,18,32,21537.3
2026-07-13,18,46,30946.29
2026-07-14,18,29,20074.77
2026-07-15,18,50,33544.93
2026-07-16,18,38,25806.13
2026-07-17,18,33,23044.19
2026-07-18,18,27,18160.86
2026-07-19,18,26,17676.45
2026-07-20,18,44,30292.97
2026-07-21,18,87,60474.13
2026-07-22,18,47,31730.75
2026-07-23,18,60,41026.84
2026-07-24,18,39,26275.37
2026-07-25,18,42,29027.07
2026-07-26,18,25,17073.19
2026-07-27,18,48,32556.45
2026-07-28,18,49,32563.61
2026-07-29,18,53,35763.05
2026-07-30,18,45,31552.48
2026-07-31,18,42,28537.72
2026-08-01,18,36,25047.08
2026-08-02,18,17,11805.55
2026-08-03,18,51,34293.91
2026-08-04,18,38,26185.98
2026-08-05,18,41,27963.31
2026-08-06,18,44,29909.43
2026-08-07,18,34,23112.2
2026-08-08,18,35,23886.43
2026-08-09,18,17,11763.09
2026-08-10,18,35,23807.84
2026-08-11,18,41,27688.38
2026-08-12,18,59,40856.67
2026-08-13,18,46,30856.34
2026-08-14,18,39,25940.78
2026-08-15,18,37,24889.09
2026-08-16,18,22,15325.98
2026-08-17,18,46,31117.96
2026-08-18,18,47,32249.38
2026-08-19,18,29,19893.35
2026-08-20,18,63,44018.33
2026-08-21,18,41,27796.3
2026-08-22,18,46,30693.41
2026-08-23,18,22,14915.35
2026-08-24,18,82,56971.48
2026-08-25,18,44,30652.49
2026-08-26,18,40,27799.32
2026-08-27,18,54,37474.2
2026-08-28,18,44,30310.81
2026-08-29,18,28,19056.14
2026-08-30,18,19,12861.88
2026-08-31,18,34,23838.12
2026-09-01,18,48,32522.48
2026-09-02,18,25,17486.0
2026-09-03,18,31,21671.99
2026-09-04,18,29,20329.57
2026-09-05,18,32,22352.18
2026-09-06,18,11,7348.74
2026-09-07,18,30,20785.39
2026-09-08,18,41,28548.07
2026-09-09,18,27,18967.35
2026-09-10,18,36,24391.52
2026-09-11,18,30,20495.8
2026-09-12,18,40,27081.16
2026-09-13,18,23,16140.88
2026-09-14,18,37,25398.63
2026-09-15,18,36,24361.47
2026-09-16,18,28,19446.3
2026-09-17,18,36,24049.73
2026-09-18,18,38,26415.22
2026-09-19,18,22,15515.88
2026-09-20,18,21,14585.36
2026-09-21,18,43,29073.85
2026-09-22,18,57,38254.67
2026-09-23,18,33,22403.39
2026-09-24,18,39,26605.03
2026-09-25,18,34,23006.51
2026-09-26,18,25,17481.17
2026-09-27,18,17,11891.84
2026-09-28,18,48,32410.35
2026-09-29,18,29,19910.36
2026-09-30,18,39,26348.25
2023-10-01,19,55,8493.09
2023-10-02,19,107,16361.66
2023-10-03,19,76,11632.73
2023-10-04,19,68,10647.19
2023-10-05,19,106,16040.53
2023-10-06,19,79,11893.32
2023-10-07,19,81,12159.05
2023-10-08,19,32,4990.98
2023-10-09,19,96,14364.52
2023-10-10,19,80,12027.93
2023-10-11,19,89,13806.86
2023-10-12,19,91,13748.36
2023-10-13,19,92,14412.99
2023-10-14,19,81,12278.46
2023-10-15,19,52,8254.83
2023-10-16,19,103,15785.31
2023-10-17,19,84,13026.81
2023-10-18,19,97,14893.52
2023-10-19,19,76,11655.69
2023-10-20,19,104,15845.98
2023-10-21,19,63,9761.91
2023-10-22,19,49,7504.42
2023-10-23,19,114,17594.47
2023-10-24,19,89,13848.02
2023-10-25,19,90,13520.44
2023-10-26,19,88,13649.46
2023-10-27,19,121,18426.27
2023-10-28,19,83,12528.98
2023-10-29,19,63,9534.0
2023-10-30,19,116,17660.06
2023-10-31,19,112,17455.1
2023-11-01,19,123,19300.07
2023-11-02,19,111,16815.8
2023-11-03,19,104,16370.23
2023-11-04,19,80,12217.22
2023-11-05,19,37,5656.45
2023-11-06,19,93,14578.16
2023-11-07,19,129,19936.9
2023-11-08,19,97,14761.38
2023-11-09,19,83,12998.59
2023-11-10,19,144,22122.72
2023-11-11,19,115,17265.88
2023-11-12,19,56,8409.51
2023-11-13,19,107,16169.04
2023-11-14,19,97,14682.7
2023-11-15,19,160,25418.07
2023-11-16,19,133,20754.26
2023-11-17,19,121,18274.7
2023-11-18,19,113,17955.93
2023-11-19,19,45,6793.48
2023-11-20,19,141,21309.89
2023-11-21,19,131,20507.8
2023-11-22,19,117,18614.47
2023-11-23,19,117,18136.83
2023-11-24,19,141,22482.16
2023-11-25,19,92,14487.23
2023-11-26,19,46,7337.21
2023-11-27,19,80,12095.02
2023-11-28,19,119,18810.92
2023-11-29,19,100,15182.59
2023-11-30,19,124,19663.01
2023-12-01,19,138,21498.56
2023-12-02,19,100,15591.95
2023-12-03,19,58,9253.84
2023-12-04,19,125,18925.97
2023-12-05,19,129,19442.78
2023-12-06,19,121,18851.93
2023-12-07,19,160,24858.32
2023-12-08,19,109,17094.63
2023-12-09,19,115,17953.11
2023-12-10,19,59,9048.03
2023-12-11,19,130,19719.17
2023-12-12,19,100,15927.97
2023-12-13,19,113,17033.42
2023-12-14,19,130,20451.76
2023-12-15,19,119,18120.52
2023-12-16,19,112,17028.44
2023-12-17,19,66,10172.65
2023-12-18,19,103,15834.97
2023-12-19,19,118,18699.85
2023-12-20,19,138,21173.25
2023-12-21,19,141,22023.41
2023-12-22,19,113,17255.84
2023-12-23,19,84,12827.58
2023-12-24,19,43,6775.17
2023-12-25,19,118,18379.19
2023-12-26,19,144,22121.0
2023-12-27,19,127,19357.01
2023-12-28,19,154,24594.69
2023-12-29,19,106,16089.28
2023-12-30,19,98,15400.55
2023-12-31,19,51,8145.66
2024-01-01,19,114,17371.44
2024-01-02,19,105,16664.0
2024-01-03,19,165,25194.52
2024-01-04,19,136,20931.72
2024-01-05,19,139,21925.12
2024-01-06,19,107,16646.39
2024-01-07,19,64,10219.26
2024-01-08,19,137,21728.66
2024-01-09,19,97,14727.52
2024-01-10,19,125,19292.84
2024-01-11,19,126,20104.75
2024-01-12,19,125,19322.75
2024-01-13,19,107,16373.3
2024-01-14,19,65,10421.88
2024-01-15,19,132,20789.22
2024-01-16,19,140,22311.18
2024-01-17,19,128,19532.6
2024-01-18,19,140,21857.78
2024-01-19,19,126,19230.39
2024-01-20,19,126,19518.68
2024-01-21,19,50,7982.77
2024-01-22,19,127,20056.58
2024-01-23,19,119,18708.94
2024-01-24,19,128,20370.45
2024-01-25,19,121,19426.27
2024-01-26,19,124,19318.18
2024-01-27,19,158,24134.75
2024-01-28,19,66,10308.98
2024-01-29,19,102,16065.48
2024-01-30,19,152,24333.43
2024-01-31,19,145,23315.02
2024-02-01,19,104,16616.79
2024-02-02,19,144,21970.63
2024-02-03,19,106,16496.33
2024-02-04,19,69,10585.73
2024-02-05,19,147,22944.45
2024-02-06,19,101,15905.2
2024-02-07,19,109,17373.98
2024-02-08,19,127,19498.67
2024-02-09,19,115,18038.36
2024-02-10,19,102,15640.4
2024-02-11,19,92,14782.66
2024-02-12,19,114,17828.48
2024-02-13,19,141,21488.19
2024-02-14,19,162,26075.34
2024-02-15,19,163,26153.16
2024-02-16,19,127,20437.5
2024-02-17,19,116,17852.12
2024-02-18,19,76,11622.04
2024-02-19,19,128,19640.75
2024-02-20,19,116,18092.96
2024-02-21,19,114,17363.23
2024-02-22,19,111,17390.14
2024-02-23,19,119,18134.84
2024-02-24,19,68,10913.44
2024-02-25,19,57,9116.53
2024-02-26,19,137,20974.92
2024-02-27,19,149,23447.31
2024-02-28,19,101,15812.44
2024-02-29,19,144,22852.36
2024-03-01,19,137,21872.98
2024-03-02,19,114,17526.83
2024-03-03,19,44,6827.55
2024-03-04,19,108,16469.34
2024-03-05,19,104,16261.21
2024-03-06,19,147,22649.49
2024-03-07,19,123,19019.47
2024-03-08,19,119,18684.99
2024-03-09,19,107,16366.61
2024-03-10,19,94,14596.57
2024-03-11,19,110,17536.68
2024-03-12,19,97,15357.46
2024-03-13,19,155,24831.91
2024-03-14,19,151,23993.27
2024-03-15,19,127,19351.2
2024-03-16,19,103,15756.8
2024-03-17,19,81,12667.58
2024-03-18,19,92,14361.48
2024-03-19,19,124,18897.87
2024-03-20,19,109,17597.84
2024-03-21,19,151,23638.36
2024-03-22,19,137,21758.04
2024-03-23,19,118,18020.45
2024-03-24,19,67,10349.8
2024-03-25,19,183,28164.94
2024-03-26,19,118,18837.24
2024-03-27,19,126,19684.59
2024-03-28,19,151,23878.59
2024-03-29,19,146,22843.44
2024-03-30,19,81,12611.38
2024-03-31,19,62,9700.12
2024-04-01,19,72,11652.57
2024-04-02,19,105,16835.42
2024-04-03,19,106,17098.42
2024-04-04,19,104,16233.25
2024-04-05,19,98,15673.8
2024-04-06,19,85,13285.8
2024-04-07,19,57,8765.45
2024-04-08,19,90,14001.14
2024-04-09,19,132,20445.24
2024-04-10,19,127,20340.82
2024-04-11,19,97,15225.21
2024-04-12,19,109,17073.25
2024-04-13,19,97,15477.34
2024-04-14,19,47,7500.1
2024-04-15,19,108,16532.1
2024-04-16,19,98,15235.26
2024-04-17,19,99,16010.53
2024-04-18,19,96,15320.65
2024-04-19,19,120,18929.04
2024-04-20,19,96,14705.69
2024-04-21,19,64,10134.93
2024-04-22,19,121,19449.56
2024-04-23,19,93,14722.12
2024-04-24,19,98,15865.96
2024-04-25,19,101,15568.89
2024-04-26,19,123,19848.43
2024-04-27,19,102,15596.76
2024-04-28,19,45,7234.17
2024-04-29,19,110,17665.3
2024-04-30,19,96,14756.74
2024-05-01,19,135,21715.87
2024-05-02,19,81,13054.18
2024-05-03,19,106,16417.63
2024-05-04,19,69,10740.51
2024-05-05,19,50,7852.36
2024-05-06,19,84,13398.94
2024-05-07,19,93,14999.64
2024-05-08,19,122,19418.97
2024-05-09,19,95,14799.78
2024-05-10,19,111,17885.37
2024-05-11,19,65,10519.32
2024-05-12,19,25,3894.04
2024-05-13,19,85,13221.63
2024-05-14,19,71,11456.13
2024-05-15,19,123,18948.32
2024-05-16,19,99,15385.1
2024-05-17,19,89,14395.9
2024-05-18,19,92,14266.54
2024-05-19,19,47,7421.3
2024-05-20,19,80,12656.34
2024-05-21,19,85,13698.56
2024-05-22,19,88,14245.91
2024-05-23,19,72,11458.17
2024-05-24,19,62,9801.9
2024-05-25,19,55,8645.87
2024-05-26,19,24,3869.3
2024-05-27,19,80,12737.97
2024-05-28,19,90,13837.24
2024-05-29,19,78,12053.77
2024-05-30,19,103,16396.18
2024-05-31,19,87,13511.74
2024-06-01,19,81,12670.15
2024-06-02,19,28,4368.32
2024-06-03,19,87,14166.65
2024-06-04,19,79,12362.62
2024-06-05,19,64,10120.16
2024-06-06,19,90,13820.23
2024-06-07,19,100,15787.89
2024-06-08,19,62,9828.79
2024-06-09,19,29,4656.77
2024-06-10,19,99,15877.92
2024-06-11,19,73,11867.72
2024-06-12,19,64,10210.22
2024-06-13,19,62,9839.17
2024-06-14,19,73,11292.03
2024-06-15,19,75,11905.23
2024-06-16,19,55,8524.11
2024-06-17,19,72,11289.41
2024-06-18,19,74,11819.81
2024-06-19,19,74,11929.03
2024-06-20,19,64,10283.13
2024-06-21,19,69,10846.63
2024-06-22,19,68,11101.05
2024-06-23,19,44,6811.79
2024-06-24,19,68,10703.71
2024-06-25,19,76,11747.1
2024-06-26,19,98,15950.22
2024-06-27,19,111,17788.06
2024-06-28,19,84,13624.82
2024-06-29,19,74,11927.23
2024-06-30,19,33,5153.78
2024-07-01,19,74,11483.04
2024-07-02,19,63,9901.95
2024-07-03,19,77,12091.33
2024-07-04,19,72,11236.0
2024-07-05,19,81,13115.91
2024-07-06,19,64,10122.6
2024-07-07,19,35,5578.57
2024-07-08,19,83,12959.04
2024-07-09,19,61,9688.41
2024-07-10,19,90,14689.26
2024-07-11,19,98,15534.5
2024-07-12,19,74,11717.98
2024-07-13,19,56,9096.35
2024-07-14,19,43,6829.66
2024-07-15,19,75,12159.73
2024-07-16,19,80,12864.33
2024-07-17,19,72,11385.56
2024-07-18,19,79,12535.43
2024-07-19,19,75,12010.6
2024-07-20,19,73,11549.38
2024-07-21,19,35,5693.88
2024-07-22,19,79,12383.48
2024-07-23,19,65,10300.89
2024-07-24,19,81,12730.5
2024-07-25,19,89,14080.24
2024-07-26,19,68,11006.11
2024-07-27,19,60,9329.0
2024-07-28,19,50,7904.66
2024-07-29,19,113,17813.5
2024-07-30,19,73,11636.9
2024-07-31,19,75,12026.49
2024-08-01,19,83,13126.83
2024-08-02,19,77,12483.69
2024-08-03,19,65,10357.09
2024-08-04,19,40,6446.15
2024-08-05,19,69,11100.0
2024-08-06,19,76,12169.7
2024-08-07,19,73,11579.59
2024-08-08,19,70,11210.52
2024-08-09,19,58,9087.26
2024-08-10,19,67,10757.72
2024-08-11,19,26,4228.47
2024-08-12,19,104,16522.02
2024-08-13,19,61,9916.43
2024-08-14,19,89,13811.17
2024-08-15,19,58,9248.31
2024-08-16,19,51,7938.42
2024-08-17,19,90,13947.9
2024-08-18,19,45,7257.96
2024-08-19,19,64,10388.96
2024-08-20,19,108,17546.63
2024-08-21,19,86,13505.21
2024-08-22,19,79,12767.94
2024-08-23,19,56,8993.5
2024-08-24,19,57,8963.12
2024-08-25,19,50,8122.8
2024-08-26,19,80,13048.37
2024-08-27,19,77,12087.88
2024-08-28,19,97,15553.81
2024-08-29,19,91,14595.81
2024-08-30,19,76,11998.58
2024-08-31,19,80,12889.79
2024-09-01,19,54,8540.55
2024-09-02,19,98,16046.52
2024-09-03,19,93,14797.93
2024-09-04,19,86,13372.26
2024-09-05,19,100,16160.85
2024-09-06,19,76,12123.06
2024-09-07,19,81,12637.9
2024-09-08,19,49,8013.32
2024-09-09,19,96,15213.02
2024-09-10,19,82,13322.33
2024-09-11,19,77,12157.21
2024-09-12,19,112,18418.33
2024-09-13,19,108,17480.24
2024-09-14,19,77,12501.47
2024-09-15,19,34,5386.71
2024-09-16,19,116,18448.9
2024-09-17,19,96,15069.2
2024-09-18,19,88,13687.5
2024-09-19,19,89,14388.29
2024-09-20,19,79,12306.01
2024-09-21,19,54,8837.25
2024-09-22,19,42,6904.25
2024-09-23,19,83,12999.39
2024-09-24,19,63,9798.66
2024-09-25,19,85,13445.31
2024-09-26,19,84,13699.12
2024-09-27,19,74,11901.36
2024-09-28,19,65,10577.78
2024-09-29,19,41,6467.85
2024-09-30,19,87,14252.28
2024-10-01,19,110,17219.82
2024-10-02,19,109,17000.46
2024-10-03,19,105,16559.36
2024-10-04,19,94,14819.19
2024-10-05,19,77,12004.05
2024-10-06,19,53,8462.76
2024-10-07,19,136,21465.24
2024-10-08,19,124,19432.08
2024-10-09,19,98,15986.04
2024-10-10,19,76,12367.54
2024-10-11,19,110,17378.64
2024-10-12,19,79,12404.9
2024-10-13,19,68,10643.17
2024-10-14,19,102,16711.42
2024-10-15,19,122,20093.04
2024-10-16,19,88,13823.63
2024-10-17,19,121,19207.76
2024-10-18,19,125,20540.54
2024-10-19,19,74,11959.64
2024-10-20,19,41,6457.16
2024-10-21,19,142,22400.72
2024-10-22,19,117,18789.01
2024-10-23,19,117,19273.94
2024-10-24,19,96,15471.44
2024-10-25,19,121,19164.68
2024-10-26,19,103,17029.88
2024-10-27,19,62,9709.6
2024-10-28,19,95,15385.25
2024-10-29,19,98,15586.57
2024-10-30,19,97,15916.09
2024-10-31,19,96,15337.11
2024-11-01,19,93,14553.68
2024-11-02,19,120,19126.0
2024-11-03,19,60,9802.39
2024-11-04,19,106,16717.93
2024-11-05,19,120,19654.92
2024-11-06,19,92,14809.67
2024-11-07,19,129,20370.89
2024-11-08,19,96,15819.81
2024-11-09,19,98,15652.18
2024-11-10,19,44,7269.65
2024-11-11,19,126,20874.74
2024-11-12,19,116,18647.14
2024-11-13,19,102,16193.07
2024-11-14,19,140,22103.1
2024-11-15,19,82,12997.94
2024-11-16,19,86,13473.01
2024-11-17,19,37,6008.22
2024-11-18,19,112,18364.49
2024-11-19,19,96,15029.19
2024-11-20,19,99,16360.03
2024-11-21,19,97,15300.24
2024-11-22,19,109,17881.29
2024-11-23,19,93,14738.99
2024-11-24,19,57,9140.53
2024-11-25,19,113,18422.75
2024-11-26,19,99,16254.23
2024-11-27,19,98,15602.63
2024-11-28,19,142,22781.07
2024-11-29,19,76,12097.58
2024-11-30,19,119,19282.91
2024-12-01,19,54,8519.26
2024-12-02,19,110,17507.35
2024-12-03,19,120,19785.16
2024-12-04,19,130,21103.02
2024-12-05,19,149,23593.19
2024-12-06,19,143,23650.55
2024-12-07,19,129,21051.84
2024-12-08,19,52,8613.92
2024-12-09,19,120,19320.67
2024-12-10,19,110,17272.45
2024-12-11,19,122,19770.79
2024-12-12,19,110,17623.42
2024-12-13,19,116,18435.99
2024-12-14,19,100,15791.82
2024-12-15,19,68,10735.58
2024-12-16,19,126,20938.96
2024-12-17,19,156,25908.62
2024-12-18,19,106,17577.98
2024-12-19,19,134,21067.76
2024-12-20,19,139,22816.75
2024-12-21,19,113,17858.51
2024-12-22,19,54,8639.13
2024-12-23,19,124,20350.23
2024-12-24,19,116,18455.53
2024-12-25,19,103,17071.04
2024-12-26,19,129,20366.8
2024-12-27,19,98,15722.64
2024-12-28,19,144,22959.91
2024-12-29,19,74,11950.61
2024-12-30,19,118,19335.72
2024-12-31,19,141,22374.3
2025-01-01,19,180,28493.33
2025-01-02,19,153,25134.88
2025-01-03,19,122,20239.95
2025-01-04,19,118,19543.59
2025-01-05,19,79,12604.74
2025-01-06,19,121,19972.77
2025-01-07,19,111,17683.8
2025-01-08,19,124,19685.23
2025-01-09,19,134,21436.19
2025-01-10,19,166,27496.0
2025-01-11,19,113,18285.57
2025-01-12,19,50,8041.6
2025-01-13,19,118,19007.36
2025-01-14,19,156,25779.44
2025-01-15,19,76,12641.81
2025-01-16,19,134,21427.08
2025-01-17,19,125,20230.3
2025-01-18,19,107,17509.88
2025-01-19,19,52,8388.6
2025-01-20,19,144,23388.08
2025-01-21,19,144,23780.54
2025-01-22,19,137,22376.94
2025-01-23,19,86,13629.05
2025-01-24,19,93,15069.26
2025-01-25,19,102,16892.52
2025-01-26,19,72,11928.59
2025-01-27,19,94,14871.02
2025-01-28,19,138,22038.31
2025-01-29,19,176,28846.5
2025-01-30,19,90,14189.92
2025-01-31,19,131,20874.51
2025-02-01,19,108,17553.25
2025-02-02,19,64,10252.7
2025-02-03,19,154,24674.71
2025-02-04,19,114,18250.38
2025-02-05,19,114,18043.14
2025-02-06,19,122,19680.67
2025-02-07,19,134,21170.18
2025-02-08,19,132,22000.15
2025-02-09,19,63,10167.19
2025-02-10,19,164,26403.11
2025-02-11,19,127,20239.3
2025-02-12,19,106,17695.89
2025-02-13,19,140,23217.0
2025-02-14,19,157,24950.43
2025-02-15,19,111,18580.1
2025-02-16,19,68,11084.49
2025-02-17,19,143,22926.0
2025-02-18,19,116,18478.3
2025-02-19,19,111,18357.59
2025-02-20,19,144,23513.24
2025-02-21,19,105,16689.58
2025-02-22,19,99,16327.36
2025-02-23,19,64,10719.92
2025-02-24,19,94,15736.84
2025-02-25,19,119,19034.63
2025-02-26,19,141,23104.12
2025-02-27,19,123,19923.33
2025-02-28,19,110,18073.75
2025-03-01,19,125,20723.43
2025-03-02,19,55,8836.79
2025-03-03,19,124,20433.43
2025-03-04,19,150,24721.92
2025-03-05,19,95,15247.79
2025-03-06,19,126,20886.5
2025-03-07,19,122,19467.36
2025-03-08,19,87,14335.55
2025-03-09,19,59,9752.88
2025-03-10,19,70,11455.18
2025-03-11,19,142,23827.13
2025-03-12,19,137,21823.31
2025-03-13,19,103,17212.69
2025-03-14,19,107,17140.87
2025-03-15,19,118,19257.37
2025-03-16,19,64,10330.92
2025-03-17,19,80,12839.94
2025-03-18,19,112,18344.58
2025-03-19,19,123,20269.74
2025-03-20,19,116,18490.6
2025-03-21,19,116,18873.75
2025-03-22,19,121,20112.72
2025-03-23,19,55,8930.53
2025-03-24,19,114,18349.32
2025-03-25,19,148,24370.79
2025-03-26,19,133,22054.71
2025-03-27,19,115,19108.92
2025-03-28,19,123,20523.34
2025-03-29,19,111,17939.44
2025-03-30,19,70,11443.53
2025-03-31,19,134,21657.03
2025-04-01,19,127,21014.06
2025-04-02,19,98,16143.15
2025-04-03,19,108,17439.68
2025-04-04,19,97,15882.69
2025-04-05,19,81,12929.77
2025-04-06,19,51,8426.32
2025-04-07,19,97,16236.85
2025-04-08,19,86,14281.27
2025-04-09,19,111,17912.03
2025-04-10,19,90,15015.53
2025-04-11,19,79,13046.91
2025-04-12,19,87,14210.98
2025-04-13,19,53,8588.63
2025-04-14,19,91,14741.49
2025-04-15,19,89,14256.05
2025-04-16,19,124,20428.77
2025-04-17,19,97,15678.46
2025-04-18,19,116,19415.48
2025-04-19,19,86,13953.58
2025-04-20,19,43,7224.36
2025-04-21,19,87,14298.08
2025-04-22,19,85,13621.27
2025-04-23,19,98,16448.8
2025-04-24,19,140,23471.36
2025-04-25,19,99,16038.58
2025-04-26,19,99,16220.39
2025-04-27,19,52,8698.82
2025-04-28,19,123,19611.45
2025-04-29,19,100,16613.55
2025-04-30,19,104,17245.87
2025-05-01,19,107,17909.16
2025-05-02,19,92,15258.18
2025-05-03,19,92,15097.75
2025-05-04,19,41,6665.95
2025-05-05,19,80,13308.47
2025-05-06,19,116,18578.51
2025-05-07,19,91,14884.8
2025-05-08,19,60,9625.36
2025-05-09,19,80,13488.8
2025-05-10,19,72,11570.19
2025-05-11,19,36,5768.64
2025-05-12,19,91,15079.94
2025-05-13,19,101,16812.23
2025-05-14,19,101,16753.01
2025-05-15,19,110,17924.87
2025-05-16,19,89,14515.11
2025-05-17,19,71,11465.24
2025-05-18,19,35,5596.61
2025-05-19,19,97,16079.29
2025-05-20,19,85,13535.18
2025-05-21,19,76,12347.6
2025-05-22,19,87,13973.82
2025-05-23,19,88,14073.96
2025-05-24,19,78,12640.74
2025-05-25,19,48,7991.43
2025-05-26,19,108,17618.92
2025-05-27,19,95,15595.98
2025-05-28,19,87,14245.08
2025-05-29,19,89,14781.82
2025-05-30,19,100,16877.82
2025-05-31,19,79,13158.84
2025-06-01,19,45,7217.22
2025-06-02,19,78,12876.46
2025-06-03,19,84,13479.55
2025-06-04,19,63,10585.18
2025-06-05,19,75,12117.71
2025-06-06,19,74,12518.36
2025-06-07,19,68,11443.63
2025-06-08,19,34,5521.08
2025-06-09,19,65,10375.81
2025-06-10,19,84,14082.39
2025-06-11,19,93,15161.53
2025-06-12,19,77,12931.29
2025-06-13,19,49,8038.23
2025-06-14,19,69,11206.57
2025-06-15,19,36,5976.29
2025-06-16,19,95,15744.2
2025-06-17,19,101,16364.47
2025-06-18,19,64,10847.82
2025-06-19,19,75,12697.64
2025-06-20,19,84,13727.84
2025-06-21,19,63,10342.7
2025-06-22,19,33,5569.86
2025-06-23,19,73,12188.34
2025-06-24,19,89,14255.72
2025-06-25,19,97,15684.64
2025-06-26,19,65,10837.03
2025-06-27,19,65,10498.18
2025-06-28,19,69,11111.49
2025-06-29,19,27,4353.27
2025-06-30,19,79,13197.31
2025-07-01,19,93,14921.11
2025-07-02,19,77,12500.14
2025-07-03,19,56,8992.36
2025-07-04,19,89,14846.32
2025-07-05,19,51,8462.44
2025-07-06,19,30,5065.55
2025-07-07,19,72,11839.72
2025-07-08,19,66,10905.63
2025-07-09,19,73,11816.81
2025-07-10,19,80,13087.43
2025-07-11,19,74,12232.22
2025-07-12,19,75,12496.79
2025-07-13,19,24,3912.76
2025-07-14,19,64,10301.32
2025-07-15,19,99,16539.87
2025-07-16,19,69,11150.29
2025-07-17,19,74,12421.76
2025-07-18,19,78,12607.96
2025-07-19,19,54,8685.94
2025-07-20,19,32,5219.19
2025-07-21,19,92,15110.75
2025-07-22,19,79,13222.15
2025-07-23,19,73,12406.79
2025-07-24,19,64,10450.28
2025-07-25,19,57,9326.91
2025-07-26,19,67,11260.51
2025-07-27,19,27,4446.6
2025-07-28,19,69,11215.02
2025-07-29,19,97,16509.88
2025-07-30,19,70,11607.9
2025-07-31,19,80,13139.29
2025-08-01,19,74,12319.16
2025-08-02,19,81,13292.78
2025-08-03,19,47,7985.88
2025-08-04,19,85,14415.05
2025-08-05,19,73,12012.87
2025-08-06,19,73,11743.31
2025-08-07,19,66,10947.43
2025-08-08,19,51,8432.59
2025-08-09,19,57,9254.21
2025-08-10,19,30,4930.35
2025-08-11,19,83,13773.74
2025-08-12,19,67,11353.7
2025-08-13,19,72,11791.69
2025-08-14,19,76,12455.66
2025-08-15,19,69,11627.53
2025-08-16,19,88,14563.11
2025-08-17,19,28,4617.53
2025-08-18,19,67,10964.04
2025-08-19,19,67,11161.11
2025-08-20,19,56,9146.08
2025-08-21,19,65,10562.84
2025-08-22,19,66,10629.47
2025-08-23,19,68,11256.24
2025-08-24,19,33,5572.16
2025-08-25,19,89,15111.84
2025-08-26,19,109,17667.88
2025-08-27,19,84,14131.85
2025-08-28,19,57,9403.51
2025-08-29,19,56,9537.36
2025-08-30,19,84,13670.06
2025-08-31,19,35,5740.81
2025-09-01,19,67,11391.82
2025-09-02,19,105,17603.05
2025-09-03,19,117,18950.06
2025-09-04,19,101,16833.41
2025-09-05,19,94,15292.5
2025-09-06,19,77,12430.72
2025-09-07,19,49,8305.96
2025-09-08,19,81,13461.82
2025-09-09,19,162,26996.63
2025-09-10,19,118,19896.89
2025-09-11,19,112,19150.02
2025-09-12,19,71,11992.57
2025-09-13,19,75,12197.6
2025-09-14,19,25,4259.81
2025-09-15,19,90,14988.44
2025-09-16,19,94,15897.61
2025-09-17,19,105,17575.78
2025-09-18,19,90,15370.71
2025-09-19,19,92,15586.95
2025-09-20,19,68,11235.08
2025-09-21,19,51,8321.91
2025-09-22,19,82,13253.42
2025-09-23,19,72,12093.67
2025-09-24,19,127,21426.92
2025-09-25,19,72,11809.43
2025-09-26,19,88,14915.9
2025-09-27,19,68,11430.65
2025-09-28,19,45,7264.02
2025-09-29,19,72,11791.4
2025-09-30,19,75,12709.27
2025-10-01,19,82,14051.5
2025-10-02,19,77,13098.5
2025-10-03,19,81,13759.72
2025-10-04,19,80,13226.97
2025-10-05,19,45,7432.8
2025-10-06,19,102,17394.78
2025-10-07,19,83,13685.11
2025-10-08,19,77,12652.46
2025-10-09,19,83,13802.2
2025-10-10,19,94,15988.17
2025-10-11,19,80,13162.05
2025-10-12,19,57,9434.71
2025-10-13,19,76,12774.86
2025-10-14,19,93,15504.28
2025-10-15,19,96,16144.73
2025-10-16,19,96,16193.36
2025-10-17,19,85,14445.5
2025-10-18,19,74,12581.54
2025-10-19,19,44,7554.86
2025-10-20,19,128,21074.02
2025-10-21,19,90,14614.91
2025-10-22,19,104,17720.6
2025-10-23,19,91,15182.76
2025-10-24,19,99,16216.43
2025-10-25,19,73,12190.18
2025-10-26,19,55,9026.11
2025-10-27,19,107,17779.69
2025-10-28,19,118,20008.36
2025-10-29,19,95,15963.69
2025-10-30,19,95,16077.34
2025-10-31,19,95,15689.17
2025-11-01,19,105,17956.68
2025-11-02,19,43,7013.35
2025-11-03,19,92,15777.68
2025-11-04,19,102,17451.95
2025-11-05,19,106,17511.11
2025-11-06,19,86,14080.01
2025-11-07,19,78,12890.22
2025-11-08,19,82,13386.72
2025-11-09,19,50,8122.36
2025-11-10,19,104,17178.18
2025-11-11,19,115,18738.04
2025-11-12,19,76,12740.13
2025-11-13,19,118,20146.16
2025-11-14,19,114,18829.06
2025-11-15,19,82,13715.86
2025-11-16,19,55,9162.64
2025-11-17,19,103,17672.46
2025-11-18,19,81,13345.75
2025-11-19,19,122,19970.15
2025-11-20,19,96,16113.08
2025-11-21,19,101,16882.93
2025-11-22,19,95,15630.26
2025-11-23,19,36,6134.14
2025-11-24,19,96,15844.75
2025-11-25,19,111,18833.15
2025-11-26,19,103,17608.95
2025-11-27,19,87,14498.85
2025-11-28,19,105,17249.44
2025-11-29,19,88,14993.78
2025-11-30,19,55,9119.5
2025-12-01,19,159,25855.75
2025-12-02,19,116,19174.51
2025-12-03,19,117,19031.32
2025-12-04,19,114,19046.1
2025-12-05,19,117,19734.09
2025-12-06,19,123,20841.4
2025-12-07,19,60,9921.33
2025-12-08,19,112,19146.39
2025-12-09,19,102,16708.66
2025-12-10,19,122,20351.04
2025-12-11,19,128,21802.57
2025-12-12,19,105,17701.53
2025-12-13,19,109,18551.66
2025-12-14,19,53,8913.54
2025-12-15,19,118,19944.2
2025-12-16,19,96,16119.08
2025-12-17,19,151,25809.91
2025-12-18,19,126,21598.47
2025-12-19,19,133,22900.03
2025-12-20,19,88,14506.95
2025-12-21,19,68,11624.56
2025-12-22,19,125,20715.27
2025-12-23,19,138,22530.4
2025-12-24,19,125,21564.14
2025-12-25,19,125,20578.67
2025-12-26,19,143,23940.15
2025-12-27,19,92,15837.85
2025-12-28,19,64,11022.01
2025-12-29,19,143,23991.75
2025-12-30,19,107,18326.46
2025-12-31,19,163,27473.79
2026-01-01,19,116,19432.59
2026-01-02,19,132,22510.39
2026-01-03,19,101,17403.14
2026-01-04,19,66,11272.02
2026-01-05,19,108,18219.34
2026-01-06,19,140,24063.79
2026-01-07,19,135,23357.1
2026-01-08,19,148,25065.73
2026-01-09,19,139,23236.82
2026-01-10,19,91,15584.33
2026-01-11,19,83,14170.34
2026-01-12,19,117,20062.74
2026-01-13,19,104,17293.28
2026-01-14,19,139,24001.8
2026-01-15,19,169,28060.77
2026-01-16,19,149,24366.44
2026-01-17,19,114,19290.24
2026-01-18,19,64,11000.07
2026-01-19,19,124,20576.14
2026-01-20,19,130,21341.39
2026-01-21,19,127,20819.27
2026-01-22,19,123,20144.63
2026-01-23,19,129,22161.95
2026-01-24,19,85,14599.09
2026-01-25,19,64,10684.12
2026-01-26,19,133,22125.01
2026-01-27,19,154,25596.88
2026-01-28,19,124,21170.49
2026-01-29,19,99,16968.72
2026-01-30,19,147,24394.51
2026-01-31,19,100,17063.01
2026-02-01,19,60,9921.74
2026-02-02,19,105,18037.55
2026-02-03,19,110,18378.45
2026-02-04,19,131,22171.69
2026-02-05,19,151,25503.71
2026-02-06,19,114,19477.52
2026-02-07,19,93,15517.37
2026-02-08,19,74,12307.64
2026-02-09,19,117,19808.44
2026-02-10,19,187,31415.42
2026-02-11,19,134,22418.9
2026-02-12,19,110,18194.12
2026-02-13,19,163,27621.98
2026-02-14,19,113,18697.73
2026-02-15,19,60,9900.07
2026-02-16,19,146,23921.55
2026-02-17,19,129,21234.93
2026-02-18,19,122,20920.77
2026-02-19,19,137,22569.32
2026-02-20,19,126,21847.07
2026-02-21,19,106,17475.78
2026-02-22,19,65,10853.43
2026-02-23,19,153,26249.9
2026-02-24,19,136,22581.91
2026-02-25,19,119,19744.95
2026-02-26,19,127,21479.33
2026-02-27,19,124,21026.0
2026-02-28,19,83,13999.38
2026-03-01,19,60,10244.4
2026-03-02,19,125,21268.46
2026-03-03,19,146,24518.78
2026-03-04,19,125,21309.68
2026-03-05,19,126,20955.49
2026-03-06,19,107,18210.25
2026-03-07,19,101,17564.36
2026-03-08,19,59,10044.92
2026-03-09,19,108,17888.3
2026-03-10,19,107,18170.04
2026-03-11,19,117,20304.85
2026-03-12,19,147,24618.74
2026-03-13,19,125,20589.32
2026-03-14,19,87,14294.11
2026-03-15,19,41,6880.33
2026-03-16,19,96,16378.55
2026-03-17,19,107,17833.0
2026-03-18,19,106,17717.6
2026-03-19,19,114,18815.71
2026-03-20,19,108,18805.34
2026-03-21,19,103,17131.67
2026-03-22,19,78,13510.18
2026-03-23,19,120,20578.06
2026-03-24,19,132,22889.85
2026-03-25,19,101,16737.07
2026-03-26,19,109,18572.14
2026-03-27,19,131,22044.98
2026-03-28,19,113,18804.19
2026-03-29,19,59,10166.25
2026-03-30,19,97,16517.06
2026-03-31,19,144,24557.75
2026-04-01,19,110,18491.49
2026-04-02,19,99,16782.68
2026-04-03,19,89,14922.75
2026-04-04,19,89,15422.8
2026-04-05,19,53,9109.02
2026-04-06,19,106,18056.09
2026-04-07,19,94,16328.52
2026-04-08,19,97,16777.15
2026-04-09,19,81,13793.98
2026-04-10,19,105,17504.81
2026-04-11,19,64,10571.15
2026-04-12,19,52,8820.78
2026-04-13,19,103,17072.76
2026-04-14,19,89,15026.18
2026-04-15,19,112,19515.58
2026-04-16,19,101,17061.93
2026-04-17,19,110,18891.83
2026-04-18,19,83,13798.04
2026-04-19,19,61,10424.58
2026-04-20,19,95,15867.54
2026-04-21,19,100,17356.79
2026-04-22,19,93,15716.77
2026-04-23,19,97,16290.83
2026-04-24,19,111,19344.0
2026-04-25,19,88,14775.94
2026-04-26,19,53,9237.47
2026-04-27,19,111,18501.97
2026-04-28,19,120,19871.17
2026-04-29,19,107,18663.22
2026-04-30,19,135,23367.87
2026-05-01,19,96,16222.74
2026-05-02,19,56,9346.64
2026-05-03,19,45,7558.91
2026-05-04,19,94,16372.35
2026-05-05,19,76,13165.82
2026-05-06,19,75,12611.51
2026-05-07,19,89,14950.7
2026-05-08,19,102,17243.48
2026-05-09,19,82,13801.82
2026-05-10,19,43,7225.81
2026-05-11,19,87,15022.61
2026-05-12,19,110,19156.21
2026-05-13,19,97,16400.83
2026-05-14,19,84,14549.49
2026-05-15,19,89,14766.67
2026-05-16,19,95,15713.06
2026-05-17,19,42,7354.95
2026-05-18,19,94,16475.78
2026-05-19,19,75,12540.31
2026-05-20,19,116,19621.94
2026-05-21,19,67,11263.8
2026-05-22,19,91,15394.24
2026-05-23,19,54,9390.25
2026-05-24,19,39,6728.84
2026-05-25,19,82,14098.15
2026-05-26,19,107,18427.52
2026-05-27,19,80,13495.98
2026-05-28,19,105,18063.86
2026-05-29,19,69,11489.33
2026-05-30,19,74,12945.81
2026-05-31,19,43,7296.08
2026-06-01,19,80,13798.46
2026-06-02,19,79,13153.4
2026-06-03,19,65,11117.96
2026-06-04,19,76,13134.44
2026-06-05,19,100,17240.86
2026-06-06,19,62,10806.36
2026-06-07,19,24,4152.23
2026-06-08,19,75,12418.28
2026-06-09,19,76,13072.06
2026-06-10,19,64,11139.82
2026-06-11,19,80,13701.28
2026-06-12,19,59,10152.8
2026-06-13,19,63,10941.96
2026-06-14,19,38,6585.35
2026-06-15,19,92,16161.29
2026-06-16,19,64,11046.32
2026-06-17,19,75,12705.52
2026-06-18,19,70,11612.91
2026-06-19,19,73,12397.61
2026-06-20,19,82,14060.3
2026-06-21,19,26,4430.63
2026-06-22,19,67,11564.79
2026-06-23,19,66,11098.4
2026-06-24,19,87,15061.19
2026-06-25,19,78,13339.53
2026-06-26,19,89,15425.48
2026-06-27,19,72,12567.19
2026-06-28,19,48,7970.46
2026-06-29,19,61,10665.2
2026-06-30,19,81,14111.83
2026-07-01,19,69,11745.19
2026-07-02,19,81,14178.17
2026-07-03,19,62,10740.73
2026-07-04,19,61,10389.97
2026-07-05,19,29,4917.68
2026-07-06,19,80,13849.39
2026-07-07,19,78,13291.33
2026-07-08,19,71,12165.83
2026-07-09,19,55,9465.96
2026-07-10,19,78,13600.67
2026-07-11,19,57,9974.37
2026-07-12,19,29,4840.78
2026-07-13,19,73,12332.52
2026-07-14,19,62,10517.43
2026-07-15,19,68,11896.17
2026-07-16,19,62,10366.81
2026-07-17,19,81,13924.05
2026-07-18,19,54,9264.15
2026-07-19,19,29,5089.69
2026-07-20,19,73,12512.88
2026-07-21,19,68,11566.24
2026-07-22,19,52,9032.5
2026-07-23,19,59,10245.31
2026-07-24,19,88,15161.67
2026-07-25,19,39,6834.12
2026-07-26,19,42,6990.08
2026-07-27,19,50,8675.22
2026-07-28,19,80,13877.04
2026-07-29,19,73,12491.0
2026-07-30,19,67,11407.77
2026-07-31,19,57,9740.34
2026-08-01,19,55,9558.35
2026-08-02,19,37,6535.58
2026-08-03,19,67,11422.01
2026-08-04,19,89,15089.52
2026-08-05,19,99,16985.99
2026-08-06,19,79,13676.56
2026-08-07,19,94,16082.82
2026-08-08,19,96,16015.63
2026-08-09,19,33,5794.73
2026-08-10,19,68,11547.53
2026-08-11,19,83,14495.08
2026-08-12,19,75,13177.57
2026-08-13,19,71,12544.51
2026-08-14,19,105,17676.1
2026-08-15,19,58,10159.09
2026-08-16,19,28,4734.25
2026-08-17,19,75,12505.37
2026-08-18,19,75,12753.78
2026-08-19,19,84,14200.52
2026-08-20,19,57,9693.79
2026-08-21,19,60,10131.84
2026-08-22,19,71,12183.01
2026-08-23,19,46,7938.9
2026-08-24,19,84,14359.62
2026-08-25,19,87,15097.17
2026-08-26,19,87,15367.17
2026-08-27,19,79,13979.22
2026-08-28,19,91,15913.82
2026-08-29,19,71,12058.23
2026-08-30,19,36,6205.18
2026-08-31,19,59,10056.18
2026-09-01,19,91,15469.04
2026-09-02,19,80,13615.53
2026-09-03,19,59,10421.59
2026-09-04,19,100,17512.21
2026-09-05,19,56,9736.03
2026-09-06,19,40,6892.28
2026-09-07,19,78,13650.77
2026-09-08,19,76,12928.98
2026-09-09,19,93,15841.84
2026-09-10,19,78,13112.08
2026-09-11,19,89,15445.38
2026-09-12,19,65,10945.26
2026-09-13,19,35,5945.87
2026-09-14,19,69,12053.12
2026-09-15,19,92,15939.37
2026-09-16,19,102,17521.14
2026-09-17,19,104,18178.84
2026-09-18,19,68,11403.82
2026-09-19,19,88,15107.9
2026-09-20,19,48,8439.76
2026-09-21,19,86,14707.45
2026-09-22,19,87,14818.76
2026-09-23,19,81,13696.38
2026-09-24,19,59,10295.14
2026-09-25,19,90,15548.58
2026-09-26,19,64,10795.7
2026-09-27,19,39,6719.63
2026-09-28,19,92,15660.05
2026-09-29,19,83,14198.54
2026-09-30,19,89,15118.03
2023-10-01,20,18,1298.99
2023-10-02,20,27,1978.37
2023-10-03,20,32,2292.56
2023-10-04,20,28,2026.09
2023-10-05,20,41,3092.69
2023-10-06,20,35,2543.36
2023-10-07,20,24,1759.04
2023-10-08,20,15,1082.09
2023-10-09,20,45,3345.13
2023-10-10,20,30,2263.79
2023-10-11,20,33,2388.75
2023-10-12,20,33,2410.43
2023-10-13,20,33,2372.85
2023-10-14,20,21,1559.66
2023-10-15,20,26,1927.75
2023-10-16,20,41,2968.99
2023-10-17,20,37,2729.42
2023-10-18,20,31,2315.1
2023-10-19,20,32,2327.16
2023-10-20,20,36,2723.32
2023-10-21,20,26,1864.18
2023-10-22,20,21,1544.62
2023-10-23,20,41,3076.56
2023-10-24,20,28,2085.94
2023-10-25,20,32,2415.9
2023-10-26,20,40,3009.56
2023-10-27,20,30,2192.21
2023-10-28,20,27,2039.8
2023-10-29,20,11,826.07
2023-10-30,20,42,3169.75
2023-10-31,20,34,2553.26
2023-11-01,20,45,3399.81
2023-11-02,20,45,3353.09
2023-11-03,20,26,1965.65
2023-11-04,20,25,1813.51
2023-11-05,20,14,1057.55
2023-11-06,20,33,2432.33
2023-11-07,20,49,3593.35
2023-11-08,20,50,3746.89
2023-11-09,20,43,3258.37
2023-11-10,20,50,3680.24
2023-11-11,20,36,2715.4
2023-11-12,20,20,1505.34
2023-11-13,20,39,2800.45
2023-11-14,20,46,3379.77
2023-11-15,20,49,3690.74
2023-11-16,20,38,2771.84
2023-11-17,20,42,3159.54
2023-11-18,20,38,2741.72
2023-11-19,20,19,1413.16
2023-11-20,20,43,3126.27
2023-11-21,20,47,3481.31
2023-11-22,20,90,6649.81
2023-11-23,20,36,2725.63
2023-11-24,20,39,2912.44
2023-11-25,20,26,1907.12
2023-11-26,20,15,1106.39
2023-11-27,20,25,1865.91
2023-11-28,20,31,2237.09
2023-11-29,20,49,3526.52
2023-11-30,20,32,2328.9
2023-12-01,20,33,2409.18
2023-12-02,20,35,2572.14
2023-12-03,20,24,1777.18
2023-12-04,20,41,3072.7
2023-12-05,20,51,3688.05
2023-12-06,20,49,3667.45
2023-12-07,20,50,3785.22
2023-12-08,20,54,4082.59
2023-12-09,20,27,2004.55
2023-12-10,20,14,1051.93
2023-12-11,20,50,3691.67
2023-12-12,20,32,2351.24
2023-12-13,20,50,3756.76
2023-12-14,20,54,4079.7
2023-12-15,20,36,2698.7
2023-12-16,20,30,2236.53
2023-12-17,20,17,1274.07
2023-12-18,20,67,5039.72
2023-12-19,20,48,3595.3
2023-12-20,20,38,2787.82
2023-12-21,20,63,4783.11
2023-12-22,20,49,3539.64
2023-12-23,20,29,2136.24
2023-12-24,20,23,1689.71
2023-12-25,20,45,3366.72
2023-12-26,20,57,4208.42
2023-12-27,20,41,2996.35
2023-12-28,20,51,3858.49
2023-12-29,20,33,2381.45
2023-12-30,20,36,2710.33
2023-12-31,20,16,1201.83
2024-01-01,20,64,4703.4
2024-01-02,20,52,3954.79
2024-01-03,20,41,3128.46
2024-01-04,20,38,2771.67
2024-01-05,20,47,3581.94
2024-01-06,20,41,3078.25
2024-01-07,20,21,1566.45
2024-01-08,20,29,2094.78
2024-01-09,20,32,2310.93
2024-01-10,20,39,2837.63
2024-01-11,20,63,4662.67
2024-01-12,20,40,2919.8
2024-01-13,20,49,3633.67
2024-01-14,20,20,1501.21
2024-01-15,20,39,2865.16
2024-01-16,20,52,3923.53
2024-01-17,20,32,2406.34
2024-01-18,20,44,3261.89
2024-01-19,20,46,3436.7
2024-01-20,20,25,1822.56
2024-01-21,20,30,2208.11
2024-01-22,20,38,2794.59
2024-01-23,20,57,4298.32
2024-01-24,20,40,2937.18
2024-01-25,20,42,3054.95
2024-01-26,20,39,2892.66
2024-01-27,20,33,2442.35
2024-01-28,20,15,1115.44
2024-01-29,20,48,3617.97
2024-01-30,20,59,4300.26
2024-01-31,20,33,2483.42
2024-02-01,20,40,2953.05
2024-02-02,20,44,3266.04
2024-02-03,20,47,3557.08
2024-02-04,20,24,1766.54
2024-02-05,20,41,2971.33
2024-02-06,20,45,3400.59
2024-02-07,20,49,3636.17
2024-02-08,20,39,2923.11
2024-02-09,20,49,3714.14
2024-02-10,20,36,2630.8
2024-02-11,20,25,1807.24
2024-02-12,20,53,3893.04
2024-02-13,20,54,4100.22
2024-02-14,20,51,3718.83
2024-02-15,20,38,2790.43
2024-02-16,20,59,4507.07
2024-02-17,20,32,2315.07
2024-02-18,20,12,912.88
2024-02-19,20,57,4354.71
2024-02-20,20,48,3507.89
2024-02-21,20,57,4163.69
2024-02-22,20,49,3710.35
2024-02-23,20,39,2919.38
2024-02-24,20,48,3552.44
2024-02-25,20,20,1458.41
2024-02-26,20,52,3884.8
2024-02-27,20,55,4220.23
2024-02-28,20,55,4038.71
2024-02-29,20,41,3085.61
2024-03-01,20,45,3269.92
2024-03-02,20,45,3455.27
2024-03-03,20,20,1454.14
2024-03-04,20,43,3276.97
2024-03-05,20,33,2508.28
2024-03-06,20,34,2470.88
2024-03-07,20,44,3365.94
2024-03-08,20,37,2750.45
2024-03-09,20,38,2879.31
2024-03-10,20,32,2450.7
2024-03-11,20,32,2373.73
2024-03-12,20,43,3268.77
2024-03-13,20,37,2696.4
2024-03-14,20,39,2832.65
2024-03-15,20,39,2903.23
2024-03-16,20,35,2636.83
2024-03-17,20,20,1470.77
2024-03-18,20,50,3663.6
2024-03-19,20,41,2975.75
2024-03-20,20,73,5414.02
2024-03-21,20,43,3145.28
2024-03-22,20,58,4322.32
2024-03-23,20,49,3757.82
2024-03-24,20,16,1211.06
2024-03-25,20,41,3082.8
2024-03-26,20,54,4052.41
2024-03-27,20,42,3206.16
2024-03-28,20,60,4542.19
2024-03-29,20,39,2891.64
2024-03-30,20,41,3007.7
2024-03-31,20,18,1357.84
2024-04-01,20,46,3370.01
2024-04-02,20,32,2392.33
2024-04-03,20,45,3404.14
2024-04-04,20,55,4073.9
2024-04-05,20,42,3188.85
2024-04-06,20,25,1922.61
2024-04-07,20,27,1963.75
2024-04-08,20,34,2493.81
2024-04-09,20,44,3375.19
2024-04-10,20,47,3600.14
2024-04-11,20,41,3111.96
2024-04-12,20,43,3195.55
2024-04-13,20,17,1239.55
2024-04-14,20,14,1045.22
2024-04-15,20,44,3331.27
2024-04-16,20,39,2873.56
2024-04-17,20,49,3693.68
2024-04-18,20,30,2216.07
2024-04-19,20,59,4467.28
2024-04-20,20,35,2567.62
2024-04-21,20,19,1423.44
2024-04-22,20,44,3375.46
2024-04-23,20,41,3133.78
2024-04-24,20,40,3052.44
2024-04-25,20,46,3358.86
2024-04-26,20,29,2163.17
2024-04-27,20,22,1688.46
2024-04-28,20,23,1703.76
2024-04-29,20,38,2781.33
2024-04-30,20,37,2837.25
2024-05-01,20,25,1868.37
2024-05-02,20,30,2318.36
2024-05-03,20,33,2446.8
2024-05-04,20,17,1247.27
2024-05-05,20,13,949.71
2024-05-06,20,24,1787.25
2024-05-07,20,39,2978.16
2024-05-08,20,31,2315.17
2024-05-09,20,25,1887.39
2024-05-10,20,35,2565.65
2024-05-11,20,25,1927.27
2024-05-12,20,15,1112.16
2024-05-13,20,28,2095.12
2024-05-14,20,33,2444.16
2024-05-15,20,29,2127.57
2024-05-16,20,27,1989.33
2024-05-17,20,37,2832.95
2024-05-18,20,25,1863.86
2024-05-19,20,15,1109.2
2024-05-20,20,37,2734.14
2024-05-21,20,31,2346.84
2024-05-22,20,37,2760.19
2024-05-23,20,43,3190.45
2024-05-24,20,30,2294.44
2024-05-25,20,27,2039.82
2024-05-26,20,8,612.72
2024-05-27,20,29,2204.33
2024-05-28,20,33,2540.91
2024-05-29,20,36,2762.54
2024-05-30,20,35,2680.42
2024-05-31,20,35,2649.65
2024-06-01,20,29,2196.3
2024-06-02,20,23,1748.0
2024-06-03,20,23,1728.9
2024-06-04,20,24,1790.76
2024-06-05,20,32,2456.7
2024-06-06,20,31,2283.53
2024-06-07,20,36,2698.8
2024-06-08,20,33,2459.21
2024-06-09,20,8,615.79
2024-06-10,20,36,2696.97
2024-06-11,20,23,1753.1
2024-06-12,20,22,1706.68
2024-06-13,20,38,2823.4
2024-06-14,20,34,2576.14
2024-06-15,20,38,2895.9
2024-06-16,20,12,886.08
2024-06-17,20,60,4548.04
2024-06-18,20,32,2384.87
2024-06-19,20,26,1969.26
2024-06-20,20,26,2004.75
2024-06-21,20,36,2786.85
2024-06-22,20,22,1628.48
2024-06-23,20,19,1402.05
2024-06-24,20,33,2457.28
2024-06-25,20,17,1274.01
2024-06-26,20,36,2703.17
2024-06-27,20,24,1837.97
2024-06-28,20,32,2426.42
2024-06-29,20,31,2397.92
2024-06-30,20,13,970.46
2024-07-01,20,34,2543.15
2024-07-02,20,31,2390.0
2024-07-03,20,26,1973.82
2024-07-04,20,25,1926.09
2024-07-05,20,34,2546.02
2024-07-06,20,27,2080.04
2024-07-07,20,9,668.0
2024-07-08,20,49,3712.53
2024-07-09,20,31,2390.8
2024-07-10,20,23,1731.71
2024-07-11,20,33,2477.95
2024-07-12,20,32,2414.4
2024-07-13,20,24,1821.65
2024-07-14,20,12,923.0
2024-07-15,20,35,2617.47
2024-07-16,20,41,3103.45
2024-07-17,20,36,2808.26
2024-07-18,20,28,2068.13
2024-07-19,20,37,2738.94
2024-07-20,20,32,2398.26
2024-07-21,20,12,898.28
2024-07-22,20,26,1926.08
2024-07-23,20,33,2455.8
2024-07-24,20,26,1981.38
2024-07-25,20,27,2024.43
2024-07-26,20,44,3281.17
2024-07-27,20,31,2347.3
2024-07-28,20,18,1370.91
2024-07-29,20,36,2651.45
2024-07-30,20,33,2544.91
2024-07-31,20,43,3291.27
2024-08-01,20,23,1704.36
2024-08-02,20,31,2330.54
2024-08-03,20,21,1582.96
2024-08-04,20,13,999.17
2024-08-05,20,42,3210.95
2024-08-06,20,30,2337.61
2024-08-07,20,31,2421.3
2024-08-08,20,24,1778.83
2024-08-09,20,25,1851.77
2024-08-10,20,30,2294.35
2024-08-11,20,12,927.98
2024-08-12,20,32,2497.95
2024-08-13,20,31,2425.56
2024-08-14,20,41,3153.08
2024-08-15,20,31,2284.87
2024-08-16,20,27,2099.63
2024-08-17,20,23,1708.48
2024-08-18,20,13,1003.39
2024-08-19,20,18,1394.23
2024-08-20,20,42,3228.14
2024-08-21,20,20,1549.9
2024-08-22,20,37,2863.11
2024-08-23,20,29,2244.81
2024-08-24,20,19,1430.1
2024-08-25,20,11,860.31
2024-08-26,20,35,2723.22
2024-08-27,20,30,2218.44
2024-08-28,20,29,2236.62
2024-08-29,20,40,3054.35
2024-08-30,20,32,2439.27
2024-08-31,20,25,1883.85
2024-09-01,20,27,2067.92
2024-09-02,20,24,1855.72
2024-09-03,20,31,2393.84
2024-09-04,20,30,2296.92
2024-09-05,20,35,2627.42
2024-09-06,20,38,2874.44
2024-09-07,20,32,2429.34
2024-09-08,20,18,1401.72
2024-09-09,20,45,3412.8
2024-09-10,20,33,2491.97
2024-09-11,20,31,2346.77
2024-09-12,20,44,3369.26
2024-09-13,20,30,2310.21
2024-09-14,20,28,2192.13
2024-09-15,20,15,1164.28
2024-09-16,20,30,2255.41
2024-09-17,20,40,3103.94
2024-09-18,20,32,2423.25
2024-09-19,20,43,3296.08
2024-09-20,20,27,2042.09
2024-09-21,20,25,1859.69
2024-09-22,20,14,1088.47
2024-09-23,20,29,2159.82
2024-09-24,20,34,2580.66
2024-09-25,20,29,2229.95
2024-09-26,20,31,2302.66
2024-09-27,20,44,3313.49
2024-09-28,20,28,2168.91
2024-09-29,20,16,1184.91
2024-09-30,20,37,2756.0
2024-10-01,20,57,4447.18
2024-10-02,20,73,5462.35
2024-10-03,20,35,2644.96
2024-10-04,20,38,2868.44
2024-10-05,20,36,2770.67
2024-10-06,20,14,1079.24
2024-10-07,20,39,2966.79
2024-10-08,20,51,3841.7
2024-10-09,20,44,3293.51
2024-10-10,20,37,2745.6
2024-10-11,20,40,3071.67
2024-10-12,20,38,2874.04
2024-10-13,20,17,1306.88
2024-10-14,20,48,3756.84
2024-10-15,20,45,3355.38
2024-10-16,20,43,3315.81
2024-10-17,20,24,1859.35
2024-10-18,20,45,3345.83
2024-10-19,20,36,2676.32
2024-10-20,20,18,1368.94
2024-10-21,20,42,3178.01
2024-10-22,20,35,2709.76
2024-10-23,20,41,3065.12
2024-10-24,20,55,4306.89
2024-10-25,20,26,2045.48
2024-10-26,20,33,2577.91
2024-10-27,20,29,2284.63
2024-10-28,20,26,2026.29
2024-10-29,20,52,3994.2
2024-10-30,20,41,3076.51
2024-10-31,20,45,3384.94
2024-11-01,20,45,3357.54
2024-11-02,20,41,3209.94
2024-11-03,20,24,1796.78
2024-11-04,20,37,2893.61
2024-11-05,20,30,2280.28
2024-11-06,20,43,3366.68
2024-11-07,20,27,2030.8
2024-11-08,20,74,5661.76
2024-11-09,20,38,2830.92
2024-11-10,20,31,2432.39
2024-11-11,20,37,2770.41
2024-11-12,20,61,4771.04
2024-11-13,20,41,3225.22
2024-11-14,20,57,4328.44
2024-11-15,20,49,3757.9
2024-11-16,20,37,2784.51
2024-11-17,20,30,2312.18
2024-11-18,20,44,3460.33
2024-11-19,20,52,3956.08
2024-11-20,20,35,2651.78
2024-11-21,20,34,2647.12
2024-11-22,20,54,4225.67
2024-11-23,20,28,2115.32
2024-11-24,20,22,1710.94
2024-11-25,20,41,3166.14
2024-11-26,20,32,2443.06
2024-11-27,20,64,4776.93
2024-11-28,20,62,4638.12
2024-11-29,20,48,3640.01
2024-11-30,20,38,2861.72
2024-12-01,20,17,1277.8
2024-12-02,20,53,4103.64
2024-12-03,20,47,3552.72
2024-12-04,20,55,4280.57
2024-12-05,20,40,3119.4
2024-12-06,20,63,4716.48
2024-12-07,20,40,2986.19
2024-12-08,20,29,2250.99
2024-12-09,20,53,4177.63
2024-12-10,20,44,3330.12
2024-12-11,20,55,4229.0
2024-12-12,20,32,2394.6
2024-12-13,20,45,3491.34
2024-12-14,20,33,2511.77
2024-12-15,20,29,2207.13
2024-12-16,20,55,4137.21
2024-12-17,20,46,3643.83
2024-12-18,20,57,4347.31
2024-12-19,20,57,4432.59
2024-12-20,20,68,5325.81
2024-12-21,20,54,4234.62
2024-12-22,20,22,1703.79
2024-12-23,20,64,4972.08
2024-12-24,20,53,4118.7
2024-12-25,20,65,5113.32
2024-12-26,20,43,3330.17
2024-12-27,20,84,6453.62
2024-12-28,20,55,4227.83
2024-12-29,20,21,1644.65
2024-12-30,20,57,4357.46
2024-12-31,20,54,4114.88
2025-01-01,20,48,3668.7
2025-01-02,20,40,3108.62
2025-01-03,20,46,3651.21
2025-01-04,20,44,3322.0
2025-01-05,20,26,1984.55
2025-01-06,20,60,4503.16
2025-01-07,20,69,5273.03
2025-01-08,20,68,5125.91
2025-01-09,20,50,3862.85
2025-01-10,20,63,4996.26
2025-01-11,20,40,3019.36
2025-01-12,20,36,2730.95
2025-01-13,20,59,4503.51
2025-01-14,20,59,4657.11
2025-01-15,20,68,5156.26
2025-01-16,20,79,6235.97
2025-01-17,20,57,4305.81
2025-01-18,20,60,4677.17
2025-01-19,20,18,1431.75
2025-01-20,20,58,4603.03
2025-01-21,20,76,5878.54
2025-01-22,20,52,3940.12
2025-01-23,20,57,4310.01
2025-01-24,20,72,5599.5
2025-01-25,20,41,3199.92
2025-01-26,20,20,1585.82
2025-01-27,20,53,4030.87
2025-01-28,20,58,4420.51
2025-01-29,20,55,4282.01
2025-01-30,20,64,4949.61
2025-01-31,20,53,4176.46
2025-02-01,20,53,3993.49
2025-02-02,20,26,1963.85
2025-02-03,20,52,3926.55
2025-02-04,20,51,3972.63
2025-02-05,20,56,4249.1
2025-02-06,20,71,5535.2
2025-02-07,20,75,5778.98
2025-02-08,20,50,3827.65
2025-02-09,20,26,1979.3
2025-02-10,20,71,5566.43
2025-02-11,20,51,4000.81
2025-02-12,20,72,5488.3
2025-02-13,20,50,3837.7
2025-02-14,20,43,3242.93
2025-02-15,20,41,3135.33
2025-02-16,20,26,2066.42
2025-02-17,20,58,4581.57
2025-02-18,20,78,6214.27
2025-02-19,20,49,3846.61
2025-02-20,20,57,4459.23
2025-02-21,20,52,4031.69
2025-02-22,20,49,3782.35
2025-02-23,20,26,1965.72
2025-02-24,20,60,4647.69
2025-02-25,20,52,4102.05
2025-02-26,20,50,3856.81
2025-02-27,20,61,4815.62
2025-02-28,20,59,4446.0
2025-03-01,20,47,3667.62
2025-03-02,20,22,1752.63
2025-03-03,20,53,4197.18
2025-03-04,20,56,4324.31
2025-03-05,20,50,3789.21
2025-03-06,20,58,4544.72
2025-03-07,20,39,3097.25
2025-03-08,20,37,2804.26
2025-03-09,20,18,1369.86
2025-03-10,20,58,4492.14
2025-03-11,20,52,4117.93
2025-03-12,20,60,4615.07
2025-03-13,20,58,4532.57
2025-03-14,20,38,2957.62
2025-03-15,20,40,3073.76
2025-03-16,20,36,2722.76
2025-03-17,20,52,3939.93
2025-03-18,20,50,3840.67
2025-03-19,20,51,3907.09
2025-03-20,20,58,4449.06
2025-03-21,20,68,5325.72
2025-03-22,20,56,4393.7
2025-03-23,20,19,1499.35
2025-03-24,20,24,1921.91
2025-03-25,20,59,4498.95
2025-03-26,20,71,5392.42
2025-03-27,20,63,4850.12
2025-03-28,20,50,3865.29
2025-03-29,20,50,3851.91
2025-03-30,20,23,1838.04
2025-03-31,20,57,4349.76
2025-04-01,20,55,4372.2
2025-04-02,20,47,3711.64
2025-04-03,20,60,4668.3
2025-04-04,20,38,2985.78
2025-04-05,20,46,3564.52
2025-04-06,20,22,1749.97
2025-04-07,20,52,3967.86
2025-04-08,20,47,3692.87
2025-04-09,20,56,4315.08
2025-04-10,20,42,3212.47
2025-04-11,20,35,2692.05
2025-04-12,20,32,2565.14
2025-04-13,20,17,1360.02
2025-04-14,20,41,3106.52
2025-04-15,20,37,2894.5
2025-04-16,20,48,3689.74
2025-04-17,20,45,3498.45
2025-04-18,20,32,2433.68
2025-04-19,20,27,2115.1
2025-04-20,20,21,1672.08
2025-04-21,20,38,3046.12
2025-04-22,20,42,3280.79
2025-04-23,20,47,3611.59
2025-04-24,20,62,4912.49
2025-04-25,20,42,3202.93
2025-04-26,20,48,3810.64
2025-04-27,20,32,2506.74
2025-04-28,20,47,3746.04
2025-04-29,20,56,4497.56
2025-04-30,20,52,4140.76
2025-05-01,20,36,2858.6
2025-05-02,20,30,2371.27
2025-05-03,20,36,2732.27
2025-05-04,20,15,1142.76
2025-05-05,20,46,3673.38
2025-05-06,20,39,3076.77
2025-05-07,20,39,3112.13
2025-05-08,20,34,2584.57
2025-05-09,20,35,2743.26
2025-05-10,20,37,2844.15
2025-05-11,20,12,950.78
2025-05-12,20,37,2885.44
2025-05-13,20,33,2540.12
2025-05-14,20,47,3653.01
2025-05-15,20,42,3238.63
2025-05-16,20,52,4108.14
2025-05-17,20,26,2085.11
2025-05-18,20,11,867.68
2025-05-19,20,45,3520.01
2025-05-20,20,46,3605.36
2025-05-21,20,47,3676.29
2025-05-22,20,47,3716.7
2025-05-23,20,44,3517.4
2025-05-24,20,28,2167.36
2025-05-25,20,20,1582.81
2025-05-26,20,47,3657.49
2025-05-27,20,44,3353.92
2025-05-28,20,46,3676.63
2025-05-29,20,44,3476.59
2025-05-30,20,47,3760.0
2025-05-31,20,24,1904.1
2025-06-01,20,14,1105.11
2025-06-02,20,42,3325.59
2025-06-03,20,46,3585.28
2025-06-04,20,39,3059.59
2025-06-05,20,45,3535.59
2025-06-06,20,39,2978.71
2025-06-07,20,26,2097.24
2025-06-08,20,20,1534.86
2025-06-09,20,27,2168.36
2025-06-10,20,42,3357.69
2025-06-11,20,45,3526.91
2025-06-12,20,32,2548.65
2025-06-13,20,36,2871.51
2025-06-14,20,44,3357.29
2025-06-15,20,19,1527.44
2025-06-16,20,36,2786.28
2025-06-17,20,34,2705.77
2025-06-18,20,44,3497.16
2025-06-19,20,31,2495.89
2025-06-20,20,23,1778.6
2025-06-21,20,36,2793.62
2025-06-22,20,19,1516.27
2025-06-23,20,44,3452.98
2025-06-24,20,45,3575.68
2025-06-25,20,29,2268.28
2025-06-26,20,36,2870.44
2025-06-27,20,21,1697.15
2025-06-28,20,38,2955.6
2025-06-29,20,19,1509.02
2025-06-30,20,36,2745.03
2025-07-01,20,24,1853.96
2025-07-02,20,31,2430.25
2025-07-03,20,24,1838.96
2025-07-04,20,43,3455.16
2025-07-05,20,30,2413.71
2025-07-06,20,15,1205.27
2025-07-07,20,22,1773.8
2025-07-08,20,33,2629.51
2025-07-09,20,36,2907.41
2025-07-10,20,39,3128.41
2025-07-11,20,36,2760.39
2025-07-12,20,25,1926.17
2025-07-13,20,19,1469.01
2025-07-14,20,27,2178.59
2025-07-15,20,39,3004.57
2025-07-16,20,30,2331.26
2025-07-17,20,42,3333.34
2025-07-18,20,33,2612.21
2025-07-19,20,34,2740.49
2025-07-20,20,15,1167.58
2025-07-21,20,41,3204.08
2025-07-22,20,37,2912.12
2025-07-23,20,40,3210.56
2025-07-24,20,26,1996.05
2025-07-25,20,24,1942.61
2025-07-26,20,27,2087.02
2025-07-27,20,9,725.03
2025-07-28,20,38,2919.1
2025-07-29,20,28,2226.19
2025-07-30,20,32,2455.83
2025-07-31,20,47,3701.13
2025-08-01,20,48,3869.25
2025-08-02,20,33,2616.38
2025-08-03,20,15,1202.65
2025-08-04,20,56,4385.96
2025-08-05,20,39,3047.39
2025-08-06,20,36,2811.9
2025-08-07,20,33,2644.75
2025-08-08,20,37,2955.52
2025-08-09,20,29,2333.62
2025-08-10,20,16,1285.22
2025-08-11,20,30,2385.36
2025-08-12,20,43,3346.83
2025-08-13,20,27,2181.78
2025-08-14,20,36,2863.86
2025-08-15,20,38,3055.13
2025-08-16,20,37,2936.91
2025-08-17,20,19,1500.68
2025-08-18,20,56,4423.71
2025-08-19,20,47,3605.67
2025-08-20,20,40,3188.53
2025-08-21,20,40,3072.84
2025-08-22,20,40,3071.94
2025-08-23,20,33,2555.6
2025-08-24,20,16,1272.73
2025-08-25,20,29,2301.99
2025-08-26,20,37,2939.7
2025-08-27,20,33,2569.79
2025-08-28,20,47,3703.32
2025-08-29,20,27,2136.62
2025-08-30,20,27,2070.22
2025-08-31,20,19,1479.94
2025-09-01,20,49,3884.82
2025-09-02,20,38,2963.68
2025-09-03,20,46,3660.94
2025-09-04,20,38,3066.31
2025-09-05,20,39,3125.38
2025-09-06,20,64,4932.29
2025-09-07,20,25,1940.01
2025-09-08,20,42,3232.51
2025-09-09,20,34,2648.32
2025-09-10,20,37,2955.35
2025-09-11,20,40,3125.45
2025-09-12,20,33,2660.19
2025-09-13,20,36,2910.58
2025-09-14,20,23,1791.47
2025-09-15,20,51,4079.66
2025-09-16,20,39,3151.49
2025-09-17,20,58,4636.09
2025-09-18,20,46,3595.49
2025-09-19,20,37,2903.8
2025-09-20,20,37,2863.45
2025-09-21,20,24,1860.27
2025-09-22,20,45,3626.34
2025-09-23,20,37,2981.25
2025-09-24,20,39,3127.32
2025-09-25,20,50,4078.7
2025-09-26,20,72,5741.6
2025-09-27,20,28,2215.03
2025-09-28,20,23,1830.4
2025-09-29,20,45,3514.8
2025-09-30,20,36,2923.95
2025-10-01,20,61,4779.73
2025-10-02,20,54,4317.38
2025-10-03,20,66,5382.89
2025-10-04,20,30,2370.08
2025-10-05,20,21,1626.29
2025-10-06,20,43,3484.61
2025-10-07,20,63,4949.71
2025-10-08,20,53,4083.43
2025-10-09,20,40,3251.6
2025-10-10,20,60,4821.74
2025-10-11,20,41,3351.95
2025-10-12,20,26,2052.97
2025-10-13,20,35,2786.63
2025-10-14,20,48,3729.6
2025-10-15,20,49,3804.18
2025-10-16,20,52,4018.98
2025-10-17,20,62,5067.81
2025-10-18,20,35,2752.36
2025-10-19,20,30,2323.34
2025-10-20,20,65,5062.34
2025-10-21,20,51,4104.97
2025-10-22,20,51,4089.01
2025-10-23,20,32,2469.61
2025-10-24,20,56,4435.71
2025-10-25,20,45,3499.62
2025-10-26,20,22,1730.61
2025-10-27,20,54,4363.54
2025-10-28,20,49,3791.76
2025-10-29,20,52,4152.78
2025-10-30,20,60,4684.91
2025-10-31,20,60,4853.97
2025-11-01,20,49,3826.35
2025-11-02,20,31,2528.29
2025-11-03,20,68,5545.24
2025-11-04,20,70,5702.16
2025-11-05,20,58,4548.13
2025-11-06,20,51,3941.87
2025-11-07,20,73,5707.73
2025-11-08,20,50,4028.36
2025-11-09,20,25,2001.0
2025-11-10,20,44,3405.9
2025-11-11,20,66,5386.63
2025-11-12,20,60,4721.13
2025-11-13,20,43,3524.44
2025-11-14,20,40,3196.2
2025-11-15,20,36,2863.05
2025-11-16,20,13,1047.45
2025-11-17,20,59,4567.45
2025-11-18,20,53,4287.47
2025-11-19,20,51,3988.52
2025-11-20,20,58,4752.03
2025-11-21,20,55,4401.99
2025-11-22,20,68,5306.34
2025-11-23,20,17,1365.09
2025-11-24,20,48,3742.72
2025-11-25,20,55,4497.81
2025-11-26,20,68,5301.44
2025-11-27,20,40,3168.45
2025-11-28,20,56,4386.24
2025-11-29,20,54,4396.62
2025-11-30,20,29,2320.72
2025-12-01,20,51,3980.7
2025-12-02,20,81,6389.72
2025-12-03,20,53,4112.84
2025-12-04,20,58,4701.33
2025-12-05,20,69,5548.99
2025-12-06,20,40,3236.89
2025-12-07,20,24,1894.12
2025-12-08,20,63,5070.63
2025-12-09,20,45,3550.56
2025-12-10,20,58,4652.7
2025-12-11,20,54,4252.11
2025-12-12,20,50,4110.51
2025-12-13,20,46,3781.62
2025-12-14,20,20,1644.85
2025-12-15,20,55,4435.61
2025-12-16,20,57,4515.87
2025-12-17,20,64,5184.13
2025-12-18,20,47,3781.29
2025-12-19,20,56,4358.07
2025-12-20,20,42,3324.53
2025-12-21,20,29,2298.23
2025-12-22,20,55,4360.87
2025-12-23,20,56,4530.26
2025-12-24,20,70,5496.27
2025-12-25,20,76,6222.02
2025-12-26,20,37,2896.81
2025-12-27,20,67,5277.08
2025-12-28,20,31,2529.54
2025-12-29,20,54,4327.06
2025-12-30,20,61,4845.91
2025-12-31,20,57,4623.35
2026-01-01,20,58,4627.64
2026-01-02,20,70,5443.86
2026-01-03,20,71,5639.44
2026-01-04,20,31,2489.38
2026-01-05,20,51,4050.41
2026-01-06,20,60,4830.36
2026-01-07,20,78,6156.35
2026-01-08,20,71,5650.68
2026-01-09,20,56,4492.97
2026-01-10,20,54,4393.31
2026-01-11,20,26,2088.62
2026-01-12,20,68,5524.29
2026-01-13,20,114,9297.11
2026-01-14,20,54,4308.45
2026-01-15,20,75,5926.51
2026-01-16,20,66,5164.36
2026-01-17,20,51,4182.69
2026-01-18,20,33,2697.77
2026-01-19,20,50,4118.29
2026-01-20,20,59,4684.6
2026-01-21,20,96,7553.93
2026-01-22,20,67,5337.24
2026-01-23,20,79,6181.96
2026-01-24,20,53,4198.75
2026-01-25,20,22,1792.2
2026-01-26,20,88,7224.81
2026-01-27,20,46,3605.83
2026-01-28,20,56,4399.91
2026-01-29,20,67,5473.95
2026-01-30,20,65,5248.25
2026-01-31,20,60,4857.71
2026-02-01,20,41,3223.88
2026-02-02,20,76,6201.49
2026-02-03,20,55,4394.48
2026-02-04,20,83,6644.06
2026-02-05,20,85,6778.42
2026-02-06,20,55,4349.85
2026-02-07,20,53,4354.14
2026-02-08,20,39,3192.27
2026-02-09,20,71,5708.7
2026-02-10,20,59,4782.2
2026-02-11,20,57,4534.24
2026-02-12,20,74,5791.18
2026-02-13,20,71,5694.01
2026-02-14,20,70,5688.89
2026-02-15,20,22,1753.4
2026-02-16,20,68,5462.37
2026-02-17,20,51,4208.88
2026-02-18,20,63,5206.22
2026-02-19,20,91,7385.63
2026-02-20,20,84,6827.55
2026-02-21,20,52,4143.71
2026-02-22,20,40,3164.2
2026-02-23,20,67,5261.4
2026-02-24,20,79,6276.18
2026-02-25,20,70,5530.39
2026-02-26,20,69,5614.84
2026-02-27,20,75,6079.86
2026-02-28,20,48,3770.24
2026-03-01,20,33,2629.67
2026-03-02,20,57,4462.42
2026-03-03,20,78,6136.48
2026-03-04,20,79,6259.28
2026-03-05,20,53,4294.71
2026-03-06,20,66,5316.11
2026-03-07,20,63,5070.01
2026-03-08,20,22,1815.08
2026-03-09,20,81,6481.46
2026-03-10,20,71,5812.46
2026-03-11,20,45,3599.26
2026-03-12,20,55,4521.05
2026-03-13,20,64,5276.23
2026-03-14,20,60,4788.61
2026-03-15,20,28,2310.16
2026-03-16,20,60,4711.29
2026-03-17,20,74,5997.39
2026-03-18,20,94,7398.45
2026-03-19,20,71,5766.56
2026-03-20,20,64,5165.76
2026-03-21,20,59,4839.58
2026-03-22,20,40,3285.99
2026-03-23,20,71,5852.22
2026-03-24,20,64,5041.43
2026-03-25,20,73,5981.53
2026-03-26,20,78,6302.51
2026-03-27,20,49,3891.83
2026-03-28,20,56,4530.87
2026-03-29,20,14,1162.7
2026-03-30,20,87,6933.73
2026-03-31,20,75,5950.96
2026-04-01,20,55,4496.42
2026-04-02,20,53,4218.38
2026-04-03,20,62,4953.08
2026-04-04,20,38,3008.48
2026-04-05,20,22,1802.62
2026-04-06,20,97,7877.38
2026-04-07,20,48,3903.4
2026-04-08,20,46,3719.79
2026-04-09,20,60,4969.48
2026-04-10,20,56,4491.6
2026-04-11,20,51,4189.95
2026-04-12,20,21,1683.06
2026-04-13,20,47,3797.29
2026-04-14,20,47,3703.2
2026-04-15,20,56,4518.49
2026-04-16,20,71,5836.08
2026-04-17,20,70,5778.71
2026-04-18,20,50,4094.19
2026-04-19,20,29,2311.27
2026-04-20,20,64,5178.66
2026-04-21,20,65,5221.86
2026-04-22,20,68,5436.77
2026-04-23,20,40,3327.67
2026-04-24,20,47,3770.39
2026-04-25,20,40,3190.43
2026-04-26,20,40,3146.15
2026-04-27,20,53,4357.82
2026-04-28,20,62,5078.45
2026-04-29,20,60,4888.22
2026-04-30,20,52,4129.17
2026-05-01,20,44,3483.7
2026-05-02,20,35,2771.93
2026-05-03,20,18,1431.95
2026-05-04,20,42,3338.19
2026-05-05,20,46,3743.61
2026-05-06,20,59,4842.36
2026-05-07,20,40,3283.41
2026-05-08,20,55,4526.36
2026-05-09,20,40,3153.14
2026-05-10,20,18,1478.17
2026-05-11,20,40,3218.33
2026-05-12,20,54,4368.5
2026-05-13,20,69,5621.36
2026-05-14,20,42,3371.13
2026-05-15,20,50,3973.36
2026-05-16,20,51,4017.99
2026-05-17,20,34,2690.13
2026-05-18,20,53,4217.66
2026-05-19,20,50,4152.44
2026-05-20,20,58,4796.88
2026-05-21,20,46,3799.81
2026-05-22,20,46,3797.22
2026-05-23,20,41,3359.66
2026-05-24,20,22,1811.86
2026-05-25,20,68,5415.91
2026-05-26,20,39,3148.53
2026-05-27,20,43,3540.2
2026-05-28,20,34,2717.32
2026-05-29,20,70,5697.64
2026-05-30,20,42,3413.62
2026-05-31,20,22,1770.59
2026-06-01,20,38,2999.49
2026-06-02,20,66,5307.07
2026-06-03,20,62,4931.34
2026-06-04,20,52,4302.02
2026-06-05,20,43,3499.82
2026-06-06,20,37,3074.78
2026-06-07,20,22,1834.05
2026-06-08,20,56,4446.01
2026-06-09,20,63,5094.02
2026-06-10,20,39,3209.47
2026-06-11,20,31,2557.23
2026-06-12,20,66,5499.12
2026-06-13,20,30,2373.1
2026-06-14,20,19,1549.13
2026-06-15,20,42,3448.05
2026-06-16,20,44,3541.65
2026-06-17,20,40,3345.81
2026-06-18,20,34,2722.19
2026-06-19,20,38,3156.85
2026-06-20,20,33,2692.65
2026-06-21,20,16,1301.62
2026-06-22,20,52,4131.94
2026-06-23,20,56,4443.94
2026-06-24,20,45,3692.28
2026-06-25,20,51,4112.64
2026-06-26,20,38,3169.77
2026-06-27,20,30,2488.92
2026-06-28,20,20,1615.79
2026-06-29,20,48,3887.01
2026-06-30,20,44,3548.94
2026-07-01,20,49,3910.22
2026-07-02,20,47,3723.26
2026-07-03,20,64,5166.97
2026-07-04,20,39,3210.32
2026-07-05,20,18,1424.7
2026-07-06,20,55,4418.23
2026-07-07,20,52,4154.86
2026-07-08,20,51,4279.23
2026-07-09,20,60,4867.66
2026-07-10,20,60,4759.49
2026-07-11,20,41,3407.3
2026-07-12,20,22,1784.59
2026-07-13,20,36,2884.47
2026-07-14,20,52,4352.4
2026-07-15,20,29,2398.1
2026-07-16,20,46,3693.48
2026-07-17,20,41,3435.7
2026-07-18,20,27,2266.52
2026-07-19,20,25,2030.36
2026-07-20,20,43,3501.0
2026-07-21,20,49,4009.9
2026-07-22,20,39,3210.28
2026-07-23,20,36,2922.51
2026-07-24,20,41,3342.72
2026-07-25,20,28,2239.9
2026-07-26,20,21,1695.74
2026-07-27,20,46,3757.57
2026-07-28,20,50,4072.76
2026-07-29,20,49,4039.88
2026-07-30,20,48,3927.09
2026-07-31,20,47,3852.33
2026-08-01,20,38,3019.3
2026-08-02,20,16,1276.69
2026-08-03,20,53,4400.87
2026-08-04,20,52,4236.46
2026-08-05,20,42,3447.07
2026-08-06,20,51,4178.46
2026-08-07,20,57,4552.61
2026-08-08,20,42,3535.63
2026-08-09,20,24,1965.88
2026-08-10,20,51,4117.54
2026-08-11,20,40,3301.55
2026-08-12,20,55,4516.36
2026-08-13,20,54,4364.2
2026-08-14,20,38,3183.45
2026-08-15,20,36,3002.27
2026-08-16,20,22,1818.46
2026-08-17,20,60,4981.84
2026-08-18,20,35,2821.51
2026-08-19,20,43,3552.2
2026-08-20,20,52,4176.31
2026-08-21,20,62,5065.34
2026-08-22,20,26,2096.3
2026-08-23,20,34,2823.65
2026-08-24,20,45,3675.47
2026-08-25,20,49,4082.44
2026-08-26,20,60,4869.76
2026-08-27,20,44,3674.41
2026-08-28,20,37,3114.77
2026-08-29,20,32,2663.65
2026-08-30,20,30,2493.75
2026-08-31,20,41,3447.22
2026-09-01,20,60,4852.67
2026-09-02,20,49,4020.66
2026-09-03,20,44,3513.6
2026-09-04,20,52,4384.94
2026-09-05,20,46,3841.18
2026-09-06,20,17,1401.64
2026-09-07,20,54,4335.92
2026-09-08,20,31,2530.02
2026-09-09,20,56,4581.66
2026-09-10,20,45,3757.28
2026-09-11,20,51,4254.37
2026-09-12,20,40,3337.32
2026-09-13,20,22,1777.3
2026-09-14,20,34,2768.58
2026-09-15,20,62,5101.91
2026-09-16,20,58,4701.43
2026-09-17,20,68,5685.44
2026-09-18,20,37,3048.74
2026-09-19,20,47,3943.59
2026-09-20,20,19,1564.17
2026-09-21,20,46,3847.36
2026-09-22,20,44,3709.79
2026-09-23,20,69,5644.54
2026-09-24,20,41,3327.95
2026-09-25,20,65,5353.92
2026-09-26,20,48,4003.9
2026-09-27,20,21,1703.2
2026-09-28,20,55,4533.91
2026-09-29,20,64,5319.34
2026-09-30,20,59,4806.08
2023-10-01,21,21,3063.38
2023-10-02,21,47,6970.92
2023-10-03,21,27,3997.38
2023-10-04,21,37,5653.49
2023-10-05,21,50,7453.77
2023-10-06,21,34,5046.8
2023-10-07,21,24,3672.18
2023-10-08,21,13,1905.94
2023-10-09,21,30,4560.95
2023-10-10,21,36,5315.82
2023-10-11,21,44,6697.68
2023-10-12,21,32,4731.91
2023-10-13,21,42,6250.2
2023-10-14,21,29,4337.08
2023-10-15,21,25,3642.86
2023-10-16,21,42,6488.15
2023-10-17,21,38,5736.77
2023-10-18,21,24,3546.81
2023-10-19,21,51,7486.78
2023-10-20,21,27,4068.98
2023-10-21,21,19,2909.67
2023-10-22,21,15,2246.81
2023-10-23,21,42,6299.97
2023-10-24,21,42,6251.06
2023-10-25,21,33,4897.74
2023-10-26,21,32,4924.09
2023-10-27,21,39,6017.04
2023-10-28,21,33,5066.69
2023-10-29,21,27,4041.8
2023-10-30,21,36,5550.57
2023-10-31,21,45,6622.52
2023-11-01,21,39,5851.69
2023-11-02,21,35,5166.68
2023-11-03,21,43,6335.88
2023-11-04,21,34,5004.13
2023-11-05,21,16,2423.05
2023-11-06,21,35,5253.1
2023-11-07,21,51,7746.21
2023-11-08,21,41,6095.71
2023-11-09,21,40,5882.49
2023-11-10,21,38,5856.71
2023-11-11,21,26,3856.37
2023-11-12,21,16,2346.37
2023-11-13,21,36,5465.35
2023-11-14,21,34,4967.0
2023-11-15,21,42,6295.89
2023-11-16,21,43,6289.76
2023-11-17,21,40,6084.84
2023-11-18,21,31,4671.95
2023-11-19,21,25,3747.28
2023-11-20,21,56,8214.67
2023-11-21,21,38,5783.04
2023-11-22,21,48,7323.26
2023-11-23,21,58,8894.61
2023-11-24,21,33,5104.47
2023-11-25,21,49,7340.89
2023-11-26,21,21,3157.09
2023-11-27,21,42,6340.57
2023-11-28,21,37,5446.15
2023-11-29,21,33,4965.14
2023-11-30,21,38,5637.85
2023-12-01,21,53,8075.4
2023-12-02,21,49,7393.13
2023-12-03,21,31,4654.83
2023-12-04,21,64,9623.64
2023-12-05,21,60,9049.38
2023-12-06,21,54,8015.45
2023-12-07,21,43,6648.32
2023-12-08,21,63,9702.98
2023-12-09,21,36,5415.35
2023-12-10,21,18,2730.75
2023-12-11,21,53,8203.59
2023-12-12,21,46,6865.6
2023-12-13,21,48,7138.34
2023-12-14,21,54,8382.5
2023-12-15,21,54,8291.38
2023-12-16,21,47,7253.88
2023-12-17,21,19,2858.41
2023-12-18,21,56,8427.17
2023-12-19,21,39,5824.65
2023-12-20,21,41,6377.06
2023-12-21,21,41,6108.4
2023-12-22,21,40,6062.01
2023-12-23,21,33,5057.27
2023-12-24,21,21,3236.72
2023-12-25,21,53,7917.9
2023-12-26,21,58,8682.25
2023-12-27,21,37,5480.34
2023-12-28,21,42,6339.45
2023-12-29,21,34,5263.93
2023-12-30,21,47,7166.58
2023-12-31,21,22,3303.58
2024-01-01,21,47,7115.25
2024-01-02,21,47,6980.08
2024-01-03,21,32,4916.77
2024-01-04,21,50,7556.89
2024-01-05,21,46,6941.66
2024-01-06,21,31,4802.34
2024-01-07,21,24,3535.63
2024-01-08,21,41,6344.91
2024-01-09,21,53,8246.74
2024-01-10,21,49,7402.18
2024-01-11,21,54,8314.9
2024-01-12,21,45,6731.92
2024-01-13,21,36,5462.54
2024-01-14,21,19,2882.32
2024-01-15,21,42,6230.02
2024-01-16,21,54,8333.62
2024-01-17,21,52,7785.09
2024-01-18,21,50,7623.66
2024-01-19,21,39,5803.06
2024-01-20,21,43,6594.73
2024-01-21,21,18,2737.66
2024-01-22,21,56,8647.76
2024-01-23,21,46,6834.15
2024-01-24,21,43,6341.58
2024-01-25,21,54,8054.05
2024-01-26,21,56,8547.65
2024-01-27,21,38,5817.34
2024-01-28,21,20,2960.63
2024-01-29,21,37,5677.53
2024-01-30,21,48,7448.27
2024-01-31,21,60,9244.12
2024-02-01,21,49,7562.81
2024-02-02,21,66,9807.15
2024-02-03,21,46,7052.36
2024-02-04,21,32,4716.95
2024-02-05,21,66,10283.04
2024-02-06,21,48,7120.32
2024-02-07,21,44,6862.61
2024-02-08,21,53,7998.26
2024-02-09,21,46,6950.53
2024-02-10,21,53,8243.64
2024-02-11,21,20,3114.33
2024-02-12,21,68,10066.24
2024-02-13,21,55,8115.46
2024-02-14,21,46,7103.71
2024-02-15,21,47,7284.7
2024-02-16,21,39,5823.58
2024-02-17,21,39,6085.29
2024-02-18,21,22,3270.88
2024-02-19,21,46,7151.4
2024-02-20,21,33,4957.7
2024-02-21,21,57,8514.35
2024-02-22,21,42,6480.56
2024-02-23,21,44,6863.68
2024-02-24,21,57,8732.71
2024-02-25,21,22,3312.72
2024-02-26,21,63,9438.88
2024-02-27,21,45,6951.75
2024-02-28,21,49,7624.54
2024-02-29,21,45,6708.35
2024-03-01,21,42,6248.84
2024-03-02,21,39,5959.59
2024-03-03,21,21,3288.46
2024-03-04,21,64,9625.17
2024-03-05,21,50,7725.95
2024-03-06,21,60,9063.68
2024-03-07,21,59,8869.98
2024-03-08,21,39,6082.83
2024-03-09,21,40,6073.13
2024-03-10,21,17,2597.3
2024-03-11,21,41,6320.51
2024-03-12,21,40,6180.72
2024-03-13,21,57,8648.42
2024-03-14,21,35,5453.72
2024-03-15,21,36,5517.74
2024-03-16,21,44,6718.34
2024-03-17,21,16,2444.16
2024-03-18,21,41,6088.01
2024-03-19,21,48,7212.67
2024-03-20,21,61,9552.79
2024-03-21,21,44,6575.42
2024-03-22,21,36,5419.51
2024-03-23,21,37,5608.98
2024-03-24,21,20,3100.77
2024-03-25,21,65,9958.32
2024-03-26,21,58,9023.74
2024-03-27,21,43,6701.48
2024-03-28,21,44,6732.88
2024-03-29,21,73,11023.4
2024-03-30,21,36,5649.5
2024-03-31,21,25,3754.42
2024-04-01,21,40,6168.19
2024-04-02,21,40,6213.34
2024-04-03,21,42,6372.83
2024-04-04,21,26,4037.18
2024-04-05,21,41,6199.06
2024-04-06,21,37,5602.35
2024-04-07,21,25,3737.0
2024-04-08,21,39,5891.38
2024-04-09,21,40,6041.12
2024-04-10,21,31,4754.18
2024-04-11,21,49,7328.77
2024-04-12,21,32,5019.73
2024-04-13,21,33,4969.9
2024-04-14,21,20,3062.4
2024-04-15,21,34,5159.36
2024-04-16,21,52,7720.88
2024-04-17,21,54,8505.59
2024-04-18,21,40,6124.99
2024-04-19,21,36,5604.63
2024-04-20,21,35,5349.35
2024-04-21,21,12,1867.9
2024-04-22,21,33,5071.21
2024-04-23,21,51,7886.19
2024-04-24,21,59,8993.23
2024-04-25,21,31,4840.77
2024-04-26,21,41,6436.71
2024-04-27,21,36,5476.68
2024-04-28,21,19,2992.2
2024-04-29,21,55,8386.09
2024-04-30,21,39,5972.49
2024-05-01,21,44,6655.49
2024-05-02,21,39,5994.36
2024-05-03,21,37,5501.48
2024-05-04,21,27,4073.27
2024-05-05,21,11,1710.69
2024-05-06,21,27,4113.45
2024-05-07,21,16,2421.68
2024-05-08,21,40,6310.54
2024-05-09,21,30,4475.55
2024-05-10,21,27,4077.14
2024-05-11,21,31,4795.68
2024-05-12,21,23,3553.66
2024-05-13,21,38,5698.05
2024-05-14,21,24,3601.43
2024-05-15,21,35,5342.44
2024-05-16,21,42,6481.56
2024-05-17,21,47,7322.28
2024-05-18,21,30,4635.41
2024-05-19,21,20,3161.27
2024-05-20,21,31,4885.66
2024-05-21,21,30,4574.07
2024-05-22,21,32,4936.06
2024-05-23,21,33,5151.26
2024-05-24,21,41,6223.77
2024-05-25,21,24,3619.71
2024-05-26,21,15,2298.94
2024-05-27,21,47,7260.82
2024-05-28,21,45,6972.34
2024-05-29,21,25,3884.01
2024-05-30,21,30,4731.96
2024-05-31,21,24,3727.13
2024-06-01,21,31,4888.07
2024-06-02,21,11,1725.16
2024-06-03,21,33,5001.3
2024-06-04,21,28,4318.19
2024-06-05,21,27,4234.21
2024-06-06,21,32,4874.17
2024-06-07,21,23,3561.76
2024-06-08,21,25,3910.59
2024-06-09,21,17,2616.03
2024-06-10,21,35,5462.39
2024-06-11,21,25,3861.27
2024-06-12,21,14,2104.34
2024-06-13,21,32,4837.67
2024-06-14,21,30,4493.48
2024-06-15,21,24,3730.92
2024-06-16,21,15,2335.6
2024-06-17,21,34,5106.21
2024-06-18,21,34,5335.43
2024-06-19,21,21,3248.41
2024-06-20,21,17,2678.03
2024-06-21,21,21,3147.78
2024-06-22,21,19,2950.43
2024-06-23,21,9,1356.67
2024-06-24,21,30,4500.57
2024-06-25,21,27,4114.58
2024-06-26,21,30,4668.5
2024-06-27,21,31,4869.89
2024-06-28,21,36,5587.62
2024-06-29,21,20,3079.84
2024-06-30,21,18,2738.12
2024-07-01,21,22,3407.25
2024-07-02,21,32,4972.47
2024-07-03,21,34,5111.96
2024-07-04,21,15,2378.26
2024-07-05,21,30,4608.02
2024-07-06,21,18,2805.71
2024-07-07,21,20,3167.15
2024-07-08,21,40,6235.91
2024-07-09,21,25,3838.69
2024-07-10,21,26,4034.07
2024-07-11,21,28,4325.34
2024-07-12,21,26,3978.46
2024-07-13,21,25,3773.39
2024-07-14,21,16,2514.12
2024-07-15,21,26,4107.25
2024-07-16,21,32,4798.08
2024-07-17,21,31,4725.39
2024-07-18,21,33,5158.36
2024-07-19,21,28,4431.85
2024-07-20,21,18,2809.43
2024-07-21,21,11,1660.63
2024-07-22,21,30,4660.23
2024-07-23,21,35,5567.68
2024-07-24,21,33,5108.22
2024-07-25,21,30,4719.92
2024-07-26,21,25,3827.92
2024-07-27,21,18,2827.03
2024-07-28,21,15,2381.02
2024-07-29,21,31,4840.47
2024-07-30,21,40,6166.77
2024-07-31,21,28,4216.97
2024-08-01,21,21,3193.96
2024-08-02,21,31,4892.08
2024-08-03,21,31,4712.3
2024-08-04,21,13,2042.31
2024-08-05,21,27,4075.65
2024-08-06,21,30,4641.09
2024-08-07,21,30,4565.08
2024-08-08,21,31,4889.27
2024-08-09,21,27,4250.86
2024-08-10,21,23,3569.73
2024-08-11,21,8,1223.22
2024-08-12,21,30,4682.18
2024-08-13,21,27,4193.02
2024-08-14,21,20,3151.32
2024-08-15,21,30,4654.53
2024-08-16,21,37,5582.44
2024-08-17,21,45,7027.81
2024-08-18,21,9,1406.64
2024-08-19,21,23,3625.88
2024-08-20,21,41,6409.31
2024-08-21,21,30,4607.64
2024-08-22,21,21,3346.17
2024-08-23,21,20,3091.88
2024-08-24,21,26,4019.28
2024-08-25,21,11,1655.66
2024-08-26,21,40,6263.32
2024-08-27,21,33,5111.38
2024-08-28,21,36,5522.76
2024-08-29,21,30,4646.74
2024-08-30,21,31,4825.27
2024-08-31,21,36,5741.39
2024-09-01,21,19,2910.08
2024-09-02,21,26,4059.65
2024-09-03,21,36,5596.34
2024-09-04,21,34,5145.75
2024-09-05,21,33,5262.94
2024-09-06,21,51,7685.05
2024-09-07,21,25,3880.5
2024-09-08,21,14,2181.21
2024-09-09,21,39,6182.28
2024-09-10,21,40,6243.93
2024-09-11,21,24,3790.35
2024-09-12,21,33,4986.34
2024-09-13,21,30,4558.3
2024-09-14,21,35,5546.57
2024-09-15,21,15,2362.57
2024-09-16,21,30,4554.49
2024-09-17,21,38,5930.35
2024-09-18,21,30,4689.35
2024-09-19,21,41,6408.03
2024-09-20,21,25,3822.57
2024-09-21,21,22,3325.72
2024-09-22,21,6,922.38
2024-09-23,21,37,5755.66
2024-09-24,21,32,4887.11
2024-09-25,21,29,4608.85
2024-09-26,21,38,5945.38
2024-09-27,21,39,6226.67
2024-09-28,21,32,5109.57
2024-09-29,21,21,3190.42
2024-09-30,21,36,5631.11
2024-10-01,21,46,7296.16
2024-10-02,21,38,5905.49
2024-10-03,21,37,5767.91
2024-10-04,21,34,5302.04
2024-10-05,21,39,6081.59
2024-10-06,21,16,2465.5
2024-10-07,21,31,4932.08
2024-10-08,21,42,6597.42
2024-10-09,21,32,5031.98
2024-10-10,21,35,5513.38
2024-10-11,21,40,6362.48
2024-10-12,21,30,4745.7
2024-10-13,21,16,2494.17
2024-10-14,21,33,5206.1
2024-10-15,21,26,4155.72
2024-10-16,21,28,4259.27
2024-10-17,21,36,5699.28
2024-10-18,21,40,6160.18
2024-10-19,21,37,5709.85
2024-10-20,21,26,4042.35
2024-10-21,21,38,5759.84
2024-10-22,21,32,4984.94
2024-10-23,21,44,6844.84
2024-10-24,21,44,6704.11
2024-10-25,21,48,7451.96
2024-10-26,21,30,4573.9
2024-10-27,21,25,3819.27
2024-10-28,21,44,6728.64
2024-10-29,21,26,4045.99
2024-10-30,21,46,7272.37
2024-10-31,21,38,5910.33
2024-11-01,21,43,6675.9
2024-11-02,21,34,5413.9
2024-11-03,21,27,4230.18
2024-11-04,21,53,8098.45
2024-11-05,21,23,3531.95
2024-11-06,21,49,7871.29
2024-11-07,21,37,5942.44
2024-11-08,21,41,6371.31
2024-11-09,21,31,4862.3
2024-11-10,21,15,2304.48
2024-11-11,21,41,6330.66
2024-11-12,21,32,5036.08
2024-11-13,21,29,4453.44
2024-11-14,21,38,5852.9
2024-11-15,21,54,8356.13
2024-11-16,21,38,5869.13
2024-11-17,21,8,1250.67
2024-11-18,21,39,6101.11
2024-11-19,21,37,5648.76
2024-11-20,21,37,5788.6
2024-11-21,21,36,5656.36
2024-11-22,21,43,6864.57
2024-11-23,21,33,5217.84
2024-11-24,21,18,2809.29
2024-11-25,21,41,6578.07
2024-11-26,21,39,6106.61
2024-11-27,21,33,5080.38
2024-11-28,21,29,4410.84
2024-11-29,21,39,5933.18
2024-11-30,21,47,7459.66
2024-12-01,21,31,4886.82
2024-12-02,21,45,6960.18
2024-12-03,21,42,6717.95
2024-12-04,21,47,7409.8
2024-12-05,21,27,4208.47
2024-12-06,21,52,8225.63
2024-12-07,21,29,4424.76
2024-12-08,21,22,3421.54
2024-12-09,21,40,6415.46
2024-12-10,21,55,8567.81
2024-12-11,21,36,5537.76
2024-12-12,21,73,11779.73
2024-12-13,21,44,6964.16
2024-12-14,21,46,7220.8
2024-12-15,21,17,2684.65
2024-12-16,21,56,8845.5
2024-12-17,21,40,6214.58
2024-12-18,21,41,6541.04
2024-12-19,21,28,4265.48
2024-12-20,21,32,4896.39
2024-12-21,21,38,6005.68
2024-12-22,21,22,3553.59
2024-12-23,21,56,8572.8
2024-12-24,21,35,5456.02
2024-12-25,21,45,7144.22
2024-12-26,21,46,7276.06
2024-12-27,21,40,6447.56
2024-12-28,21,47,7193.46
2024-12-29,21,12,1836.8
2024-12-30,21,52,8102.11
2024-12-31,21,36,5822.66
2025-01-01,21,52,8349.44
2025-01-02,21,40,6436.17
2025-01-03,21,36,5726.75
2025-01-04,21,50,8002.48
2025-01-05,21,25,3993.97
2025-01-06,21,45,7290.67
2025-01-07,21,60,9475.84
2025-01-08,21,44,6985.98
2025-01-09,21,42,6509.35
2025-01-10,21,57,9227.92
2025-01-11,21,33,5269.11
2025-01-12,21,18,2901.45
2025-01-13,21,37,5842.42
2025-01-14,21,42,6633.85
2025-01-15,21,59,9166.8
2025-01-16,21,34,5271.01
2025-01-17,21,54,8616.87
2025-01-18,21,45,7196.95
2025-01-19,21,27,4205.66
2025-01-20,21,32,5029.22
2025-01-21,21,44,6837.23
2025-01-22,21,38,6055.21
2025-01-23,21,42,6550.85
2025-01-24,21,49,7933.97
2025-01-25,21,52,7992.03
2025-01-26,21,28,4295.06
2025-01-27,21,47,7210.5
2025-01-28,21,59,9552.06
2025-01-29,21,60,9275.29
2025-01-30,21,46,7296.31
2025-01-31,21,35,5371.61
2025-02-01,21,45,7027.01
2025-02-02,21,22,3382.77
2025-02-03,21,60,9470.69
2025-02-04,21,43,6927.83
2025-02-05,21,56,9065.54
2025-02-06,21,74,11838.8
2025-02-07,21,42,6486.15
2025-02-08,21,56,8758.37
2025-02-09,21,23,3524.53
2025-02-10,21,52,8028.21
2025-02-11,21,45,7024.85
2025-02-12,21,39,6171.56
2025-02-13,21,44,6756.89
2025-02-14,21,47,7314.78
2025-02-15,21,36,5786.58
2025-02-16,21,15,2346.35
2025-02-17,21,48,7455.6
2025-02-18,21,46,7265.79
2025-02-19,21,67,10810.58
2025-02-20,21,59,9393.09
2025-02-21,21,54,8403.67
2025-02-22,21,37,5882.97
2025-02-23,21,31,4985.34
2025-02-24,21,63,10010.58
2025-02-25,21,48,7665.6
2025-02-26,21,41,6341.13
2025-02-27,21,45,7148.53
2025-02-28,21,35,5573.62
2025-03-01,21,40,6298.13
2025-03-02,21,21,3309.5
2025-03-03,21,47,7474.67
2025-03-04,21,47,7223.43
2025-03-05,21,46,7162.61
2025-03-06,21,42,6639.83
2025-03-07,21,70,10782.72
2025-03-08,21,31,5002.56
2025-03-09,21,16,2595.68
2025-03-10,21,47,7472.44
2025-03-11,21,47,7504.28
2025-03-12,21,38,6061.15
2025-03-13,21,36,5769.31
2025-03-14,21,49,7828.88
2025-03-15,21,39,6089.7
2025-03-16,21,21,3287.83
2025-03-17,21,31,4861.49
2025-03-18,21,46,7360.78
2025-03-19,21,43,6766.61
2025-03-20,21,52,8124.0
2025-03-21,21,38,6026.41
2025-03-22,21,41,6364.75
2025-03-23,21,28,4422.3
2025-03-24,21,40,6380.84
2025-03-25,21,40,6390.88
2025-03-26,21,55,8632.26
2025-03-27,21,50,8110.59
2025-03-28,21,46,7512.4
2025-03-29,21,32,5219.02
2025-03-30,21,23,3562.59
2025-03-31,21,47,7451.55
2025-04-01,21,29,4703.79
2025-04-02,21,38,6150.14
2025-04-03,21,34,5294.05
2025-04-04,21,49,8004.51
2025-04-05,21,26,4126.88
2025-04-06,21,18,2857.58
2025-04-07,21,30,4860.33
2025-04-08,21,50,7839.95
2025-04-09,21,38,6183.87
2025-04-10,21,47,7516.82
2025-04-11,21,37,5764.66
2025-04-12,21,32,5047.59
2025-04-13,21,21,3245.41
2025-04-14,21,37,5717.5
2025-04-15,21,23,3605.78
2025-04-16,21,46,7457.19
2025-04-17,21,44,6929.04
2025-04-18,21,38,6028.01
2025-04-19,21,47,7371.55
2025-04-20,21,12,1925.38
2025-04-21,21,43,6707.14
2025-04-22,21,33,5400.67
2025-04-23,21,46,7231.08
2025-04-24,21,40,6239.8
2025-04-25,21,41,6635.98
2025-04-26,21,34,5298.99
2025-04-27,21,13,2041.19
2025-04-28,21,31,5077.43
2025-04-29,21,34,5288.73
2025-04-30,21,32,5019.72
2025-05-01,21,40,6236.97
2025-05-02,21,32,5131.58
2025-05-03,21,27,4231.88
2025-05-04,21,12,1890.3
2025-05-05,21,39,6043.67
2025-05-06,21,33,5179.26
2025-05-07,21,27,4278.65
2025-05-08,21,34,5515.77
2025-05-09,21,29,4500.87
2025-05-10,21,24,3816.41
2025-05-11,21,20,3218.41
2025-05-12,21,25,4037.57
2025-05-13,21,38,6150.33
2025-05-14,21,34,5582.37
2025-05-15,21,27,4227.9
2025-05-16,21,34,5389.68
2025-05-17,21,27,4403.08
2025-05-18,21,22,3533.3
2025-05-19,21,38,6111.7
2025-05-20,21,30,4926.38
2025-05-21,21,23,3596.79
2025-05-22,21,23,3601.12
2025-05-23,21,35,5681.44
2025-05-24,21,29,4504.37
2025-05-25,21,16,2575.26
2025-05-26,21,29,4751.31
2025-05-27,21,28,4517.87
2025-05-28,21,28,4556.24
2025-05-29,21,40,6415.8
2025-05-30,21,34,5307.78
2025-05-31,21,21,3258.73
2025-06-01,21,22,3545.68
2025-06-02,21,20,3115.83
2025-06-03,21,13,2048.48
2025-06-04,21,29,4739.91
2025-06-05,21,22,3617.69
2025-06-06,21,31,5024.77
2025-06-07,21,31,5041.66
2025-06-08,21,18,2847.86
2025-06-09,21,31,4928.0
2025-06-10,21,26,4146.52
2025-06-11,21,22,3566.68
2025-06-12,21,32,5051.55
2025-06-13,21,25,4086.21
2025-06-14,21,30,4924.12
2025-06-15,21,10,1596.32
2025-06-16,21,27,4349.75
2025-06-17,21,28,4530.15
2025-06-18,21,29,4710.19
2025-06-19,21,28,4490.36
2025-06-20,21,29,4572.28
2025-06-21,21,27,4192.76
2025-06-22,21,10,1635.08
2025-06-23,21,22,3507.09
2025-06-24,21,26,4079.39
2025-06-25,21,24,3829.95
2025-06-26,21,46,7532.77
2025-06-27,21,29,4588.94
2025-06-28,21,23,3591.58
2025-06-29,21,11,1794.77
2025-06-30,21,42,6858.79
2025-07-01,21,26,4275.64
2025-07-02,21,26,4162.45
2025-07-03,21,26,4078.26
2025-07-04,21,26,4174.67
2025-07-05,21,19,2994.83
2025-07-06,21,11,1790.88
2025-07-07,21,19,3077.46
2025-07-08,21,27,4435.12
2025-07-09,21,31,5069.82
2025-07-10,21,39,6111.77
2025-07-11,21,25,3999.4
2025-07-12,21,24,3801.18
2025-07-13,21,15,2420.77
2025-07-14,21,25,3894.19
2025-07-15,21,25,3912.72
2025-07-16,21,33,5239.77
2025-07-17,21,32,5075.78
2025-07-18,21,15,2455.71
2025-07-19,21,18,2862.69
2025-07-20,21,13,2106.68
2025-07-21,21,29,4527.12
2025-07-22,21,21,3457.38
2025-07-23,21,23,3691.72
2025-07-24,21,24,3949.68
2025-07-25,21,22,3597.69
2025-07-26,21,16,2561.94
2025-07-27,21,13,2034.38
2025-07-28,21,27,4216.85
2025-07-29,21,33,5284.99
2025-07-30,21,18,2910.15
2025-07-31,21,22,3540.27
2025-08-01,21,27,4239.08
2025-08-02,21,23,3790.27
2025-08-03,21,14,2280.11
2025-08-04,21,36,5953.42
2025-08-05,21,33,5244.5
2025-08-06,21,28,4409.86
2025-08-07,21,23,3799.09
2025-08-08,21,36,5883.11
2025-08-09,21,30,4736.16
2025-08-10,21,16,2592.29
2025-08-11,21,33,5398.62
2025-08-12,21,31,5005.98
2025-08-13,21,31,5129.59
2025-08-14,21,35,5737.03
2025-08-15,21,22,3493.33
2025-08-16,21,22,3536.01
2025-08-17,21,19,3051.7
2025-08-18,21,30,4716.49
2025-08-19,21,41,6754.51
2025-08-20,21,15,2373.62
2025-08-21,21,22,3527.65
2025-08-22,21,23,3674.64
2025-08-23,21,18,2985.47
2025-08-24,21,13,2153.2
2025-08-25,21,21,3425.7
2025-08-26,21,17,2674.99
2025-08-27,21,25,3959.23
2025-08-28,21,20,3251.48
2025-08-29,21,28,4581.47
2025-08-30,21,23,3627.59
2025-08-31,21,9,1415.57
2025-09-01,21,23,3680.24
2025-09-02,21,24,3764.42
2025-09-03,21,16,2556.71
2025-09-04,21,21,3399.47
2025-09-05,21,21,3404.38
2025-09-06,21,45,7435.23
2025-09-07,21,18,2977.73
2025-09-08,21,32,5152.06
2025-09-09,21,43,6830.85
2025-09-10,21,31,5130.04
2025-09-11,21,35,5553.46
2025-09-12,21,38,5976.63
2025-09-13,21,40,6412.0
2025-09-14,21,14,2252.81
2025-09-15,21,42,6774.15
2025-09-16,21,28,4449.3
2025-09-17,21,31,4883.37
2025-09-18,21,31,5019.97
2025-09-19,21,35,5704.57
2025-09-20,21,23,3716.27
2025-09-21,21,11,1784.51
2025-09-22,21,21,3387.27
2025-09-23,21,37,6117.53
2025-09-24,21,43,6774.07
2025-09-25,21,32,5095.8
2025-09-26,21,24,3995.07
2025-09-27,21,25,4069.26
2025-09-28,21,16,2584.78
2025-09-29,21,33,5416.0
2025-09-30,21,29,4663.63
2025-10-01,21,47,7717.05
2025-10-02,21,45,7289.67
2025-10-03,21,21,3473.92
2025-10-04,21,30,4762.54
2025-10-05,21,11,1824.25
2025-10-06,21,39,6369.11
2025-10-07,21,43,6938.6
2025-10-08,21,36,5701.94
2025-10-09,21,43,6900.42
2025-10-10,21,40,6633.26
2025-10-11,21,43,6781.93
2025-10-12,21,29,4761.7
2025-10-13,21,31,5064.76
2025-10-14,21,39,6223.59
2025-10-15,21,34,5575.74
2025-10-16,21,34,5389.64
2025-10-17,21,28,4669.9
2025-10-18,21,22,3459.51
2025-10-19,21,18,2943.71
2025-10-20,21,44,7269.41
2025-10-21,21,40,6408.25
2025-10-22,21,22,3599.41
2025-10-23,21,41,6508.09
2025-10-24,21,25,3999.35
2025-10-25,21,25,4146.49
2025-10-26,21,12,1978.96
2025-10-27,21,31,5085.27
2025-10-28,21,40,6323.24
2025-10-29,21,35,5544.66
2025-10-30,21,35,5716.28
2025-10-31,21,43,6921.55
2025-11-01,21,31,5142.49
2025-11-02,21,14,2302.35
2025-11-03,21,37,6099.56
2025-11-04,21,50,8043.45
2025-11-05,21,41,6621.57
2025-11-06,21,47,7779.9
2025-11-07,21,39,6437.04
2025-11-08,21,32,5080.11
2025-11-09,21,16,2530.68
2025-11-10,21,45,7273.31
2025-11-11,21,39,6199.25
2025-11-12,21,46,7286.98
2025-11-13,21,39,6457.23
2025-11-14,21,46,7263.82
2025-11-15,21,27,4270.77
2025-11-16,21,16,2551.5
2025-11-17,21,51,8507.87
2025-11-18,21,40,6375.97
2025-11-19,21,53,8629.62
2025-11-20,21,31,4894.26
2025-11-21,21,43,6869.66
2025-11-22,21,32,5058.0
2025-11-23,21,22,3682.28
2025-11-24,21,37,5939.94
2025-11-25,21,44,7085.32
2025-11-26,21,36,5907.88
2025-11-27,21,43,7034.71
2025-11-28,21,36,5931.29
2025-11-29,21,24,3821.42
2025-11-30,21,22,3506.29
2025-12-01,21,86,13648.12
2025-12-02,21,41,6654.3
2025-12-03,21,38,6047.92
2025-12-04,21,44,7043.28
2025-12-05,21,44,7334.08
2025-12-06,21,34,5502.82
2025-12-07,21,22,3567.07
2025-12-08,21,43,7002.87
2025-12-09,21,42,7003.14
2025-12-10,21,41,6682.57
2025-12-11,21,61,9716.64
2025-12-12,21,41,6511.72
2025-12-13,21,45,7433.24
2025-12-14,21,31,5165.16
2025-12-15,21,32,5081.25
2025-12-16,21,48,7702.21
2025-12-17,21,51,8519.44
2025-12-18,21,53,8646.99
2025-12-19,21,39,6195.71
2025-12-20,21,30,4890.0
2025-12-21,21,30,5008.29
2025-12-22,21,41,6668.61
2025-12-23,21,59,9824.18
2025-12-24,21,44,7234.2
2025-12-25,21,54,8654.09
2025-12-26,21,50,8305.84
2025-12-27,21,30,4852.47
2025-12-28,21,25,4004.55
2025-12-29,21,40,6574.12
2025-12-30,21,53,8519.96
2025-12-31,21,41,6756.44
2026-01-01,21,51,8176.55
2026-01-02,21,37,6184.48
2026-01-03,21,45,7420.61
2026-01-04,21,19,3157.95
2026-01-05,21,46,7440.81
2026-01-06,21,43,7054.9
2026-01-07,21,65,10840.62
2026-01-08,21,36,5795.93
2026-01-09,21,48,7991.6
2026-01-10,21,49,8089.03
2026-01-11,21,19,3023.89
2026-01-12,21,47,7558.84
2026-01-13,21,57,9220.75
2026-01-14,21,45,7203.94
2026-01-15,21,44,7084.71
2026-01-16,21,34,5627.59
2026-01-17,21,52,8458.61
2026-01-18,21,29,4747.42
2026-01-19,21,53,8875.53
2026-01-20,21,45,7186.66
2026-01-21,21,47,7598.07
2026-01-22,21,20,3340.93
2026-01-23,21,45,7303.29
2026-01-24,21,32,5125.23
2026-01-25,21,34,5523.59
2026-01-26,21,58,9498.55
2026-01-27,21,52,8506.05
2026-01-28,21,46,7746.36
2026-01-29,21,49,8175.72
2026-01-30,21,39,6550.19
2026-01-31,21,30,4951.62
2026-02-01,21,26,4380.55
2026-02-02,21,32,5215.98
2026-02-03,21,48,7642.68
2026-02-04,21,43,7202.74
2026-02-05,21,27,4523.19
2026-02-06,21,50,8306.74
2026-02-07,21,32,5274.95
2026-02-08,21,21,3357.32
2026-02-09,21,44,7059.08
2026-02-10,21,45,7567.95
2026-02-11,21,40,6390.05
2026-02-12,21,59,9400.44
2026-02-13,21,58,9679.1
2026-02-14,21,33,5255.86
2026-02-15,21,17,2779.72
2026-02-16,21,35,5572.83
2026-02-17,21,48,8051.56
2026-02-18,21,59,9426.71
2026-02-19,21,43,7117.92
2026-02-20,21,52,8598.85
2026-02-21,21,34,5614.76
2026-02-22,21,17,2754.25
2026-02-23,21,43,6857.15
2026-02-24,21,62,10468.24
2026-02-25,21,54,8869.0
2026-02-26,21,32,5361.13
2026-02-27,21,45,7336.49
2026-02-28,21,27,4346.13
2026-03-01,21,20,3276.84
2026-03-02,21,42,6750.72
2026-03-03,21,25,4056.34
2026-03-04,21,45,7538.44
2026-03-05,21,49,8059.63
2026-03-06,21,37,5992.4
2026-03-07,21,28,4505.81
2026-03-08,21,16,2604.17
2026-03-09,21,57,9458.15
2026-03-10,21,30,4982.14
2026-03-11,21,45,7423.38
2026-03-12,21,48,7670.64
2026-03-13,21,45,7533.33
2026-03-14,21,32,5317.91
2026-03-15,21,25,4168.06
2026-03-16,21,33,5442.03
2026-03-17,21,57,9267.7
2026-03-18,21,49,8068.24
2026-03-19,21,25,4205.46
2026-03-20,21,24,3943.32
2026-03-21,21,44,7379.55
2026-03-22,21,22,3693.17
2026-03-23,21,43,7070.14
2026-03-24,21,41,6607.07
2026-03-25,21,37,6042.18
2026-03-26,21,38,6384.88
2026-03-27,21,40,6500.63
2026-03-28,21,34,5733.25
2026-03-29,21,24,3864.91
2026-03-30,21,45,7445.67
2026-03-31,21,49,8193.37
2026-04-01,21,32,5374.42
2026-04-02,21,33,5339.8
2026-04-03,21,30,5021.38
2026-04-04,21,34,5556.7
2026-04-05,21,25,4004.53
2026-04-06,21,36,5942.56
2026-04-07,21,35,5711.26
2026-04-08,21,30,5034.11
2026-04-09,21,44,7230.54
2026-04-10,21,33,5482.1
2026-04-11,21,34,5678.35
2026-04-12,21,10,1694.27
2026-04-13,21,34,5737.92
2026-04-14,21,34,5721.69
2026-04-15,21,31,5080.45
2026-04-16,21,39,6480.15
2026-04-17,21,31,5013.53
2026-04-18,21,41,6644.16
2026-04-19,21,15,2436.26
2026-04-20,21,38,6126.72
2026-04-21,21,36,6096.57
2026-04-22,21,28,4643.88
2026-04-23,21,39,6294.64
2026-04-24,21,49,8306.2
2026-04-25,21,23,3880.99
2026-04-26,21,20,3366.48
2026-04-27,21,49,7970.81
2026-04-28,21,44,7317.44
2026-04-29,21,50,8089.69
2026-04-30,21,34,5583.74
2026-05-01,21,37,6180.05
2026-05-02,21,18,2895.03
2026-05-03,21,21,3545.68
2026-05-04,21,33,5613.92
2026-05-05,21,30,4882.08
2026-05-06,21,33,5442.73
2026-05-07,21,24,4064.93
2026-05-08,21,25,4182.18
2026-05-09,21,33,5511.75
2026-05-10,21,8,1358.25
2026-05-11,21,33,5573.62
2026-05-12,21,25,4257.18
2026-05-13,21,32,5399.58
2026-05-14,21,31,5240.8
2026-05-15,21,40,6534.35
2026-05-16,21,23,3900.6
2026-05-17,21,11,1873.41
2026-05-18,21,24,3921.28
2026-05-19,21,21,3388.95
2026-05-20,21,33,5548.4
2026-05-21,21,22,3616.43
2026-05-22,21,21,3384.44
2026-05-23,21,26,4332.7
2026-05-24,21,19,3096.16
2026-05-25,21,23,3715.19
2026-05-26,21,44,7329.54
2026-05-27,21,30,4983.88
2026-05-28,21,44,7485.98
2026-05-29,21,25,4087.69
2026-05-30,21,24,4052.6
2026-05-31,21,19,3200.68
2026-06-01,21,35,5952.29
2026-06-02,21,35,5924.29
2026-06-03,21,25,4198.48
2026-06-04,21,26,4228.71
2026-06-05,21,22,3714.45
2026-06-06,21,20,3404.06
2026-06-07,21,9,1460.12
2026-06-08,21,23,3730.69
2026-06-09,21,38,6342.89
2026-06-10,21,29,4687.51
2026-06-11,21,22,3710.26
2026-06-12,21,33,5337.31
2026-06-13,21,19,3246.83
2026-06-14,21,12,1957.18
2026-06-15,21,22,3705.79
2026-06-16,21,40,6524.09
2026-06-17,21,17,2750.17
2026-06-18,21,26,4189.03
2026-06-19,21,20,3378.32
2026-06-20,21,25,4245.51
2026-06-21,21,13,2105.57
2026-06-22,21,26,4224.66
2026-06-23,21,37,6175.51
2026-06-24,21,36,5829.74
2026-06-25,21,21,3583.55
2026-06-26,21,25,4116.88
2026-06-27,21,23,3739.74
2026-06-28,21,13,2160.26
2026-06-29,21,28,4641.93
2026-06-30,21,26,4375.5
2026-07-01,21,24,3947.04
2026-07-02,21,31,5177.37
2026-07-03,21,27,4577.07
2026-07-04,21,17,2848.51
2026-07-05,21,18,2936.73
2026-07-06,21,32,5182.24
2026-07-07,21,31,5131.24
2026-07-08,21,23,3759.08
2026-07-09,21,30,5066.03
2026-07-10,21,35,5684.64
2026-07-11,21,17,2786.92
2026-07-12,21,7,1198.04
2026-07-13,21,24,4051.81
2026-07-14,21,35,5992.88
2026-07-15,21,37,6053.55
2026-07-16,21,25,4197.87
2026-07-17,21,28,4688.41
2026-07-18,21,23,3904.62
2026-07-19,21,9,1459.29
2026-07-20,21,24,4105.59
2026-07-21,21,29,4714.27
2026-07-22,21,31,5105.8
2026-07-23,21,27,4618.88
2026-07-24,21,34,5678.65
2026-07-25,21,10,1622.92
2026-07-26,21,15,2455.21
2026-07-27,21,29,4925.77
2026-07-28,21,28,4745.77
2026-07-29,21,24,3988.96
2026-07-30,21,29,4891.46
2026-07-31,21,18,2942.48
2026-08-01,21,24,3905.1
2026-08-02,21,14,2298.92
2026-08-03,21,21,3500.95
2026-08-04,21,31,5319.6
2026-08-05,21,23,3863.89
2026-08-06,21,20,3288.41
2026-08-07,21,31,5101.83
2026-08-08,21,28,4763.77
2026-08-09,21,21,3563.91
2026-08-10,21,31,5121.7
2026-08-11,21,30,4937.91
2026-08-12,21,28,4623.42
2026-08-13,21,36,6046.52
2026-08-14,21,20,3411.37
2026-08-15,21,26,4337.54
2026-08-16,21,18,3033.22
2026-08-17,21,28,4782.01
2026-08-18,21,26,4302.49
2026-08-19,21,34,5756.72
2026-08-20,21,28,4596.25
2026-08-21,21,28,4582.87
2026-08-22,21,24,4015.93
2026-08-23,21,15,2489.0
2026-08-24,21,30,4946.93
2026-08-25,21,35,5999.43
2026-08-26,21,20,3371.27
2026-08-27,21,24,3982.36
2026-08-28,21,26,4413.89
2026-08-29,21,28,4681.86
2026-08-30,21,17,2764.64
2026-08-31,21,26,4362.11
2026-09-01,21,30,5150.76
2026-09-02,21,28,4624.31
2026-09-03,21,37,6192.81
2026-09-04,21,33,5487.28
2026-09-05,21,21,3532.83
2026-09-06,21,12,2064.41
2026-09-07,21,20,3441.06
2026-09-08,21,31,5335.25
2026-09-09,21,42,6935.52
2026-09-10,21,36,6023.89
2026-09-11,21,30,5091.96
2026-09-12,21,25,4079.34
2026-09-13,21,7,1168.22
2026-09-14,21,56,9242.31
2026-09-15,21,34,5647.48
2026-09-16,21,29,4847.16
2026-09-17,21,31,5276.2
2026-09-18,21,37,6152.3
2026-09-19,21,23,3928.96
2026-09-20,21,17,2876.42
2026-09-21,21,30,5094.93
2026-09-22,21,28,4818.62
2026-09-23,21,40,6648.3
2026-09-24,21,33,5410.73
2026-09-25,21,30,5090.18
2026-09-26,21,30,4935.29
2026-09-27,21,11,1878.72
2026-09-28,21,42,6936.51
2026-09-29,21,27,4562.0
2026-09-30,21,37,6025.84
2023-10-01,22,22,1529.25
2023-10-02,22,32,2269.03
2023-10-03,22,45,3176.71
2023-10-04,22,54,3841.19
2023-10-05,22,44,3141.95
2023-10-06,22,41,2831.99
2023-10-07,22,44,3029.14
2023-10-08,22,24,1682.27
2023-10-09,22,38,2623.26
2023-10-10,22,44,3058.98
2023-10-11,22,38,2641.17
2023-10-12,22,48,3323.1
2023-10-13,22,56,3798.18
2023-10-14,22,28,1960.35
2023-10-15,22,19,1315.68
2023-10-16,22,39,2803.85
2023-10-17,22,52,3707.87
2023-10-18,22,36,2565.71
2023-10-19,22,31,2112.47
2023-10-20,22,43,3047.86
2023-10-21,22,50,3511.54
2023-10-22,22,21,1451.04
2023-10-23,22,44,3034.74
2023-10-24,22,56,3832.94
2023-10-25,22,41,2900.14
2023-10-26,22,55,3748.13
2023-10-27,22,40,2761.29
2023-10-28,22,38,2700.37
2023-10-29,22,14,955.28
2023-10-30,22,48,3314.3
2023-10-31,22,40,2763.45
2023-11-01,22,50,3419.03
2023-11-02,22,68,4888.3
2023-11-03,22,45,3161.36
2023-11-04,22,48,3456.75
2023-11-05,22,17,1216.07
2023-11-06,22,65,4482.15
2023-11-07,22,51,3575.68
2023-11-08,22,64,4490.73
2023-11-09,22,50,3460.34
2023-11-10,22,46,3287.06
2023-11-11,22,36,2454.32
2023-11-12,22,22,1508.66
2023-11-13,22,54,3759.82
2023-11-14,22,49,3441.01
2023-11-15,22,61,4146.92
2023-11-16,22,58,4130.1
2023-11-17,22,33,2364.54
2023-11-18,22,55,3814.37
2023-11-19,22,28,1936.28
2023-11-20,22,49,3395.41
2023-11-21,22,44,3166.67
2023-11-22,22,53,3639.46
2023-11-23,22,58,4141.65
2023-11-24,22,62,4436.55
2023-11-25,22,42,2990.36
2023-11-26,22,25,1754.22
2023-11-27,22,39,2691.65
2023-11-28,22,66,4491.04
2023-11-29,22,64,4525.19
2023-11-30,22,49,3400.28
2023-12-01,22,56,3818.96
2023-12-02,22,38,2615.27
2023-12-03,22,27,1942.17
2023-12-04,22,57,4074.64
2023-12-05,22,54,3736.08
2023-12-06,22,53,3723.74
2023-12-07,22,59,4108.5
2023-12-08,22,53,3827.77
2023-12-09,22,39,2705.1
2023-12-10,22,30,2092.45
2023-12-11,22,52,3642.36
2023-12-12,22,51,3620.41
2023-12-13,22,54,3858.42
2023-12-14,22,69,4988.14
2023-12-15,22,38,2735.48
2023-12-16,22,54,3771.54
2023-12-17,22,15,1025.14
2023-12-18,22,54,3746.71
2023-12-19,22,64,4539.64
2023-12-20,22,53,3814.48
2023-12-21,22,55,3761.38
2023-12-22,22,56,4036.54
2023-12-23,22,49,3457.34
2023-12-24,22,16,1148.11
2023-12-25,22,55,3844.44
2023-12-26,22,53,3795.53
2023-12-27,22,53,3696.26
2023-12-28,22,74,5244.8
2023-12-29,22,40,2754.68
2023-12-30,22,52,3695.56
2023-12-31,22,34,2362.32
2024-01-01,22,76,5479.95
2024-01-02,22,64,4493.31
2024-01-03,22,58,4061.17
2024-01-04,22,82,5797.5
2024-01-05,22,47,3265.18
2024-01-06,22,60,4200.09
2024-01-07,22,21,1451.91
2024-01-08,22,78,5428.68
2024-01-09,22,54,3863.85
2024-01-10,22,62,4462.62
2024-01-11,22,49,3361.23
2024-01-12,22,53,3800.49
2024-01-13,22,66,4565.31
2024-01-14,22,30,2094.53
2024-01-15,22,57,4059.67
2024-01-16,22,46,3320.3
2024-01-17,22,59,4068.0
2024-01-18,22,58,4117.06
2024-01-19,22,50,3570.01
2024-01-20,22,43,3040.03
2024-01-21,22,39,2771.03
2024-01-22,22,56,3928.25
2024-01-23,22,49,3459.58
2024-01-24,22,62,4367.02
2024-01-25,22,74,5217.16
2024-01-26,22,47,3396.22
2024-01-27,22,59,4142.42
2024-01-28,22,28,2013.97
2024-01-29,22,48,3351.78
2024-01-30,22,63,4326.96
2024-01-31,22,58,4146.32
2024-02-01,22,54,3743.32
2024-02-02,22,49,3411.41
2024-02-03,22,64,4495.54
2024-02-04,22,31,2130.38
2024-02-05,22,70,5071.19
2024-02-06,22,58,4200.81
2024-02-07,22,49,3531.4
2024-02-08,22,96,6961.45
2024-02-09,22,86,5927.68
2024-02-10,22,47,3343.69
2024-02-11,22,21,1507.91
2024-02-12,22,70,4948.25
2024-02-13,22,61,4321.49
2024-02-14,22,71,4935.24
2024-02-15,22,47,3368.81
2024-02-16,22,59,4115.49
2024-02-17,22,51,3605.66
2024-02-18,22,22,1568.6
2024-02-19,22,47,3367.87
2024-02-20,22,87,6025.18
2024-02-21,22,50,3467.35
2024-02-22,22,52,3658.15
2024-02-23,22,61,4320.35
2024-02-24,22,53,3862.73
2024-02-25,22,34,2425.25
2024-02-26,22,78,5476.58
2024-02-27,22,68,4920.37
2024-02-28,22,84,5781.11
2024-02-29,22,56,3856.0
2024-03-01,22,63,4552.82
2024-03-02,22,41,2881.97
2024-03-03,22,28,1999.91
2024-03-04,22,70,4990.79
2024-03-05,22,65,4709.29
2024-03-06,22,55,3910.4
2024-03-07,22,81,5588.37
2024-03-08,22,63,4368.7
2024-03-09,22,48,3363.75
2024-03-10,22,26,1893.34
2024-03-11,22,48,3315.83
2024-03-12,22,52,3594.49
2024-03-13,22,59,4133.92
2024-03-14,22,73,5105.59
2024-03-15,22,58,4210.46
2024-03-16,22,91,6389.93
2024-03-17,22,29,2104.55
2024-03-18,22,62,4402.0
2024-03-19,22,35,2490.6
2024-03-20,22,55,3994.31
2024-03-21,22,48,3448.99
2024-03-22,22,75,5417.74
2024-03-23,22,56,3947.6
2024-03-24,22,22,1533.89
2024-03-25,22,51,3687.09
2024-03-26,22,67,4879.53
2024-03-27,22,46,3293.63
2024-03-28,22,69,4761.63
2024-03-29,22,56,3901.64
2024-03-30,22,56,3972.8
2024-03-31,22,27,1895.89
2024-04-01,22,52,3667.01
2024-04-02,22,42,3011.07
2024-04-03,22,46,3289.36
2024-04-04,22,56,3870.24
2024-04-05,22,58,4043.01
2024-04-06,22,33,2326.7
2024-04-07,22,27,1965.86
2024-04-08,22,61,4242.19
2024-04-09,22,56,4099.72
2024-04-10,22,66,4577.21
2024-04-11,22,46,3215.33
2024-04-12,22,56,4091.66
2024-04-13,22,44,3060.05
2024-04-14,22,22,1596.79
2024-04-15,22,71,5109.42
2024-04-16,22,44,3122.87
2024-04-17,22,64,4668.31
2024-04-18,22,61,4254.19
2024-04-19,22,48,3408.96
2024-04-20,22,38,2633.55
2024-04-21,22,20,1432.87
2024-04-22,22,44,3196.13
2024-04-23,22,66,4830.96
2024-04-24,22,51,3536.12
2024-04-25,22,65,4552.99
2024-04-26,22,49,3475.22
2024-04-27,22,48,3343.11
2024-04-28,22,19,1383.33
2024-04-29,22,40,2930.22
2024-04-30,22,52,3720.18
2024-05-01,22,35,2515.37
2024-05-02,22,33,2336.87
2024-05-03,22,36,2628.43
2024-05-04,22,33,2329.3
2024-05-05,22,19,1350.3
2024-05-06,22,28,1956.94
2024-05-07,22,40,2818.36
2024-05-08,22,33,2422.72
2024-05-09,22,32,2271.42
2024-05-10,22,37,2668.24
2024-05-11,22,41,2965.29
2024-05-12,22,20,1420.98
2024-05-13,22,38,2741.27
2024-05-14,22,45,3272.26
2024-05-15,22,46,3270.66
2024-05-16,22,34,2361.74
2024-05-17,22,46,3298.27
2024-05-18,22,26,1908.9
2024-05-19,22,18,1295.29
2024-05-20,22,31,2173.43
2024-05-21,22,29,2075.54
2024-05-22,22,47,3334.66
2024-05-23,22,29,2013.38
2024-05-24,22,47,3294.68
2024-05-25,22,33,2363.84
2024-05-26,22,9,656.87
2024-05-27,22,49,3413.05
2024-05-28,22,37,2599.25
2024-05-29,22,42,3049.48
2024-05-30,22,40,2917.19
2024-05-31,22,62,4307.47
2024-06-01,22,26,1813.94
2024-06-02,22,18,1301.68
2024-06-03,22,34,2393.36
2024-06-04,22,29,2020.48
2024-06-05,22,34,2470.47
2024-06-06,22,34,2506.76
2024-06-07,22,31,2190.75
2024-06-08,22,29,2066.82
2024-06-09,22,36,2577.22
2024-06-10,22,29,2072.14
2024-06-11,22,37,2631.15
2024-06-12,22,30,2206.92
2024-06-13,22,30,2115.56
2024-06-14,22,41,3023.44
2024-06-15,22,39,2847.08
2024-06-16,22,12,875.67
2024-06-17,22,35,2582.77
2024-06-18,22,34,2488.12
2024-06-19,22,42,3028.56
2024-06-20,22,34,2425.09
2024-06-21,22,41,2930.28
2024-06-22,22,19,1355.82
2024-06-23,22,13,908.71
2024-06-24,22,38,2728.91
2024-06-25,22,34,2499.88
2024-06-26,22,29,2139.43
2024-06-27,22,35,2499.49
2024-06-28,22,34,2464.09
2024-06-29,22,43,3036.14
2024-06-30,22,17,1242.31
2024-07-01,22,31,2214.19
2024-07-02,22,39,2822.72
2024-07-03,22,46,3368.18
2024-07-04,22,36,2544.52
2024-07-05,22,30,2159.31
2024-07-06,22,43,3171.8
2024-07-07,22,15,1062.53
2024-07-08,22,59,4274.14
2024-07-09,22,25,1800.67
2024-07-10,22,47,3453.5
2024-07-11,22,30,2131.68
2024-07-12,22,19,1325.26
2024-07-13,22,27,1933.06
2024-07-14,22,21,1511.29
2024-07-15,22,34,2403.58
2024-07-16,22,30,2188.86
2024-07-17,22,22,1601.76
2024-07-18,22,31,2231.5
2024-07-19,22,19,1386.61
2024-07-20,22,33,2369.42
2024-07-21,22,19,1347.6
2024-07-22,22,21,1518.49
2024-07-23,22,34,2407.96
2024-07-24,22,38,2765.61
2024-07-25,22,44,3080.45
2024-07-26,22,31,2210.37
2024-07-27,22,29,2069.62
2024-07-28,22,16,1123.4
2024-07-29,22,26,1901.45
2024-07-30,22,45,3328.24
2024-07-31,22,38,2666.93
2024-08-01,22,37,2609.79
2024-08-02,22,28,2059.13
2024-08-03,22,29,2083.28
2024-08-04,22,17,1206.2
2024-08-05,22,36,2607.23
2024-08-06,22,41,2873.34
2024-08-07,22,41,2871.71
2024-08-08,22,39,2856.96
2024-08-09,22,35,2565.48
2024-08-10,22,34,2519.87
2024-08-11,22,18,1328.13
2024-08-12,22,43,3141.8
2024-08-13,22,21,1515.62
2024-08-14,22,28,2068.5
2024-08-15,22,46,3400.58
2024-08-16,22,32,2272.53
2024-08-17,22,32,2356.03
2024-08-18,22,11,778.16
2024-08-19,22,46,3398.37
2024-08-20,22,48,3456.96
2024-08-21,22,37,2680.81
2024-08-22,22,47,3456.5
2024-08-23,22,32,2293.58
2024-08-24,22,30,2139.57
2024-08-25,22,18,1328.6
2024-08-26,22,21,1538.91
2024-08-27,22,31,2263.25
2024-08-28,22,36,2525.85
2024-08-29,22,30,2147.99
2024-08-30,22,27,1933.4
2024-08-31,22,24,1689.25
2024-09-01,22,23,1691.97
2024-09-02,22,45,3297.37
2024-09-03,22,42,2962.1
2024-09-04,22,39,2769.09
2024-09-05,22,35,2600.67
2024-09-06,22,39,2873.87
2024-09-07,22,33,2315.73
2024-09-08,22,14,1000.3
2024-09-09,22,40,2883.14
2024-09-10,22,39,2764.16
2024-09-11,22,45,3198.63
2024-09-12,22,34,2522.56
2024-09-13,22,46,3317.79
2024-09-14,22,42,3027.01
2024-09-15,22,25,1804.78
2024-09-16,22,36,2555.29
2024-09-17,22,40,2876.43
2024-09-18,22,52,3766.01
2024-09-19,22,40,2832.15
2024-09-20,22,34,2473.71
2024-09-21,22,49,3534.84
2024-09-22,22,15,1093.83
2024-09-23,22,74,5519.92
2024-09-24,22,45,3259.0
2024-09-25,22,37,2624.58
2024-09-26,22,38,2724.66
2024-09-27,22,40,2969.77
2024-09-28,22,37,2692.95
2024-09-29,22,19,1366.36
2024-09-30,22,17,1241.05
2024-10-01,22,61,4313.61
2024-10-02,22,45,3351.34
2024-10-03,22,39,2881.57
2024-10-04,22,49,3542.8
2024-10-05,22,47,3372.38
2024-10-06,22,16,1189.97
2024-10-07,22,50,3546.02
2024-10-08,22,34,2536.31
2024-10-09,22,58,4310.03
2024-10-10,22,39,2754.45
2024-10-11,22,56,4007.42
2024-10-12,22,39,2796.56
2024-10-13,22,17,1212.25
2024-10-14,22,39,2781.42
2024-10-15,22,48,3520.91
2024-10-16,22,43,3127.41
2024-10-17,22,46,3376.47
2024-10-18,22,41,2929.65
2024-10-19,22,40,2914.58
2024-10-20,22,32,2349.44
2024-10-21,22,49,3606.86
2024-10-22,22,40,2950.62
2024-10-23,22,49,3464.08
2024-10-24,22,39,2910.67
2024-10-25,22,47,3426.86
2024-10-26,22,32,2320.42
2024-10-27,22,26,1874.42
2024-10-28,22,42,3007.87
2024-10-29,22,40,2967.64
2024-10-30,22,38,2795.94
2024-10-31,22,36,2583.88
2024-11-01,22,43,3105.98
2024-11-02,22,47,3473.89
2024-11-03,22,37,2750.61
2024-11-04,22,51,3703.44
2024-11-05,22,52,3714.13
2024-11-06,22,46,3447.06
2024-11-07,22,45,3211.25
2024-11-08,22,46,3372.43
2024-11-09,22,30,2201.43
2024-11-10,22,28,2025.34
2024-11-11,22,54,3851.92
2024-11-12,22,60,4289.89
2024-11-13,22,52,3761.31
2024-11-14,22,37,2696.23
2024-11-15,22,50,3546.67
2024-11-16,22,34,2428.31
2024-11-17,22,26,1899.33
2024-11-18,22,49,3601.25
2024-11-19,22,40,2957.04
2024-11-20,22,53,3923.06
2024-11-21,22,44,3127.52
2024-11-22,22,57,4039.43
2024-11-23,22,51,3806.66
2024-11-24,22,27,1938.29
2024-11-25,22,51,3807.38
2024-11-26,22,55,4115.62
2024-11-27,22,50,3740.47
2024-11-28,22,55,4103.16
2024-11-29,22,55,3983.62
2024-11-30,22,56,3990.0
2024-12-01,22,38,2792.4
2024-12-02,22,45,3273.65
2024-12-03,22,50,3712.08
2024-12-04,22,63,4641.74
2024-12-05,22,62,4561.85
2024-12-06,22,65,4796.21
2024-12-07,22,42,3031.16
2024-12-08,22,27,1962.04
2024-12-09,22,42,3052.01
2024-12-10,22,68,5104.55
2024-12-11,22,86,6326.55
2024-12-12,22,65,4814.34
2024-12-13,22,48,3599.82
2024-12-14,22,52,3711.1
2024-12-15,22,26,1858.07
2024-12-16,22,74,5509.91
2024-12-17,22,60,4506.08
2024-12-18,22,50,3749.57
2024-12-19,22,58,4120.96
2024-12-20,22,58,4157.49
2024-12-21,22,25,1838.5
2024-12-22,22,23,1701.48
2024-12-23,22,51,3832.74
2024-12-24,22,68,5074.17
2024-12-25,22,52,3705.33
2024-12-26,22,45,3252.62
2024-12-27,22,75,5335.95
2024-12-28,22,41,2959.86
2024-12-29,22,27,1918.22
2024-12-30,22,49,3675.76
2024-12-31,22,62,4439.23
2025-01-01,22,48,3439.03
2025-01-02,22,61,4445.13
2025-01-03,22,57,4154.42
2025-01-04,22,36,2704.45
2025-01-05,22,28,2091.96
2025-01-06,22,47,3475.79
2025-01-07,22,45,3301.89
2025-01-08,22,60,4424.3
2025-01-09,22,79,5694.66
2025-01-10,22,46,3294.7
2025-01-11,22,44,3223.37
2025-01-12,22,18,1342.84
2025-01-13,22,76,5414.65
2025-01-14,22,71,5151.58
2025-01-15,22,43,3149.78
2025-01-16,22,59,4327.27
2025-01-17,22,56,4133.07
2025-01-18,22,56,4031.92
2025-01-19,22,30,2180.07
2025-01-20,22,47,3509.44
2025-01-21,22,63,4570.38
2025-01-22,22,43,3154.73
2025-01-23,22,83,6177.64
2025-01-24,22,49,3684.49
2025-01-25,22,47,3528.13
2025-01-26,22,30,2141.69
2025-01-27,22,61,4418.08
2025-01-28,22,56,4125.26
2025-01-29,22,43,3099.36
2025-01-30,22,79,5818.71
2025-01-31,22,57,4242.51
2025-02-01,22,61,4370.16
2025-02-02,22,16,1176.73
2025-02-03,22,54,4021.4
2025-02-04,22,44,3204.39
2025-02-05,22,65,4649.11
2025-02-06,22,54,4067.37
2025-02-07,22,60,4368.67
2025-02-08,22,47,3450.19
2025-02-09,22,38,2714.03
2025-02-10,22,57,4166.07
2025-02-11,22,65,4816.87
2025-02-12,22,74,5401.25
2025-02-13,22,63,4745.92
2025-02-14,22,54,3981.87
2025-02-15,22,52,3832.74
2025-02-16,22,26,1954.61
2025-02-17,22,63,4591.83
2025-02-18,22,59,4317.6
2025-02-19,22,44,3228.38
2025-02-20,22,49,3568.66
2025-02-21,22,64,4842.49
2025-02-22,22,51,3725.73
2025-02-23,22,22,1640.84
2025-02-24,22,64,4731.76
2025-02-25,22,66,4849.96
2025-02-26,22,53,3907.75
2025-02-27,22,65,4743.54
2025-02-28,22,79,5926.65
2025-03-01,22,44,3272.33
2025-03-02,22,28,2014.64
2025-03-03,22,63,4755.06
2025-03-04,22,38,2805.71
2025-03-05,22,32,2326.42
2025-03-06,22,56,4054.95
2025-03-07,22,71,5354.94
2025-03-08,22,57,4276.19
2025-03-09,22,23,1713.45
2025-03-10,22,47,3408.99
2025-03-11,22,68,5160.17
2025-03-12,22,54,3947.08
2025-03-13,22,44,3154.82
2025-03-14,22,50,3739.3
2025-03-15,22,34,2531.51
2025-03-16,22,45,3333.42
2025-03-17,22,51,3699.03
2025-03-18,22,63,4520.22
2025-03-19,22,56,4069.09
2025-03-20,22,73,5449.71
2025-03-21,22,43,3109.16
2025-03-22,22,41,3101.33
2025-03-23,22,19,1415.49
2025-03-24,22,48,3603.73
2025-03-25,22,55,4172.26
2025-03-26,22,50,3734.36
2025-03-27,22,59,4320.07
2025-03-28,22,51,3760.67
2025-03-29,22,43,3183.32
2025-03-30,22,25,1868.8
2025-03-31,22,46,3322.53
2025-04-01,22,35,2567.59
2025-04-02,22,41,3117.45
2025-04-03,22,52,3902.37
2025-04-04,22,46,3490.93
2025-04-05,22,56,4195.17
2025-04-06,22,27,1974.84
2025-04-07,22,45,3229.95
2025-04-08,22,55,4141.9
2025-04-09,22,47,3478.62
2025-04-10,22,41,3047.61
2025-04-11,22,47,3405.41
2025-04-12,22,51,3762.48
2025-04-13,22,23,1656.03
2025-04-14,22,46,3331.9
2025-04-15,22,43,3109.3
2025-04-16,22,35,2587.5
2025-04-17,22,43,3245.86
2025-04-18,22,51,3765.38
2025-04-19,22,38,2746.09
2025-04-20,22,24,1756.2
2025-04-21,22,55,4168.83
2025-04-22,22,46,3451.93
2025-04-23,22,39,2952.16
2025-04-24,22,37,2658.89
2025-04-25,22,56,4077.06
2025-04-26,22,36,2733.26
2025-04-27,22,20,1465.14
2025-04-28,22,44,3313.83
2025-04-29,22,47,3385.91
2025-04-30,22,39,2905.33
2025-05-01,22,35,2519.14
2025-05-02,22,45,3289.06
2025-05-03,22,43,3098.05
2025-05-04,22,17,1238.36
2025-05-05,22,45,3435.28
2025-05-06,22,49,3653.81
2025-05-07,22,37,2775.63
2025-05-08,22,43,3219.42
2025-05-09,22,51,3692.86
2025-05-10,22,47,3543.33
2025-05-11,22,12,866.59
2025-05-12,22,35,2659.95
2025-05-13,22,39,2865.09
2025-05-14,22,39,2933.75
2025-05-15,22,39,2978.01
2025-05-16,22,38,2757.65
2025-05-17,22,47,3431.89
2025-05-18,22,20,1466.08
2025-05-19,22,41,3051.43
2025-05-20,22,47,3472.52
2025-05-21,22,33,2412.28
2025-05-22,22,38,2781.34
2025-05-23,22,29,2203.14
2025-05-24,22,32,2400.3
2025-05-25,22,13,963.19
2025-05-26,22,36,2701.85
2025-05-27,22,39,2956.91
2025-05-28,22,33,2514.45
2025-05-29,22,36,2752.72
2025-05-30,22,50,3639.39
2025-05-31,22,27,1948.01
2025-06-01,22,10,753.91
2025-06-02,22,35,2595.35
2025-06-03,22,44,3298.65
2025-06-04,22,28,2073.93
2025-06-05,22,26,1881.47
2025-06-06,22,30,2236.76
2025-06-07,22,29,2177.43
2025-06-08,22,12,917.97
2025-06-09,22,33,2500.29
2025-06-10,22,32,2433.06
2025-06-11,22,42,3047.0
2025-06-12,22,38,2746.21
2025-06-13,22,39,2843.4
2025-06-14,22,21,1521.15
2025-06-15,22,15,1146.85
2025-06-16,22,29,2217.59
2025-06-17,22,43,3262.2
2025-06-18,22,53,3965.56
2025-06-19,22,30,2277.23
2025-06-20,22,22,1667.17
2025-06-21,22,20,1491.72
2025-06-22,22,15,1114.02
2025-06-23,22,31,2303.39
2025-06-24,22,31,2341.72
2025-06-25,22,36,2702.71
2025-06-26,22,40,2900.77
2025-06-27,22,32,2372.31
2025-06-28,22,27,2028.0
2025-06-29,22,17,1290.25
2025-06-30,22,31,2339.66
2025-07-01,22,28,2060.56
2025-07-02,22,24,1739.8
2025-07-03,22,30,2198.96
2025-07-04,22,32,2349.35
2025-07-05,22,22,1680.69
2025-07-06,22,13,996.12
2025-07-07,22,36,2704.79
2025-07-08,22,37,2754.11
2025-07-09,22,27,2047.16
2025-07-10,22,28,2141.57
2025-07-11,22,27,2004.87
2025-07-12,22,18,1326.53
2025-07-13,22,16,1172.83
2025-07-14,22,25,1827.22
2025-07-15,22,37,2819.21
2025-07-16,22,47,3604.89
2025-07-17,22,30,2289.09
2025-07-18,22,26,1923.92
2025-07-19,22,23,1717.62
2025-07-20,22,15,1129.89
2025-07-21,22,34,2568.09
2025-07-22,22,41,3116.82
2025-07-23,22,27,2051.17
2025-07-24,22,27,1982.38
2025-07-25,22,24,1748.47
2025-07-26,22,50,3729.54
2025-07-27,22,22,1631.36
2025-07-28,22,40,3025.81
2025-07-29,22,28,2147.64
2025-07-30,22,30,2257.03
2025-07-31,22,41,2984.09
2025-08-01,22,49,3702.79
2025-08-02,22,28,2125.05
2025-08-03,22,13,956.47
2025-08-04,22,36,2764.77
2025-08-05,22,35,2615.8
2025-08-06,22,47,3613.55
2025-08-07,22,40,2906.53
2025-08-08,22,31,2369.39
2025-08-09,22,35,2631.92
2025-08-10,22,11,803.15
2025-08-11,22,27,2047.45
2025-08-12,22,36,2681.14
2025-08-13,22,40,2918.73
2025-08-14,22,47,3601.76
2025-08-15,22,33,2539.33
2025-08-16,22,24,1831.24
2025-08-17,22,11,799.49
2025-08-18,22,31,2316.86
2025-08-19,22,36,2738.17
2025-08-20,22,27,2035.65
2025-08-21,22,37,2792.23
2025-08-22,22,27,2063.42
2025-08-23,22,26,1946.66
2025-08-24,22,13,968.42
2025-08-25,22,56,4264.18
2025-08-26,22,34,2543.47
2025-08-27,22,42,3181.71
2025-08-28,22,34,2564.78
2025-08-29,22,25,1822.32
2025-08-30,22,53,4018.12
2025-08-31,22,13,965.76
2025-09-01,22,39,2892.14
2025-09-02,22,29,2172.53
2025-09-03,22,41,3138.88
2025-09-04,22,38,2775.89
2025-09-05,22,44,3307.9
2025-09-06,22,37,2838.9
2025-09-07,22,20,1479.19
2025-09-08,22,35,2622.51
2025-09-09,22,43,3315.55
2025-09-10,22,41,3148.08
2025-09-11,22,37,2723.98
2025-09-12,22,41,3120.14
2025-09-13,22,29,2184.93
2025-09-14,22,14,1026.02
2025-09-15,22,42,3215.35
2025-09-16,22,36,2729.53
2025-09-17,22,39,3003.54
2025-09-18,22,35,2702.23
2025-09-19,22,28,2110.29
2025-09-20,22,34,2518.69
2025-09-21,22,18,1376.28
2025-09-22,22,55,4054.54
2025-09-23,22,31,2330.16
2025-09-24,22,36,2691.86
2025-09-25,22,45,3344.36
2025-09-26,22,38,2907.3
2025-09-27,22,33,2492.95
2025-09-28,22,18,1381.57
2025-09-29,22,48,3688.68
2025-09-30,22,39,2883.04
2025-10-01,22,40,3035.04
2025-10-02,22,24,1781.05
2025-10-03,22,31,2397.86
2025-10-04,22,31,2301.31
2025-10-05,22,30,2245.45
2025-10-06,22,31,2340.43
2025-10-07,22,40,2956.93
2025-10-08,22,32,2350.42
2025-10-09,22,35,2567.12
2025-10-10,22,46,3543.26
2025-10-11,22,37,2794.75
2025-10-12,22,20,1493.01
2025-10-13,22,42,3144.61
2025-10-14,22,46,3430.63
2025-10-15,22,42,3145.64
2025-10-16,22,40,3014.49
2025-10-17,22,32,2390.17
2025-10-18,22,35,2586.36
2025-10-19,22,28,2150.6
2025-10-20,22,23,1715.11
2025-10-21,22,43,3335.14
2025-10-22,22,40,3026.08
2025-10-23,22,45,3386.66
2025-10-24,22,43,3220.12
2025-10-25,22,41,3185.85
2025-10-26,22,18,1361.64
2025-10-27,22,53,3882.74
2025-10-28,22,31,2371.3
2025-10-29,22,46,3375.06
2025-10-30,22,40,3093.36
2025-10-31,22,32,2447.8
2025-11-01,22,36,2789.59
2025-11-02,22,28,2060.32
2025-11-03,22,42,3164.48
2025-11-04,22,56,4164.26
2025-11-05,22,38,2864.49
2025-11-06,22,45,3444.32
2025-11-07,22,45,3344.31
2025-11-08,22,39,2924.02
2025-11-09,22,25,1904.03
2025-11-10,22,61,4591.66
2025-11-11,22,43,3260.48
2025-11-12,22,52,3836.3
2025-11-13,22,47,3514.55
2025-11-14,22,47,3656.65
2025-11-15,22,31,2298.2
2025-11-16,22,21,1560.54
2025-11-17,22,40,3072.76
2025-11-18,22,50,3721.91
2025-11-19,22,48,3714.01
2025-11-20,22,45,3331.66
2025-11-21,22,49,3745.92
2025-11-22,22,39,2969.6
2025-11-23,22,16,1199.05
2025-11-24,22,51,3790.43
2025-11-25,22,66,5102.42
2025-11-26,22,51,3857.5
2025-11-27,22,45,3431.34
2025-11-28,22,49,3777.92
2025-11-29,22,44,3373.77
2025-11-30,22,16,1232.35
2025-12-01,22,51,3800.18
2025-12-02,22,57,4333.77
2025-12-03,22,74,5721.6
2025-12-04,22,62,4631.01
2025-12-05,22,39,3030.81
2025-12-06,22,40,3077.08
2025-12-07,22,23,1697.32
2025-12-08,22,49,3670.17
2025-12-09,22,58,4498.28
2025-12-10,22,56,4177.33
2025-12-11,22,72,5299.29
2025-12-12,22,45,3441.96
2025-12-13,22,43,3214.39
2025-12-14,22,23,1756.73
2025-12-15,22,52,3973.66
2025-12-16,22,64,4842.37
2025-12-17,22,55,4212.19
2025-12-18,22,71,5446.07
2025-12-19,22,50,3769.34
2025-12-20,22,32,2475.71
2025-12-21,22,24,1783.55
2025-12-22,22,61,4663.12
2025-12-23,22,64,4949.93
2025-12-24,22,55,4182.96
2025-12-25,22,56,4133.21
2025-12-26,22,57,4213.92
2025-12-27,22,56,4303.07
2025-12-28,22,18,1404.27
2025-12-29,22,51,3912.86
2025-12-30,22,49,3706.85
2025-12-31,22,60,4685.28
2026-01-01,22,43,3254.17
2026-01-02,22,79,5999.07
2026-01-03,22,34,2515.16
2026-01-04,22,25,1891.03
2026-01-05,22,61,4679.18
2026-01-06,22,47,3670.13
2026-01-07,22,57,4415.19
2026-01-08,22,70,5448.27
2026-01-09,22,44,3303.46
2026-01-10,22,51,3889.74
2026-01-11,22,34,2509.88
2026-01-12,22,45,3344.9
2026-01-13,22,43,3211.31
2026-01-14,22,59,4538.26
2026-01-15,22,48,3652.24
2026-01-16,22,46,3523.64
2026-01-17,22,54,4205.8
2026-01-18,22,26,1948.24
2026-01-19,22,60,4533.39
2026-01-20,22,57,4321.57
2026-01-21,22,50,3901.91
2026-01-22,22,46,3588.95
2026-01-23,22,47,3628.53
2026-01-24,22,57,4344.91
2026-01-25,22,32,2459.79
2026-01-26,22,74,5573.42
2026-01-27,22,58,4507.92
2026-01-28,22,38,2899.59
2026-01-29,22,62,4699.5
2026-01-30,22,47,3558.71
2026-01-31,22,48,3727.3
2026-02-01,22,21,1562.39
2026-02-02,22,53,4012.68
2026-02-03,22,45,3502.21
2026-02-04,22,54,4079.76
2026-02-05,22,64,4739.14
2026-02-06,22,54,4054.71
2026-02-07,22,35,2705.17
2026-02-08,22,28,2072.9
2026-02-09,22,69,5261.91
2026-02-10,22,55,4089.14
2026-02-11,22,64,4825.38
2026-02-12,22,46,3454.84
2026-02-13,22,40,3107.29
2026-02-14,22,50,3812.13
2026-02-15,22,32,2393.41
2026-02-16,22,61,4555.17
2026-02-17,22,42,3253.98
2026-02-18,22,40,3049.54
2026-02-19,22,65,4977.04
2026-02-20,22,50,3906.5
2026-02-21,22,58,4444.45
2026-02-22,22,27,2096.55
2026-02-23,22,62,4647.13
2026-02-24,22,61,4583.88
2026-02-25,22,59,4393.25
2026-02-26,22,52,3950.52
2026-02-27,22,62,4726.9
2026-02-28,22,70,5483.89
2026-03-01,22,32,2392.65
2026-03-02,22,59,4545.57
2026-03-03,22,60,4646.57
2026-03-04,22,40,3037.28
2026-03-05,22,62,4679.51
2026-03-06,22,64,4869.54
2026-03-07,22,39,2920.8
2026-03-08,22,19,1465.14
2026-03-09,22,51,3908.46
2026-03-10,22,53,4103.2
2026-03-11,22,50,3867.94
2026-03-12,22,57,4266.6
2026-03-13,22,67,5161.62
2026-03-14,22,36,2746.26
2026-03-15,22,26,1976.43
2026-03-16,22,50,3930.88
2026-03-17,22,37,2774.8
2026-03-18,22,44,3379.83
2026-03-19,22,53,4055.19
2026-03-20,22,46,3416.63
2026-03-21,22,42,3223.0
2026-03-22,22,14,1076.32
2026-03-23,22,43,3212.03
2026-03-24,22,46,3576.49
2026-03-25,22,52,4101.67
2026-03-26,22,61,4753.8
2026-03-27,22,47,3632.09
2026-03-28,22,68,5261.59
2026-03-29,22,23,1737.57
2026-03-30,22,48,3697.45
2026-03-31,22,67,5258.19
2026-04-01,22,31,2323.06
2026-04-02,22,37,2781.5
2026-04-03,22,61,4699.16
2026-04-04,22,32,2446.45
2026-04-05,22,16,1209.09
2026-04-06,22,32,2389.67
2026-04-07,22,51,3865.5
2026-04-08,22,33,2471.74
2026-04-09,22,35,2690.17
2026-04-10,22,44,3461.06
2026-04-11,22,31,2404.45
2026-04-12,22,22,1706.2
2026-04-13,22,44,3465.6
2026-04-14,22,30,2286.52
2026-04-15,22,48,3715.11
2026-04-16,22,42,3170.65
2026-04-17,22,49,3677.95
2026-04-18,22,46,3461.64
2026-04-19,22,17,1274.72
2026-04-20,22,34,2631.98
2026-04-21,22,45,3471.9
2026-04-22,22,36,2733.42
2026-04-23,22,66,4994.48
2026-04-24,22,53,4069.67
2026-04-25,22,36,2745.42
2026-04-26,22,22,1721.81
2026-04-27,22,27,2120.14
2026-04-28,22,43,3360.32
2026-04-29,22,31,2327.36
2026-04-30,22,41,3207.23
2026-05-01,22,44,3466.16
2026-05-02,22,34,2649.35
2026-05-03,22,22,1742.12
2026-05-04,22,46,3454.46
2026-05-05,22,37,2921.19
2026-05-06,22,43,3288.9
2026-05-07,22,45,3429.8
2026-05-08,22,40,3160.21
2026-05-09,22,25,1892.2
2026-05-10,22,25,1903.93
2026-05-11,22,38,2908.11
2026-05-12,22,31,2415.47
2026-05-13,22,32,2409.51
2026-05-14,22,52,4097.93
2026-05-15,22,45,3432.82
2026-05-16,22,32,2471.75
2026-05-17,22,13,1006.72
2026-05-18,22,32,2506.13
2026-05-19,22,44,3444.07
2026-05-20,22,32,2407.47
2026-05-21,22,48,3683.39
2026-05-22,22,39,2983.42
2026-05-23,22,34,2631.98
2026-05-24,22,16,1226.18
2026-05-25,22,37,2855.66
2026-05-26,22,37,2855.78
2026-05-27,22,40,3172.64
2026-05-28,22,33,2538.2
2026-05-29,22,34,2558.54
2026-05-30,22,34,2635.29
2026-05-31,22,11,840.97
2026-06-01,22,29,2264.41
2026-06-02,22,23,1749.44
2026-06-03,22,19,1488.37
2026-06-04,22,31,2330.71
2026-06-05,22,36,2759.53
2026-06-06,22,27,2142.34
2026-06-07,22,13,1031.1
2026-06-08,22,37,2914.36
2026-06-09,22,36,2712.74
2026-06-10,22,42,3171.87
2026-06-11,22,40,3066.8
2026-06-12,22,43,3317.39
2026-06-13,22,28,2194.82
2026-06-14,22,13,1025.23
2026-06-15,22,28,2178.96
2026-06-16,22,43,3368.4
2026-06-17,22,33,2544.52
2026-06-18,22,45,3579.52
2026-06-19,22,26,1971.68
2026-06-20,22,20,1510.17
2026-06-21,22,18,1424.7
2026-06-22,22,29,2196.05
2026-06-23,22,29,2191.34
2026-06-24,22,29,2216.18
2026-06-25,22,32,2405.63
2026-06-26,22,31,2419.0
2026-06-27,22,28,2167.85
2026-06-28,22,10,772.04
2026-06-29,22,28,2180.72
2026-06-30,22,32,2536.35
2026-07-01,22,38,3007.57
2026-07-02,22,44,3456.35
2026-07-03,22,25,1937.12
2026-07-04,22,23,1747.9
2026-07-05,22,21,1645.54
2026-07-06,22,27,2064.51
2026-07-07,22,25,1893.42
2026-07-08,22,35,2717.84
2026-07-09,22,18,1395.87
2026-07-10,22,30,2306.92
2026-07-11,22,31,2345.15
2026-07-12,22,17,1332.91
2026-07-13,22,33,2535.6
2026-07-14,22,44,3493.91
2026-07-15,22,37,2893.99
2026-07-16,22,40,3109.98
2026-07-17,22,35,2662.2
2026-07-18,22,27,2090.68
2026-07-19,22,12,922.58
2026-07-20,22,25,1930.49
2026-07-21,22,37,2874.88
2026-07-22,22,31,2424.65
2026-07-23,22,51,4020.4
2026-07-24,22,34,2673.35
2026-07-25,22,27,2088.99
2026-07-26,22,14,1106.84
2026-07-27,22,32,2533.85
2026-07-28,22,25,1948.95
2026-07-29,22,30,2331.64
2026-07-30,22,26,1961.67
2026-07-31,22,30,2278.57
2026-08-01,22,28,2149.39
2026-08-02,22,14,1096.54
2026-08-03,22,34,2693.98
2026-08-04,22,47,3725.05
2026-08-05,22,34,2660.68
2026-08-06,22,29,2279.61
2026-08-07,22,32,2493.4
2026-08-08,22,41,3108.43
2026-08-09,22,18,1372.24
2026-08-10,22,31,2417.98
2026-08-11,22,31,2400.68
2026-08-12,22,42,3191.38
2026-08-13,22,27,2042.5
2026-08-14,22,38,2869.36
2026-08-15,22,39,3096.44
2026-08-16,22,14,1106.38
2026-08-17,22,20,1521.26
2026-08-18,22,30,2268.29
2026-08-19,22,35,2734.45
2026-08-20,22,49,3831.1
2026-08-21,22,26,2059.49
2026-08-22,22,30,2340.39
2026-08-23,22,18,1402.07
2026-08-24,22,37,2890.53
2026-08-25,22,17,1318.02
2026-08-26,22,33,2544.34
2026-08-27,22,16,1270.08
2026-08-28,22,28,2145.52
2026-08-29,22,24,1828.84
2026-08-30,22,16,1255.41
2026-08-31,22,29,2217.26
2026-09-01,22,40,3059.23
2026-09-02,22,42,3316.22
2026-09-03,22,49,3842.5
2026-09-04,22,45,3572.93
2026-09-05,22,28,2197.49
2026-09-06,22,25,1974.53
2026-09-07,22,39,3035.98
2026-09-08,22,31,2371.38
2026-09-09,22,45,3400.61
2026-09-10,22,38,2978.83
2026-09-11,22,30,2372.1
2026-09-12,22,44,3432.6
2026-09-13,22,25,1951.49
2026-09-14,22,35,2721.68
2026-09-15,22,27,2121.73
2026-09-16,22,37,2844.1
2026-09-17,22,34,2596.79
2026-09-18,22,29,2279.13
2026-09-19,22,28,2216.8
2026-09-20,22,20,1534.63
2026-09-21,22,37,2959.91
2026-09-22,22,40,3057.64
2026-09-23,22,47,3665.06
2026-09-24,22,48,3643.08
2026-09-25,22,38,2898.7
2026-09-26,22,31,2413.65
2026-09-27,22,18,1428.96
2026-09-28,22,34,2617.34
2026-09-29,22,46,3623.13
2026-09-30,22,34,2574.01
2023-10-01,23,47,2194.31
2023-10-02,23,103,4779.98
2023-10-03,23,83,3868.66
2023-10-04,23,102,4641.36
2023-10-05,23,79,3646.56
2023-10-06,23,85,3882.56
2023-10-07,23,101,4613.45
2023-10-08,23,40,1920.75
2023-10-09,23,94,4501.96
2023-10-10,23,88,4137.38
2023-10-11,23,93,4407.81
2023-10-12,23,74,3505.18
2023-10-13,23,91,4140.2
2023-10-14,23,71,3340.92
2023-10-15,23,51,2329.94
2023-10-16,23,106,4985.24
2023-10-17,23,86,3918.97
2023-10-18,23,80,3712.66
2023-10-19,23,95,4487.07
2023-10-20,23,78,3584.2
2023-10-21,23,74,3481.67
2023-10-22,23,32,1460.24
2023-10-23,23,100,4615.65
2023-10-24,23,84,3977.02
2023-10-25,23,84,3841.79
2023-10-26,23,85,4081.45
2023-10-27,23,111,5252.48
2023-10-28,23,82,3950.58
2023-10-29,23,48,2179.9
2023-10-30,23,106,4873.71
2023-10-31,23,89,4245.47
2023-11-01,23,141,6529.38
2023-11-02,23,90,4150.55
2023-11-03,23,87,3984.26
2023-11-04,23,90,4315.18
2023-11-05,23,48,2225.08
2023-11-06,23,116,5568.64
2023-11-07,23,92,4420.61
2023-11-08,23,178,8266.92
2023-11-09,23,99,4676.48
2023-11-10,23,81,3833.75
2023-11-11,23,77,3629.49
2023-11-12,23,43,2030.31
2023-11-13,23,129,6010.44
2023-11-14,23,106,5118.57
2023-11-15,23,90,4098.44
2023-11-16,23,102,4728.0
2023-11-17,23,90,4168.13
2023-11-18,23,88,4153.3
2023-11-19,23,38,1816.25
2023-11-20,23,81,3819.0
2023-11-21,23,97,4424.22
2023-11-22,23,105,4807.64
2023-11-23,23,92,4412.22
2023-11-24,23,103,4732.12
2023-11-25,23,72,3436.65
2023-11-26,23,39,1803.76
2023-11-27,23,116,5546.49
2023-11-28,23,111,5307.34
2023-11-29,23,84,3923.02
2023-11-30,23,94,4523.58
2023-12-01,23,115,5322.33
2023-12-02,23,99,4703.41
2023-12-03,23,53,2527.5
2023-12-04,23,108,4994.49
2023-12-05,23,112,5144.87
2023-12-06,23,123,5699.71
2023-12-07,23,132,6224.52
2023-12-08,23,118,5396.28
2023-12-09,23,93,4416.1
2023-12-10,23,61,2873.85
2023-12-11,23,118,5463.49
2023-12-12,23,108,4967.75
2023-12-13,23,106,4882.23
2023-12-14,23,132,6104.16
2023-12-15,23,86,4005.29
2023-12-16,23,86,4028.16
2023-12-17,23,59,2712.87
2023-12-18,23,99,4547.7
2023-12-19,23,99,4540.57
2023-12-20,23,134,6231.09
2023-12-21,23,102,4684.83
2023-12-22,23,89,4251.64
2023-12-23,23,103,4945.48
2023-12-24,23,63,2903.42
2023-12-25,23,123,5665.06
2023-12-26,23,130,6006.61
2023-12-27,23,122,5640.56
2023-12-28,23,121,5767.74
2023-12-29,23,131,6264.56
2023-12-30,23,107,5121.58
2023-12-31,23,68,3170.0
2024-01-01,23,140,6634.24
2024-01-02,23,139,6719.35
2024-01-03,23,119,5525.77
2024-01-04,23,124,5747.05
2024-01-05,23,120,5700.56
2024-01-06,23,124,5709.44
2024-01-07,23,58,2796.64
2024-01-08,23,106,4915.65
2024-01-09,23,117,5643.24
2024-01-10,23,129,6122.12
2024-01-11,23,144,6614.48
2024-01-12,23,124,5902.57
2024-01-13,23,131,6197.68
2024-01-14,23,44,2040.56
2024-01-15,23,120,5626.02
2024-01-16,23,118,5609.59
2024-01-17,23,101,4853.18
2024-01-18,23,127,6128.53
2024-01-19,23,116,5316.45
2024-01-20,23,114,5237.4
2024-01-21,23,53,2515.35
2024-01-22,23,91,4346.57
2024-01-23,23,110,5072.57
2024-01-24,23,152,7344.09
2024-01-25,23,139,6434.53
2024-01-26,23,122,5715.33
2024-01-27,23,75,3492.85
2024-01-28,23,40,1891.25
2024-01-29,23,104,4871.04
2024-01-30,23,141,6644.88
2024-01-31,23,108,5168.64
2024-02-01,23,138,6419.39
2024-02-02,23,94,4426.27
2024-02-03,23,109,5042.85
2024-02-04,23,80,3671.84
2024-02-05,23,119,5671.95
2024-02-06,23,121,5893.39
2024-02-07,23,96,4670.08
2024-02-08,23,118,5533.87
2024-02-09,23,136,6342.77
2024-02-10,23,103,4858.85
2024-02-11,23,65,3166.73
2024-02-12,23,129,6265.64
2024-02-13,23,127,6185.1
2024-02-14,23,88,4150.18
2024-02-15,23,115,5558.69
2024-02-16,23,137,6598.98
2024-02-17,23,127,6092.68
2024-02-18,23,58,2794.24
2024-02-19,23,133,6293.49
2024-02-20,23,110,5096.57
2024-02-21,23,151,7246.61
2024-02-22,23,127,6113.43
2024-02-23,23,144,6906.79
2024-02-24,23,106,5004.62
2024-02-25,23,58,2716.73
2024-02-26,23,140,6539.61
2024-02-27,23,103,4769.61
2024-02-28,23,117,5616.0
2024-02-29,23,150,7224.82
2024-03-01,23,126,5975.99
2024-03-02,23,108,5015.49
2024-03-03,23,58,2816.55
2024-03-04,23,120,5572.76
2024-03-05,23,110,5299.69
2024-03-06,23,112,5320.88
2024-03-07,23,131,6081.37
2024-03-08,23,111,5408.08
2024-03-09,23,95,4618.41
2024-03-10,23,47,2248.42
2024-03-11,23,121,5656.52
2024-03-12,23,128,6045.8
2024-03-13,23,189,8932.51
2024-03-14,23,120,5597.95
2024-03-15,23,128,6000.31
2024-03-16,23,81,3900.86
2024-03-17,23,65,3162.3
2024-03-18,23,129,6299.86
2024-03-19,23,125,5971.52
2024-03-20,23,153,7399.72
2024-03-21,23,130,6361.51
2024-03-22,23,122,5799.93
2024-03-23,23,116,5365.36
2024-03-24,23,61,2869.98
2024-03-25,23,82,3862.77
2024-03-26,23,97,4655.31
2024-03-27,23,122,5850.31
2024-03-28,23,119,5635.22
2024-03-29,23,98,4696.63
2024-03-30,23,110,5215.17
2024-03-31,23,90,4316.01
2024-04-01,23,89,4350.9
2024-04-02,23,95,4454.0
2024-04-03,23,114,5522.31
2024-04-04,23,126,6157.09
2024-04-05,23,95,4415.18
2024-04-06,23,82,3799.28
2024-04-07,23,38,1772.18
2024-04-08,23,74,3625.55
2024-04-09,23,98,4536.0
2024-04-10,23,155,7242.29
2024-04-11,23,74,3434.27
2024-04-12,23,113,5305.78
2024-04-13,23,100,4883.15
2024-04-14,23,61,2984.64
2024-04-15,23,116,5641.18
2024-04-16,23,88,4177.35
2024-04-17,23,75,3506.39
2024-04-18,23,96,4502.17
2024-04-19,23,98,4660.63
2024-04-20,23,72,3396.18
2024-04-21,23,58,2754.8
2024-04-22,23,94,4412.62
2024-04-23,23,100,4709.63
2024-04-24,23,110,5400.33
2024-04-25,23,109,5331.47
2024-04-26,23,126,6168.09
2024-04-27,23,122,5899.85
2024-04-28,23,44,2075.57
2024-04-29,23,105,5051.38
2024-04-30,23,90,4286.21
2024-05-01,23,92,4444.24
2024-05-02,23,75,3632.24
2024-05-03,23,94,4524.72
2024-05-04,23,83,3953.66
2024-05-05,23,45,2181.85
2024-05-06,23,104,4845.98
2024-05-07,23,72,3507.41
2024-05-08,23,72,3355.72
2024-05-09,23,101,4947.16
2024-05-10,23,99,4786.2
2024-05-11,23,109,5197.54
2024-05-12,23,40,1857.63
2024-05-13,23,95,4448.92
2024-05-14,23,92,4454.41
2024-05-15,23,95,4433.07
2024-05-16,23,74,3446.75
2024-05-17,23,111,5345.35
2024-05-18,23,73,3506.51
2024-05-19,23,38,1843.87
2024-05-20,23,62,3028.16
2024-05-21,23,62,3052.78
2024-05-22,23,92,4526.2
2024-05-23,23,101,4870.77
2024-05-24,23,87,4220.61
2024-05-25,23,87,4078.57
2024-05-26,23,43,2097.93
2024-05-27,23,90,4338.37
2024-05-28,23,83,3995.69
2024-05-29,23,84,3918.85
2024-05-30,23,99,4634.84
2024-05-31,23,89,4188.36
2024-06-01,23,81,3813.77
2024-06-02,23,31,1488.35
2024-06-03,23,68,3316.2
2024-06-04,23,51,2456.71
2024-06-05,23,88,4167.95
2024-06-06,23,78,3765.23
2024-06-07,23,106,5001.06
2024-06-08,23,69,3392.97
2024-06-09,23,43,2047.94
2024-06-10,23,80,3820.93
2024-06-11,23,72,3431.46
2024-06-12,23,73,3589.17
2024-06-13,23,90,4245.15
2024-06-14,23,86,4151.25
2024-06-15,23,75,3698.71
2024-06-16,23,46,2268.01
2024-06-17,23,97,4517.28
2024-06-18,23,69,3376.32
2024-06-19,23,86,4006.48
2024-06-20,23,83,4056.46
2024-06-21,23,95,4436.42
2024-06-22,23,67,3293.29
2024-06-23,23,42,1977.64
2024-06-24,23,66,3165.19
2024-06-25,23,64,3050.35
2024-06-26,23,57,2774.29
2024-06-27,23,93,4589.95
2024-06-28,23,91,4355.56
2024-06-29,23,80,3744.17
2024-06-30,23,54,2639.61
2024-07-01,23,69,3282.87
2024-07-02,23,91,4443.28
2024-07-03,23,89,4166.64
2024-07-04,23,76,3739.02
2024-07-05,23,70,3323.31
2024-07-06,23,69,3288.53
2024-07-07,23,40,1906.61
2024-07-08,23,73,3558.34
2024-07-09,23,86,4126.48
2024-07-10,23,66,3083.22
2024-07-11,23,71,3313.87
2024-07-12,23,64,3144.58
2024-07-13,23,52,2522.14
2024-07-14,23,39,1845.05
2024-07-15,23,83,4063.7
2024-07-16,23,88,4353.72
2024-07-17,23,77,3807.68
2024-07-18,23,84,3991.89
2024-07-19,23,80,3950.82
2024-07-20,23,56,2728.86
2024-07-21,23,41,1982.22
2024-07-22,23,70,3275.0
2024-07-23,23,90,4438.01
2024-07-24,23,84,3957.48
2024-07-25,23,71,3320.42
2024-07-26,23,103,4997.99
2024-07-27,23,77,3622.45
2024-07-28,23,37,1797.5
2024-07-29,23,57,2815.41
2024-07-30,23,76,3678.46
2024-07-31,23,94,4418.4
2024-08-01,23,68,3375.42
2024-08-02,23,98,4654.98
2024-08-03,23,70,3443.61
2024-08-04,23,47,2258.1
2024-08-05,23,72,3454.79
2024-08-06,23,83,4112.45
2024-08-07,23,72,3555.37
2024-08-08,23,66,3278.93
2024-08-09,23,102,4777.52
2024-08-10,23,72,3433.26
2024-08-11,23,48,2379.54
2024-08-12,23,86,4118.52
2024-08-13,23,91,4306.37
2024-08-14,23,85,4185.85
2024-08-15,23,82,3925.13
2024-08-16,23,91,4269.31
2024-08-17,23,66,3188.27
2024-08-18,23,36,1785.08
2024-08-19,23,68,3311.4
2024-08-20,23,75,3640.62
2024-08-21,23,87,4220.4
2024-08-22,23,57,2697.35
2024-08-23,23,77,3779.02
2024-08-24,23,66,3229.7
2024-08-25,23,45,2231.0
2024-08-26,23,65,3219.91
2024-08-27,23,101,4747.64
2024-08-28,23,75,3664.58
2024-08-29,23,86,4224.0
2024-08-30,23,107,5239.81
2024-08-31,23,61,2964.31
2024-09-01,23,34,1602.13
2024-09-02,23,78,3711.2
2024-09-03,23,77,3771.98
2024-09-04,23,83,3915.86
2024-09-05,23,114,5381.02
2024-09-06,23,58,2801.1
2024-09-07,23,93,4576.51
2024-09-08,23,38,1863.04
2024-09-09,23,87,4248.63
2024-09-10,23,88,4153.98
2024-09-11,23,76,3634.86
2024-09-12,23,91,4424.35
2024-09-13,23,102,5031.07
2024-09-14,23,78,3838.95
2024-09-15,23,49,2303.73
2024-09-16,23,133,6570.77
2024-09-17,23,108,5104.16
2024-09-18,23,82,4006.63
2024-09-19,23,111,5340.42
2024-09-20,23,100,4962.28
2024-09-21,23,75,3592.51
2024-09-22,23,52,2570.83
2024-09-23,23,123,6002.94
2024-09-24,23,89,4437.73
2024-09-25,23,78,3722.63
2024-09-26,23,82,4073.17
2024-09-27,23,113,5431.58
2024-09-28,23,92,4548.74
2024-09-29,23,45,2212.73
2024-09-30,23,84,4135.25
2024-10-01,23,123,5931.73
2024-10-02,23,93,4512.95
2024-10-03,23,127,5992.99
2024-10-04,23,123,5893.92
2024-10-05,23,85,4007.7
2024-10-06,23,62,3010.42
2024-10-07,23,112,5435.49
2024-10-08,23,131,6229.57
2024-10-09,23,105,5153.14
2024-10-10,23,116,5639.12
2024-10-11,23,133,6286.26
2024-10-12,23,86,4261.55
2024-10-13,23,31,1506.52
2024-10-14,23,99,4674.15
2024-10-15,23,125,6118.33
2024-10-16,23,84,4071.61
2024-10-17,23,94,4591.64
2024-10-18,23,84,4034.13
2024-10-19,23,70,3490.44
2024-10-20,23,40,1924.45
2024-10-21,23,84,3991.74
2024-10-22,23,117,5785.07
2024-10-23,23,126,6195.58
2024-10-24,23,133,6606.01
2024-10-25,23,74,3634.22
2024-10-26,23,101,5054.82
2024-10-27,23,65,3144.41
2024-10-28,23,118,5889.65
2024-10-29,23,95,4701.76
2024-10-30,23,134,6699.54
2024-10-31,23,129,6120.57
2024-11-01,23,102,4857.49
2024-11-02,23,102,5039.5
2024-11-03,23,47,2350.24
2024-11-04,23,119,5875.02
2024-11-05,23,123,6018.5
2024-11-06,23,117,5642.81
2024-11-07,23,131,6240.8
2024-11-08,23,95,4732.73
2024-11-09,23,104,4990.43
2024-11-10,23,56,2674.1
2024-11-11,23,124,5874.2
2024-11-12,23,98,4888.25
2024-11-13,23,125,5960.28
2024-11-14,23,113,5629.53
2024-11-15,23,94,4450.22
2024-11-16,23,123,5946.9
2024-11-17,23,56,2659.24
2024-11-18,23,128,6318.89
2024-11-19,23,96,4669.87
2024-11-20,23,124,6047.86
2024-11-21,23,124,5889.12
2024-11-22,23,130,6196.79
2024-11-23,23,106,5112.62
2024-11-24,23,68,3223.57
2024-11-25,23,138,6654.7
2024-11-26,23,106,5255.33
2024-11-27,23,106,5205.99
2024-11-28,23,118,5890.32
2024-11-29,23,129,6280.73
2024-11-30,23,94,4621.38
2024-12-01,23,64,3082.27
2024-12-02,23,150,7386.08
2024-12-03,23,141,6853.09
2024-12-04,23,130,6329.11
2024-12-05,23,124,5972.55
2024-12-06,23,119,5867.33
2024-12-07,23,78,3702.51
2024-12-08,23,64,3189.4
2024-12-09,23,176,8414.1
2024-12-10,23,184,8794.08
2024-12-11,23,128,6393.69
2024-12-12,23,126,6249.4
2024-12-13,23,153,7527.11
2024-12-14,23,95,4525.09
2024-12-15,23,66,3150.74
2024-12-16,23,142,6774.46
2024-12-17,23,127,6108.37
2024-12-18,23,131,6306.33
2024-12-19,23,159,7696.85
2024-12-20,23,109,5405.02
2024-12-21,23,112,5361.68
2024-12-22,23,60,3003.14
2024-12-23,23,150,7130.81
2024-12-24,23,160,7964.62
2024-12-25,23,159,8009.3
2024-12-26,23,126,6027.86
2024-12-27,23,165,8202.72
2024-12-28,23,123,5955.9
2024-12-29,23,46,2242.1
2024-12-30,23,158,7698.96
2024-12-31,23,148,7239.04
2025-01-01,23,145,7080.77
2025-01-02,23,174,8282.64
2025-01-03,23,133,6365.49
2025-01-04,23,103,5147.15
2025-01-05,23,80,3978.13
2025-01-06,23,112,5384.36
2025-01-07,23,161,7807.54
2025-01-08,23,139,6730.39
2025-01-09,23,170,8547.46
2025-01-10,23,205,9839.04
2025-01-11,23,109,5208.68
2025-01-12,23,61,2985.16
2025-01-13,23,134,6648.76
2025-01-14,23,119,5841.59
2025-01-15,23,156,7448.1
2025-01-16,23,148,7368.06
2025-01-17,23,136,6726.24
2025-01-18,23,117,5648.31
2025-01-19,23,65,3184.69
2025-01-20,23,105,5003.92
2025-01-21,23,154,7726.45
2025-01-22,23,198,9959.73
2025-01-23,23,141,6835.52
2025-01-24,23,115,5543.89
2025-01-25,23,189,9478.36
2025-01-26,23,60,2867.16
2025-01-27,23,138,6847.71
2025-01-28,23,169,8358.51
2025-01-29,23,106,5255.55
2025-01-30,23,161,8132.41
2025-01-31,23,164,8257.33
2025-02-01,23,156,7831.79
2025-02-02,23,75,3752.74
2025-02-03,23,164,8026.94
2025-02-04,23,213,10599.66
2025-02-05,23,144,7280.18
2025-02-06,23,169,8474.81
2025-02-07,23,118,5690.98
2025-02-08,23,118,5827.11
2025-02-09,23,87,4334.46
2025-02-10,23,187,9271.98
2025-02-11,23,150,7176.88
2025-02-12,23,160,7924.08
2025-02-13,23,134,6601.31
2025-02-14,23,161,7875.74
2025-02-15,23,131,6483.4
2025-02-16,23,102,5030.27
2025-02-17,23,106,5122.4
2025-02-18,23,149,7370.81
2025-02-19,23,138,6769.67
2025-02-20,23,150,7567.94
2025-02-21,23,180,8800.91
2025-02-22,23,153,7538.62
2025-02-23,23,69,3481.23
2025-02-24,23,161,7996.4
2025-02-25,23,162,7819.6
2025-02-26,23,144,7145.7
2025-02-27,23,164,7927.41
2025-02-28,23,130,6266.43
2025-03-01,23,138,6843.05
2025-03-02,23,70,3503.4
2025-03-03,23,132,6670.02
2025-03-04,23,112,5454.4
2025-03-05,23,122,5990.07
2025-03-06,23,168,8094.7
2025-03-07,23,178,8763.9
2025-03-08,23,137,6833.83
2025-03-09,23,86,4345.78
2025-03-10,23,152,7715.97
2025-03-11,23,161,7928.59
2025-03-12,23,122,6172.02
2025-03-13,23,248,12111.31
2025-03-14,23,145,7040.89
2025-03-15,23,136,6566.88
2025-03-16,23,85,4151.91
2025-03-17,23,176,8604.31
2025-03-18,23,122,5938.44
2025-03-19,23,139,7034.58
2025-03-20,23,125,6318.78
2025-03-21,23,167,8341.37
2025-03-22,23,133,6685.72
2025-03-23,23,52,2547.17
2025-03-24,23,138,6807.29
2025-03-25,23,138,6820.47
2025-03-26,23,142,6889.11
2025-03-27,23,206,10241.27
2025-03-28,23,135,6789.73
2025-03-29,23,122,6086.85
2025-03-30,23,76,3776.99
2025-03-31,23,183,9175.93
2025-04-01,23,123,6188.64
2025-04-02,23,106,5287.24
2025-04-03,23,126,6389.13
2025-04-04,23,121,5882.34
2025-04-05,23,78,3744.01
2025-04-06,23,53,2659.43
2025-04-07,23,190,9535.56
2025-04-08,23,132,6530.9
2025-04-09,23,119,5826.07
2025-04-10,23,133,6631.59
2025-04-11,23,119,5924.16
2025-04-12,23,84,4214.45
2025-04-13,23,46,2272.42
2025-04-14,23,123,6011.85
2025-04-15,23,154,7672.42
2025-04-16,23,119,5887.56
2025-04-17,23,139,6918.62
2025-04-18,23,117,5700.48
2025-04-19,23,80,4011.5
2025-04-20,23,46,2272.22
2025-04-21,23,111,5485.32
2025-04-22,23,119,6026.44
2025-04-23,23,102,5046.4
2025-04-24,23,111,5357.54
2025-04-25,23,107,5357.93
2025-04-26,23,102,5147.08
2025-04-27,23,55,2759.68
2025-04-28,23,101,4935.79
2025-04-29,23,135,6734.16
2025-04-30,23,115,5808.84
2025-05-01,23,110,5396.5
2025-05-02,23,109,5356.79
2025-05-03,23,102,5193.18
2025-05-04,23,59,2925.9
2025-05-05,23,96,4811.7
2025-05-06,23,97,4720.84
2025-05-07,23,104,5300.83
2025-05-08,23,107,5187.1
2025-05-09,23,118,5731.44
2025-05-10,23,87,4310.4
2025-05-11,23,46,2295.97
2025-05-12,23,68,3305.39
2025-05-13,23,148,7340.38
2025-05-14,23,150,7536.2
2025-05-15,23,88,4364.4
2025-05-16,23,98,4818.71
2025-05-17,23,93,4489.3
2025-05-18,23,46,2258.36
2025-05-19,23,111,5401.53
2025-05-20,23,120,6093.52
2025-05-21,23,85,4134.9
2025-05-22,23,134,6841.47
2025-05-23,23,99,4778.74
2025-05-24,23,88,4452.12
2025-05-25,23,41,1986.69
2025-05-26,23,116,5881.03
2025-05-27,23,104,5149.36
2025-05-28,23,94,4566.14
2025-05-29,23,108,5249.13
2025-05-30,23,141,7141.34
2025-05-31,23,110,5495.55
2025-06-01,23,50,2527.75
2025-06-02,23,92,4540.14
2025-06-03,23,101,5000.45
2025-06-04,23,78,3880.34
2025-06-05,23,89,4528.86
2025-06-06,23,81,4017.15
2025-06-07,23,67,3340.99
2025-06-08,23,40,1958.7
2025-06-09,23,115,5739.62
2025-06-10,23,89,4402.45
2025-06-11,23,85,4225.72
2025-06-12,23,105,5155.66
2025-06-13,23,89,4491.77
2025-06-14,23,81,3916.12
2025-06-15,23,49,2440.99
2025-06-16,23,99,5058.89
2025-06-17,23,69,3533.4
2025-06-18,23,91,4533.29
2025-06-19,23,90,4513.39
2025-06-20,23,73,3696.23
2025-06-21,23,76,3792.52
2025-06-22,23,44,2152.73
2025-06-23,23,93,4574.8
2025-06-24,23,86,4319.87
2025-06-25,23,103,5077.66
2025-06-26,23,82,4186.09
2025-06-27,23,102,4987.25
2025-06-28,23,91,4465.82
2025-06-29,23,41,2088.82
2025-06-30,23,93,4629.28
2025-07-01,23,80,3978.39
2025-07-02,23,85,4217.0
2025-07-03,23,91,4569.62
2025-07-04,23,107,5247.7
2025-07-05,23,59,2881.48
2025-07-06,23,40,2027.88
2025-07-07,23,91,4502.73
2025-07-08,23,100,5072.31
2025-07-09,23,96,4804.13
2025-07-10,23,121,6177.82
2025-07-11,23,68,3317.9
2025-07-12,23,70,3461.02
2025-07-13,23,58,2882.96
2025-07-14,23,77,3872.21
2025-07-15,23,97,4783.72
2025-07-16,23,87,4327.63
2025-07-17,23,90,4391.52
2025-07-18,23,121,6083.28
2025-07-19,23,90,4388.44
2025-07-20,23,79,3880.31
2025-07-21,23,88,4495.4
2025-07-22,23,101,4989.0
2025-07-23,23,99,4875.96
2025-07-24,23,92,4600.77
2025-07-25,23,115,5838.3
2025-07-26,23,103,5053.21
2025-07-27,23,52,2650.17
2025-07-28,23,93,4695.2
2025-07-29,23,83,4131.21
2025-07-30,23,104,5175.48
2025-07-31,23,93,4537.99
2025-08-01,23,101,5004.04
2025-08-02,23,72,3625.29
2025-08-03,23,60,2976.33
2025-08-04,23,94,4583.21
2025-08-05,23,74,3664.95
2025-08-06,23,113,5717.82
2025-08-07,23,111,5542.5
2025-08-08,23,85,4375.31
2025-08-09,23,96,4687.08
2025-08-10,23,53,2581.48
2025-08-11,23,96,4718.89
2025-08-12,23,79,3972.08
2025-08-13,23,98,4885.07
2025-08-14,23,95,4868.55
2025-08-15,23,87,4268.44
2025-08-16,23,90,4589.61
2025-08-17,23,48,2450.3
2025-08-18,23,103,5215.33
2025-08-19,23,134,6801.69
2025-08-20,23,98,4874.8
2025-08-21,23,83,4196.2
2025-08-22,23,88,4464.55
2025-08-23,23,81,4145.16
2025-08-24,23,42,2060.35
2025-08-25,23,109,5631.54
2025-08-26,23,116,5857.86
2025-08-27,23,114,5870.12
2025-08-28,23,96,4947.41
2025-08-29,23,108,5467.69
2025-08-30,23,78,3965.79
2025-08-31,23,50,2450.59
2025-09-01,23,107,5482.35
2025-09-02,23,117,5733.38
2025-09-03,23,96,4957.32
2025-09-04,23,119,5834.23
2025-09-05,23,132,6730.95
2025-09-06,23,90,4390.13
2025-09-07,23,54,2652.72
2025-09-08,23,132,6749.62
2025-09-09,23,107,5336.08
2025-09-10,23,105,5332.12
2025-09-11,23,132,6774.18
2025-09-12,23,132,6570.19
2025-09-13,23,80,4058.59
2025-09-14,23,50,2484.29
2025-09-15,23,120,5961.15
2025-09-16,23,105,5338.65
2025-09-17,23,109,5538.67
2025-09-18,23,82,4013.8
2025-09-19,23,110,5546.28
2025-09-20,23,92,4716.88
2025-09-21,23,57,2927.4
2025-09-22,23,95,4817.84
2025-09-23,23,113,5779.3
2025-09-24,23,72,3590.57
2025-09-25,23,137,7045.07
2025-09-26,23,122,6137.44
2025-09-27,23,108,5292.53
2025-09-28,23,53,2615.97
2025-09-29,23,164,8107.11
2025-09-30,23,95,4832.03
2025-10-01,23,137,6713.48
2025-10-02,23,93,4565.52
2025-10-03,23,103,5157.71
2025-10-04,23,102,5033.37
2025-10-05,23,67,3356.06
2025-10-06,23,115,5971.33
2025-10-07,23,139,7020.52
2025-10-08,23,95,4753.77
2025-10-09,23,140,7223.55
2025-10-10,23,127,6353.79
2025-10-11,23,89,4481.49
2025-10-12,23,66,3354.83
2025-10-13,23,113,5680.17
2025-10-14,23,98,4926.54
2025-10-15,23,153,7620.58
2025-10-16,23,113,5831.79
2025-10-17,23,141,7044.13
2025-10-18,23,101,5207.81
2025-10-19,23,63,3212.51
2025-10-20,23,121,6138.73
2025-10-21,23,151,7597.82
2025-10-22,23,135,7007.67
2025-10-23,23,107,5416.46
2025-10-24,23,132,6606.79
2025-10-25,23,140,7242.17
2025-10-26,23,52,2688.05
2025-10-27,23,94,4826.08
2025-10-28,23,147,7445.27
2025-10-29,23,139,6869.14
2025-10-30,23,144,7386.34
2025-10-31,23,111,5718.98
2025-11-01,23,130,6489.55
2025-11-02,23,69,3420.73
2025-11-03,23,129,6630.8
2025-11-04,23,129,6659.19
2025-11-05,23,130,6669.32
2025-11-06,23,101,4964.79
2025-11-07,23,134,6882.39
2025-11-08,23,109,5593.25
2025-11-09,23,71,3655.09
2025-11-10,23,138,6950.5
2025-11-11,23,149,7668.66
2025-11-12,23,131,6540.34
2025-11-13,23,122,6314.76
2025-11-14,23,158,7923.45
2025-11-15,23,163,8187.69
2025-11-16,23,66,3286.59
2025-11-17,23,124,6116.86
2025-11-18,23,159,8127.27
2025-11-19,23,127,6327.29
2025-11-20,23,135,7018.9
2025-11-21,23,106,5409.8
2025-11-22,23,137,6920.06
2025-11-23,23,90,4663.19
2025-11-24,23,156,7724.59
2025-11-25,23,146,7313.58
2025-11-26,23,140,7215.65
2025-11-27,23,141,7161.42
2025-11-28,23,150,7607.58
2025-11-29,23,112,5529.09
2025-11-30,23,60,3005.52
2025-12-01,23,200,9947.56
2025-12-02,23,193,9505.71
2025-12-03,23,184,9123.83
2025-12-04,23,137,6742.61
2025-12-05,23,166,8646.94
2025-12-06,23,131,6624.28
2025-12-07,23,88,4543.83
2025-12-08,23,178,8979.63
2025-12-09,23,157,7741.11
2025-12-10,23,194,9727.57
2025-12-11,23,188,9788.86
2025-12-12,23,149,7625.28
2025-12-13,23,140,7278.1
2025-12-14,23,62,3094.43
2025-12-15,23,149,7536.53
2025-12-16,23,199,10344.06
2025-12-17,23,175,8755.02
2025-12-18,23,162,8383.96
2025-12-19,23,206,10566.23
2025-12-20,23,163,8329.33
2025-12-21,23,64,3155.66
2025-12-22,23,154,7717.78
2025-12-23,23,151,7691.52
2025-12-24,23,172,8624.25
2025-12-25,23,201,10493.14
2025-12-26,23,172,8492.36
2025-12-27,23,106,5256.07
2025-12-28,23,89,4430.62
2025-12-29,23,145,7370.29
2025-12-30,23,177,9262.06
2025-12-31,23,175,9067.82
2026-01-01,23,176,9071.79
2026-01-02,23,156,7897.33
2026-01-03,23,173,8867.89
2026-01-04,23,94,4686.28
2026-01-05,23,174,8819.4
2026-01-06,23,156,8068.12
2026-01-07,23,173,8692.05
2026-01-08,23,223,11381.79
2026-01-09,23,159,7888.6
2026-01-10,23,132,6697.55
2026-01-11,23,95,4904.16
2026-01-12,23,168,8540.95
2026-01-13,23,208,10731.45
2026-01-14,23,134,6863.75
2026-01-15,23,158,8080.35
2026-01-16,23,175,8980.81
2026-01-17,23,148,7632.58
2026-01-18,23,78,4020.98
2026-01-19,23,148,7642.48
2026-01-20,23,158,7933.34
2026-01-21,23,170,8405.81
2026-01-22,23,170,8595.5
2026-01-23,23,190,9496.35
2026-01-24,23,286,14670.77
2026-01-25,23,73,3636.56
2026-01-26,23,171,8788.58
2026-01-27,23,188,9353.02
2026-01-28,23,154,7876.69
2026-01-29,23,190,9462.67
2026-01-30,23,156,7972.35
2026-01-31,23,124,6498.79
2026-02-01,23,80,4169.72
2026-02-02,23,129,6482.69
2026-02-03,23,216,11096.11
2026-02-04,23,155,7756.08
2026-02-05,23,215,11159.97
2026-02-06,23,191,9658.92
2026-02-07,23,119,6095.07
2026-02-08,23,93,4749.72
2026-02-09,23,152,7903.99
2026-02-10,23,153,7780.86
2026-02-11,23,172,8741.52
2026-02-12,23,139,7279.16
2026-02-13,23,160,8172.2
2026-02-14,23,149,7589.66
2026-02-15,23,98,5049.69
2026-02-16,23,151,7860.39
2026-02-17,23,180,9158.64
2026-02-18,23,182,9432.4
2026-02-19,23,186,9305.52
2026-02-20,23,252,12887.5
2026-02-21,23,168,8817.34
2026-02-22,23,81,4142.05
2026-02-23,23,177,9124.59
2026-02-24,23,197,9865.55
2026-02-25,23,208,10670.36
2026-02-26,23,238,12026.51
2026-02-27,23,165,8447.7
2026-02-28,23,143,7199.77
2026-03-01,23,63,3318.15
2026-03-02,23,180,9395.23
2026-03-03,23,188,9480.22
2026-03-04,23,166,8604.91
2026-03-05,23,169,8458.91
2026-03-06,23,224,11492.79
2026-03-07,23,141,7376.37
2026-03-08,23,102,5166.01
2026-03-09,23,132,6907.42
2026-03-10,23,140,6965.15
2026-03-11,23,169,8468.51
2026-03-12,23,180,9359.75
2026-03-13,23,178,8962.5
2026-03-14,23,123,6263.38
2026-03-15,23,78,3885.4
2026-03-16,23,198,10242.46
2026-03-17,23,154,7745.09
2026-03-18,23,153,7813.41
2026-03-19,23,181,9094.59
2026-03-20,23,179,9147.81
2026-03-21,23,138,6923.75
2026-03-22,23,87,4520.86
2026-03-23,23,154,7930.15
2026-03-24,23,147,7752.48
2026-03-25,23,157,7867.31
2026-03-26,23,193,9722.7
2026-03-27,23,194,10073.18
2026-03-28,23,197,9953.92
2026-03-29,23,67,3499.98
2026-03-30,23,183,9458.21
2026-03-31,23,176,8981.77
2026-04-01,23,119,6120.4
2026-04-02,23,139,6967.11
2026-04-03,23,119,6162.17
2026-04-04,23,125,6388.61
2026-04-05,23,58,2897.81
2026-04-06,23,136,6783.71
2026-04-07,23,133,6772.73
2026-04-08,23,132,6956.53
2026-04-09,23,157,7846.11
2026-04-10,23,128,6565.02
2026-04-11,23,118,6153.75
2026-04-12,23,71,3604.91
2026-04-13,23,132,6966.98
2026-04-14,23,115,5907.97
2026-04-15,23,189,9778.49
2026-04-16,23,160,7991.42
2026-04-17,23,136,7027.64
2026-04-18,23,121,6161.17
2026-04-19,23,75,3783.82
2026-04-20,23,172,8969.39
2026-04-21,23,151,7781.6
2026-04-22,23,137,6944.64
2026-04-23,23,172,8753.84
2026-04-24,23,173,8671.11
2026-04-25,23,126,6536.86
2026-04-26,23,85,4446.46
2026-04-27,23,156,7856.5
2026-04-28,23,179,9406.38
2026-04-29,23,150,7867.89
2026-04-30,23,142,7255.35
2026-05-01,23,105,5388.41
2026-05-02,23,87,4368.6
2026-05-03,23,70,3700.34
2026-05-04,23,126,6546.29
2026-05-05,23,122,6408.6
2026-05-06,23,102,5297.78
2026-05-07,23,149,7663.66
2026-05-08,23,110,5807.07
2026-05-09,23,92,4660.16
2026-05-10,23,57,2943.56
2026-05-11,23,105,5520.04
2026-05-12,23,129,6528.38
2026-05-13,23,118,6232.67
2026-05-14,23,123,6315.67
2026-05-15,23,94,4773.45
2026-05-16,23,97,4947.17
2026-05-17,23,60,3018.94
2026-05-18,23,117,6125.28
2026-05-19,23,123,6233.68
2026-05-20,23,138,6955.08
2026-05-21,23,102,5339.84
2026-05-22,23,124,6235.6
2026-05-23,23,127,6533.77
2026-05-24,23,70,3506.41
2026-05-25,23,167,8796.35
2026-05-26,23,110,5676.48
2026-05-27,23,111,5593.03
2026-05-28,23,133,6830.11
2026-05-29,23,136,7122.32
2026-05-30,23,112,5629.47
2026-05-31,23,69,3577.46
2026-06-01,23,113,5835.98
2026-06-02,23,92,4841.16
2026-06-03,23,137,7118.61
2026-06-04,23,138,7077.96
2026-06-05,23,149,7697.42
2026-06-06,23,112,5869.84
2026-06-07,23,79,3983.34
2026-06-08,23,104,5376.56
2026-06-09,23,102,5256.65
2026-06-10,23,116,5898.29
2026-06-11,23,116,5873.37
2026-06-12,23,136,7009.48
2026-06-13,23,110,5536.04
2026-06-14,23,63,3173.85
2026-06-15,23,125,6379.27
2026-06-16,23,103,5236.72
2026-06-17,23,111,5672.25
2026-06-18,23,93,4858.06
2026-06-19,23,110,5528.71
2026-06-20,23,99,5202.33
2026-06-21,23,47,2408.74
2026-06-22,23,111,5907.65
2026-06-23,23,143,7468.61
2026-06-24,23,143,7457.45
2026-06-25,23,114,5755.07
2026-06-26,23,111,5859.6
2026-06-27,23,81,4177.68
2026-06-28,23,64,3399.74
2026-06-29,23,112,5804.59
2026-06-30,23,129,6657.74
2026-07-01,23,118,6074.16
2026-07-02,23,112,5685.55
2026-07-03,23,117,6193.96
2026-07-04,23,80,4126.38
2026-07-05,23,51,2671.05
2026-07-06,23,113,5988.62
2026-07-07,23,129,6717.75
2026-07-08,23,115,6006.2
2026-07-09,23,145,7686.97
2026-07-10,23,142,7559.07
2026-07-11,23,69,3605.65
2026-07-12,23,55,2808.41
2026-07-13,23,104,5283.63
2026-07-14,23,90,4628.14
2026-07-15,23,95,4956.65
2026-07-16,23,96,4853.06
2026-07-17,23,110,5540.14
2026-07-18,23,83,4285.58
2026-07-19,23,48,2555.19
2026-07-20,23,104,5369.35
2026-07-21,23,108,5769.74
2026-07-22,23,107,5573.53
2026-07-23,23,111,5634.26
2026-07-24,23,123,6418.57
2026-07-25,23,124,6301.88
2026-07-26,23,56,2911.3
2026-07-27,23,141,7177.87
2026-07-28,23,133,7094.32
2026-07-29,23,129,6634.3
2026-07-30,23,113,6039.37
2026-07-31,23,105,5547.2
2026-08-01,23,108,5721.6
2026-08-02,23,71,3766.68
2026-08-03,23,104,5430.58
2026-08-04,23,118,6024.7
2026-08-05,23,136,7023.23
2026-08-06,23,155,8290.78
2026-08-07,23,135,7114.65
2026-08-08,23,85,4492.14
2026-08-09,23,65,3338.58
2026-08-10,23,110,5663.54
2026-08-11,23,115,6078.37
2026-08-12,23,120,6159.83
2026-08-13,23,103,5445.6
2026-08-14,23,85,4350.1
2026-08-15,23,70,3703.3
2026-08-16,23,88,4695.94
2026-08-17,23,134,6774.12
2026-08-18,23,105,5581.45
2026-08-19,23,110,5874.26
2026-08-20,23,123,6259.89
2026-08-21,23,105,5355.65
2026-08-22,23,78,3962.05
2026-08-23,23,75,3812.04
2026-08-24,23,114,5903.58
2026-08-25,23,128,6754.73
2026-08-26,23,95,4974.95
2026-08-27,23,114,5775.09
2026-08-28,23,144,7638.48
2026-08-29,23,107,5602.16
2026-08-30,23,55,2856.86
2026-08-31,23,109,5713.71
2026-09-01,23,192,9872.24
2026-09-02,23,157,8115.85
2026-09-03,23,154,8179.79
2026-09-04,23,183,9486.94
2026-09-05,23,138,7065.2
2026-09-06,23,62,3230.78
2026-09-07,23,159,8078.19
2026-09-08,23,131,6939.98
2026-09-09,23,125,6431.05
2026-09-10,23,104,5409.01
2026-09-11,23,153,7770.04
2026-09-12,23,96,4924.96
2026-09-13,23,63,3285.34
2026-09-14,23,165,8672.35
2026-09-15,23,108,5602.5
2026-09-16,23,136,7110.36
2026-09-17,23,134,7146.71
2026-09-18,23,116,6200.1
2026-09-19,23,101,5361.82
2026-09-20,23,62,3148.45
2026-09-21,23,152,7838.85
2026-09-22,23,126,6442.94
2026-09-23,23,128,6744.37
2026-09-24,23,179,9464.18
2026-09-25,23,146,7711.09
2026-09-26,23,124,6584.46
2026-09-27,23,69,3552.24
2026-09-28,23,109,5565.27
2026-09-29,23,117,6098.56
2026-09-30,23,146,7809.38
2023-10-01,24,35,930.43
2023-10-02,24,79,2084.46
2023-10-03,24,76,1928.65
2023-10-04,24,93,2484.45
2023-10-05,24,104,2771.32
2023-10-06,24,78,2045.44
2023-10-07,24,97,2599.67
2023-10-08,24,41,1089.34
2023-10-09,24,103,2697.59
2023-10-10,24,88,2238.35
2023-10-11,24,81,2091.27
2023-10-12,24,81,2125.17
2023-10-13,24,86,2207.64
2023-10-14,24,79,2023.38
2023-10-15,24,49,1272.41
2023-10-16,24,79,2028.88
2023-10-17,24,68,1825.18
2023-10-18,24,77,2001.54
2023-10-19,24,96,2553.71
2023-10-20,24,90,2346.7
2023-10-21,24,68,1787.36
2023-10-22,24,39,1040.83
2023-10-23,24,117,3095.8
2023-10-24,24,93,2380.37
2023-10-25,24,65,1738.94
2023-10-26,24,67,1755.74
2023-10-27,24,77,2038.47
2023-10-28,24,92,2449.34
2023-10-29,24,33,878.73
2023-10-30,24,80,2094.69
2023-10-31,24,80,2108.52
2023-11-01,24,84,2258.3
2023-11-02,24,97,2617.15
2023-11-03,24,90,2425.02
2023-11-04,24,86,2189.32
2023-11-05,24,45,1177.23
2023-11-06,24,93,2373.68
2023-11-07,24,111,2864.0
2023-11-08,24,105,2774.46
2023-11-09,24,115,3088.03
2023-11-10,24,68,1759.88
2023-11-11,24,67,1753.13
2023-11-12,24,42,1107.32
2023-11-13,24,113,2897.43
2023-11-14,24,86,2191.12
2023-11-15,24,86,2298.45
2023-11-16,24,99,2630.73
2023-11-17,24,96,2481.19
2023-11-18,24,83,2115.84
2023-11-19,24,44,1155.13
2023-11-20,24,98,2622.97
2023-11-21,24,116,3057.58
2023-11-22,24,86,2234.47
2023-11-23,24,95,2524.49
2023-11-24,24,109,2937.75
2023-11-25,24,86,2231.54
2023-11-26,24,36,931.56
2023-11-27,24,98,2510.16
2023-11-28,24,123,3313.67
2023-11-29,24,81,2078.62
2023-11-30,24,87,2263.87
2023-12-01,24,90,2419.74
2023-12-02,24,83,2182.81
2023-12-03,24,49,1314.82
2023-12-04,24,111,2923.17
2023-12-05,24,79,2132.99
2023-12-06,24,129,3464.25
2023-12-07,24,113,2921.22
2023-12-08,24,123,3192.68
2023-12-09,24,77,1985.89
2023-12-10,24,34,875.25
2023-12-11,24,117,3159.18
2023-12-12,24,108,2769.39
2023-12-13,24,96,2556.52
2023-12-14,24,141,3774.79
2023-12-15,24,129,3315.17
2023-12-16,24,80,2063.64
2023-12-17,24,52,1374.9
2023-12-18,24,111,2948.71
2023-12-19,24,94,2404.44
2023-12-20,24,118,3116.23
2023-12-21,24,110,2829.56
2023-12-22,24,119,3223.1
2023-12-23,24,82,2111.09
2023-12-24,24,49,1316.72
2023-12-25,24,218,5864.87
2023-12-26,24,124,3343.53
2023-12-27,24,132,3508.52
2023-12-28,24,119,3128.63
2023-12-29,24,105,2839.2
2023-12-30,24,87,2335.54
2023-12-31,24,60,1595.22
2024-01-01,24,122,3200.5
2024-01-02,24,116,3146.84
2024-01-03,24,113,2925.91
2024-01-04,24,98,2649.81
2024-01-05,24,113,2991.06
2024-01-06,24,94,2486.71
2024-01-07,24,56,1454.55
2024-01-08,24,97,2536.16
2024-01-09,24,115,3020.71
2024-01-10,24,130,3511.03
2024-01-11,24,128,3395.15
2024-01-12,24,136,3605.95
2024-01-13,24,115,3048.32
2024-01-14,24,55,1413.05
2024-01-15,24,139,3766.22
2024-01-16,24,82,2214.78
2024-01-17,24,137,3681.87
2024-01-18,24,151,4040.69
2024-01-19,24,117,3083.0
2024-01-20,24,96,2525.37
2024-01-21,24,70,1807.57
2024-01-22,24,103,2721.89
2024-01-23,24,146,3934.74
2024-01-24,24,102,2697.22
2024-01-25,24,101,2682.21
2024-01-26,24,108,2821.1
2024-01-27,24,73,1897.14
2024-01-28,24,52,1400.27
2024-01-29,24,99,2618.88
2024-01-30,24,104,2674.5
2024-01-31,24,108,2903.06
2024-02-01,24,119,3112.49
2024-02-02,24,91,2418.58
2024-02-03,24,101,2716.47
2024-02-04,24,53,1365.07
2024-02-05,24,114,2932.4
2024-02-06,24,153,3948.49
2024-02-07,24,134,3581.65
2024-02-08,24,121,3245.86
2024-02-09,24,136,3564.0
2024-02-10,24,117,3162.89
2024-02-11,24,61,1665.3
2024-02-12,24,135,3504.03
2024-02-13,24,94,2540.45
2024-02-14,24,127,3394.65
2024-02-15,24,129,3449.89
2024-02-16,24,106,2867.17
2024-02-17,24,96,2538.34
2024-02-18,24,60,1591.82
2024-02-19,24,111,2872.46
2024-02-20,24,96,2492.58
2024-02-21,24,126,3290.13
2024-02-22,24,125,3225.62
2024-02-23,24,124,3207.73
2024-02-24,24,83,2243.53
2024-02-25,24,60,1606.11
2024-02-26,24,120,3130.63
2024-02-27,24,89,2407.84
2024-02-28,24,113,3006.5
2024-02-29,24,133,3626.9
2024-03-01,24,106,2872.19
2024-03-02,24,91,2427.78
2024-03-03,24,70,1898.14
2024-03-04,24,134,3544.65
2024-03-05,24,112,3013.01
2024-03-06,24,91,2368.39
2024-03-07,24,139,3744.63
2024-03-08,24,128,3372.24
2024-03-09,24,100,2683.56
2024-03-10,24,55,1472.22
2024-03-11,24,150,4101.94
2024-03-12,24,102,2684.44
2024-03-13,24,109,2839.25
2024-03-14,24,107,2879.09
2024-03-15,24,67,1769.91
2024-03-16,24,95,2491.45
2024-03-17,24,62,1643.25
2024-03-18,24,109,2982.66
2024-03-19,24,92,2451.32
2024-03-20,24,115,3052.96
2024-03-21,24,106,2879.41
2024-03-22,24,126,3417.94
2024-03-23,24,78,2102.75
2024-03-24,24,45,1198.17
2024-03-25,24,134,3643.9
2024-03-26,24,110,2989.79
2024-03-27,24,128,3386.0
2024-03-28,24,119,3230.99
2024-03-29,24,119,3262.91
2024-03-30,24,105,2838.14
2024-03-31,24,52,1395.73
2024-04-01,24,101,2620.54
2024-04-02,24,77,2071.94
2024-04-03,24,95,2567.6
2024-04-04,24,95,2507.34
2024-04-05,24,97,2565.98
2024-04-06,24,98,2574.24
2024-04-07,24,52,1387.4
2024-04-08,24,101,2718.32
2024-04-09,24,85,2220.91
2024-04-10,24,82,2186.76
2024-04-11,24,96,2592.01
2024-04-12,24,85,2268.9
2024-04-13,24,89,2431.72
2024-04-14,24,42,1134.85
2024-04-15,24,85,2322.51
2024-04-16,24,98,2574.33
2024-04-17,24,112,2919.02
2024-04-18,24,106,2818.21
2024-04-19,24,89,2448.95
2024-04-20,24,84,2240.2
2024-04-21,24,69,1870.1
2024-04-22,24,114,3031.03
2024-04-23,24,112,2929.18
2024-04-24,24,90,2402.5
2024-04-25,24,100,2704.19
2024-04-26,24,85,2281.65
2024-04-27,24,91,2372.46
2024-04-28,24,30,784.61
2024-04-29,24,105,2824.71
2024-04-30,24,78,2142.52
2024-05-01,24,73,1911.95
2024-05-02,24,89,2434.72
2024-05-03,24,72,1930.15
2024-05-04,24,69,1891.69
2024-05-05,24,32,868.84
2024-05-06,24,91,2422.83
2024-05-07,24,86,2243.01
2024-05-08,24,88,2417.54
2024-05-09,24,74,1987.64
2024-05-10,24,90,2447.86
2024-05-11,24,46,1240.36
2024-05-12,24,43,1122.75
2024-05-13,24,118,3099.75
2024-05-14,24,72,1923.56
2024-05-15,24,83,2159.57
2024-05-16,24,61,1617.65
2024-05-17,24,98,2615.82
2024-05-18,24,66,1715.84
2024-05-19,24,37,995.1
2024-05-20,24,78,2115.67
2024-05-21,24,59,1626.92
2024-05-22,24,63,1722.75
2024-05-23,24,93,2449.41
2024-05-24,24,108,2885.6
2024-05-25,24,74,2042.45
2024-05-26,24,47,1284.98
2024-05-27,24,77,2007.19
2024-05-28,24,75,1997.33
2024-05-29,24,93,2453.57
2024-05-30,24,66,1722.3
2024-05-31,24,70,1914.12
2024-06-01,24,81,2118.54
2024-06-02,24,37,976.17
2024-06-03,24,95,2534.22
2024-06-04,24,71,1933.41
2024-06-05,24,90,2457.55
2024-06-06,24,72,1978.15
2024-06-07,24,87,2372.08
2024-06-08,24,60,1642.45
2024-06-09,24,55,1476.15
2024-06-10,24,87,2284.15
2024-06-11,24,73,1958.8
2024-06-12,24,78,2115.83
2024-06-13,24,78,2072.99
2024-06-14,24,66,1800.41
2024-06-15,24,79,2181.13
2024-06-16,24,49,1308.72
2024-06-17,24,102,2784.23
2024-06-18,24,77,2117.3
2024-06-19,24,82,2196.1
2024-06-20,24,101,2723.7
2024-06-21,24,60,1632.03
2024-06-22,24,76,2027.92
2024-06-23,24,25,684.09
2024-06-24,24,85,2273.47
2024-06-25,24,77,2115.36
2024-06-26,24,58,1551.71
2024-06-27,24,90,2410.65
2024-06-28,24,79,2180.52
2024-06-29,24,78,2149.94
2024-06-30,24,35,967.17
2024-07-01,24,74,1945.05
2024-07-02,24,47,1271.09
2024-07-03,24,72,1897.4
2024-07-04,24,82,2207.8
2024-07-05,24,106,2850.08
2024-07-06,24,69,1815.7
2024-07-07,24,43,1124.5
2024-07-08,24,67,1753.8
2024-07-09,24,79,2133.55
2024-07-10,24,87,2284.31
2024-07-11,24,67,1814.73
2024-07-12,24,87,2296.02
2024-07-13,24,59,1578.28
2024-07-14,24,47,1260.57
2024-07-15,24,114,2984.51
2024-07-16,24,71,1913.84
2024-07-17,24,73,1982.01
2024-07-18,24,72,1970.84
2024-07-19,24,75,1971.28
2024-07-20,24,56,1547.78
2024-07-21,24,24,666.38
2024-07-22,24,73,1924.49
2024-07-23,24,67,1852.57
2024-07-24,24,66,1745.06
2024-07-25,24,61,1674.93
2024-07-26,24,64,1693.88
2024-07-27,24,52,1433.49
2024-07-28,24,39,1061.21
2024-07-29,24,94,2487.98
2024-07-30,24,67,1802.76
2024-07-31,24,76,2000.82
2024-08-01,24,84,2227.21
2024-08-02,24,89,2428.64
2024-08-03,24,69,1817.56
2024-08-04,24,33,914.25
2024-08-05,24,87,2308.92
2024-08-06,24,67,1853.24
2024-08-07,24,87,2410.0
2024-08-08,24,61,1668.03
2024-08-09,24,74,1980.93
2024-08-10,24,65,1750.7
2024-08-11,24,37,984.24
2024-08-12,24,87,2318.03
2024-08-13,24,49,1312.25
2024-08-14,24,68,1891.36
2024-08-15,24,59,1643.43
2024-08-16,24,80,2169.74
2024-08-17,24,53,1421.27
2024-08-18,24,49,1329.06
2024-08-19,24,76,2014.86
2024-08-20,24,88,2399.01
2024-08-21,24,83,2268.26
2024-08-22,24,63,1665.46
2024-08-23,24,59,1605.08
2024-08-24,24,61,1626.25
2024-08-25,24,23,613.36
2024-08-26,24,88,2436.14
2024-08-27,24,70,1944.62
2024-08-28,24,72,1957.84
2024-08-29,24,86,2387.31
2024-08-30,24,58,1532.89
2024-08-31,24,64,1733.13
2024-09-01,24,40,1072.34
2024-09-02,24,111,3027.8
2024-09-03,24,94,2528.24
2024-09-04,24,73,1967.16
2024-09-05,24,91,2402.16
2024-09-06,24,93,2462.14
2024-09-07,24,78,2116.11
2024-09-08,24,54,1488.87
2024-09-09,24,111,3054.58
2024-09-10,24,61,1632.41
2024-09-11,24,132,3659.68
2024-09-12,24,63,1710.77
2024-09-13,24,88,2333.58
2024-09-14,24,75,2002.28
2024-09-15,24,32,869.52
2024-09-16,24,141,3743.0
2024-09-17,24,100,2729.16
2024-09-18,24,98,2739.42
2024-09-19,24,121,3270.61
2024-09-20,24,111,3014.18
2024-09-21,24,69,1870.84
2024-09-22,24,39,1083.44
2024-09-23,24,99,2634.45
2024-09-24,24,76,2057.77
2024-09-25,24,95,2642.33
2024-09-26,24,107,2915.17
2024-09-27,24,90,2493.49
2024-09-28,24,91,2499.67
2024-09-29,24,46,1272.86
2024-09-30,24,96,2586.83
2024-10-01,24,96,2654.4
2024-10-02,24,136,3752.7
2024-10-03,24,90,2382.85
2024-10-04,24,101,2696.32
2024-10-05,24,103,2849.95
2024-10-06,24,30,815.75
2024-10-07,24,193,5201.66
2024-10-08,24,77,2115.84
2024-10-09,24,141,3862.13
2024-10-10,24,83,2297.4
2024-10-11,24,100,2781.64
2024-10-12,24,66,1811.99
2024-10-13,24,49,1350.3
2024-10-14,24,91,2541.14
2024-10-15,24,90,2390.57
2024-10-16,24,78,2070.93
2024-10-17,24,109,3024.55
2024-10-18,24,92,2495.71
2024-10-19,24,77,2094.74
2024-10-20,24,51,1354.09
2024-10-21,24,80,2152.93
2024-10-22,24,98,2631.45
2024-10-23,24,95,2626.09
2024-10-24,24,79,2148.61
2024-10-25,24,80,2212.66
2024-10-26,24,97,2717.17
2024-10-27,24,40,1067.93
2024-10-28,24,143,4006.9
2024-10-29,24,109,3045.52
2024-10-30,24,97,2606.78
2024-10-31,24,99,2756.69
2024-11-01,24,98,2737.76
2024-11-02,24,85,2306.4
2024-11-03,24,47,1244.12
2024-11-04,24,127,3432.68
2024-11-05,24,148,4058.42
2024-11-06,24,105,2810.91
2024-11-07,24,105,2814.27
2024-11-08,24,129,3503.71
2024-11-09,24,97,2597.77
2024-11-10,24,53,1457.21
2024-11-11,24,124,3458.16
2024-11-12,24,81,2227.95
2024-11-13,24,124,3352.15
2024-11-14,24,118,3232.35
2024-11-15,24,113,3099.3
2024-11-16,24,111,3122.38
2024-11-17,24,54,1502.61
2024-11-18,24,120,3257.04
2024-11-19,24,126,3515.32
2024-11-20,24,102,2756.35
2024-11-21,24,73,1995.6
2024-11-22,24,86,2373.38
2024-11-23,24,97,2592.1
2024-11-24,24,52,1418.55
2024-11-25,24,128,3430.47
2024-11-26,24,139,3832.46
2024-11-27,24,154,4142.53
2024-11-28,24,103,2854.69
2024-11-29,24,123,3456.68
2024-11-30,24,98,2721.98
2024-12-01,24,66,1760.79
2024-12-02,24,113,3082.08
2024-12-03,24,114,3166.41
2024-12-04,24,111,3114.03
2024-12-05,24,138,3746.16
2024-12-06,24,135,3715.52
2024-12-07,24,125,3479.8
2024-12-08,24,50,1390.78
2024-12-09,24,134,3688.71
2024-12-10,24,130,3651.99
2024-12-11,24,140,3948.33
2024-12-12,24,127,3528.41
2024-12-13,24,154,4156.53
2024-12-14,24,92,2500.75
2024-12-15,24,63,1717.6
2024-12-16,24,137,3759.87
2024-12-17,24,132,3540.83
2024-12-18,24,156,4312.82
2024-12-19,24,102,2804.48
2024-12-20,24,149,4021.89
2024-12-21,24,99,2769.75
2024-12-22,24,73,1970.68
2024-12-23,24,125,3353.62
2024-12-24,24,147,4128.45
2024-12-25,24,101,2853.32
2024-12-26,24,129,3598.1
2024-12-27,24,118,3280.07
2024-12-28,24,100,2784.99
2024-12-29,24,64,1742.75
2024-12-30,24,150,4212.63
2024-12-31,24,138,3771.47
2025-01-01,24,125,3504.64
2025-01-02,24,127,3384.47
2025-01-03,24,121,3339.82
2025-01-04,24,129,3590.07
2025-01-05,24,71,1972.83
2025-01-06,24,142,3828.92
2025-01-07,24,140,3897.51
2025-01-08,24,115,3187.81
2025-01-09,24,141,3854.7
2025-01-10,24,144,3907.17
2025-01-11,24,98,2735.54
2025-01-12,24,68,1905.44
2025-01-13,24,122,3281.22
2025-01-14,24,132,3686.4
2025-01-15,24,128,3447.07
2025-01-16,24,151,4219.25
2025-01-17,24,124,3314.36
2025-01-18,24,80,2233.47
2025-01-19,24,81,2249.12
2025-01-20,24,159,4263.86
2025-01-21,24,122,3340.4
2025-01-22,24,154,4206.99
2025-01-23,24,131,3630.67
2025-01-24,24,149,4107.37
2025-01-25,24,107,2866.53
2025-01-26,24,68,1917.32
2025-01-27,24,149,4017.4
2025-01-28,24,103,2854.59
2025-01-29,24,162,4549.39
2025-01-30,24,162,4331.02
2025-01-31,24,164,4591.37
2025-02-01,24,127,3534.53
2025-02-02,24,88,2384.1
2025-02-03,24,104,2855.26
2025-02-04,24,165,4590.27
2025-02-05,24,159,4316.3
2025-02-06,24,165,4665.9
2025-02-07,24,133,3555.4
2025-02-08,24,125,3377.54
2025-02-09,24,63,1774.67
2025-02-10,24,133,3570.88
2025-02-11,24,133,3588.51
2025-02-12,24,183,5018.8
2025-02-13,24,145,4018.38
2025-02-14,24,129,3592.84
2025-02-15,24,141,3937.8
2025-02-16,24,77,2124.06
2025-02-17,24,138,3693.76
2025-02-18,24,130,3620.71
2025-02-19,24,142,3999.2
2025-02-20,24,147,4072.73
2025-02-21,24,109,3082.63
2025-02-22,24,109,3019.5
2025-02-23,24,62,1667.74
2025-02-24,24,140,3828.01
2025-02-25,24,115,3190.71
2025-02-26,24,134,3745.23
2025-02-27,24,127,3583.23
2025-02-28,24,178,4871.59
2025-03-01,24,115,3195.29
2025-03-02,24,74,2071.21
2025-03-03,24,107,2965.4
2025-03-04,24,138,3845.85
2025-03-05,24,114,3122.83
2025-03-06,24,105,2977.75
2025-03-07,24,132,3646.8
2025-03-08,24,127,3487.04
2025-03-09,24,45,1209.06
2025-03-10,24,193,5260.47
2025-03-11,24,117,3206.24
2025-03-12,24,129,3514.66
2025-03-13,24,137,3845.3
2025-03-14,24,167,4653.2
2025-03-15,24,142,3990.3
2025-03-16,24,118,3217.36
2025-03-17,24,155,4322.49
2025-03-18,24,146,4084.3
2025-03-19,24,143,3861.48
2025-03-20,24,127,3539.69
2025-03-21,24,139,3921.12
2025-03-22,24,138,3879.66
2025-03-23,24,41,1164.46
2025-03-24,24,142,3958.95
2025-03-25,24,137,3689.55
2025-03-26,24,139,3791.33
2025-03-27,24,166,4552.54
2025-03-28,24,129,3668.29
2025-03-29,24,94,2658.07
2025-03-30,24,47,1308.25
2025-03-31,24,123,3435.75
2025-04-01,24,118,3313.83
2025-04-02,24,108,3009.0
2025-04-03,24,99,2723.9
2025-04-04,24,98,2763.71
2025-04-05,24,120,3386.28
2025-04-06,24,49,1365.29
2025-04-07,24,128,3494.77
2025-04-08,24,106,2974.33
2025-04-09,24,114,3095.22
2025-04-10,24,105,2924.03
2025-04-11,24,149,4223.3
2025-04-12,24,71,1949.09
2025-04-13,24,36,1000.72
2025-04-14,24,93,2647.45
2025-04-15,24,129,3505.08
2025-04-16,24,99,2731.6
2025-04-17,24,147,4135.54
2025-04-18,24,127,3492.55
2025-04-19,24,91,2564.32
2025-04-20,24,54,1456.47
2025-04-21,24,91,2495.72
2025-04-22,24,127,3590.14
2025-04-23,24,104,2971.26
2025-04-24,24,96,2670.97
2025-04-25,24,126,3593.5
2025-04-26,24,87,2388.73
2025-04-27,24,69,1875.83
2025-04-28,24,129,3486.9
2025-04-29,24,129,3578.02
2025-04-30,24,134,3749.54
2025-05-01,24,96,2601.98
2025-05-02,24,100,2749.52
2025-05-03,24,74,2024.99
2025-05-04,24,38,1028.86
2025-05-05,24,100,2766.94
2025-05-06,24,107,2960.93
2025-05-07,24,95,2587.33
2025-05-08,24,83,2289.63
2025-05-09,24,118,3334.21
2025-05-10,24,97,2653.74
2025-05-11,24,57,1597.54
2025-05-12,24,108,2954.28
2025-05-13,24,126,3598.89
2025-05-14,24,113,3213.46
2025-05-15,24,110,3011.19
2025-05-16,24,102,2770.71
2025-05-17,24,93,2514.87
2025-05-18,24,59,1689.67
2025-05-19,24,85,2405.2
2025-05-20,24,110,3105.59
2025-05-21,24,69,1894.4
2025-05-22,24,115,3216.5
2025-05-23,24,96,2617.28
2025-05-24,24,85,2404.92
2025-05-25,24,58,1571.26
2025-05-26,24,86,2331.09
2025-05-27,24,99,2815.03
2025-05-28,24,91,2561.77
2025-05-29,24,110,3008.38
2025-05-30,24,80,2291.08
2025-05-31,24,89,2532.43
2025-06-01,24,31,850.11
2025-06-02,24,70,1951.1
2025-06-03,24,99,2701.72
2025-06-04,24,81,2197.65
2025-06-05,24,95,2599.47
2025-06-06,24,92,2563.37
2025-06-07,24,71,1970.26
2025-06-08,24,61,1702.22
2025-06-09,24,76,2151.43
2025-06-10,24,89,2526.34
2025-06-11,24,70,1951.33
2025-06-12,24,94,2684.19
2025-06-13,24,74,2087.63
2025-06-14,24,74,2118.45
2025-06-15,24,29,796.45
2025-06-16,24,105,3006.78
2025-06-17,24,114,3272.92
2025-06-18,24,77,2174.8
2025-06-19,24,95,2712.37
2025-06-20,24,115,3226.23
2025-06-21,24,83,2281.12
2025-06-22,24,49,1398.84
2025-06-23,24,67,1822.0
2025-06-24,24,81,2312.26
2025-06-25,24,103,2838.62
2025-06-26,24,126,3576.75
2025-06-27,24,116,3163.52
2025-06-28,24,59,1663.58
2025-06-29,24,38,1042.8
2025-06-30,24,87,2425.5
2025-07-01,24,83,2365.25
2025-07-02,24,100,2735.51
2025-07-03,24,76,2083.45
2025-07-04,24,92,2593.07
2025-07-05,24,52,1437.41
2025-07-06,24,47,1323.85
2025-07-07,24,64,1839.56
2025-07-08,24,92,2526.12
2025-07-09,24,64,1834.46
2025-07-10,24,85,2384.15
2025-07-11,24,85,2355.04
2025-07-12,24,69,1895.02
2025-07-13,24,56,1546.51
2025-07-14,24,77,2203.26
2025-07-15,24,77,2146.44
2025-07-16,24,89,2508.55
2025-07-17,24,170,4728.79
2025-07-18,24,68,1952.27
2025-07-19,24,62,1693.26
2025-07-20,24,31,889.58
2025-07-21,24,61,1697.76
2025-07-22,24,88,2400.86
2025-07-23,24,83,2335.08
2025-07-24,24,77,2134.92
2025-07-25,24,74,2123.73
2025-07-26,24,77,2115.26
2025-07-27,24,28,767.35
2025-07-28,24,86,2418.36
2025-07-29,24,70,1917.28
2025-07-30,24,78,2200.14
2025-07-31,24,90,2536.63
2025-08-01,24,96,2671.51
2025-08-02,24,81,2295.76
2025-08-03,24,47,1298.34
2025-08-04,24,102,2846.98
2025-08-05,24,73,2065.07
2025-08-06,24,53,1528.66
2025-08-07,24,95,2705.55
2025-08-08,24,88,2434.66
2025-08-09,24,92,2541.29
2025-08-10,24,57,1643.45
2025-08-11,24,114,3250.4
2025-08-12,24,111,3204.58
2025-08-13,24,94,2654.38
2025-08-14,24,103,2825.19
2025-08-15,24,82,2257.8
2025-08-16,24,47,1310.78
2025-08-17,24,42,1159.71
2025-08-18,24,109,3135.99
2025-08-19,24,93,2625.92
2025-08-20,24,86,2424.38
2025-08-21,24,98,2826.78
2025-08-22,24,75,2097.6
2025-08-23,24,72,2006.32
2025-08-24,24,44,1214.61
2025-08-25,24,92,2547.01
2025-08-26,24,111,3215.66
2025-08-27,24,99,2815.43
2025-08-28,24,74,2076.02
2025-08-29,24,113,3219.6
2025-08-30,24,87,2382.97
2025-08-31,24,52,1495.25
2025-09-01,24,134,3695.22
2025-09-02,24,104,2867.0
2025-09-03,24,105,2884.61
2025-09-04,24,87,2480.95
2025-09-05,24,110,3120.97
2025-09-06,24,69,1915.8
2025-09-07,24,41,1154.25
2025-09-08,24,87,2464.73
2025-09-09,24,96,2671.74
2025-09-10,24,116,3199.88
2025-09-11,24,105,2919.12
2025-09-12,24,90,2510.15
2025-09-13,24,109,3145.87
2025-09-14,24,56,1590.3
2025-09-15,24,105,2923.19
2025-09-16,24,105,2954.12
2025-09-17,24,82,2377.2
2025-09-18,24,106,2923.69
2025-09-19,24,97,2775.1
2025-09-20,24,96,2734.76
2025-09-21,24,45,1299.96
2025-09-22,24,111,3109.99
2025-09-23,24,75,2164.68
2025-09-24,24,84,2386.49
2025-09-25,24,116,3348.34
2025-09-26,24,101,2894.25
2025-09-27,24,106,3025.86
2025-09-28,24,51,1406.91
2025-09-29,24,73,2031.23
2025-09-30,24,81,2248.48
2025-10-01,24,115,3343.41
2025-10-02,24,120,3447.8
2025-10-03,24,98,2743.7
2025-10-04,24,130,3568.54
2025-10-05,24,47,1329.43
2025-10-06,24,152,4278.34
2025-10-07,24,91,2597.38
2025-10-08,24,120,3467.51
2025-10-09,24,130,3764.0
2025-10-10,24,92,2607.39
2025-10-11,24,113,3197.8
2025-10-12,24,57,1565.12
2025-10-13,24,111,3227.78
2025-10-14,24,208,6006.75
2025-10-15,24,119,3289.4
2025-10-16,24,120,3348.66
2025-10-17,24,125,3587.0
2025-10-18,24,107,3064.0
2025-10-19,24,57,1647.71
2025-10-20,24,123,3397.43
2025-10-21,24,128,3521.43
2025-10-22,24,117,3271.23
2025-10-23,24,101,2788.32
2025-10-24,24,104,2920.84
2025-10-25,24,98,2690.84
2025-10-26,24,50,1396.99
2025-10-27,24,126,3565.13
2025-10-28,24,122,3405.31
2025-10-29,24,137,3778.2
2025-10-30,24,145,4028.82
2025-10-31,24,131,3621.13
2025-11-01,24,94,2632.17
2025-11-02,24,64,1842.92
2025-11-03,24,114,3249.63
2025-11-04,24,129,3718.53
2025-11-05,24,175,5067.4
2025-11-06,24,137,3806.18
2025-11-07,24,132,3836.9
2025-11-08,24,117,3221.36
2025-11-09,24,73,2008.76
2025-11-10,24,115,3229.21
2025-11-11,24,145,4097.48
2025-11-12,24,122,3501.18
2025-11-13,24,104,2960.96
2025-11-14,24,111,3126.03
2025-11-15,24,117,3260.15
2025-11-16,24,98,2793.6
2025-11-17,24,139,3932.83
2025-11-18,24,129,3693.63
2025-11-19,24,129,3650.54
2025-11-20,24,144,4021.54
2025-11-21,24,112,3272.21
2025-11-22,24,89,2499.67
2025-11-23,24,39,1080.43
2025-11-24,24,126,3673.8
2025-11-25,24,151,4214.11
2025-11-26,24,154,4307.34
2025-11-27,24,118,3275.21
2025-11-28,24,122,3553.43
2025-11-29,24,98,2716.67
2025-11-30,24,67,1898.49
2025-12-01,24,138,3828.55
2025-12-02,24,139,3881.9
2025-12-03,24,195,5625.08
2025-12-04,24,159,4499.02
2025-12-05,24,120,3367.8
2025-12-06,24,132,3750.34
2025-12-07,24,69,1914.75
2025-12-08,24,155,4355.03
2025-12-09,24,148,4295.97
2025-12-10,24,165,4570.27
2025-12-11,24,154,4254.04
2025-12-12,24,175,5016.73
2025-12-13,24,145,4117.43
2025-12-14,24,70,2000.34
2025-12-15,24,135,3920.22
2025-12-16,24,178,5007.3
2025-12-17,24,136,3891.16
2025-12-18,24,175,4956.43
2025-12-19,24,203,5710.08
2025-12-20,24,105,3049.04
2025-12-21,24,60,1725.95
2025-12-22,24,128,3554.93
2025-12-23,24,127,3608.58
2025-12-24,24,118,3386.4
2025-12-25,24,177,5151.09
2025-12-26,24,137,3990.84
2025-12-27,24,137,3789.21
2025-12-28,24,75,2117.28
2025-12-29,24,139,4041.24
2025-12-30,24,152,4400.14
2025-12-31,24,111,3116.72
2026-01-01,24,203,5778.65
2026-01-02,24,165,4685.91
2026-01-03,24,112,3253.77
2026-01-04,24,65,1877.61
2026-01-05,24,136,3776.86
2026-01-06,24,149,4173.44
2026-01-07,24,119,3435.16
2026-01-08,24,115,3371.01
2026-01-09,24,193,5611.58
2026-01-10,24,129,3769.41
2026-01-11,24,64,1831.46
2026-01-12,24,118,3426.25
2026-01-13,24,130,3653.93
2026-01-14,24,130,3655.56
2026-01-15,24,148,4127.38
2026-01-16,24,157,4491.28
2026-01-17,24,129,3730.57
2026-01-18,24,66,1928.63
2026-01-19,24,166,4622.47
2026-01-20,24,121,3393.89
2026-01-21,24,189,5532.48
2026-01-22,24,182,5182.03
2026-01-23,24,227,6549.92
2026-01-24,24,153,4452.55
2026-01-25,24,51,1477.35
2026-01-26,24,165,4700.86
2026-01-27,24,193,5503.64
2026-01-28,24,159,4438.92
2026-01-29,24,195,5475.28
2026-01-30,24,129,3767.53
2026-01-31,24,148,4335.3
2026-02-01,24,96,2816.97
2026-02-02,24,137,3814.58
2026-02-03,24,107,3144.25
2026-02-04,24,152,4229.0
2026-02-05,24,166,4622.61
2026-02-06,24,165,4687.35
2026-02-07,24,173,5056.93
2026-02-08,24,87,2511.14
2026-02-09,24,171,4972.11
2026-02-10,24,162,4593.09
2026-02-11,24,206,6038.73
2026-02-12,24,174,5110.75
2026-02-13,24,206,5748.73
2026-02-14,24,143,4056.53
2026-02-15,24,88,2575.02
2026-02-16,24,170,4874.09
2026-02-17,24,131,3847.24
2026-02-18,24,208,6117.26
2026-02-19,24,216,6055.88
2026-02-20,24,191,5531.66
2026-02-21,24,110,3212.11
2026-02-22,24,77,2186.94
2026-02-23,24,166,4810.04
2026-02-24,24,155,4459.3
2026-02-25,24,188,5230.81
2026-02-26,24,200,5888.26
2026-02-27,24,198,5625.91
2026-02-28,24,152,4481.93
2026-03-01,24,67,1955.0
2026-03-02,24,143,4014.63
2026-03-03,24,182,5111.73
2026-03-04,24,135,3976.64
2026-03-05,24,145,4211.5
2026-03-06,24,178,5115.32
2026-03-07,24,143,4125.07
2026-03-08,24,91,2615.8
2026-03-09,24,144,4209.58
2026-03-10,24,182,5120.36
2026-03-11,24,172,4950.14
2026-03-12,24,196,5752.92
2026-03-13,24,154,4442.2
2026-03-14,24,145,4065.18
2026-03-15,24,56,1609.59
2026-03-16,24,156,4516.74
2026-03-17,24,183,5102.74
2026-03-18,24,168,4954.84
2026-03-19,24,151,4319.77
2026-03-20,24,192,5349.94
2026-03-21,24,147,4236.16
2026-03-22,24,75,2142.98
2026-03-23,24,161,4749.35
2026-03-24,24,148,4301.74
2026-03-25,24,167,4682.7
2026-03-26,24,167,4661.23
2026-03-27,24,170,4895.04
2026-03-28,24,133,3928.17
2026-03-29,24,69,2032.41
2026-03-30,24,134,3781.4
2026-03-31,24,167,4665.98
2026-04-01,24,117,3437.46
2026-04-02,24,104,2932.46
2026-04-03,24,134,3878.47
2026-04-04,24,100,2934.22
2026-04-05,24,54,1562.75
2026-04-06,24,108,3118.41
2026-04-07,24,109,3054.93
2026-04-08,24,125,3690.19
2026-04-09,24,117,3291.33
2026-04-10,24,131,3711.9
2026-04-11,24,104,2916.33
2026-04-12,24,52,1488.65
2026-04-13,24,156,4562.71
2026-04-14,24,121,3434.36
2026-04-15,24,135,3853.77
2026-04-16,24,123,3446.18
2026-04-17,24,123,3506.52
2026-04-18,24,109,3153.47
2026-04-19,24,46,1299.41
2026-04-20,24,155,4357.79
2026-04-21,24,149,4400.21
2026-04-22,24,140,4136.99
2026-04-23,24,131,3774.51
2026-04-24,24,113,3251.68
2026-04-25,24,147,4229.77
2026-04-26,24,40,1156.98
2026-04-27,24,136,3980.19
2026-04-28,24,107,3151.97
2026-04-29,24,148,4183.8
2026-04-30,24,107,3168.66
2026-05-01,24,130,3658.21
2026-05-02,24,100,2893.05
2026-05-03,24,54,1551.22
2026-05-04,24,117,3282.76
2026-05-05,24,102,2993.95
2026-05-06,24,87,2566.86
2026-05-07,24,94,2653.34
2026-05-08,24,113,3277.52
2026-05-09,24,98,2870.8
2026-05-10,24,59,1654.55
2026-05-11,24,128,3640.64
2026-05-12,24,105,2981.92
2026-05-13,24,130,3652.66
2026-05-14,24,98,2906.92
2026-05-15,24,93,2664.09
2026-05-16,24,103,2980.4
2026-05-17,24,59,1670.87
2026-05-18,24,105,3101.56
2026-05-19,24,88,2528.36
2026-05-20,24,102,2952.98
2026-05-21,24,105,3010.64
2026-05-22,24,157,4425.45
2026-05-23,24,96,2845.83
2026-05-24,24,46,1356.72
2026-05-25,24,105,3096.82
2026-05-26,24,97,2852.93
2026-05-27,24,100,2905.63
2026-05-28,24,114,3350.49
2026-05-29,24,127,3752.22
2026-05-30,24,109,3229.37
2026-05-31,24,61,1773.94
2026-06-01,24,106,3121.62
2026-06-02,24,95,2782.84
2026-06-03,24,104,3023.63
2026-06-04,24,109,3085.85
2026-06-05,24,104,3038.77
2026-06-06,24,86,2444.63
2026-06-07,24,66,1956.32
2026-06-08,24,108,3117.54
2026-06-09,24,113,3291.45
2026-06-10,24,95,2830.25
2026-06-11,24,102,2921.17
2026-06-12,24,84,2445.22
2026-06-13,24,90,2594.66
2026-06-14,24,40,1126.72
2026-06-15,24,108,3175.44
2026-06-16,24,115,3341.94
2026-06-17,24,114,3260.66
2026-06-18,24,90,2658.24
2026-06-19,24,66,1903.8
2026-06-20,24,59,1690.78
2026-06-21,24,64,1822.6
2026-06-22,24,102,2965.37
2026-06-23,24,87,2449.64
2026-06-24,24,115,3391.4
2026-06-25,24,84,2507.84
2026-06-26,24,84,2387.33
2026-06-27,24,90,2601.8
2026-06-28,24,61,1790.8
2026-06-29,24,89,2590.31
2026-06-30,24,89,2610.36
2026-07-01,24,87,2573.14
2026-07-02,24,104,3085.3
2026-07-03,24,105,3102.0
2026-07-04,24,94,2734.06
2026-07-05,24,39,1111.07
2026-07-06,24,110,3282.63
2026-07-07,24,67,1962.19
2026-07-08,24,113,3289.77
2026-07-09,24,76,2185.05
2026-07-10,24,117,3405.66
2026-07-11,24,93,2697.01
2026-07-12,24,51,1510.46
2026-07-13,24,123,3631.0
2026-07-14,24,97,2854.75
2026-07-15,24,132,3752.08
2026-07-16,24,105,3109.71
2026-07-17,24,99,2885.96
2026-07-18,24,102,3020.23
2026-07-19,24,40,1142.58
2026-07-20,24,96,2801.15
2026-07-21,24,115,3421.17
2026-07-22,24,80,2322.0
2026-07-23,24,93,2623.51
2026-07-24,24,114,3401.12
2026-07-25,24,106,3113.1
2026-07-26,24,42,1211.45
2026-07-27,24,105,2977.3
2026-07-28,24,92,2662.9
2026-07-29,24,109,3165.35
2026-07-30,24,124,3599.87
2026-07-31,24,87,2532.06
2026-08-01,24,78,2330.64
2026-08-02,24,58,1731.9
2026-08-03,24,119,3361.14
2026-08-04,24,100,2830.01
2026-08-05,24,114,3302.69
2026-08-06,24,117,3363.87
2026-08-07,24,83,2384.8
2026-08-08,24,89,2598.32
2026-08-09,24,52,1554.52
2026-08-10,24,121,3439.76
2026-08-11,24,101,2859.69
2026-08-12,24,104,3050.48
2026-08-13,24,115,3327.1
2026-08-14,24,113,3319.4
2026-08-15,24,97,2752.36
2026-08-16,24,58,1652.64
2026-08-17,24,103,2966.28
2026-08-18,24,129,3809.63
2026-08-19,24,78,2329.84
2026-08-20,24,105,3149.28
2026-08-21,24,96,2883.17
2026-08-22,24,102,2992.33
2026-08-23,24,39,1145.49
2026-08-24,24,125,3734.29
2026-08-25,24,89,2544.25
2026-08-26,24,101,2865.75
2026-08-27,24,97,2838.88
2026-08-28,24,184,5415.37
2026-08-29,24,97,2795.24
2026-08-30,24,56,1644.0
2026-08-31,24,120,3591.95
2026-09-01,24,102,3002.5
2026-09-02,24,136,4077.37
2026-09-03,24,90,2554.2
2026-09-04,24,112,3178.04
2026-09-05,24,131,3939.83
2026-09-06,24,62,1840.38
2026-09-07,24,138,3949.49
2026-09-08,24,116,3394.57
2026-09-09,24,132,3806.5
2026-09-10,24,127,3631.4
2026-09-11,24,126,3784.8
2026-09-12,24,88,2552.67
2026-09-13,24,63,1835.36
2026-09-14,24,103,3035.71
2026-09-15,24,101,2976.59
2026-09-16,24,139,4103.7
2026-09-17,24,119,3384.9
2026-09-18,24,133,3938.21
2026-09-19,24,95,2754.38
2026-09-20,24,65,1901.54
2026-09-21,24,145,4226.88
2026-09-22,24,143,4214.76
2026-09-23,24,98,2905.46
2026-09-24,24,117,3365.35
2026-09-25,24,116,3400.59
2026-09-26,24,91,2676.75
2026-09-27,24,65,1946.51
2026-09-28,24,131,3881.85
2026-09-29,24,138,3925.66
2026-09-30,24,114,3385.17
2023-10-01,25,37,4728.99
2023-10-02,25,100,13117.68
2023-10-03,25,98,12651.16
2023-10-04,25,89,11201.31
2023-10-05,25,76,9936.03
2023-10-06,25,102,12720.88
2023-10-07,25,80,10260.87
2023-10-08,25,36,4535.14
2023-10-09,25,77,10002.22
2023-10-10,25,73,9547.46
2023-10-11,25,92,11514.59
2023-10-12,25,83,10335.42
2023-10-13,25,86,10833.21
2023-10-14,25,82,10819.08
2023-10-15,25,56,7196.61
2023-10-16,25,93,11735.87
2023-10-17,25,87,10971.85
2023-10-18,25,83,10951.13
2023-10-19,25,86,10835.43
2023-10-20,25,96,12632.55
2023-10-21,25,50,6471.64
2023-10-22,25,52,6578.75
2023-10-23,25,78,10170.59
2023-10-24,25,94,12055.17
2023-10-25,25,87,10947.67
2023-10-26,25,99,12484.52
2023-10-27,25,120,15499.44
2023-10-28,25,36,4760.63
2023-10-29,25,44,5700.42
2023-10-30,25,118,14992.34
2023-10-31,25,76,9702.92
2023-11-01,25,93,11892.02
2023-11-02,25,112,14399.17
2023-11-03,25,105,13755.03
2023-11-04,25,66,8456.76
2023-11-05,25,49,6138.52
2023-11-06,25,66,8489.64
2023-11-07,25,86,10902.51
2023-11-08,25,102,13232.57
2023-11-09,25,89,11462.74
2023-11-10,25,110,14406.72
2023-11-11,25,87,11396.26
2023-11-12,25,47,6132.06
2023-11-13,25,79,9910.72
2023-11-14,25,94,11783.28
2023-11-15,25,96,12071.1
2023-11-16,25,84,10830.58
2023-11-17,25,94,12432.86
2023-11-18,25,78,9771.9
2023-11-19,25,50,6249.04
2023-11-20,25,92,12011.84
2023-11-21,25,81,10496.56
2023-11-22,25,111,14722.53
2023-11-23,25,102,12859.27
2023-11-24,25,74,9369.59
2023-11-25,25,75,9620.07
2023-11-26,25,45,5882.75
2023-11-27,25,81,10619.32
2023-11-28,25,93,11814.74
2023-11-29,25,83,10583.06
2023-11-30,25,87,11493.66
2023-12-01,25,117,15487.94
2023-12-02,25,107,13651.92
2023-12-03,25,48,6287.42
2023-12-04,25,116,14751.38
2023-12-05,25,141,18047.25
2023-12-06,25,114,14955.11
2023-12-07,25,101,13387.79
2023-12-08,25,108,13893.14
2023-12-09,25,73,9362.2
2023-12-10,25,37,4669.68
2023-12-11,25,98,12532.74
2023-12-12,25,77,10129.8
2023-12-13,25,105,13615.65
2023-12-14,25,151,19813.38
2023-12-15,25,99,12453.96
2023-12-16,25,48,6096.71
2023-12-17,25,47,5954.39
2023-12-18,25,137,17746.28
2023-12-19,25,99,12877.73
2023-12-20,25,140,18103.97
2023-12-21,25,107,13849.46
2023-12-22,25,101,13086.94
2023-12-23,25,105,13749.76
2023-12-24,25,35,4467.14
2023-12-25,25,107,14135.55
2023-12-26,25,134,17418.23
2023-12-27,25,141,17929.22
2023-12-28,25,120,15933.15
2023-12-29,25,114,15023.5
2023-12-30,25,85,11061.89
2023-12-31,25,49,6339.61
2024-01-01,25,104,13770.32
2024-01-02,25,108,14014.85
2024-01-03,25,118,15225.93
2024-01-04,25,104,13837.11
2024-01-05,25,117,15068.94
2024-01-06,25,124,16314.26
2024-01-07,25,72,9067.35
2024-01-08,25,123,16052.69
2024-01-09,25,118,15725.38
2024-01-10,25,97,12627.84
2024-01-11,25,95,12502.51
2024-01-12,25,101,12817.04
2024-01-13,25,105,13540.06
2024-01-14,25,67,8855.63
2024-01-15,25,95,12029.35
2024-01-16,25,117,15440.5
2024-01-17,25,150,19739.09
2024-01-18,25,130,16541.65
2024-01-19,25,128,16913.97
2024-01-20,25,107,14187.17
2024-01-21,25,60,7939.91
2024-01-22,25,90,11899.87
2024-01-23,25,98,12421.36
2024-01-24,25,101,13023.59
2024-01-25,25,103,13083.98
2024-01-26,25,112,14549.56
2024-01-27,25,116,14900.75
2024-01-28,25,48,6067.69
2024-01-29,25,111,14171.53
2024-01-30,25,111,14750.34
2024-01-31,25,95,12694.88
2024-02-01,25,85,10965.17
2024-02-02,25,89,11269.38
2024-02-03,25,84,10784.78
2024-02-04,25,71,9277.94
2024-02-05,25,120,15828.8
2024-02-06,25,116,15031.47
2024-02-07,25,85,10835.53
2024-02-08,25,122,15974.35
2024-02-09,25,111,14128.81
2024-02-10,25,119,15638.4
2024-02-11,25,53,6980.54
2024-02-12,25,96,12666.2
2024-02-13,25,96,12571.09
2024-02-14,25,114,14618.36
2024-02-15,25,120,15540.94
2024-02-16,25,114,15007.24
2024-02-17,25,120,15731.53
2024-02-18,25,47,6163.26
2024-02-19,25,82,10401.64
2024-02-20,25,153,19434.45
2024-02-21,25,103,13656.77
2024-02-22,25,150,19340.19
2024-02-23,25,105,13380.39
2024-02-24,25,74,9812.58
2024-02-25,25,66,8412.41
2024-02-26,25,114,14461.47
2024-02-27,25,89,11359.34
2024-02-28,25,93,12380.12
2024-02-29,25,108,14470.57
2024-03-01,25,79,9997.05
2024-03-02,25,112,14958.88
2024-03-03,25,46,5947.29
2024-03-04,25,122,15605.98
2024-03-05,25,110,14224.45
2024-03-06,25,103,13382.6
2024-03-07,25,109,14083.7
2024-03-08,25,108,14201.62
2024-03-09,25,86,11491.95
2024-03-10,25,48,6251.8
2024-03-11,25,95,12413.3
2024-03-12,25,114,14821.2
2024-03-13,25,115,15085.8
2024-03-14,25,135,17131.84
2024-03-15,25,108,14374.03
2024-03-16,25,92,12048.89
2024-03-17,25,79,10361.57
2024-03-18,25,93,12364.88
2024-03-19,25,121,15681.92
2024-03-20,25,120,15198.69
2024-03-21,25,79,10421.87
2024-03-22,25,94,12329.99
2024-03-23,25,111,14749.86
2024-03-24,25,68,9039.15
2024-03-25,25,94,12322.93
2024-03-26,25,104,13619.81
2024-03-27,25,90,11687.09
2024-03-28,25,99,12610.91
2024-03-29,25,117,15008.28
2024-03-30,25,93,12181.55
2024-03-31,25,53,7049.83
2024-04-01,25,89,11554.67
2024-04-02,25,96,12746.24
2024-04-03,25,85,11053.81
2024-04-04,25,70,9368.05
2024-04-05,25,94,12645.57
2024-04-06,25,71,9308.23
2024-04-07,25,40,5206.28
2024-04-08,25,101,13504.08
2024-04-09,25,93,12071.41
2024-04-10,25,88,11617.77
2024-04-11,25,117,15632.03
2024-04-12,25,98,12873.9
2024-04-13,25,56,7359.16
2024-04-14,25,30,3930.71
2024-04-15,25,68,9023.32
2024-04-16,25,95,12166.97
2024-04-17,25,81,10439.16
2024-04-18,25,89,11818.45
2024-04-19,25,94,12601.04
2024-04-20,25,72,9442.61
2024-04-21,25,56,7272.28
2024-04-22,25,113,14768.3
2024-04-23,25,95,12700.45
2024-04-24,25,107,14129.81
2024-04-25,25,72,9351.09
2024-04-26,25,74,9684.39
2024-04-27,25,81,10512.32
2024-04-28,25,35,4599.68
2024-04-29,25,89,11774.54
2024-04-30,25,65,8769.82
2024-05-01,25,69,9047.04
2024-05-02,25,82,10600.81
2024-05-03,25,88,11190.02
2024-05-04,25,73,9825.78
2024-05-05,25,39,5234.84
2024-05-06,25,73,9422.93
2024-05-07,25,66,8486.05
2024-05-08,25,88,11332.37
2024-05-09,25,81,10748.84
2024-05-10,25,59,7538.94
2024-05-11,25,53,6914.8
2024-05-12,25,64,8226.91
2024-05-13,25,65,8657.42
2024-05-14,25,81,10698.89
2024-05-15,25,70,9358.21
2024-05-16,25,83,11007.48
2024-05-17,25,94,12197.83
2024-05-18,25,78,10522.01
2024-05-19,25,37,4735.9
2024-05-20,25,81,10712.48
2024-05-21,25,77,10380.62
2024-05-22,25,63,8505.96
2024-05-23,25,92,12353.45
2024-05-24,25,82,10663.35
2024-05-25,25,64,8644.98
2024-05-26,25,33,4444.39
2024-05-27,25,86,11049.95
2024-05-28,25,131,16781.12
2024-05-29,25,89,11516.79
2024-05-30,25,85,10926.44
2024-05-31,25,90,12070.42
2024-06-01,25,62,8043.15
2024-06-02,25,31,3994.6
2024-06-03,25,71,9518.33
2024-06-04,25,62,8353.5
2024-06-05,25,73,9710.36
2024-06-06,25,79,10118.67
2024-06-07,25,62,8306.14
2024-06-08,25,48,6416.22
2024-06-09,25,30,3889.91
2024-06-10,25,73,9794.51
2024-06-11,25,57,7532.1
2024-06-12,25,62,8379.19
2024-06-13,25,78,10088.62
2024-06-14,25,67,9051.64
2024-06-15,25,53,7121.45
2024-06-16,25,37,4850.78
2024-06-17,25,82,10980.72
2024-06-18,25,84,11113.71
2024-06-19,25,76,9947.77
2024-06-20,25,81,10627.59
2024-06-21,25,78,10102.08
2024-06-22,25,60,7839.91
2024-06-23,25,40,5388.35
2024-06-24,25,54,7045.91
2024-06-25,25,56,7525.55
2024-06-26,25,63,8308.2
2024-06-27,25,58,7708.21
2024-06-28,25,73,9788.24
2024-06-29,25,59,8005.79
2024-06-30,25,25,3225.65
2024-07-01,25,61,8127.77
2024-07-02,25,55,7160.82
2024-07-03,25,67,8590.28
2024-07-04,25,52,6979.09
2024-07-05,25,66,8524.8
2024-07-06,25,36,4868.98
2024-07-07,25,31,4126.08
2024-07-08,25,62,8206.22
2024-07-09,25,65,8400.93
2024-07-10,25,63,8533.88
2024-07-11,25,76,10172.49
2024-07-12,25,72,9235.41
2024-07-13,25,59,7669.9
2024-07-14,25,23,2962.42
2024-07-15,25,57,7358.27
2024-07-16,25,60,7792.77
2024-07-17,25,92,12499.67
2024-07-18,25,71,9643.09
2024-07-19,25,47,6341.25
2024-07-20,25,71,9624.1
2024-07-21,25,25,3340.87
2024-07-22,25,81,10815.63
2024-07-23,25,72,9571.91
2024-07-24,25,62,8395.22
2024-07-25,25,60,7781.48
2024-07-26,25,69,8923.15
2024-07-27,25,59,7654.58
2024-07-28,25,32,4141.96
2024-07-29,25,83,11093.53
2024-07-30,25,62,7972.47
2024-07-31,25,55,7493.27
2024-08-01,25,51,6618.8
2024-08-02,25,74,10031.68
2024-08-03,25,51,6714.1
2024-08-04,25,35,4509.89
2024-08-05,25,88,11701.7
2024-08-06,25,74,9794.94
2024-08-07,25,56,7280.46
2024-08-08,25,72,9672.41
2024-08-09,25,62,8067.65
2024-08-10,25,58,7884.31
2024-08-11,25,26,3502.42
2024-08-12,25,83,11150.78
2024-08-13,25,84,11423.52
2024-08-14,25,68,8955.02
2024-08-15,25,52,7064.63
2024-08-16,25,72,9350.8
2024-08-17,25,46,6275.49
2024-08-18,25,34,4424.33
2024-08-19,25,82,11045.96
2024-08-20,25,56,7395.46
2024-08-21,25,62,8414.96
2024-08-22,25,79,10507.32
2024-08-23,25,70,9345.61
2024-08-24,25,63,8549.48
2024-08-25,25,31,4012.95
2024-08-26,25,81,10458.55
2024-08-27,25,60,7731.92
2024-08-28,25,66,9012.72
2024-08-29,25,68,9289.49
2024-08-30,25,79,10179.28
2024-08-31,25,41,5561.22
2024-09-01,25,32,4284.52
2024-09-02,25,74,10018.51
2024-09-03,25,68,8872.16
2024-09-04,25,92,12578.08
2024-09-05,25,93,12134.15
2024-09-06,25,72,9832.59
2024-09-07,25,58,7673.18
2024-09-08,25,42,5724.62
2024-09-09,25,76,10355.12
2024-09-10,25,85,11253.61
2024-09-11,25,70,9304.94
2024-09-12,25,75,10196.19
2024-09-13,25,67,8672.83
2024-09-14,25,95,12461.76
2024-09-15,25,41,5408.43
2024-09-16,25,71,9591.89
2024-09-17,25,47,6286.27
2024-09-18,25,79,10722.89
2024-09-19,25,96,12627.41
2024-09-20,25,97,13009.92
2024-09-21,25,58,7640.53
2024-09-22,25,35,4646.45
2024-09-23,25,70,9525.85
2024-09-24,25,83,10904.47
2024-09-25,25,67,9012.93
2024-09-26,25,105,14032.71
2024-09-27,25,71,9359.56
2024-09-28,25,65,8870.51
2024-09-29,25,47,6120.67
2024-09-30,25,66,8579.35
2024-10-01,25,108,14541.36
2024-10-02,25,87,11606.27
2024-10-03,25,89,11580.52
2024-10-04,25,75,10013.32
2024-10-05,25,65,8711.91
2024-10-06,25,23,3087.39
2024-10-07,25,64,8466.85
2024-10-08,25,95,12720.49
2024-10-09,25,73,9889.31
2024-10-10,25,65,8414.96
2024-10-11,25,112,15243.49
2024-10-12,25,67,9164.21
2024-10-13,25,58,7755.28
2024-10-14,25,64,8692.67
2024-10-15,25,111,14421.54
2024-10-16,25,86,11222.42
2024-10-17,25,69,9327.77
2024-10-18,25,102,13396.72
2024-10-19,25,97,12699.05
2024-10-20,25,31,4233.15
2024-10-21,25,52,6956.07
2024-10-22,25,85,11361.95
2024-10-23,25,93,12487.28
2024-10-24,25,89,11959.27
2024-10-25,25,100,13024.78
2024-10-26,25,59,7868.69
2024-10-27,25,60,8003.71
2024-10-28,25,60,7892.39
2024-10-29,25,99,13122.7
2024-10-30,25,92,12075.89
2024-10-31,25,76,10088.55
2024-11-01,25,100,13398.53
2024-11-02,25,97,13120.46
2024-11-03,25,38,4991.59
2024-11-04,25,96,13179.01
2024-11-05,25,98,13487.93
2024-11-06,25,108,14579.41
2024-11-07,25,102,13547.54
2024-11-08,25,62,8048.0
2024-11-09,25,72,9494.51
2024-11-10,25,55,7482.81
2024-11-11,25,112,15172.92
2024-11-12,25,120,15744.68
2024-11-13,25,104,14217.34
2024-11-14,25,78,10408.26
2024-11-15,25,99,13109.29
2024-11-16,25,67,9002.99
2024-11-17,25,42,5715.96
2024-11-18,25,104,13713.07
2024-11-19,25,114,15535.01
2024-11-20,25,89,12054.55
2024-11-21,25,97,12738.08
2024-11-22,25,85,11570.54
2024-11-23,25,81,11097.41
2024-11-24,25,43,5625.75
2024-11-25,25,79,10739.43
2024-11-26,25,105,14349.54
2024-11-27,25,131,17827.39
2024-11-28,25,95,12388.69
2024-11-29,25,85,11586.2
2024-11-30,25,68,9275.58
2024-12-01,25,52,6957.35
2024-12-02,25,90,12088.44
2024-12-03,25,131,17323.97
2024-12-04,25,135,17901.78
2024-12-05,25,109,14437.76
2024-12-06,25,111,15080.29
2024-12-07,25,70,9641.98
2024-12-08,25,46,6185.41
2024-12-09,25,102,13734.62
2024-12-10,25,114,15077.53
2024-12-11,25,108,14494.68
2024-12-12,25,96,12588.91
2024-12-13,25,106,14179.18
2024-12-14,25,121,16383.13
2024-12-15,25,35,4762.24
2024-12-16,25,88,11870.23
2024-12-17,25,96,13147.09
2024-12-18,25,107,14227.65
2024-12-19,25,132,17605.47
2024-12-20,25,99,13571.92
2024-12-21,25,104,14343.12
2024-12-22,25,58,7579.48
2024-12-23,25,102,13348.97
2024-12-24,25,105,14383.35
2024-12-25,25,98,13444.98
2024-12-26,25,113,15047.03
2024-12-27,25,82,10959.47
2024-12-28,25,87,11685.0
2024-12-29,25,52,6840.95
2024-12-30,25,76,10429.96
2024-12-31,25,96,12878.92
2025-01-01,25,130,17562.51
2025-01-02,25,123,16337.78
2025-01-03,25,104,13891.41
2025-01-04,25,105,14200.05
2025-01-05,25,47,6465.64
2025-01-06,25,100,13296.42
2025-01-07,25,110,15216.32
2025-01-08,25,114,15417.34
2025-01-09,25,110,14478.98
2025-01-10,25,106,14522.28
2025-01-11,25,96,12675.71
2025-01-12,25,43,5866.38
2025-01-13,25,100,13389.41
2025-01-14,25,138,18342.27
2025-01-15,25,98,13024.69
2025-01-16,25,100,13487.3
2025-01-17,25,115,15721.48
2025-01-18,25,121,16377.12
2025-01-19,25,73,9706.61
2025-01-20,25,76,10541.63
2025-01-21,25,117,15936.17
2025-01-22,25,96,13167.92
2025-01-23,25,128,17262.21
2025-01-24,25,92,12338.59
2025-01-25,25,93,12564.32
2025-01-26,25,48,6553.68
2025-01-27,25,115,15203.85
2025-01-28,25,109,14623.1
2025-01-29,25,121,16489.97
2025-01-30,25,106,14711.09
2025-01-31,25,132,18242.43
2025-02-01,25,84,11179.01
2025-02-02,25,46,6382.71
2025-02-03,25,133,17689.83
2025-02-04,25,109,14877.2
2025-02-05,25,91,12362.35
2025-02-06,25,114,15006.48
2025-02-07,25,173,23209.3
2025-02-08,25,83,10936.6
2025-02-09,25,43,5933.99
2025-02-10,25,111,14804.33
2025-02-11,25,89,11921.16
2025-02-12,25,110,14802.22
2025-02-13,25,174,24084.81
2025-02-14,25,97,12905.57
2025-02-15,25,117,15868.7
2025-02-16,25,60,8303.22
2025-02-17,25,88,12089.48
2025-02-18,25,105,14110.38
2025-02-19,25,88,12248.31
2025-02-20,25,112,15369.05
2025-02-21,25,107,14280.94
2025-02-22,25,101,13539.79
2025-02-23,25,54,7432.28
2025-02-24,25,102,13393.07
2025-02-25,25,122,16978.81
2025-02-26,25,103,13908.69
2025-02-27,25,95,12576.16
2025-02-28,25,133,18499.39
2025-03-01,25,90,12039.95
2025-03-02,25,51,6941.53
2025-03-03,25,91,12498.78
2025-03-04,25,133,17495.92
2025-03-05,25,98,13012.98
2025-03-06,25,113,14915.48
2025-03-07,25,105,14004.01
2025-03-08,25,91,11989.32
2025-03-09,25,38,5076.88
2025-03-10,25,108,14269.83
2025-03-11,25,80,10996.05
2025-03-12,25,95,12635.57
2025-03-13,25,89,11924.32
2025-03-14,25,99,13613.88
2025-03-15,25,105,13874.0
2025-03-16,25,33,4418.7
2025-03-17,25,92,12296.88
2025-03-18,25,130,17592.98
2025-03-19,25,124,17066.09
2025-03-20,25,98,13316.38
2025-03-21,25,102,14094.02
2025-03-22,25,105,14522.52
2025-03-23,25,53,7131.75
2025-03-24,25,97,13205.0
2025-03-25,25,84,11717.65
2025-03-26,25,121,16129.66
2025-03-27,25,106,14505.13
2025-03-28,25,98,12950.45
2025-03-29,25,97,13429.61
2025-03-30,25,37,5060.61
2025-03-31,25,94,12542.84
2025-04-01,25,77,10624.85
2025-04-02,25,61,8426.5
2025-04-03,25,67,8877.47
2025-04-04,25,58,7980.58
2025-04-05,25,73,10168.75
2025-04-06,25,30,4042.84
2025-04-07,25,79,10827.08
2025-04-08,25,95,12785.25
2025-04-09,25,110,15045.69
2025-04-10,25,86,11879.44
2025-04-11,25,82,11011.06
2025-04-12,25,52,6857.14
2025-04-13,25,49,6466.85
2025-04-14,25,98,13563.35
2025-04-15,25,85,11377.45
2025-04-16,25,70,9560.01
2025-04-17,25,97,13109.44
2025-04-18,25,95,12687.34
2025-04-19,25,62,8538.4
2025-04-20,25,33,4424.42
2025-04-21,25,106,14073.65
2025-04-22,25,96,12879.29
2025-04-23,25,96,12934.8
2025-04-24,25,109,14807.75
2025-04-25,25,100,13553.7
2025-04-26,25,88,12333.12
2025-04-27,25,40,5481.05
2025-04-28,25,78,10819.49
2025-04-29,25,123,16381.93
2025-04-30,25,102,13821.73
2025-05-01,25,55,7693.17
2025-05-02,25,74,9889.47
2025-05-03,25,60,8284.77
2025-05-04,25,41,5575.96
2025-05-05,25,95,13190.5
2025-05-06,25,68,9216.71
2025-05-07,25,81,11243.29
2025-05-08,25,61,8323.08
2025-05-09,25,84,11423.38
2025-05-10,25,78,10582.42
2025-05-11,25,41,5690.33
2025-05-12,25,84,11511.19
2025-05-13,25,79,10450.54
2025-05-14,25,90,12281.32
2025-05-15,25,77,10500.17
2025-05-16,25,65,8965.34
2025-05-17,25,58,7982.11
2025-05-18,25,28,3892.85
2025-05-19,25,69,9214.21
2025-05-20,25,73,9895.96
2025-05-21,25,59,8260.18
2025-05-22,25,84,11140.69
2025-05-23,25,84,11418.43
2025-05-24,25,65,9133.79
2025-05-25,25,40,5478.47
2025-05-26,25,74,10339.4
2025-05-27,25,68,9044.24
2025-05-28,25,84,11354.09
2025-05-29,25,80,11196.47
2025-05-30,25,84,11209.76
2025-05-31,25,71,9896.34
2025-06-01,25,44,5989.03
2025-06-02,25,73,9803.67
2025-06-03,25,72,9564.88
2025-06-04,25,73,9855.99
2025-06-05,25,78,10689.28
2025-06-06,25,84,11759.5
2025-06-07,25,42,5895.7
2025-06-08,25,29,3845.5
2025-06-09,25,60,8436.19
2025-06-10,25,56,7714.59
2025-06-11,25,62,8371.55
2025-06-12,25,64,8976.01
2025-06-13,25,73,9786.31
2025-06-14,25,64,8616.94
2025-06-15,25,34,4655.06
2025-06-16,25,48,6686.53
2025-06-17,25,72,9557.51
2025-06-18,25,92,12552.33
2025-06-19,25,93,12909.1
2025-06-20,25,59,7971.03
2025-06-21,25,61,8342.72
2025-06-22,25,33,4558.14
2025-06-23,25,57,7862.9
2025-06-24,25,80,11117.71
2025-06-25,25,44,6013.75
2025-06-26,25,94,12708.35
2025-06-27,25,67,9180.43
2025-06-28,25,57,7749.08
2025-06-29,25,32,4308.69
2025-06-30,25,82,11188.38
2025-07-01,25,72,10063.82
2025-07-02,25,65,8725.02
2025-07-03,25,71,9848.47
2025-07-04,25,61,8537.93
2025-07-05,25,59,8131.97
2025-07-06,25,31,4369.2
2025-07-07,25,65,8684.83
2025-07-08,25,75,10506.98
2025-07-09,25,69,9297.07
2025-07-10,25,57,7740.79
2025-07-11,25,60,8464.53
2025-07-12,25,40,5629.56
2025-07-13,25,34,4560.79
2025-07-14,25,50,6853.14
2025-07-15,25,65,9088.15
2025-07-16,25,68,9262.32
2025-07-17,25,58,7784.87
2025-07-18,25,50,6893.25
2025-07-19,25,84,11869.71
2025-07-20,25,34,4553.88
2025-07-21,25,80,10871.79
2025-07-22,25,50,6728.46
2025-07-23,25,63,8740.98
2025-07-24,25,58,7804.19
2025-07-25,25,59,8290.41
2025-07-26,25,49,6660.92
2025-07-27,25,20,2746.33
2025-07-28,25,57,7707.95
2025-07-29,25,61,8163.44
2025-07-30,25,74,10465.87
2025-07-31,25,79,10641.61
2025-08-01,25,76,10254.7
2025-08-02,25,66,9168.39
2025-08-03,25,36,4807.66
2025-08-04,25,78,10899.37
2025-08-05,25,72,10190.27
2025-08-06,25,54,7573.41
2025-08-07,25,49,6863.9
2025-08-08,25,55,7366.33
2025-08-09,25,66,8879.71
2025-08-10,25,35,4682.39
2025-08-11,25,53,7146.52
2025-08-12,25,75,10054.17
2025-08-13,25,63,8890.48
2025-08-14,25,55,7593.24
2025-08-15,25,55,7677.64
2025-08-16,25,37,5171.55
2025-08-17,25,37,5088.75
2025-08-18,25,60,8097.89
2025-08-19,25,48,6612.32
2025-08-20,25,63,8551.92
2025-08-21,25,62,8625.91
2025-08-22,25,65,9169.85
2025-08-23,25,38,5120.83
2025-08-24,25,30,4141.02
2025-08-25,25,81,11226.27
2025-08-26,25,73,10016.88
2025-08-27,25,64,8756.8
2025-08-28,25,68,9559.16
2025-08-29,25,79,10822.51
2025-08-30,25,54,7553.45
2025-08-31,25,18,2445.09
2025-09-01,25,104,14451.21
2025-09-02,25,61,8563.53
2025-09-03,25,100,13442.88
2025-09-04,25,50,6819.34
2025-09-05,25,73,9834.48
2025-09-06,25,67,9186.48
2025-09-07,25,35,4840.35
2025-09-08,25,77,10616.42
2025-09-09,25,95,13190.91
2025-09-10,25,70,9621.59
2025-09-11,25,55,7541.15
2025-09-12,25,76,10425.94
2025-09-13,25,37,5093.68
2025-09-14,25,36,5010.62
2025-09-15,25,72,10155.43
2025-09-16,25,72,9685.24
2025-09-17,25,76,10475.21
2025-09-18,25,69,9290.88
2025-09-19,25,73,9965.5
2025-09-20,25,75,10664.08
2025-09-21,25,47,6392.97
2025-09-22,25,80,10752.86
2025-09-23,25,60,8510.38
2025-09-24,25,72,9749.76
2025-09-25,25,55,7829.49
2025-09-26,25,81,10865.19
2025-09-27,25,51,7106.56
2025-09-28,25,28,3976.02
2025-09-29,25,87,12221.57
2025-09-30,25,76,10808.26
2025-10-01,25,66,9205.87
2025-10-02,25,85,11713.26
2025-10-03,25,87,12090.21
2025-10-04,25,83,11397.0
2025-10-05,25,40,5570.7
2025-10-06,25,69,9527.92
2025-10-07,25,89,12375.42
2025-10-08,25,87,12279.25
2025-10-09,25,75,10438.13
2025-10-10,25,91,12907.04
2025-10-11,25,85,11886.63
2025-10-12,25,47,6675.64
2025-10-13,25,69,9661.28
2025-10-14,25,93,13086.86
2025-10-15,25,82,11254.25
2025-10-16,25,92,12465.22
2025-10-17,25,96,13515.32
2025-10-18,25,81,11056.33
2025-10-19,25,44,6224.18
2025-10-20,25,73,9881.72
2025-10-21,25,80,11212.4
2025-10-22,25,78,10663.34
2025-10-23,25,98,13310.06
2025-10-24,25,79,11209.34
2025-10-25,25,82,11694.86
2025-10-26,25,51,7280.13
2025-10-27,25,82,11240.7
2025-10-28,25,101,13979.22
2025-10-29,25,72,10253.83
2025-10-30,25,93,12545.12
2025-10-31,25,106,14564.5
2025-11-01,25,83,11294.78
2025-11-02,25,47,6379.65
2025-11-03,25,68,9327.99
2025-11-04,25,91,12785.07
2025-11-05,25,81,11071.55
2025-11-06,25,70,9933.11
2025-11-07,25,114,15708.86
2025-11-08,25,75,10258.31
2025-11-09,25,58,7898.76
2025-11-10,25,97,13218.92
2025-11-11,25,122,16719.48
2025-11-12,25,98,13327.14
2025-11-13,25,106,14329.11
2025-11-14,25,86,11634.97
2025-11-15,25,93,12728.22
2025-11-16,25,43,6045.77
2025-11-17,25,90,12425.55
2025-11-18,25,90,12784.6
2025-11-19,25,108,14948.08
2025-11-20,25,71,9912.96
2025-11-21,25,81,11408.34
2025-11-22,25,96,13203.92
2025-11-23,25,38,5335.73
2025-11-24,25,100,13557.69
2025-11-25,25,83,11597.03
2025-11-26,25,120,16617.01
2025-11-27,25,109,15441.52
2025-11-28,25,103,13995.82
2025-11-29,25,90,12733.13
2025-11-30,25,40,5530.22
2025-12-01,25,143,19804.76
2025-12-02,25,101,13770.14
2025-12-03,25,101,14234.08
2025-12-04,25,89,12685.49
2025-12-05,25,132,18445.31
2025-12-06,25,108,14773.99
2025-12-07,25,35,4984.07
2025-12-08,25,99,13890.47
2025-12-09,25,98,13370.22
2025-12-10,25,106,14393.36
2025-12-11,25,91,12314.27
2025-12-12,25,114,15505.31
2025-12-13,25,102,14379.23
2025-12-14,25,46,6371.38
2025-12-15,25,100,13955.35
2025-12-16,25,139,18854.44
2025-12-17,25,106,15078.95
2025-12-18,25,87,12151.15
2025-12-19,25,103,14139.77
2025-12-20,25,116,16582.44
2025-12-21,25,50,7005.78
2025-12-22,25,112,15837.4
2025-12-23,25,104,14231.82
2025-12-24,25,107,14739.07
2025-12-25,25,121,17035.81
2025-12-26,25,120,17182.36
2025-12-27,25,72,9989.63
2025-12-28,25,37,5239.24
2025-12-29,25,140,19519.71
2025-12-30,25,101,14132.89
2025-12-31,25,94,13214.79
2026-01-01,25,81,11283.72
2026-01-02,25,114,15507.37
2026-01-03,25,105,14446.75
2026-01-04,25,49,6778.72
2026-01-05,25,121,16765.32
2026-01-06,25,106,14799.28
2026-01-07,25,96,13774.17
2026-01-08,25,109,15441.57
2026-01-09,25,105,14639.65
2026-01-10,25,83,11551.2
2026-01-11,25,71,9886.87
2026-01-12,25,113,16035.7
2026-01-13,25,119,16761.18
2026-01-14,25,242,34407.02
2026-01-15,25,118,16189.3
2026-01-16,25,112,15233.28
2026-01-17,25,110,15483.4
2026-01-18,25,42,5905.77
2026-01-19,25,99,13761.19
2026-01-20,25,117,15953.62
2026-01-21,25,107,14966.82
2026-01-22,25,126,17212.51
2026-01-23,25,91,12550.93
2026-01-24,25,93,13202.09
2026-01-25,25,39,5610.15
2026-01-26,25,115,16355.42
2026-01-27,25,97,13420.52
2026-01-28,25,108,14897.37
2026-01-29,25,98,13447.74
2026-01-30,25,109,15633.87
2026-01-31,25,100,13739.07
2026-02-01,25,60,8607.25
2026-02-02,25,110,15035.39
2026-02-03,25,107,15133.3
2026-02-04,25,121,16779.46
2026-02-05,25,110,15412.89
2026-02-06,25,131,18603.94
2026-02-07,25,94,13529.19
2026-02-08,25,58,7968.09
2026-02-09,25,121,17220.02
2026-02-10,25,142,19652.6
2026-02-11,25,108,15192.49
2026-02-12,25,91,12962.12
2026-02-13,25,125,17896.81
2026-02-14,25,139,18942.52
2026-02-15,25,46,6502.86
2026-02-16,25,141,19531.46
2026-02-17,25,102,14164.88
2026-02-18,25,112,15976.9
2026-02-19,25,115,15878.19
2026-02-20,25,104,14380.87
2026-02-21,25,118,16510.06
2026-02-22,25,51,7235.58
2026-02-23,25,125,17504.23
2026-02-24,25,86,12410.6
2026-02-25,25,98,13790.97
2026-02-26,25,132,18891.04
2026-02-27,25,121,16730.46
2026-02-28,25,87,11923.43
2026-03-01,25,42,5955.41
2026-03-02,25,133,18563.27
2026-03-03,25,74,10584.4
2026-03-04,25,127,17315.98
2026-03-05,25,110,15913.89
2026-03-06,25,125,17900.48
2026-03-07,25,118,16503.27
2026-03-08,25,50,6879.12
2026-03-09,25,131,17979.82
2026-03-10,25,112,15358.77
2026-03-11,25,105,14912.95
2026-03-12,25,98,13435.81
2026-03-13,25,92,12671.69
2026-03-14,25,94,13209.08
2026-03-15,25,37,5081.61
2026-03-16,25,96,13227.83
2026-03-17,25,100,14167.38
2026-03-18,25,84,11875.65
2026-03-19,25,108,14960.22
2026-03-20,25,132,18018.61
2026-03-21,25,86,12249.15
2026-03-22,25,40,5549.87
2026-03-23,25,83,11446.72
2026-03-24,25,120,17249.49
2026-03-25,25,94,13188.71
2026-03-26,25,103,14154.34
2026-03-27,25,101,14253.19
2026-03-28,25,97,13892.54
2026-03-29,25,41,5847.85
2026-03-30,25,113,15737.17
2026-03-31,25,110,15202.08
2026-04-01,25,101,14226.83
2026-04-02,25,75,10274.68
2026-04-03,25,83,11917.71
2026-04-04,25,69,9970.08
2026-04-05,25,44,6290.11
2026-04-06,25,90,13010.21
2026-04-07,25,103,14875.26
2026-04-08,25,105,14402.44
2026-04-09,25,79,10965.39
2026-04-10,25,96,13725.13
2026-04-11,25,64,9267.79
2026-04-12,25,38,5399.61
2026-04-13,25,91,12551.25
2026-04-14,25,98,14030.04
2026-04-15,25,73,10457.78
2026-04-16,25,109,15656.12
2026-04-17,25,78,10709.98
2026-04-18,25,87,12256.54
2026-04-19,25,48,6640.08
2026-04-20,25,72,10100.62
2026-04-21,25,89,12579.05
2026-04-22,25,85,12120.98
2026-04-23,25,92,13269.24
2026-04-24,25,68,9625.45
2026-04-25,25,69,9967.81
2026-04-26,25,35,4921.69
2026-04-27,25,85,11897.76
2026-04-28,25,89,12929.46
2026-04-29,25,128,17820.2
2026-04-30,25,78,10752.84
2026-05-01,25,80,11116.95
2026-05-02,25,70,10096.06
2026-05-03,25,47,6525.85
2026-05-04,25,59,8216.14
2026-05-05,25,69,9880.67
2026-05-06,25,61,8794.87
2026-05-07,25,78,11172.66
2026-05-08,25,91,12664.6
2026-05-09,25,83,11450.86
2026-05-10,25,33,4670.36
2026-05-11,25,60,8710.75
2026-05-12,25,93,13144.71
2026-05-13,25,63,8910.58
2026-05-14,25,99,13716.31
2026-05-15,25,70,9822.82
2026-05-16,25,72,9913.6
2026-05-17,25,28,3906.66
2026-05-18,25,64,8943.86
2026-05-19,25,74,10250.45
2026-05-20,25,89,12630.01
2026-05-21,25,74,10784.21
2026-05-22,25,71,9844.16
2026-05-23,25,77,10803.99
2026-05-24,25,33,4673.72
2026-05-25,25,80,11271.1
2026-05-26,25,83,11590.62
2026-05-27,25,102,14714.1
2026-05-28,25,78,10945.81
2026-05-29,25,92,13271.91
2026-05-30,25,42,6120.89
2026-05-31,25,24,3316.12
2026-06-01,25,54,7695.51
2026-06-02,25,74,10390.13
2026-06-03,25,60,8677.89
2026-06-04,25,66,9329.82
2026-06-05,25,47,6604.43
2026-06-06,25,61,8789.13
2026-06-07,25,30,4325.53
2026-06-08,25,54,7696.49
2026-06-09,25,76,10472.17
2026-06-10,25,58,8254.75
2026-06-11,25,63,8923.39
2026-06-12,25,83,11440.44
2026-06-13,25,53,7346.67
2026-06-14,25,22,3160.2
2026-06-15,25,72,10176.12
2026-06-16,25,95,13229.94
2026-06-17,25,55,7748.11
2026-06-18,25,73,10329.52
2026-06-19,25,59,8161.71
2026-06-20,25,81,11410.6
2026-06-21,25,27,3850.57
2026-06-22,25,66,9406.42
2026-06-23,25,61,8876.31
2026-06-24,25,78,10926.0
2026-06-25,25,53,7414.74
2026-06-26,25,85,11730.75
2026-06-27,25,57,8287.68
2026-06-28,25,31,4387.99
2026-06-29,25,63,9177.38
2026-06-30,25,95,13752.24
2026-07-01,25,57,7929.92
2026-07-02,25,49,6902.85
2026-07-03,25,73,10527.42
2026-07-04,25,48,6821.86
2026-07-05,25,32,4569.91
2026-07-06,25,63,8699.65
2026-07-07,25,54,7731.33
2026-07-08,25,59,8597.23
2026-07-09,25,76,10926.66
2026-07-10,25,46,6565.7
2026-07-11,25,51,7268.98
2026-07-12,25,25,3492.26
2026-07-13,25,55,7826.76
2026-07-14,25,65,9439.91
2026-07-15,25,69,10030.69
2026-07-16,25,66,9158.79
2026-07-17,25,64,9320.74
2026-07-18,25,65,9055.35
2026-07-19,25,33,4602.24
2026-07-20,25,65,9106.36
2026-07-21,25,44,6281.21
2026-07-22,25,72,9987.18
2026-07-23,25,55,7974.49
2026-07-24,25,61,8852.45
2026-07-25,25,52,7351.97
2026-07-26,25,38,5329.99
2026-07-27,25,73,10123.18
2026-07-28,25,44,6443.72
2026-07-29,25,72,9963.55
2026-07-30,25,77,11024.9
2026-07-31,25,59,8476.01
2026-08-01,25,76,10971.54
2026-08-02,25,31,4347.44
2026-08-03,25,62,8905.88
2026-08-04,25,73,10564.88
2026-08-05,25,96,14081.93
2026-08-06,25,77,10721.55
2026-08-07,25,76,11094.93
2026-08-08,25,47,6744.15
2026-08-09,25,20,2890.6
2026-08-10,25,56,7896.46
2026-08-11,25,66,9635.97
2026-08-12,25,54,7839.42
2026-08-13,25,63,8792.0
2026-08-14,25,82,11677.01
2026-08-15,25,53,7463.6
2026-08-16,25,21,3066.21
2026-08-17,25,100,14183.31
2026-08-18,25,67,9666.38
2026-08-19,25,80,11574.21
2026-08-20,25,65,9047.37
2026-08-21,25,96,13664.88
2026-08-22,25,71,10420.87
2026-08-23,25,24,3435.39
2026-08-24,25,53,7378.03
2026-08-25,25,87,12671.73
2026-08-26,25,76,10925.95
2026-08-27,25,72,10250.8
2026-08-28,25,66,9353.83
2026-08-29,25,52,7545.65
2026-08-30,25,29,4151.83
2026-08-31,25,53,7657.82
2026-09-01,25,79,11476.85
2026-09-02,25,87,12585.83
2026-09-03,25,71,10446.12
2026-09-04,25,71,10129.42
2026-09-05,25,80,11747.15
2026-09-06,25,31,4442.64
2026-09-07,25,77,11334.49
2026-09-08,25,62,8613.98
2026-09-09,25,83,11876.86
2026-09-10,25,77,11064.97
2026-09-11,25,71,10318.12
2026-09-12,25,70,9926.98
2026-09-13,25,27,3863.81
2026-09-14,25,82,11472.7
2026-09-15,25,75,10958.12
2026-09-16,25,59,8358.46
2026-09-17,25,77,10868.28
2026-09-18,25,76,10956.87
2026-09-19,25,67,9423.93
2026-09-20,25,25,3595.67
2026-09-21,25,68,9898.8
2026-09-22,25,98,14333.63
2026-09-23,25,68,9729.37
2026-09-24,25,67,9350.42
2026-09-25,25,81,11558.1
2026-09-26,25,71,9902.11
2026-09-27,25,44,6215.45
2026-09-28,25,60,8630.19
2026-09-29,25,66,9354.62
2026-09-30,25,35,5054.24
2023-10-01,26,44,6323.24
2023-10-02,26,86,12524.44
2023-10-03,26,82,12186.67
2023-10-04,26,97,14307.64
2023-10-05,26,126,18862.42
2023-10-06,26,82,12155.64
2023-10-07,26,74,10683.36
2023-10-08,26,43,6165.11
2023-10-09,26,90,12927.77
2023-10-10,26,125,18745.84
2023-10-11,26,92,13827.79
2023-10-12,26,94,13580.24
2023-10-13,26,104,15154.56
2023-10-14,26,79,11471.03
2023-10-15,26,58,8528.87
2023-10-16,26,109,15469.97
2023-10-17,26,94,14067.72
2023-10-18,26,104,14921.3
2023-10-19,26,97,13904.61
2023-10-20,26,129,19085.39
2023-10-21,26,103,14644.36
2023-10-22,26,40,5881.32
2023-10-23,26,84,12171.55
2023-10-24,26,109,15644.54
2023-10-25,26,104,15468.3
2023-10-26,26,104,15273.66
2023-10-27,26,81,11948.81
2023-10-28,26,68,9782.66
2023-10-29,26,42,6048.81
2023-10-30,26,81,11621.26
2023-10-31,26,86,12490.61
2023-11-01,26,93,13909.33
2023-11-02,26,94,13659.34
2023-11-03,26,108,16047.46
2023-11-04,26,72,10636.21
2023-11-05,26,41,6054.65
2023-11-06,26,111,16410.06
2023-11-07,26,124,17955.77
2023-11-08,26,111,16242.09
2023-11-09,26,93,13403.84
2023-11-10,26,140,21098.56
2023-11-11,26,103,14897.73
2023-11-12,26,43,6318.36
2023-11-13,26,117,17317.17
2023-11-14,26,108,15783.35
2023-11-15,26,118,16823.62
2023-11-16,26,97,13966.42
2023-11-17,26,106,15925.38
2023-11-18,26,82,12206.34
2023-11-19,26,51,7661.61
2023-11-20,26,96,13776.39
2023-11-21,26,84,12233.23
2023-11-22,26,94,14154.39
2023-11-23,26,107,15720.54
2023-11-24,26,122,18221.51
2023-11-25,26,107,15886.12
2023-11-26,26,52,7710.23
2023-11-27,26,95,14355.58
2023-11-28,26,99,14292.76
2023-11-29,26,110,16433.13
2023-11-30,26,77,11293.18
2023-12-01,26,107,15936.62
2023-12-02,26,106,15120.32
2023-12-03,26,44,6276.66
2023-12-04,26,99,14769.53
2023-12-05,26,129,19095.01
2023-12-06,26,103,15257.85
2023-12-07,26,100,14880.5
2023-12-08,26,140,20787.42
2023-12-09,26,120,17177.47
2023-12-10,26,49,7192.06
2023-12-11,26,102,14804.26
2023-12-12,26,103,15040.33
2023-12-13,26,93,13642.93
2023-12-14,26,143,20665.22
2023-12-15,26,103,15288.45
2023-12-16,26,108,15949.65
2023-12-17,26,37,5430.86
2023-12-18,26,114,17069.02
2023-12-19,26,109,15643.25
2023-12-20,26,132,19801.48
2023-12-21,26,152,22591.59
2023-12-22,26,104,15557.8
2023-12-23,26,123,18637.36
2023-12-24,26,37,5343.59
2023-12-25,26,100,15132.87
2023-12-26,26,98,14517.45
2023-12-27,26,105,15583.96
2023-12-28,26,98,14630.57
2023-12-29,26,104,15411.64
2023-12-30,26,124,18096.0
2023-12-31,26,51,7419.72
2024-01-01,26,141,21056.13
2024-01-02,26,129,19403.93
2024-01-03,26,127,18936.66
2024-01-04,26,126,18920.56
2024-01-05,26,132,19113.27
2024-01-06,26,105,15933.28
2024-01-07,26,85,12476.56
2024-01-08,26,112,16985.74
2024-01-09,26,124,18457.5
2024-01-10,26,117,16923.11
2024-01-11,26,120,17672.43
2024-01-12,26,110,15931.14
2024-01-13,26,125,18305.4
2024-01-14,26,79,11350.39
2024-01-15,26,93,13622.49
2024-01-16,26,124,17877.8
2024-01-17,26,123,18314.41
2024-01-18,26,145,22024.45
2024-01-19,26,94,13905.2
2024-01-20,26,108,16355.03
2024-01-21,26,64,9359.08
2024-01-22,26,103,15280.45
2024-01-23,26,112,16958.27
2024-01-24,26,135,19659.0
2024-01-25,26,119,17720.44
2024-01-26,26,116,17544.26
2024-01-27,26,116,17454.97
2024-01-28,26,58,8515.44
2024-01-29,26,148,21591.11
2024-01-30,26,153,22379.64
2024-01-31,26,136,20247.72
2024-02-01,26,138,20597.53
2024-02-02,26,155,23184.94
2024-02-03,26,86,12406.96
2024-02-04,26,68,9881.5
2024-02-05,26,143,20902.56
2024-02-06,26,121,17842.74
2024-02-07,26,121,17547.73
2024-02-08,26,100,15097.82
2024-02-09,26,140,20843.97
2024-02-10,26,82,12083.83
2024-02-11,26,54,7898.38
2024-02-12,26,130,19186.68
2024-02-13,26,103,15276.3
2024-02-14,26,130,18978.63
2024-02-15,26,134,20390.04
2024-02-16,26,129,18982.19
2024-02-17,26,101,14879.72
2024-02-18,26,54,7941.79
2024-02-19,26,114,16687.04
2024-02-20,26,139,20035.59
2024-02-21,26,103,15493.93
2024-02-22,26,112,16866.35
2024-02-23,26,146,21717.09
2024-02-24,26,87,13051.35
2024-02-25,26,63,9508.83
2024-02-26,26,128,18980.68
2024-02-27,26,162,24245.58
2024-02-28,26,121,18241.63
2024-02-29,26,146,21149.45
2024-03-01,26,103,15239.32
2024-03-02,26,95,13793.25
2024-03-03,26,75,11007.6
2024-03-04,26,127,18990.23
2024-03-05,26,161,23744.78
2024-03-06,26,115,17087.41
2024-03-07,26,115,17393.51
2024-03-08,26,126,18803.11
2024-03-09,26,104,15082.75
2024-03-10,26,61,9092.38
2024-03-11,26,124,18606.26
2024-03-12,26,111,16684.47
2024-03-13,26,109,16187.58
2024-03-14,26,115,17515.41
2024-03-15,26,122,17654.98
2024-03-16,26,101,14959.39
2024-03-17,26,54,7941.43
2024-03-18,26,118,17811.69
2024-03-19,26,115,16794.73
2024-03-20,26,94,14336.43
2024-03-21,26,116,17603.82
2024-03-22,26,111,16595.81
2024-03-23,26,85,12753.64
2024-03-24,26,61,8898.05
2024-03-25,26,124,18783.06
2024-03-26,26,142,21591.45
2024-03-27,26,149,22772.35
2024-03-28,26,93,14181.49
2024-03-29,26,121,17708.16
2024-03-30,26,86,12933.5
2024-03-31,26,66,10103.42
2024-04-01,26,108,15688.48
2024-04-02,26,103,15568.11
2024-04-03,26,95,13739.73
2024-04-04,26,127,19159.22
2024-04-05,26,99,14543.81
2024-04-06,26,85,12686.73
2024-04-07,26,62,9058.32
2024-04-08,26,101,15485.16
2024-04-09,26,90,13027.45
2024-04-10,26,109,16286.05
2024-04-11,26,179,27006.21
2024-04-12,26,107,15814.52
2024-04-13,26,81,11987.98
2024-04-14,26,45,6858.3
2024-04-15,26,121,17981.24
2024-04-16,26,95,13936.12
2024-04-17,26,71,10528.77
2024-04-18,26,128,18952.96
2024-04-19,26,104,15662.99
2024-04-20,26,74,10929.08
2024-04-21,26,45,6635.09
2024-04-22,26,98,14794.53
2024-04-23,26,111,16385.72
2024-04-24,26,79,11690.13
2024-04-25,26,81,11789.31
2024-04-26,26,86,12967.72
2024-04-27,26,74,10888.69
2024-04-28,26,25,3680.47
2024-04-29,26,123,18205.73
2024-04-30,26,106,15723.97
2024-05-01,26,73,11104.28
2024-05-02,26,75,11513.27
2024-05-03,26,52,7874.07
2024-05-04,26,67,10136.53
2024-05-05,26,40,5954.31
2024-05-06,26,64,9695.66
2024-05-07,26,71,10898.75
2024-05-08,26,79,11797.99
2024-05-09,26,79,11641.3
2024-05-10,26,90,13228.9
2024-05-11,26,104,15569.24
2024-05-12,26,45,6650.11
2024-05-13,26,77,11802.56
2024-05-14,26,80,12060.38
2024-05-15,26,93,13951.17
2024-05-16,26,70,10206.79
2024-05-17,26,81,12404.34
2024-05-18,26,79,12080.61
2024-05-19,26,43,6434.55
2024-05-20,26,91,13917.88
2024-05-21,26,78,11498.7
2024-05-22,26,88,12894.48
2024-05-23,26,75,11516.55
2024-05-24,26,63,9600.57
2024-05-25,26,77,11261.0
2024-05-26,26,48,7113.21
2024-05-27,26,91,13402.4
2024-05-28,26,94,14371.5
2024-05-29,26,85,12680.95
2024-05-30,26,99,14903.25
2024-05-31,26,112,16821.63
2024-06-01,26,83,12503.82
2024-06-02,26,39,5963.58
2024-06-03,26,83,12519.43
2024-06-04,26,72,10966.26
2024-06-05,26,80,11765.78
2024-06-06,26,43,6488.74
2024-06-07,26,68,10199.34
2024-06-08,26,73,10831.45
2024-06-09,26,30,4413.1
2024-06-10,26,87,13343.16
2024-06-11,26,91,13395.74
2024-06-12,26,63,9306.85
2024-06-13,26,67,10030.62
2024-06-14,26,69,10510.01
2024-06-15,26,66,10092.48
2024-06-16,26,41,6055.83
2024-06-17,26,60,9190.07
2024-06-18,26,74,10988.86
2024-06-19,26,79,12112.79
2024-06-20,26,88,13566.33
2024-06-21,26,76,11461.88
2024-06-22,26,76,11678.26
2024-06-23,26,35,5301.84
2024-06-24,26,57,8672.03
2024-06-25,26,72,10941.77
2024-06-26,26,61,9175.57
2024-06-27,26,62,9508.5
2024-06-28,26,78,12037.8
2024-06-29,26,72,10914.57
2024-06-30,26,39,5850.5
2024-07-01,26,74,11207.29
2024-07-02,26,72,10849.28
2024-07-03,26,91,13951.95
2024-07-04,26,63,9546.36
2024-07-05,26,82,12262.71
2024-07-06,26,50,7642.76
2024-07-07,26,65,9553.8
2024-07-08,26,82,11983.4
2024-07-09,26,102,15095.19
2024-07-10,26,66,10004.25
2024-07-11,26,74,11420.32
2024-07-12,26,82,12304.46
2024-07-13,26,86,12651.65
2024-07-14,26,40,5870.04
2024-07-15,26,48,7200.56
2024-07-16,26,74,11040.17
2024-07-17,26,55,8429.92
2024-07-18,26,62,9191.86
2024-07-19,26,67,10285.89
2024-07-20,26,54,7932.8
2024-07-21,26,46,6996.05
2024-07-22,26,78,11959.73
2024-07-23,26,85,12961.33
2024-07-24,26,66,9880.07
2024-07-25,26,66,9656.52
2024-07-26,26,71,10848.24
2024-07-27,26,65,9654.64
2024-07-28,26,33,4984.37
2024-07-29,26,56,8542.83
2024-07-30,26,80,11841.22
2024-07-31,26,87,13197.2
2024-08-01,26,89,13768.05
2024-08-02,26,85,12487.94
2024-08-03,26,58,8979.23
2024-08-04,26,39,5991.96
2024-08-05,26,63,9281.28
2024-08-06,26,73,10925.09
2024-08-07,26,65,9943.23
2024-08-08,26,74,10977.01
2024-08-09,26,95,14652.5
2024-08-10,26,85,13199.53
2024-08-11,26,30,4594.7
2024-08-12,26,72,11033.27
2024-08-13,26,93,13649.99
2024-08-14,26,91,13930.44
2024-08-15,26,82,12480.18
2024-08-16,26,76,11744.97
2024-08-17,26,51,7886.7
2024-08-18,26,47,7113.42
2024-08-19,26,64,9763.45
2024-08-20,26,86,12981.43
2024-08-21,26,63,9764.93
2024-08-22,26,94,13895.64
2024-08-23,26,94,14015.89
2024-08-24,26,58,8953.17
2024-08-25,26,29,4428.53
2024-08-26,26,47,7214.18
2024-08-27,26,77,11916.49
2024-08-28,26,77,11634.05
2024-08-29,26,95,14009.51
2024-08-30,26,80,12240.02
2024-08-31,26,49,7573.14
2024-09-01,26,48,7103.95
2024-09-02,26,98,15210.59
2024-09-03,26,81,12223.49
2024-09-04,26,77,11859.79
2024-09-05,26,95,14755.82
2024-09-06,26,76,11631.86
2024-09-07,26,65,9656.99
2024-09-08,26,45,6675.26
2024-09-09,26,80,12221.41
2024-09-10,26,109,16090.35
2024-09-11,26,72,10821.94
2024-09-12,26,107,16436.94
2024-09-13,26,65,9605.62
2024-09-14,26,55,8509.25
2024-09-15,26,57,8812.23
2024-09-16,26,77,11772.83
2024-09-17,26,108,16640.65
2024-09-18,26,101,15327.74
2024-09-19,26,100,14878.47
2024-09-20,26,85,13052.83
2024-09-21,26,75,11680.47
2024-09-22,26,59,9121.79
2024-09-23,26,82,12334.34
2024-09-24,26,98,14859.54
2024-09-25,26,75,11474.36
2024-09-26,26,90,13323.96
2024-09-27,26,112,16739.28
2024-09-28,26,74,11399.3
2024-09-29,26,31,4743.58
2024-09-30,26,83,12773.56
2024-10-01,26,92,14170.56
2024-10-02,26,100,15429.7
2024-10-03,26,87,13256.54
2024-10-04,26,88,13178.41
2024-10-05,26,72,10969.69
2024-10-06,26,42,6288.48
2024-10-07,26,99,15053.53
2024-10-08,26,91,13662.47
2024-10-09,26,96,14405.23
2024-10-10,26,93,14251.88
2024-10-11,26,94,14335.59
2024-10-12,26,96,14206.19
2024-10-13,26,57,8571.95
2024-10-14,26,125,18709.71
2024-10-15,26,92,13905.35
2024-10-16,26,93,14127.07
2024-10-17,26,125,19073.66
2024-10-18,26,108,16876.2
2024-10-19,26,86,13005.85
2024-10-20,26,44,6645.3
2024-10-21,26,94,14686.2
2024-10-22,26,92,14159.03
2024-10-23,26,105,15684.14
2024-10-24,26,90,14108.78
2024-10-25,26,117,18341.55
2024-10-26,26,97,14373.18
2024-10-27,26,53,8091.04
2024-10-28,26,93,14140.53
2024-10-29,26,137,21231.86
2024-10-30,26,89,13926.08
2024-10-31,26,101,15409.39
2024-11-01,26,100,15484.09
2024-11-02,26,97,14400.27
2024-11-03,26,51,7886.97
2024-11-04,26,114,17752.53
2024-11-05,26,125,18877.11
2024-11-06,26,85,13325.37
2024-11-07,26,129,19617.3
2024-11-08,26,123,18957.31
2024-11-09,26,129,20177.67
2024-11-10,26,51,7568.75
2024-11-11,26,125,19349.61
2024-11-12,26,102,15442.51
2024-11-13,26,90,13887.41
2024-11-14,26,115,17415.6
2024-11-15,26,98,14928.93
2024-11-16,26,103,15990.83
2024-11-17,26,62,9203.68
2024-11-18,26,74,11031.68
2024-11-19,26,87,13003.96
2024-11-20,26,77,11416.4
2024-11-21,26,100,15202.54
2024-11-22,26,98,14994.15
2024-11-23,26,107,16289.6
2024-11-24,26,51,7826.35
2024-11-25,26,121,18864.05
2024-11-26,26,86,12751.61
2024-11-27,26,137,20771.67
2024-11-28,26,123,18247.28
2024-11-29,26,86,12989.71
2024-11-30,26,98,14800.19
2024-12-01,26,65,10214.63
2024-12-02,26,120,18303.91
2024-12-03,26,109,16193.25
2024-12-04,26,174,27070.97
2024-12-05,26,143,21349.15
2024-12-06,26,145,22225.28
2024-12-07,26,132,20240.47
2024-12-08,26,42,6266.99
2024-12-09,26,120,17928.08
2024-12-10,26,120,17891.25
2024-12-11,26,133,20203.21
2024-12-12,26,148,23208.01
2024-12-13,26,141,20952.71
2024-12-14,26,118,18291.49
2024-12-15,26,38,5943.21
2024-12-16,26,79,11863.69
2024-12-17,26,124,18808.62
2024-12-18,26,136,20397.49
2024-12-19,26,157,24343.86
2024-12-20,26,147,22868.14
2024-12-21,26,115,17998.75
2024-12-22,26,59,8801.05
2024-12-23,26,138,20604.77
2024-12-24,26,130,19460.53
2024-12-25,26,110,17162.58
2024-12-26,26,139,20774.71
2024-12-27,26,110,17021.64
2024-12-28,26,92,13904.95
2024-12-29,26,68,10481.16
2024-12-30,26,127,19140.83
2024-12-31,26,108,16590.48
2025-01-01,26,151,22630.87
2025-01-02,26,157,24356.63
2025-01-03,26,108,16286.39
2025-01-04,26,77,11806.83
2025-01-05,26,61,9474.92
2025-01-06,26,142,21343.54
2025-01-07,26,143,22216.13
2025-01-08,26,145,22804.86
2025-01-09,26,118,17918.5
2025-01-10,26,131,19777.12
2025-01-11,26,120,18134.0
2025-01-12,26,50,7865.67
2025-01-13,26,123,19110.95
2025-01-14,26,106,16212.2
2025-01-15,26,138,21201.72
2025-01-16,26,129,20276.76
2025-01-17,26,113,17252.02
2025-01-18,26,80,12208.32
2025-01-19,26,66,9857.6
2025-01-20,26,134,20509.31
2025-01-21,26,137,21113.37
2025-01-22,26,121,18880.78
2025-01-23,26,152,22998.74
2025-01-24,26,113,17474.35
2025-01-25,26,115,17425.4
2025-01-26,26,45,6963.32
2025-01-27,26,116,17382.61
2025-01-28,26,139,21287.57
2025-01-29,26,134,20771.9
2025-01-30,26,135,20825.1
2025-01-31,26,138,21387.01
2025-02-01,26,101,15686.46
2025-02-02,26,70,10673.1
2025-02-03,26,145,21643.87
2025-02-04,26,142,21581.82
2025-02-05,26,124,19637.58
2025-02-06,26,142,22427.36
2025-02-07,26,218,33792.12
2025-02-08,26,92,14434.0
2025-02-09,26,61,9534.41
2025-02-10,26,139,21178.33
2025-02-11,26,176,27445.64
2025-02-12,26,132,20425.87
2025-02-13,26,150,22641.51
2025-02-14,26,116,17390.59
2025-02-15,26,111,16764.86
2025-02-16,26,51,7697.93
2025-02-17,26,147,22562.96
2025-02-18,26,161,24626.03
2025-02-19,26,161,25088.04
2025-02-20,26,151,23541.93
2025-02-21,26,127,20158.31
2025-02-22,26,123,18728.84
2025-02-23,26,57,8740.06
2025-02-24,26,143,21780.54
2025-02-25,26,155,23670.71
2025-02-26,26,141,21672.79
2025-02-27,26,157,24551.81
2025-02-28,26,112,17608.39
2025-03-01,26,121,18614.85
2025-03-02,26,56,8763.33
2025-03-03,26,127,19417.66
2025-03-04,26,123,19293.28
2025-03-05,26,127,20153.03
2025-03-06,26,133,20350.53
2025-03-07,26,139,21701.92
2025-03-08,26,113,17139.32
2025-03-09,26,75,11460.99
2025-03-10,26,155,23412.69
2025-03-11,26,142,21533.74
2025-03-12,26,122,18851.95
2025-03-13,26,139,21433.83
2025-03-14,26,125,18899.71
2025-03-15,26,83,13010.18
2025-03-16,26,52,8153.89
2025-03-17,26,130,20286.28
2025-03-18,26,129,19685.85
2025-03-19,26,141,21730.58
2025-03-20,26,113,17861.65
2025-03-21,26,123,19240.7
2025-03-22,26,84,12824.57
2025-03-23,26,51,8102.92
2025-03-24,26,100,15617.76
2025-03-25,26,116,18042.05
2025-03-26,26,140,21706.86
2025-03-27,26,130,20533.87
2025-03-28,26,116,18383.51
2025-03-29,26,131,19839.13
2025-03-30,26,53,8370.5
2025-03-31,26,130,19566.23
2025-04-01,26,123,19458.76
2025-04-02,26,127,19344.29
2025-04-03,26,128,19509.98
2025-04-04,26,101,15562.34
2025-04-05,26,86,13193.24
2025-04-06,26,44,6952.03
2025-04-07,26,104,15882.43
2025-04-08,26,103,16158.54
2025-04-09,26,95,14678.82
2025-04-10,26,93,14492.78
2025-04-11,26,123,18656.43
2025-04-12,26,87,13394.43
2025-04-13,26,43,6581.15
2025-04-14,26,100,15305.7
2025-04-15,26,128,19793.89
2025-04-16,26,99,15383.53
2025-04-17,26,83,13007.54
2025-04-18,26,105,16506.54
2025-04-19,26,64,10071.18
2025-04-20,26,45,6906.4
2025-04-21,26,97,15342.3
2025-04-22,26,117,17793.1
2025-04-23,26,93,14267.39
2025-04-24,26,107,16311.06
2025-04-25,26,98,15354.73
2025-04-26,26,82,12918.81
2025-04-27,26,38,6016.36
2025-04-28,26,99,15599.01
2025-04-29,26,120,18279.69
2025-04-30,26,93,14286.47
2025-05-01,26,94,14382.27
2025-05-02,26,81,12734.28
2025-05-03,26,84,13198.86
2025-05-04,26,59,9291.8
2025-05-05,26,113,17891.78
2025-05-06,26,114,17315.04
2025-05-07,26,91,14054.0
2025-05-08,26,118,18206.68
2025-05-09,26,87,13552.31
2025-05-10,26,82,12553.7
2025-05-11,26,55,8321.46
2025-05-12,26,73,11166.01
2025-05-13,26,74,11795.53
2025-05-14,26,105,16699.81
2025-05-15,26,82,12691.59
2025-05-16,26,95,14923.71
2025-05-17,26,85,13144.14
2025-05-18,26,38,5937.03
2025-05-19,26,75,11821.13
2025-05-20,26,115,18095.03
2025-05-21,26,92,14201.7
2025-05-22,26,100,15519.5
2025-05-23,26,98,15456.9
2025-05-24,26,86,13559.01
2025-05-25,26,41,6471.94
2025-05-26,26,100,15508.08
2025-05-27,26,72,11175.59
2025-05-28,26,101,15687.17
2025-05-29,26,114,17318.5
2025-05-30,26,74,11516.78
2025-05-31,26,57,8677.3
2025-06-01,26,34,5283.64
2025-06-02,26,63,9521.92
2025-06-03,26,73,11329.78
2025-06-04,26,71,10811.93
2025-06-05,26,77,12289.3
2025-06-06,26,76,12110.32
2025-06-07,26,76,11942.65
2025-06-08,26,33,5055.39
2025-06-09,26,85,12997.02
2025-06-10,26,71,10849.18
2025-06-11,26,70,10645.11
2025-06-12,26,94,14342.28
2025-06-13,26,73,11234.34
2025-06-14,26,67,10429.3
2025-06-15,26,34,5251.67
2025-06-16,26,86,13335.21
2025-06-17,26,90,13916.81
2025-06-18,26,93,14125.42
2025-06-19,26,93,14373.21
2025-06-20,26,98,15331.3
2025-06-21,26,79,12268.41
2025-06-22,26,47,7445.87
2025-06-23,26,79,11986.62
2025-06-24,26,76,11695.14
2025-06-25,26,72,11239.07
2025-06-26,26,74,11337.13
2025-06-27,26,80,12375.21
2025-06-28,26,53,8398.45
2025-06-29,26,44,6930.27
2025-06-30,26,72,11382.82
2025-07-01,26,63,9591.24
2025-07-02,26,74,11390.38
2025-07-03,26,74,11743.64
2025-07-04,26,86,13038.82
2025-07-05,26,63,9563.63
2025-07-06,26,51,7970.25
2025-07-07,26,121,18971.75
2025-07-08,26,63,9805.28
2025-07-09,26,60,9215.93
2025-07-10,26,92,14142.61
2025-07-11,26,84,13511.93
2025-07-12,26,79,12374.98
2025-07-13,26,44,6939.02
2025-07-14,26,89,13674.62
2025-07-15,26,90,13963.66
2025-07-16,26,111,16939.93
2025-07-17,26,76,11620.46
2025-07-18,26,65,10162.87
2025-07-19,26,69,10786.07
2025-07-20,26,22,3512.84
2025-07-21,26,59,9341.47
2025-07-22,26,96,15011.93
2025-07-23,26,60,9676.19
2025-07-24,26,77,12083.58
2025-07-25,26,73,11618.0
2025-07-26,26,76,12025.94
2025-07-27,26,35,5527.02
2025-07-28,26,71,11432.5
2025-07-29,26,60,9633.23
2025-07-30,26,71,10927.36
2025-07-31,26,91,14306.46
2025-08-01,26,70,11198.12
2025-08-02,26,69,10515.45
2025-08-03,26,39,6001.4
2025-08-04,26,64,10196.61
2025-08-05,26,94,14300.0
2025-08-06,26,92,14610.63
2025-08-07,26,97,15446.66
2025-08-08,26,81,12980.39
2025-08-09,26,78,12569.63
2025-08-10,26,35,5459.41
2025-08-11,26,80,12740.52
2025-08-12,26,75,12101.6
2025-08-13,26,61,9670.51
2025-08-14,26,75,11810.1
2025-08-15,26,77,11866.62
2025-08-16,26,82,13063.79
2025-08-17,26,42,6435.85
2025-08-18,26,102,16269.95
2025-08-19,26,116,17777.98
2025-08-20,26,73,11462.11
2025-08-21,26,94,14888.6
2025-08-22,26,87,14005.71
2025-08-23,26,143,22990.73
2025-08-24,26,50,8072.34
2025-08-25,26,62,9627.11
2025-08-26,26,68,11000.76
2025-08-27,26,81,12865.37
2025-08-28,26,73,11634.43
2025-08-29,26,91,14337.2
2025-08-30,26,68,10833.21
2025-08-31,26,38,6060.66
2025-09-01,26,68,10994.57
2025-09-02,26,83,12776.47
2025-09-03,26,95,14753.06
2025-09-04,26,84,12845.56
2025-09-05,26,80,12526.87
2025-09-06,26,116,18200.56
2025-09-07,26,43,6677.51
2025-09-08,26,80,12739.67
2025-09-09,26,94,14633.66
2025-09-10,26,96,14715.71
2025-09-11,26,98,15815.13
2025-09-12,26,107,16542.8
2025-09-13,26,90,14196.25
2025-09-14,26,35,5354.4
2025-09-15,26,80,12826.23
2025-09-16,26,82,13152.37
2025-09-17,26,107,17064.23
2025-09-18,26,99,15362.89
2025-09-19,26,103,16286.27
2025-09-20,26,83,13160.69
2025-09-21,26,57,9092.97
2025-09-22,26,95,14587.02
2025-09-23,26,90,14255.65
2025-09-24,26,134,21477.54
2025-09-25,26,94,15052.71
2025-09-26,26,86,13900.04
2025-09-27,26,64,10369.05
2025-09-28,26,55,8610.73
2025-09-29,26,93,15089.53
2025-09-30,26,104,16357.13
2025-10-01,26,102,16387.67
2025-10-02,26,92,14146.71
2025-10-03,26,125,19316.35
2025-10-04,26,106,16740.97
2025-10-05,26,63,10066.35
2025-10-06,26,113,17786.71
2025-10-07,26,146,23684.6
2025-10-08,26,133,21279.66
2025-10-09,26,112,17861.7
2025-10-10,26,139,22473.57
2025-10-11,26,88,13655.7
2025-10-12,26,55,8771.73
2025-10-13,26,91,14071.26
2025-10-14,26,118,18884.22
2025-10-15,26,127,19752.07
2025-10-16,26,116,18614.84
2025-10-17,26,122,19329.41
2025-10-18,26,96,14959.12
2025-10-19,26,46,7452.08
2025-10-20,26,80,12969.71
2025-10-21,26,97,15627.07
2025-10-22,26,107,17186.68
2025-10-23,26,91,14417.87
2025-10-24,26,107,17074.28
2025-10-25,26,98,15830.32
2025-10-26,26,51,8018.32
2025-10-27,26,100,15821.09
2025-10-28,26,134,21499.0
2025-10-29,26,90,14518.26
2025-10-30,26,104,16856.2
2025-10-31,26,109,17148.87
2025-11-01,26,120,18543.34
2025-11-02,26,85,13406.4
2025-11-03,26,120,18552.09
2025-11-04,26,89,14141.98
2025-11-05,26,148,23314.88
2025-11-06,26,94,14489.84
2025-11-07,26,172,27374.01
2025-11-08,26,130,20036.59
2025-11-09,26,68,10709.81
2025-11-10,26,100,16022.51
2025-11-11,26,119,18322.91
2025-11-12,26,112,17917.11
2025-11-13,26,133,20630.91
2025-11-14,26,104,16143.14
2025-11-15,26,142,22020.08
2025-11-16,26,63,10129.94
2025-11-17,26,119,18766.57
2025-11-18,26,158,25183.29
2025-11-19,26,152,24084.16
2025-11-20,26,158,24923.55
2025-11-21,26,96,14944.92
2025-11-22,26,121,19741.59
2025-11-23,26,44,7131.17
2025-11-24,26,230,35426.21
2025-11-25,26,114,18113.71
2025-11-26,26,120,19371.86
2025-11-27,26,161,25889.43
2025-11-28,26,127,20496.15
2025-11-29,26,105,16693.19
2025-11-30,26,68,10686.39
2025-12-01,26,114,18393.91
2025-12-02,26,143,22065.18
2025-12-03,26,165,26144.36
2025-12-04,26,113,17954.87
2025-12-05,26,130,20789.61
2025-12-06,26,77,12394.64
2025-12-07,26,47,7536.68
2025-12-08,26,118,18195.11
2025-12-09,26,118,18257.94
2025-12-10,26,160,25515.46
2025-12-11,26,138,22558.71
2025-12-12,26,125,19514.43
2025-12-13,26,93,15147.77
2025-12-14,26,67,10611.35
2025-12-15,26,178,28989.25
2025-12-16,26,141,21993.74
2025-12-17,26,166,26560.94
2025-12-18,26,139,21597.4
2025-12-19,26,137,21819.3
2025-12-20,26,91,14090.16
2025-12-21,26,73,11905.31
2025-12-22,26,114,18505.41
2025-12-23,26,93,15010.31
2025-12-24,26,151,23552.49
2025-12-25,26,143,22601.37
2025-12-26,26,183,29643.51
2025-12-27,26,101,15821.3
2025-12-28,26,80,12928.84
2025-12-29,26,127,20208.2
2025-12-30,26,101,16255.97
2025-12-31,26,137,22430.31
2026-01-01,26,133,21647.89
2026-01-02,26,111,17584.82
2026-01-03,26,116,18063.39
2026-01-04,26,54,8764.03
2026-01-05,26,125,20163.61
2026-01-06,26,129,21066.45
2026-01-07,26,148,23454.38
2026-01-08,26,111,17566.42
2026-01-09,26,153,24711.98
2026-01-10,26,124,19559.34
2026-01-11,26,73,11526.29
2026-01-12,26,112,17332.77
2026-01-13,26,155,24954.53
2026-01-14,26,105,17132.04
2026-01-15,26,144,23604.47
2026-01-16,26,132,20746.59
2026-01-17,26,96,15247.68
2026-01-18,26,88,13663.07
2026-01-19,26,129,21153.98
2026-01-20,26,170,27059.79
2026-01-21,26,140,22394.67
2026-01-22,26,124,19585.21
2026-01-23,26,118,18313.03
2026-01-24,26,108,17419.28
2026-01-25,26,58,9157.83
2026-01-26,26,131,20512.44
2026-01-27,26,140,22804.53
2026-01-28,26,130,21029.32
2026-01-29,26,157,24521.99
2026-01-30,26,145,23224.14
2026-01-31,26,150,23328.57
2026-02-01,26,63,10128.43
2026-02-02,26,141,22041.62
2026-02-03,26,161,25072.93
2026-02-04,26,135,21200.53
2026-02-05,26,153,24962.27
2026-02-06,26,139,22810.26
2026-02-07,26,63,9814.69
2026-02-08,26,80,12851.15
2026-02-09,26,128,20524.57
2026-02-10,26,117,18851.88
2026-02-11,26,158,25866.12
2026-02-12,26,120,18912.16
2026-02-13,26,177,27786.31
2026-02-14,26,100,15892.8
2026-02-15,26,89,14012.33
2026-02-16,26,162,25766.39
2026-02-17,26,127,19973.31
2026-02-18,26,115,18807.44
2026-02-19,26,156,25409.8
2026-02-20,26,137,21845.09
2026-02-21,26,108,17156.38
2026-02-22,26,82,13078.68
2026-02-23,26,159,25419.02
2026-02-24,26,107,16886.99
2026-02-25,26,182,28261.51
2026-02-26,26,168,26555.09
2026-02-27,26,142,22285.38
2026-02-28,26,144,22627.03
2026-03-01,26,66,10658.15
2026-03-02,26,113,18182.1
2026-03-03,26,139,22390.73
2026-03-04,26,142,23391.26
2026-03-05,26,178,29283.03
2026-03-06,26,137,21555.8
2026-03-07,26,117,18406.16
2026-03-08,26,61,9558.87
2026-03-09,26,147,23654.03
2026-03-10,26,137,21649.5
2026-03-11,26,156,25622.83
2026-03-12,26,181,29602.62
2026-03-13,26,150,24700.09
2026-03-14,26,140,22769.1
2026-03-15,26,56,9118.4
2026-03-16,26,146,23929.1
2026-03-17,26,153,24507.61
2026-03-18,26,124,19675.26
2026-03-19,26,125,20596.82
2026-03-20,26,163,26804.22
2026-03-21,26,149,23433.11
2026-03-22,26,69,11196.81
2026-03-23,26,161,26591.24
2026-03-24,26,146,22955.08
2026-03-25,26,129,20711.06
2026-03-26,26,134,21338.62
2026-03-27,26,148,23507.66
2026-03-28,26,109,17423.63
2026-03-29,26,66,10830.48
2026-03-30,26,126,20368.13
2026-03-31,26,115,18712.48
2026-04-01,26,122,20062.14
2026-04-02,26,124,20458.66
2026-04-03,26,118,18653.51
2026-04-04,26,93,14941.3
2026-04-05,26,50,8128.96
2026-04-06,26,144,23813.5
2026-04-07,26,141,22081.68
2026-04-08,26,110,17558.99
2026-04-09,26,99,15556.74
2026-04-10,26,112,18053.94
2026-04-11,26,114,18095.59
2026-04-12,26,67,10608.09
2026-04-13,26,106,16661.42
2026-04-14,26,109,17287.22
2026-04-15,26,111,17760.69
2026-04-16,26,86,13442.81
2026-04-17,26,86,14152.6
2026-04-18,26,95,15277.68
2026-04-19,26,53,8377.24
2026-04-20,26,281,45528.93
2026-04-21,26,100,16428.57
2026-04-22,26,117,18490.87
2026-04-23,26,89,14261.28
2026-04-24,26,137,21502.69
2026-04-25,26,90,14749.21
2026-04-26,26,61,10041.48
2026-04-27,26,127,20117.5
2026-04-28,26,116,18575.66
2026-04-29,26,130,20830.58
2026-04-30,26,99,15835.35
2026-05-01,26,93,14876.97
2026-05-02,26,94,15302.37
2026-05-03,26,42,6929.48
2026-05-04,26,111,17467.21
2026-05-05,26,89,14452.87
2026-05-06,26,109,17511.69
2026-05-07,26,89,14174.38
2026-05-08,26,110,17307.12
2026-05-09,26,80,13024.56
2026-05-10,26,47,7642.32
2026-05-11,26,95,15001.84
2026-05-12,26,108,17937.94
2026-05-13,26,120,18944.07
2026-05-14,26,84,13300.47
2026-05-15,26,91,14809.46
2026-05-16,26,59,9276.12
2026-05-17,26,55,8986.14
2026-05-18,26,96,15585.99
2026-05-19,26,133,21679.22
2026-05-20,26,84,13230.5
2026-05-21,26,101,16027.72
2026-05-22,26,99,15818.84
2026-05-23,26,111,17428.91
2026-05-24,26,44,6989.24
2026-05-25,26,117,19353.63
2026-05-26,26,116,19260.59
2026-05-27,26,118,18916.96
2026-05-28,26,86,14239.35
2026-05-29,26,103,17026.47
2026-05-30,26,97,15519.88
2026-05-31,26,43,7028.86
2026-06-01,26,81,13332.08
2026-06-02,26,93,15090.9
2026-06-03,26,81,12944.62
2026-06-04,26,66,10673.92
2026-06-05,26,70,11608.08
2026-06-06,26,73,11958.81
2026-06-07,26,38,6029.75
2026-06-08,26,77,12756.77
2026-06-09,26,72,11597.28
2026-06-10,26,93,14925.77
2026-06-11,26,95,15028.53
2026-06-12,26,104,16543.44
2026-06-13,26,73,11743.32
2026-06-14,26,62,10024.31
2026-06-15,26,93,14702.11
2026-06-16,26,106,17621.68
2026-06-17,26,92,15138.64
2026-06-18,26,118,19571.26
2026-06-19,26,106,17545.98
2026-06-20,26,55,8983.77
2026-06-21,26,44,7037.4
2026-06-22,26,96,15515.3
2026-06-23,26,93,14897.42
2026-06-24,26,104,16615.51
2026-06-25,26,85,13388.67
2026-06-26,26,100,16329.67
2026-06-27,26,65,10554.04
2026-06-28,26,21,3355.4
2026-06-29,26,88,14630.37
2026-06-30,26,79,12757.03
2026-07-01,26,74,11815.74
2026-07-02,26,100,16392.11
2026-07-03,26,76,12109.64
2026-07-04,26,72,11568.43
2026-07-05,26,29,4721.74
2026-07-06,26,90,15018.61
2026-07-07,26,81,13148.0
2026-07-08,26,58,9267.25
2026-07-09,26,89,14082.47
2026-07-10,26,80,13052.83
2026-07-11,26,59,9526.76
2026-07-12,26,29,4740.32
2026-07-13,26,105,16886.3
2026-07-14,26,71,11250.85
2026-07-15,26,59,9673.29
2026-07-16,26,88,14200.09
2026-07-17,26,53,8791.08
2026-07-18,26,62,10340.33
2026-07-19,26,52,8256.65
2026-07-20,26,65,10842.03
2026-07-21,26,93,15279.35
2026-07-22,26,86,13809.44
2026-07-23,26,84,13477.54
2026-07-24,26,89,14532.23
2026-07-25,26,77,12579.99
2026-07-26,26,41,6614.45
2026-07-27,26,84,13822.82
2026-07-28,26,118,18696.33
2026-07-29,26,64,10549.85
2026-07-30,26,83,13256.0
2026-07-31,26,151,24639.2
2026-08-01,26,92,14791.15
2026-08-02,26,36,5972.77
2026-08-03,26,97,15449.18
2026-08-04,26,87,13980.81
2026-08-05,26,88,14525.89
2026-08-06,26,107,17689.21
2026-08-07,26,80,12758.47
2026-08-08,26,77,12764.29
2026-08-09,26,31,5138.38
2026-08-10,26,87,14246.9
2026-08-11,26,78,13014.36
2026-08-12,26,77,12537.84
2026-08-13,26,87,14059.88
2026-08-14,26,90,14713.23
2026-08-15,26,61,9868.18
2026-08-16,26,53,8457.7
2026-08-17,26,100,16526.37
2026-08-18,26,74,11954.69
2026-08-19,26,106,17148.73
2026-08-20,26,74,12143.39
2026-08-21,26,91,15054.36
2026-08-22,26,84,13516.77
2026-08-23,26,36,5778.54
2026-08-24,26,97,15773.04
2026-08-25,26,70,11090.99
2026-08-26,26,93,15226.43
2026-08-27,26,96,15977.41
2026-08-28,26,88,14272.68
2026-08-29,26,43,7006.26
2026-08-30,26,45,7339.02
2026-08-31,26,92,15073.95
2026-09-01,26,101,16335.34
2026-09-02,26,124,20318.72
2026-09-03,26,106,17734.54
2026-09-04,26,116,18829.91
2026-09-05,26,99,15734.65
2026-09-06,26,48,7903.0
2026-09-07,26,109,18304.49
2026-09-08,26,83,13882.32
2026-09-09,26,137,22710.06
2026-09-10,26,84,13890.89
2026-09-11,26,112,18035.57
2026-09-12,26,80,13170.86
2026-09-13,26,66,11036.7
2026-09-14,26,100,16244.5
2026-09-15,26,111,18099.45
2026-09-16,26,89,14369.66
2026-09-17,26,97,15476.45
2026-09-18,26,105,17543.38
2026-09-19,26,67,10729.94
2026-09-20,26,44,7371.38
2026-09-21,26,88,14229.77
2026-09-22,26,119,19086.9
2026-09-23,26,129,20817.53
2026-09-24,26,80,13197.11
2026-09-25,26,90,14424.92
2026-09-26,26,78,12833.56
2026-09-27,26,54,8797.64
2026-09-28,26,98,15905.91
2026-09-29,26,86,14000.09
2026-09-30,26,82,13174.14
2023-10-01,27,34,3748.66
2023-10-02,27,42,4873.94
2023-10-03,27,34,3814.43
2023-10-04,27,34,3842.09
2023-10-05,27,52,5840.09
2023-10-06,27,46,5245.93
2023-10-07,27,33,3641.88
2023-10-08,27,21,2317.3
2023-10-09,27,34,3850.78
2023-10-10,27,38,4207.04
2023-10-11,27,40,4585.5
2023-10-12,27,36,4102.91
2023-10-13,27,39,4336.15
2023-10-14,27,33,3642.53
2023-10-15,27,19,2100.64
2023-10-16,27,36,3983.63
2023-10-17,27,55,6177.43
2023-10-18,27,40,4404.74
2023-10-19,27,53,6057.66
2023-10-20,27,27,3037.58
2023-10-21,27,37,4158.16
2023-10-22,27,24,2731.33
2023-10-23,27,30,3302.83
2023-10-24,27,27,3068.27
2023-10-25,27,56,6376.76
2023-10-26,27,43,4915.97
2023-10-27,27,45,4963.75
2023-10-28,27,31,3554.45
2023-10-29,27,10,1128.48
2023-10-30,27,46,5127.0
2023-10-31,27,53,5859.73
2023-11-01,27,46,5334.14
2023-11-02,27,40,4671.93
2023-11-03,27,51,5652.69
2023-11-04,27,33,3639.2
2023-11-05,27,20,2287.54
2023-11-06,27,45,5129.8
2023-11-07,27,56,6428.11
2023-11-08,27,28,3106.15
2023-11-09,27,40,4597.87
2023-11-10,27,53,5886.37
2023-11-11,27,37,4191.37
2023-11-12,27,37,4097.79
2023-11-13,27,55,6334.21
2023-11-14,27,51,5802.93
2023-11-15,27,42,4811.56
2023-11-16,27,54,5961.88
2023-11-17,27,56,6454.97
2023-11-18,27,48,5307.1
2023-11-19,27,33,3776.24
2023-11-20,27,47,5211.7
2023-11-21,27,66,7568.77
2023-11-22,27,62,6992.78
2023-11-23,27,45,5005.52
2023-11-24,27,44,5083.37
2023-11-25,27,54,6083.29
2023-11-26,27,20,2264.71
2023-11-27,27,43,4966.5
2023-11-28,27,54,6217.6
2023-11-29,27,29,3314.85
2023-11-30,27,39,4483.25
2023-12-01,27,55,6408.14
2023-12-02,27,50,5603.73
2023-12-03,27,25,2860.88
2023-12-04,27,51,5880.8
2023-12-05,27,62,6901.66
2023-12-06,27,54,6101.01
2023-12-07,27,57,6309.23
2023-12-08,27,48,5556.87
2023-12-09,27,42,4877.29
2023-12-10,27,22,2542.96
2023-12-11,27,52,6021.99
2023-12-12,27,46,5234.2
2023-12-13,27,51,5839.96
2023-12-14,27,52,6027.68
2023-12-15,27,80,9370.87
2023-12-16,27,48,5382.59
2023-12-17,27,22,2545.05
2023-12-18,27,53,5896.83
2023-12-19,27,36,4060.89
2023-12-20,27,52,6109.81
2023-12-21,27,76,8720.87
2023-12-22,27,113,12590.66
2023-12-23,27,45,5037.21
2023-12-24,27,22,2479.56
2023-12-25,27,41,4569.31
2023-12-26,27,62,7021.0
2023-12-27,27,46,5143.74
2023-12-28,27,62,7072.16
2023-12-29,27,58,6643.47
2023-12-30,27,38,4466.67
2023-12-31,27,27,3126.95
2024-01-01,27,66,7340.69
2024-01-02,27,62,7228.88
2024-01-03,27,68,7586.28
2024-01-04,27,67,7459.95
2024-01-05,27,57,6642.19
2024-01-06,27,54,6254.68
2024-01-07,27,28,3114.91
2024-01-08,27,52,5989.58
2024-01-09,27,49,5624.55
2024-01-10,27,57,6503.06
2024-01-11,27,65,7555.57
2024-01-12,27,79,9177.41
2024-01-13,27,52,5818.02
2024-01-14,27,16,1824.6
2024-01-15,27,63,7107.34
2024-01-16,27,53,6054.03
2024-01-17,27,66,7428.6
2024-01-18,27,50,5626.38
2024-01-19,27,64,7468.01
2024-01-20,27,38,4432.31
2024-01-21,27,29,3265.44
2024-01-22,27,60,6871.37
2024-01-23,27,58,6558.08
2024-01-24,27,61,7145.13
2024-01-25,27,51,5923.55
2024-01-26,27,62,6903.3
2024-01-27,27,42,4858.07
2024-01-28,27,14,1637.63
2024-01-29,27,49,5558.45
2024-01-30,27,72,8407.53
2024-01-31,27,49,5520.0
2024-02-01,27,74,8427.89
2024-02-02,27,54,6293.56
2024-02-03,27,60,7016.6
2024-02-04,27,33,3699.15
2024-02-05,27,77,8902.36
2024-02-06,27,51,5824.77
2024-02-07,27,47,5443.9
2024-02-08,27,61,6800.09
2024-02-09,27,60,6731.94
2024-02-10,27,51,5897.18
2024-02-11,27,36,4092.0
2024-02-12,27,73,8509.87
2024-02-13,27,70,8143.96
2024-02-14,27,55,6361.87
2024-02-15,27,52,5892.82
2024-02-16,27,68,8039.47
2024-02-17,27,78,9069.36
2024-02-18,27,38,4349.56
2024-02-19,27,55,6229.9
2024-02-20,27,81,9244.6
2024-02-21,27,61,7021.11
2024-02-22,27,60,6789.84
2024-02-23,27,57,6369.21
2024-02-24,27,74,8295.6
2024-02-25,27,42,4771.62
2024-02-26,27,59,6683.39
2024-02-27,27,47,5422.65
2024-02-28,27,50,5908.89
2024-02-29,27,77,8612.99
2024-03-01,27,42,4772.84
2024-03-02,27,49,5769.6
2024-03-03,27,30,3485.27
2024-03-04,27,67,7504.0
2024-03-05,27,71,8253.15
2024-03-06,27,61,7097.09
2024-03-07,27,46,5420.79
2024-03-08,27,59,6743.23
2024-03-09,27,49,5755.75
2024-03-10,27,20,2261.95
2024-03-11,27,58,6521.82
2024-03-12,27,44,5195.68
2024-03-13,27,65,7653.06
2024-03-14,27,47,5564.64
2024-03-15,27,103,11724.12
2024-03-16,27,58,6729.28
2024-03-17,27,25,2821.54
2024-03-18,27,59,6634.49
2024-03-19,27,42,4959.85
2024-03-20,27,57,6733.3
2024-03-21,27,54,6178.1
2024-03-22,27,68,7627.02
2024-03-23,27,35,3925.45
2024-03-24,27,37,4327.41
2024-03-25,27,80,8966.46
2024-03-26,27,48,5610.13
2024-03-27,27,63,7225.53
2024-03-28,27,53,6192.3
2024-03-29,27,50,5934.42
2024-03-30,27,52,6011.78
2024-03-31,27,24,2712.33
2024-04-01,27,31,3566.93
2024-04-02,27,34,3989.56
2024-04-03,27,29,3355.3
2024-04-04,27,42,4874.23
2024-04-05,27,40,4740.1
2024-04-06,27,52,5918.96
2024-04-07,27,25,2972.89
2024-04-08,27,56,6501.98
2024-04-09,27,41,4775.28
2024-04-10,27,32,3802.28
2024-04-11,27,70,7926.07
2024-04-12,27,48,5569.08
2024-04-13,27,33,3852.45
2024-04-14,27,23,2710.29
2024-04-15,27,54,6335.17
2024-04-16,27,42,4982.02
2024-04-17,27,49,5606.34
2024-04-18,27,64,7251.89
2024-04-19,27,46,5342.69
2024-04-20,27,45,5121.84
2024-04-21,27,16,1850.58
2024-04-22,27,46,5432.39
2024-04-23,27,48,5629.42
2024-04-24,27,36,4211.87
2024-04-25,27,49,5659.17
2024-04-26,27,45,5310.63
2024-04-27,27,51,6055.7
2024-04-28,27,17,1945.63
2024-04-29,27,43,5070.31
2024-04-30,27,57,6619.63
2024-05-01,27,50,5943.58
2024-05-02,27,35,4107.18
2024-05-03,27,34,3991.09
2024-05-04,27,36,4248.82
2024-05-05,27,23,2674.56
2024-05-06,27,34,4010.26
2024-05-07,27,45,5229.26
2024-05-08,27,40,4501.69
2024-05-09,27,34,4038.59
2024-05-10,27,47,5608.65
2024-05-11,27,30,3380.72
2024-05-12,27,24,2815.58
2024-05-13,27,43,4836.1
2024-05-14,27,30,3550.98
2024-05-15,27,42,4965.36
2024-05-16,27,43,4929.01
2024-05-17,27,43,5054.3
2024-05-18,27,30,3404.72
2024-05-19,27,18,2067.23
2024-05-20,27,37,4394.85
2024-05-21,27,55,6215.82
2024-05-22,27,49,5766.12
2024-05-23,27,36,4076.28
2024-05-24,27,61,7218.83
2024-05-25,27,46,5309.4
2024-05-26,27,19,2144.68
2024-05-27,27,25,2864.71
2024-05-28,27,28,3198.42
2024-05-29,27,44,5116.49
2024-05-30,27,37,4302.54
2024-05-31,27,38,4298.93
2024-06-01,27,44,5163.7
2024-06-02,27,18,2141.29
2024-06-03,27,40,4587.71
2024-06-04,27,44,5197.47
2024-06-05,27,23,2615.53
2024-06-06,27,47,5351.03
2024-06-07,27,37,4237.38
2024-06-08,27,36,4234.41
2024-06-09,27,14,1594.6
2024-06-10,27,26,3101.56
2024-06-11,27,42,4862.74
2024-06-12,27,36,4244.6
2024-06-13,27,51,6074.96
2024-06-14,27,40,4521.19
2024-06-15,27,37,4285.55
2024-06-16,27,20,2286.02
2024-06-17,27,43,4905.91
2024-06-18,27,36,4240.89
2024-06-19,27,60,7148.83
2024-06-20,27,41,4709.27
2024-06-21,27,34,4009.2
2024-06-22,27,28,3220.91
2024-06-23,27,17,1925.72
2024-06-24,27,30,3535.45
2024-06-25,27,29,3460.81
2024-06-26,27,44,5277.52
2024-06-27,27,35,3983.37
2024-06-28,27,43,4986.36
2024-06-29,27,34,4052.19
2024-06-30,27,19,2219.33
2024-07-01,27,41,4774.26
2024-07-02,27,42,4922.44
2024-07-03,27,51,6101.5
2024-07-04,27,31,3696.41
2024-07-05,27,33,3886.16
2024-07-06,27,46,5237.56
2024-07-07,27,20,2376.12
2024-07-08,27,44,5042.26
2024-07-09,27,31,3705.5
2024-07-10,27,31,3548.43
2024-07-11,27,41,4816.82
2024-07-12,27,38,4563.83
2024-07-13,27,25,2875.12
2024-07-14,27,23,2721.01
2024-07-15,27,49,5736.93
2024-07-16,27,29,3367.04
2024-07-17,27,35,4088.29
2024-07-18,27,41,4817.58
2024-07-19,27,34,3889.32
2024-07-20,27,31,3693.13
2024-07-21,27,11,1304.13
2024-07-22,27,34,3910.25
2024-07-23,27,54,6253.37
2024-07-24,27,24,2773.83
2024-07-25,27,36,4088.62
2024-07-26,27,31,3726.71
2024-07-27,27,29,3296.54
2024-07-28,27,22,2578.79
2024-07-29,27,32,3843.44
2024-07-30,27,42,4932.68
2024-07-31,27,39,4544.55
2024-08-01,27,53,6117.84
2024-08-02,27,30,3442.19
2024-08-03,27,41,4850.43
2024-08-04,27,21,2514.11
2024-08-05,27,29,3398.66
2024-08-06,27,39,4663.24
2024-08-07,27,29,3300.92
2024-08-08,27,38,4346.62
2024-08-09,27,30,3450.81
2024-08-10,27,27,3117.0
2024-08-11,27,15,1724.9
2024-08-12,27,28,3308.45
2024-08-13,27,43,4994.98
2024-08-14,27,30,3407.94
2024-08-15,27,33,3752.29
2024-08-16,27,32,3806.07
2024-08-17,27,32,3858.05
2024-08-18,27,19,2196.07
2024-08-19,27,38,4502.98
2024-08-20,27,45,5161.51
2024-08-21,27,27,3234.03
2024-08-22,27,46,5264.91
2024-08-23,27,35,4020.05
2024-08-24,27,34,4002.88
2024-08-25,27,21,2512.44
2024-08-26,27,31,3588.97
2024-08-27,27,39,4634.02
2024-08-28,27,59,6894.13
2024-08-29,27,26,3000.1
2024-08-30,27,29,3462.37
2024-08-31,27,40,4734.55
2024-09-01,27,13,1500.36
2024-09-02,27,41,4886.91
2024-09-03,27,47,5457.38
2024-09-04,27,36,4126.21
2024-09-05,27,55,6264.46
2024-09-06,27,54,6422.77
2024-09-07,27,37,4240.32
2024-09-08,27,30,3551.85
2024-09-09,27,36,4288.25
2024-09-10,27,49,5873.19
2024-09-11,27,31,3598.62
2024-09-12,27,37,4378.04
2024-09-13,27,33,3949.52
2024-09-14,27,39,4516.3
2024-09-15,27,23,2775.46
2024-09-16,27,37,4269.26
2024-09-17,27,44,5254.25
2024-09-18,27,57,6533.37
2024-09-19,27,52,6283.99
2024-09-20,27,45,5345.02
2024-09-21,27,47,5650.11
2024-09-22,27,27,3198.7
2024-09-23,27,94,11026.91
2024-09-24,27,40,4678.65
2024-09-25,27,52,5950.6
2024-09-26,27,39,4451.48
2024-09-27,27,31,3721.56
2024-09-28,27,43,5072.69
2024-09-29,27,23,2663.87
2024-09-30,27,45,5276.99
2024-10-01,27,51,6128.91
2024-10-02,27,47,5652.72
2024-10-03,27,39,4549.94
2024-10-04,27,36,4198.9
2024-10-05,27,40,4831.05
2024-10-06,27,24,2903.53
2024-10-07,27,59,6993.91
2024-10-08,27,56,6443.45
2024-10-09,27,48,5711.02
2024-10-10,27,36,4176.09
2024-10-11,27,37,4476.46
2024-10-12,27,29,3415.69
2024-10-13,27,16,1861.74
2024-10-14,27,50,5799.55
2024-10-15,27,34,3944.5
2024-10-16,27,50,6067.09
2024-10-17,27,46,5270.01
2024-10-18,27,55,6480.83
2024-10-19,27,54,6186.06
2024-10-20,27,16,1941.14
2024-10-21,27,45,5253.5
2024-10-22,27,37,4271.9
2024-10-23,27,57,6579.91
2024-10-24,27,38,4529.59
2024-10-25,27,44,5293.45
2024-10-26,27,35,4157.22
2024-10-27,27,29,3451.6
2024-10-28,27,50,5948.88
2024-10-29,27,41,4909.49
2024-10-30,27,62,7346.5
2024-10-31,27,45,5420.47
2024-11-01,27,57,6765.65
2024-11-02,27,28,3237.42
2024-11-03,27,28,3383.12
2024-11-04,27,52,5998.99
2024-11-05,27,63,7639.57
2024-11-06,27,60,7022.17
2024-11-07,27,56,6771.38
2024-11-08,27,55,6458.07
2024-11-09,27,45,5283.97
2024-11-10,27,21,2435.98
2024-11-11,27,40,4761.29
2024-11-12,27,68,8093.58
2024-11-13,27,71,8182.55
2024-11-14,27,60,7128.46
2024-11-15,27,47,5457.01
2024-11-16,27,27,3242.32
2024-11-17,27,18,2171.85
2024-11-18,27,46,5408.85
2024-11-19,27,32,3869.66
2024-11-20,27,64,7498.8
2024-11-21,27,57,6704.41
2024-11-22,27,51,6176.93
2024-11-23,27,43,5215.94
2024-11-24,27,23,2720.12
2024-11-25,27,52,6303.82
2024-11-26,27,52,6007.67
2024-11-27,27,51,6083.18
2024-11-28,27,55,6318.88
2024-11-29,27,54,6550.85
2024-11-30,27,31,3593.83
2024-12-01,27,33,3819.07
2024-12-02,27,70,8103.21
2024-12-03,27,49,5931.67
2024-12-04,27,71,8421.55
2024-12-05,27,56,6794.86
2024-12-06,27,53,6234.52
2024-12-07,27,58,6961.22
2024-12-08,27,29,3529.09
2024-12-09,27,85,9798.84
2024-12-10,27,47,5518.93
2024-12-11,27,68,8077.97
2024-12-12,27,56,6574.44
2024-12-13,27,77,9111.08
2024-12-14,27,52,6294.02
2024-12-15,27,45,5424.71
2024-12-16,27,52,6322.28
2024-12-17,27,53,6290.72
2024-12-18,27,67,7781.15
2024-12-19,27,71,8335.74
2024-12-20,27,66,7615.15
2024-12-21,27,54,6299.24
2024-12-22,27,28,3330.65
2024-12-23,27,79,9404.21
2024-12-24,27,78,9168.04
2024-12-25,27,97,11217.2
2024-12-26,27,43,5106.68
2024-12-27,27,47,5570.9
2024-12-28,27,48,5717.53
2024-12-29,27,29,3514.42
2024-12-30,27,72,8323.73
2024-12-31,27,81,9441.67
2025-01-01,27,63,7405.91
2025-01-02,27,64,7829.29
2025-01-03,27,65,7656.57
2025-01-04,27,58,6787.89
2025-01-05,27,27,3282.08
2025-01-06,27,64,7735.82
2025-01-07,27,56,6545.07
2025-01-08,27,62,7157.86
2025-01-09,27,58,6756.96
2025-01-10,27,50,5790.01
2025-01-11,27,48,5804.18
2025-01-12,27,45,5396.41
2025-01-13,27,76,8832.98
2025-01-14,27,61,7126.19
2025-01-15,27,84,10215.3
2025-01-16,27,67,8102.89
2025-01-17,27,64,7824.77
2025-01-18,27,45,5223.91
2025-01-19,27,15,1800.07
2025-01-20,27,63,7301.59
2025-01-21,27,41,4772.73
2025-01-22,27,61,7336.72
2025-01-23,27,67,8143.27
2025-01-24,27,57,6773.94
2025-01-25,27,53,6399.46
2025-01-26,27,38,4632.45
2025-01-27,27,59,7032.93
2025-01-28,27,89,10837.68
2025-01-29,27,46,5634.78
2025-01-30,27,62,7358.44
2025-01-31,27,42,4917.92
2025-02-01,27,53,6238.05
2025-02-02,27,33,3929.72
2025-02-03,27,54,6585.38
2025-02-04,27,56,6841.03
2025-02-05,27,79,9203.11
2025-02-06,27,59,6881.05
2025-02-07,27,70,8549.85
2025-02-08,27,56,6837.1
2025-02-09,27,37,4313.4
2025-02-10,27,73,8939.46
2025-02-11,27,71,8604.15
2025-02-12,27,66,7867.12
2025-02-13,27,79,9704.49
2025-02-14,27,70,8261.45
2025-02-15,27,67,8089.49
2025-02-16,27,33,3834.53
2025-02-17,27,78,9140.95
2025-02-18,27,72,8363.79
2025-02-19,27,86,10121.37
2025-02-20,27,60,6992.51
2025-02-21,27,67,8135.98
2025-02-22,27,51,6235.04
2025-02-23,27,31,3622.62
2025-02-24,27,52,6187.85
2025-02-25,27,68,8039.59
2025-02-26,27,73,8544.27
2025-02-27,27,56,6593.76
2025-02-28,27,77,9079.83
2025-03-01,27,43,5197.73
2025-03-02,27,33,3836.89
2025-03-03,27,53,6523.43
2025-03-04,27,51,6112.41
2025-03-05,27,48,5792.25
2025-03-06,27,77,9426.96
2025-03-07,27,77,9383.52
2025-03-08,27,45,5335.29
2025-03-09,27,32,3881.7
2025-03-10,27,57,6987.73
2025-03-11,27,47,5526.06
2025-03-12,27,75,8786.62
2025-03-13,27,59,7046.57
2025-03-14,27,54,6351.22
2025-03-15,27,47,5682.16
2025-03-16,27,27,3160.38
2025-03-17,27,50,5890.26
2025-03-18,27,65,8004.55
2025-03-19,27,45,5542.82
2025-03-20,27,57,6694.35
2025-03-21,27,41,4924.28
2025-03-22,27,51,6151.39
2025-03-23,27,28,3305.15
2025-03-24,27,59,6871.91
2025-03-25,27,84,9860.86
2025-03-26,27,61,7497.39
2025-03-27,27,62,7390.44
2025-03-28,27,80,9632.24
2025-03-29,27,53,6346.61
2025-03-30,27,31,3812.67
2025-03-31,27,70,8426.72
2025-04-01,27,49,5743.5
2025-04-02,27,51,6149.32
2025-04-03,27,42,4916.01
2025-04-04,27,68,8091.14
2025-04-05,27,57,6689.26
2025-04-06,27,15,1808.54
2025-04-07,27,44,5157.09
2025-04-08,27,51,6195.36
2025-04-09,27,53,6369.56
2025-04-10,27,47,5514.47
2025-04-11,27,52,6390.79
2025-04-12,27,42,5040.81
2025-04-13,27,20,2359.85
2025-04-14,27,48,5770.57
2025-04-15,27,49,5989.62
2025-04-16,27,54,6396.55
2025-04-17,27,70,8272.28
2025-04-18,27,71,8289.88
2025-04-19,27,46,5516.91
2025-04-20,27,21,2511.48
2025-04-21,27,67,8062.5
2025-04-22,27,47,5765.56
2025-04-23,27,61,7382.75
2025-04-24,27,61,7208.11
2025-04-25,27,49,5801.59
2025-04-26,27,42,4957.95
2025-04-27,27,19,2283.48
2025-04-28,27,32,3740.79
2025-04-29,27,52,6429.75
2025-04-30,27,60,7255.28
2025-05-01,27,51,6231.86
2025-05-02,27,44,5308.41
2025-05-03,27,45,5348.03
2025-05-04,27,20,2373.71
2025-05-05,27,36,4390.91
2025-05-06,27,51,5971.32
2025-05-07,27,39,4736.93
2025-05-08,27,58,7101.85
2025-05-09,27,53,6476.4
2025-05-10,27,40,4708.62
2025-05-11,27,16,1919.15
2025-05-12,27,44,5421.52
2025-05-13,27,37,4545.62
2025-05-14,27,42,5073.27
2025-05-15,27,41,4921.67
2025-05-16,27,45,5312.09
2025-05-17,27,37,4535.53
2025-05-18,27,31,3647.75
2025-05-19,27,48,5613.29
2025-05-20,27,56,6820.28
2025-05-21,27,35,4095.63
2025-05-22,27,64,7801.9
2025-05-23,27,50,6018.35
2025-05-24,27,45,5415.24
2025-05-25,27,20,2374.75
2025-05-26,27,42,5000.54
2025-05-27,27,47,5550.13
2025-05-28,27,39,4690.05
2025-05-29,27,41,4894.02
2025-05-30,27,59,7080.02
2025-05-31,27,27,3258.29
2025-06-01,27,27,3309.41
2025-06-02,27,30,3575.28
2025-06-03,27,78,9678.21
2025-06-04,27,46,5607.72
2025-06-05,27,39,4573.17
2025-06-06,27,33,4069.79
2025-06-07,27,35,4328.16
2025-06-08,27,20,2444.03
2025-06-09,27,31,3702.1
2025-06-10,27,50,5875.91
2025-06-11,27,38,4674.75
2025-06-12,27,39,4711.24
2025-06-13,27,60,7426.27
2025-06-14,27,33,3985.85
2025-06-15,27,8,955.55
2025-06-16,27,45,5549.63
2025-06-17,27,52,6382.43
2025-06-18,27,45,5496.17
2025-06-19,27,32,3936.86
2025-06-20,27,29,3422.88
2025-06-21,27,31,3706.94
2025-06-22,27,22,2734.95
2025-06-23,27,33,4017.69
2025-06-24,27,35,4309.99
2025-06-25,27,47,5580.34
2025-06-26,27,33,4067.69
2025-06-27,27,37,4464.52
2025-06-28,27,38,4671.91
2025-06-29,27,19,2262.88
2025-06-30,27,38,4596.52
2025-07-01,27,46,5524.93
2025-07-02,27,45,5367.03
2025-07-03,27,48,5964.28
2025-07-04,27,37,4346.79
2025-07-05,27,38,4544.62
2025-07-06,27,13,1590.57
2025-07-07,27,40,4891.56
2025-07-08,27,39,4616.3
2025-07-09,27,33,3878.91
2025-07-10,27,49,6051.25
2025-07-11,27,35,4325.86
2025-07-12,27,32,3929.13
2025-07-13,27,22,2740.01
2025-07-14,27,36,4308.54
2025-07-15,27,34,4108.54
2025-07-16,27,43,5074.63
2025-07-17,27,36,4428.76
2025-07-18,27,32,3852.98
2025-07-19,27,40,4842.08
2025-07-20,27,17,2084.55
2025-07-21,27,43,5366.58
2025-07-22,27,35,4264.47
2025-07-23,27,25,3042.54
2025-07-24,27,43,5372.53
2025-07-25,27,47,5756.64
2025-07-26,27,39,4874.29
2025-07-27,27,18,2246.61
2025-07-28,27,44,5350.26
2025-07-29,27,35,4284.23
2025-07-30,27,25,2990.21
2025-07-31,27,32,3856.1
2025-08-01,27,47,5679.12
2025-08-02,27,27,3258.82
2025-08-03,27,16,1969.09
2025-08-04,27,50,6244.72
2025-08-05,27,57,6934.26
2025-08-06,27,39,4810.76
2025-08-07,27,32,3931.32
2025-08-08,27,32,3836.19
2025-08-09,27,45,5559.82
2025-08-10,27,26,3208.55
2025-08-11,27,45,5393.6
2025-08-12,27,47,5813.74
2025-08-13,27,38,4574.95
2025-08-14,27,39,4759.75
2025-08-15,27,35,4342.54
2025-08-16,27,34,4040.92
2025-08-17,27,13,1562.64
2025-08-18,27,42,5185.96
2025-08-19,27,37,4603.08
2025-08-20,27,43,5354.2
2025-08-21,27,39,4790.06
2025-08-22,27,29,3497.62
2025-08-23,27,39,4789.81
2025-08-24,27,24,2861.52
2025-08-25,27,36,4295.8
2025-08-26,27,31,3717.25
2025-08-27,27,49,5889.73
2025-08-28,27,36,4340.98
2025-08-29,27,43,5374.21
2025-08-30,27,39,4854.05
2025-08-31,27,24,2865.91
2025-09-01,27,45,5345.57
2025-09-02,27,36,4344.58
2025-09-03,27,52,6318.36
2025-09-04,27,27,3251.96
2025-09-05,27,53,6453.74
2025-09-06,27,40,4956.17
2025-09-07,27,22,2752.63
2025-09-08,27,37,4412.36
2025-09-09,27,38,4538.76
2025-09-10,27,45,5580.9
2025-09-11,27,45,5406.37
2025-09-12,27,40,4967.76
2025-09-13,27,58,7198.68
2025-09-14,27,11,1343.86
2025-09-15,27,29,3586.38
2025-09-16,27,55,6890.16
2025-09-17,27,59,7385.43
2025-09-18,27,49,5879.23
2025-09-19,27,50,5940.63
2025-09-20,27,29,3453.1
2025-09-21,27,22,2745.4
2025-09-22,27,58,6953.77
2025-09-23,27,58,7134.55
2025-09-24,27,40,5017.6
2025-09-25,27,46,5622.03
2025-09-26,27,52,6221.26
2025-09-27,27,32,3837.32
2025-09-28,27,18,2241.76
2025-09-29,27,56,6792.2
2025-09-30,27,34,4172.63
2025-10-01,27,52,6284.13
2025-10-02,27,53,6300.38
2025-10-03,27,30,3666.3
2025-10-04,27,48,6006.81
2025-10-05,27,18,2237.93
2025-10-06,27,76,9269.93
2025-10-07,27,57,6986.48
2025-10-08,27,54,6702.97
2025-10-09,27,40,4830.7
2025-10-10,27,37,4605.47
2025-10-11,27,36,4356.84
2025-10-12,27,38,4645.27
2025-10-13,27,61,7533.26
2025-10-14,27,39,4743.1
2025-10-15,27,56,6821.93
2025-10-16,27,55,6793.75
2025-10-17,27,45,5627.89
2025-10-18,27,53,6455.22
2025-10-19,27,21,2570.8
2025-10-20,27,63,7660.86
2025-10-21,27,43,5163.43
2025-10-22,27,68,8537.42
2025-10-23,27,46,5788.24
2025-10-24,27,58,7316.74
2025-10-25,27,42,5014.31
2025-10-26,27,21,2600.68
2025-10-27,27,50,6077.47
2025-10-28,27,39,4673.1
2025-10-29,27,59,7151.38
2025-10-30,27,51,6310.6
2025-10-31,27,61,7539.22
2025-11-01,27,60,7167.79
2025-11-02,27,27,3307.27
2025-11-03,27,59,7337.3
2025-11-04,27,49,6043.17
2025-11-05,27,50,6081.36
2025-11-06,27,53,6602.69
2025-11-07,27,59,7129.11
2025-11-08,27,65,8171.07
2025-11-09,27,37,4662.08
2025-11-10,27,58,7222.19
2025-11-11,27,50,6233.6
2025-11-12,27,47,5890.02
2025-11-13,27,45,5483.1
2025-11-14,27,52,6298.47
2025-11-15,27,49,5968.78
2025-11-16,27,31,3853.04
2025-11-17,27,41,5163.38
2025-11-18,27,49,6110.67
2025-11-19,27,91,10899.8
2025-11-20,27,55,6921.42
2025-11-21,27,51,6136.76
2025-11-22,27,58,7107.6
2025-11-23,27,29,3458.39
2025-11-24,27,91,11022.18
2025-11-25,27,68,8255.48
2025-11-26,27,65,7934.08
2025-11-27,27,58,7294.86
2025-11-28,27,49,5872.7
2025-11-29,27,59,7442.3
2025-11-30,27,32,4042.17
2025-12-01,27,84,10475.45
2025-12-02,27,70,8425.85
2025-12-03,27,59,7198.24
2025-12-04,27,69,8711.15
2025-12-05,27,78,9377.08
2025-12-06,27,51,6256.96
2025-12-07,27,52,6375.56
2025-12-08,27,56,6755.79
2025-12-09,27,57,6918.05
2025-12-10,27,58,6972.95
2025-12-11,27,70,8727.27
2025-12-12,27,73,8735.8
2025-12-13,27,65,7967.54
2025-12-14,27,41,5084.03
2025-12-15,27,47,5635.0
2025-12-16,27,73,9204.93
2025-12-17,27,67,8366.42
2025-12-18,27,75,9451.32
2025-12-19,27,74,9343.23
2025-12-20,27,38,4684.18
2025-12-21,27,37,4604.96
2025-12-22,27,75,9204.2
2025-12-23,27,61,7729.15
2025-12-24,27,71,8703.64
2025-12-25,27,63,7894.71
2025-12-26,27,71,8944.66
2025-12-27,27,50,6314.25
2025-12-28,27,35,4226.59
2025-12-29,27,60,7348.35
2025-12-30,27,76,9101.41
2025-12-31,27,81,10285.19
2026-01-01,27,65,8100.37
2026-01-02,27,59,7272.06
2026-01-03,27,61,7315.02
2026-01-04,27,17,2075.9
2026-01-05,27,70,8486.98
2026-01-06,27,60,7514.0
2026-01-07,27,83,9945.7
2026-01-08,27,70,8882.83
2026-01-09,27,73,8846.79
2026-01-10,27,63,7561.78
2026-01-11,27,41,5026.3
2026-01-12,27,66,8294.49
2026-01-13,27,83,10049.59
2026-01-14,27,70,8679.93
2026-01-15,27,72,8930.83
2026-01-16,27,71,8961.23
2026-01-17,27,56,6910.81
2026-01-18,27,25,3141.47
2026-01-19,27,76,9532.1
2026-01-20,27,61,7689.08
2026-01-21,27,60,7637.0
2026-01-22,27,75,9028.04
2026-01-23,27,68,8635.28
2026-01-24,27,73,9145.03
2026-01-25,27,35,4254.46
2026-01-26,27,71,8964.58
2026-01-27,27,74,9363.45
2026-01-28,27,66,7955.46
2026-01-29,27,138,17469.37
2026-01-30,27,69,8349.27
2026-01-31,27,66,7981.6
2026-02-01,27,35,4377.68
2026-02-02,27,69,8290.11
2026-02-03,27,64,8031.35
2026-02-04,27,77,9732.32
2026-02-05,27,63,7855.84
2026-02-06,27,84,10569.32
2026-02-07,27,73,8930.03
2026-02-08,27,34,4204.18
2026-02-09,27,63,7711.12
2026-02-10,27,81,9913.93
2026-02-11,27,64,7893.38
2026-02-12,27,74,9420.27
2026-02-13,27,76,9341.97
2026-02-14,27,57,7137.24
2026-02-15,27,39,4762.69
2026-02-16,27,63,7798.74
2026-02-17,27,74,9400.22
2026-02-18,27,78,9420.07
2026-02-19,27,82,10122.14
2026-02-20,27,60,7601.02
2026-02-21,27,65,8195.53
2026-02-22,27,29,3533.38
2026-02-23,27,59,7121.0
2026-02-24,27,58,7368.6
2026-02-25,27,86,10544.67
2026-02-26,27,66,8103.69
2026-02-27,27,80,10182.15
2026-02-28,27,68,8585.74
2026-03-01,27,39,4793.83
2026-03-02,27,78,9832.53
2026-03-03,27,66,8213.08
2026-03-04,27,58,7185.54
2026-03-05,27,99,12453.71
2026-03-06,27,74,9353.71
2026-03-07,27,46,5697.91
2026-03-08,27,28,3473.08
2026-03-09,27,57,7240.19
2026-03-10,27,67,8326.99
2026-03-11,27,53,6391.55
2026-03-12,27,51,6354.21
2026-03-13,27,52,6584.82
2026-03-14,27,58,7014.04
2026-03-15,27,31,3913.6
2026-03-16,27,67,8227.3
2026-03-17,27,66,8082.31
2026-03-18,27,60,7366.4
2026-03-19,27,72,8762.16
2026-03-20,27,78,9626.52
2026-03-21,27,53,6447.58
2026-03-22,27,34,4301.86
2026-03-23,27,66,7975.36
2026-03-24,27,70,8752.66
2026-03-25,27,69,8478.97
2026-03-26,27,60,7570.36
2026-03-27,27,67,8566.02
2026-03-28,27,40,4926.57
2026-03-29,27,35,4422.69
2026-03-30,27,67,8228.93
2026-03-31,27,58,7357.51
2026-04-01,27,47,5837.91
2026-04-02,27,62,7916.47
2026-04-03,27,43,5351.21
2026-04-04,27,53,6496.28
2026-04-05,27,30,3793.21
2026-04-06,27,72,9038.94
2026-04-07,27,69,8571.98
2026-04-08,27,38,4658.11
2026-04-09,27,53,6601.17
2026-04-10,27,67,8231.91
2026-04-11,27,49,5987.75
2026-04-12,27,30,3827.93
2026-04-13,27,63,8064.24
2026-04-14,27,61,7651.74
2026-04-15,27,52,6395.63
2026-04-16,27,59,7481.13
2026-04-17,27,28,3422.74
2026-04-18,27,42,5392.07
2026-04-19,27,32,4087.03
2026-04-20,27,64,8144.01
2026-04-21,27,69,8753.06
2026-04-22,27,58,7303.3
2026-04-23,27,72,8963.92
2026-04-24,27,58,7265.38
2026-04-25,27,40,5120.48
2026-04-26,27,34,4193.06
2026-04-27,27,85,10659.22
2026-04-28,27,69,8386.9
2026-04-29,27,61,7501.02
2026-04-30,27,61,7768.96
2026-05-01,27,38,4822.09
2026-05-02,27,52,6520.06
2026-05-03,27,29,3568.39
2026-05-04,27,35,4476.13
2026-05-05,27,54,6937.09
2026-05-06,27,40,4930.49
2026-05-07,27,47,5703.72
2026-05-08,27,51,6223.47
2026-05-09,27,33,4086.01
2026-05-10,27,23,2954.6
2026-05-11,27,42,5333.9
2026-05-12,27,38,4670.07
2026-05-13,27,47,5730.17
2026-05-14,27,47,6049.15
2026-05-15,27,41,5064.89
2026-05-16,27,46,5648.64
2026-05-17,27,16,1983.45
2026-05-18,27,48,5994.22
2026-05-19,27,54,6633.16
2026-05-20,27,53,6806.18
2026-05-21,27,32,4014.45
2026-05-22,27,47,5778.45
2026-05-23,27,52,6340.51
2026-05-24,27,23,2846.73
2026-05-25,27,63,7751.3
2026-05-26,27,52,6639.33
2026-05-27,27,56,7036.46
2026-05-28,27,34,4359.35
2026-05-29,27,34,4342.57
2026-05-30,27,34,4213.89
2026-05-31,27,15,1845.62
2026-06-01,27,37,4650.16
2026-06-02,27,37,4733.43
2026-06-03,27,47,5793.41
2026-06-04,27,45,5559.0
2026-06-05,27,37,4641.1
2026-06-06,27,37,4771.49
2026-06-07,27,21,2639.31
2026-06-08,27,48,5963.36
2026-06-09,27,44,5554.23
2026-06-10,27,31,3869.69
2026-06-11,27,30,3797.89
2026-06-12,27,32,4106.0
2026-06-13,27,34,4342.64
2026-06-14,27,22,2824.66
2026-06-15,27,51,6583.98
2026-06-16,27,49,6311.13
2026-06-17,27,56,7019.81
2026-06-18,27,50,6174.62
2026-06-19,27,42,5257.69
2026-06-20,27,32,3922.43
2026-06-21,27,17,2147.91
2026-06-22,27,54,6858.71
2026-06-23,27,42,5389.58
2026-06-24,27,47,5849.22
2026-06-25,27,35,4369.06
2026-06-26,27,46,5929.63
2026-06-27,27,31,3810.41
2026-06-28,27,16,2064.75
2026-06-29,27,36,4559.86
2026-06-30,27,34,4315.78
2026-07-01,27,25,3189.1
2026-07-02,27,50,6364.09
2026-07-03,27,32,4057.93
2026-07-04,27,43,5302.38
2026-07-05,27,12,1545.21
2026-07-06,27,35,4411.36
2026-07-07,27,38,4729.26
2026-07-08,27,55,6819.75
2026-07-09,27,28,3481.83
2026-07-10,27,40,4906.18
2026-07-11,27,42,5217.36
2026-07-12,27,20,2470.72
2026-07-13,27,39,5048.1
2026-07-14,27,49,6014.1
2026-07-15,27,37,4741.37
2026-07-16,27,49,6312.48
2026-07-17,27,36,4430.32
2026-07-18,27,39,4808.44
2026-07-19,27,26,3183.31
2026-07-20,27,28,3625.85
2026-07-21,27,42,5304.04
2026-07-22,27,46,5677.03
2026-07-23,27,55,6831.68
2026-07-24,27,46,5738.3
2026-07-25,27,27,3435.49
2026-07-26,27,28,3572.85
2026-07-27,27,33,4045.54
2026-07-28,27,27,3327.43
2026-07-29,27,51,6370.15
2026-07-30,27,52,6490.22
2026-07-31,27,30,3780.17
2026-08-01,27,38,4914.73
2026-08-02,27,26,3348.07
2026-08-03,27,39,4850.25
2026-08-04,27,49,6329.83
2026-08-05,27,39,4842.11
2026-08-06,27,70,8788.81
2026-08-07,27,40,4910.98
2026-08-08,27,29,3736.89
2026-08-09,27,22,2726.13
2026-08-10,27,38,4714.81
2026-08-11,27,37,4802.41
2026-08-12,27,48,5930.73
2026-08-13,27,50,6381.61
2026-08-14,27,57,7297.3
2026-08-15,27,30,3874.57
2026-08-16,27,27,3507.35
2026-08-17,27,36,4605.19
2026-08-18,27,55,7118.44
2026-08-19,27,33,4211.11
2026-08-20,27,34,4365.79
2026-08-21,27,44,5482.57
2026-08-22,27,44,5521.08
2026-08-23,27,18,2216.43
2026-08-24,27,49,6149.65
2026-08-25,27,48,5913.37
2026-08-26,27,33,4270.86
2026-08-27,27,45,5773.89
2026-08-28,27,29,3694.3
2026-08-29,27,43,5533.52
2026-08-30,27,25,3233.23
2026-08-31,27,40,5027.62
2026-09-01,27,51,6406.9
2026-09-02,27,53,6602.54
2026-09-03,27,57,7130.77
2026-09-04,27,47,5807.08
2026-09-05,27,45,5769.34
2026-09-06,27,39,5075.04
2026-09-07,27,55,6748.41
2026-09-08,27,46,5920.36
2026-09-09,27,69,8958.21
2026-09-10,27,48,6198.94
2026-09-11,27,63,8102.97
2026-09-12,27,35,4348.57
2026-09-13,27,19,2353.28
2026-09-14,27,54,6934.16
2026-09-15,27,64,7925.45
2026-09-16,27,48,6013.36
2026-09-17,27,55,6788.48
2026-09-18,27,48,6221.0
2026-09-19,27,53,6633.19
2026-09-20,27,23,2902.22
2026-09-21,27,37,4552.56
2026-09-22,27,43,5408.44
2026-09-23,27,54,6847.18
2026-09-24,27,42,5448.94
2026-09-25,27,57,7267.61
2026-09-26,27,40,5132.32
2026-09-27,27,20,2528.26
2026-09-28,27,43,5379.16
2026-09-29,27,41,5294.17
2026-09-30,27,67,8442.65
2023-10-01,28,19,1885.48
2023-10-02,28,21,2169.72
2023-10-03,28,41,4206.94
2023-10-04,28,30,3087.1
2023-10-05,28,25,2497.08
2023-10-06,28,24,2392.5
2023-10-07,28,21,2075.59
2023-10-08,28,16,1646.7
2023-10-09,28,36,3703.67
2023-10-10,28,19,1915.34
2023-10-11,28,35,3500.66
2023-10-12,28,45,4607.74
2023-10-13,28,28,2883.29
2023-10-14,28,27,2682.33
2023-10-15,28,17,1690.72
2023-10-16,28,29,2907.75
2023-10-17,28,23,2311.71
2023-10-18,28,30,3053.34
2023-10-19,28,41,4119.88
2023-10-20,28,31,3053.61
2023-10-21,28,26,2695.43
2023-10-22,28,18,1864.38
2023-10-23,28,17,1729.32
2023-10-24,28,33,3365.85
2023-10-25,28,24,2504.99
2023-10-26,28,33,3257.51
2023-10-27,28,21,2127.32
2023-10-28,28,23,2390.66
2023-10-29,28,10,1039.94
2023-10-30,28,32,3189.12
2023-10-31,28,36,3724.41
2023-11-01,28,17,1697.78
2023-11-02,28,30,2964.14
2023-11-03,28,15,1525.0
2023-11-04,28,15,1560.4
2023-11-05,28,11,1084.35
2023-11-06,28,31,3125.46
2023-11-07,28,21,2085.67
2023-11-08,28,32,3160.99
2023-11-09,28,16,1673.5
2023-11-10,28,29,2917.26
2023-11-11,28,22,2181.48
2023-11-12,28,11,1103.25
2023-11-13,28,34,3395.24
2023-11-14,28,24,2439.45
2023-11-15,28,23,2389.76
2023-11-16,28,29,2889.81
2023-11-17,28,25,2512.42
2023-11-18,28,28,2891.42
2023-11-19,28,18,1783.14
2023-11-20,28,26,2685.09
2023-11-21,28,33,3406.18
2023-11-22,28,28,2793.93
2023-11-23,28,26,2647.04
2023-11-24,28,19,1913.82
2023-11-25,28,38,3866.53
2023-11-26,28,16,1667.08
2023-11-27,28,21,2162.37
2023-11-28,28,19,1981.93
2023-11-29,28,29,2999.59
2023-11-30,28,13,1351.33
2023-12-01,28,12,1226.43
2023-12-02,28,4,409.99
2023-12-03,28,12,1235.16
2023-12-04,28,23,2318.55
2023-12-05,28,26,2673.16
2023-12-06,28,19,1962.22
2023-12-07,28,21,2127.12
2023-12-08,28,14,1396.35
2023-12-09,28,14,1407.52
2023-12-10,28,9,909.86
2023-12-11,28,14,1460.11
2023-12-12,28,15,1507.16
2023-12-13,28,18,1844.53
2023-12-14,28,18,1815.44
2023-12-15,28,25,2589.74
2023-12-16,28,15,1574.73
2023-12-17,28,11,1109.46
2023-12-18,28,32,3337.1
2023-12-19,28,20,2060.69
2023-12-20,28,26,2640.19
2023-12-21,28,15,1509.06
2023-12-22,28,12,1189.9
2023-12-23,28,16,1660.35
2023-12-24,28,5,521.54
2023-12-25,28,19,1962.6
2023-12-26,28,20,2037.79
2023-12-27,28,16,1630.04
2023-12-28,28,19,1912.16
2023-12-29,28,17,1777.53
2023-12-30,28,26,2694.17
2023-12-31,28,7,726.16
2024-01-01,28,16,1663.87
2024-01-02,28,14,1456.61
2024-01-03,28,18,1789.12
2024-01-04,28,13,1312.93
2024-01-05,28,26,2716.7
2024-01-06,28,18,1835.72
2024-01-07,28,9,917.85
2024-01-08,28,17,1768.34
2024-01-09,28,13,1356.27
2024-01-10,28,20,2091.66
2024-01-11,28,24,2440.68
2024-01-12,28,21,2127.52
2024-01-13,28,14,1464.39
2024-01-14,28,16,1610.91
2024-01-15,28,14,1447.12
2024-01-16,28,18,1865.41
2024-01-17,28,18,1858.88
2024-01-18,28,14,1405.55
2024-01-19,28,20,2067.91
2024-01-20,28,14,1397.78
2024-01-21,28,12,1249.64
2024-01-22,28,12,1213.45
2024-01-23,28,14,1437.2
2024-01-24,28,16,1638.21
2024-01-25,28,22,2310.07
2024-01-26,28,14,1438.57
2024-01-27,28,12,1255.08
2024-01-28,28,6,618.41
2024-01-29,28,19,1992.27
2024-01-30,28,23,2387.77
2024-01-31,28,14,1412.71
2024-02-01,28,17,1703.07
2024-02-02,28,26,2601.39
2024-02-03,28,17,1758.59
2024-02-04,28,6,612.84
2024-02-05,28,22,2192.34
2024-02-06,28,14,1440.13
2024-02-07,28,20,2100.86
2024-02-08,28,24,2395.95
2024-02-09,28,17,1773.49
2024-02-10,28,18,1902.07
2024-02-11,28,12,1245.73
2024-02-12,28,25,2535.48
2024-02-13,28,24,2519.81
2024-02-14,28,32,3231.44
2024-02-15,28,21,2117.83
2024-02-16,28,26,2680.41
2024-02-17,28,11,1109.27
2024-02-18,28,5,508.93
2024-02-19,28,13,1372.26
2024-02-20,28,34,3414.97
2024-02-21,28,14,1437.7
2024-02-22,28,19,1978.62
2024-02-23,28,20,2116.29
2024-02-24,28,17,1745.79
2024-02-25,28,8,812.49
2024-02-26,28,15,1501.31
2024-02-27,28,17,1785.31
2024-02-28,28,20,2088.13
2024-02-29,28,18,1894.54
2024-03-01,28,19,1904.94
2024-03-02,28,29,3017.04
2024-03-03,28,12,1212.81
2024-03-04,28,28,2889.62
2024-03-05,28,28,2837.8
2024-03-06,28,34,3436.61
2024-03-07,28,14,1484.14
2024-03-08,28,27,2718.65
2024-03-09,28,27,2802.91
2024-03-10,28,12,1270.08
2024-03-11,28,30,3025.01
2024-03-12,28,26,2598.77
2024-03-13,28,15,1503.58
2024-03-14,28,39,4098.53
2024-03-15,28,26,2723.44
2024-03-16,28,24,2509.08
2024-03-17,28,4,417.9
2024-03-18,28,22,2247.43
2024-03-19,28,25,2508.33
2024-03-20,28,22,2267.97
2024-03-21,28,32,3380.16
2024-03-22,28,47,4755.53
2024-03-23,28,20,2075.57
2024-03-24,28,16,1633.21
2024-03-25,28,37,3872.37
2024-03-26,28,24,2450.74
2024-03-27,28,32,3281.73
2024-03-28,28,22,2220.46
2024-03-29,28,25,2509.05
2024-03-30,28,24,2510.19
2024-03-31,28,13,1319.79
2024-04-01,28,29,2910.19
2024-04-02,28,27,2831.17
2024-04-03,28,28,2835.14
2024-04-04,28,20,2099.17
2024-04-05,28,35,3638.15
2024-04-06,28,31,3158.56
2024-04-07,28,10,1024.41
2024-04-08,28,28,2814.59
2024-04-09,28,27,2756.34
2024-04-10,28,22,2338.85
2024-04-11,28,24,2471.02
2024-04-12,28,23,2355.53
2024-04-13,28,20,2034.41
2024-04-14,28,15,1530.05
2024-04-15,28,32,3273.81
2024-04-16,28,21,2226.19
2024-04-17,28,23,2345.54
2024-04-18,28,25,2594.36
2024-04-19,28,23,2358.69
2024-04-20,28,17,1734.21
2024-04-21,28,11,1140.36
2024-04-22,28,32,3318.6
2024-04-23,28,33,3493.39
2024-04-24,28,23,2378.47
2024-04-25,28,34,3468.66
2024-04-26,28,20,2043.26
2024-04-27,28,22,2233.05
2024-04-28,28,12,1279.44
2024-04-29,28,29,3067.38
2024-04-30,28,22,2235.42
2024-05-01,28,29,2939.15
2024-05-02,28,19,1969.28
2024-05-03,28,22,2297.39
2024-05-04,28,21,2181.27
2024-05-05,28,13,1341.0
2024-05-06,28,17,1752.44
2024-05-07,28,19,1993.95
2024-05-08,28,20,2049.12
2024-05-09,28,22,2282.89
2024-05-10,28,18,1892.14
2024-05-11,28,16,1620.61
2024-05-12,28,8,851.96
2024-05-13,28,16,1708.71
2024-05-14,28,25,2612.23
2024-05-15,28,16,1677.25
2024-05-16,28,18,1844.92
2024-05-17,28,17,1793.1
2024-05-18,28,9,954.32
2024-05-19,28,6,638.91
2024-05-20,28,18,1838.37
2024-05-21,28,19,1963.24
2024-05-22,28,20,2064.91
2024-05-23,28,13,1322.31
2024-05-24,28,23,2434.91
2024-05-25,28,11,1123.31
2024-05-26,28,17,1808.36
2024-05-27,28,17,1737.11
2024-05-28,28,20,2114.35
2024-05-29,28,18,1883.81
2024-05-30,28,14,1430.6
2024-05-31,28,21,2231.8
2024-06-01,28,11,1153.38
2024-06-02,28,6,616.55
2024-06-03,28,14,1484.71
2024-06-04,28,10,1062.49
2024-06-05,28,20,2056.35
2024-06-06,28,15,1591.03
2024-06-07,28,22,2276.43
2024-06-08,28,17,1792.73
2024-06-09,28,6,642.05
2024-06-10,28,13,1383.71
2024-06-11,28,18,1892.58
2024-06-12,28,9,933.82
2024-06-13,28,15,1571.19
2024-06-14,28,12,1253.14
2024-06-15,28,11,1121.12
2024-06-16,28,4,418.33
2024-06-17,28,15,1558.02
2024-06-18,28,12,1246.19
2024-06-19,28,19,2006.85
2024-06-20,28,20,2035.39
2024-06-21,28,19,1995.86
2024-06-22,28,15,1600.9
2024-06-23,28,8,828.69
2024-06-24,28,27,2805.18
2024-06-25,28,13,1394.48
2024-06-26,28,13,1315.47
2024-06-27,28,18,1902.61
2024-06-28,28,14,1459.3
2024-06-29,28,16,1673.23
2024-06-30,28,5,507.17
2024-07-01,28,12,1258.35
2024-07-02,28,13,1370.54
2024-07-03,28,15,1589.94
2024-07-04,28,22,2269.22
2024-07-05,28,11,1162.65
2024-07-06,28,14,1487.82
2024-07-07,28,4,428.94
2024-07-08,28,20,2116.08
2024-07-09,28,27,2862.44
2024-07-10,28,17,1777.85
2024-07-11,28,19,1979.52
2024-07-12,28,20,2066.35
2024-07-13,28,14,1426.44
2024-07-14,28,6,641.84
2024-07-15,28,15,1521.92
2024-07-16,28,14,1423.5
2024-07-17,28,12,1217.58
2024-07-18,28,20,2036.49
2024-07-19,28,15,1522.75
2024-07-20,28,19,1944.32
2024-07-21,28,9,948.01
2024-07-22,28,18,1915.55
2024-07-23,28,14,1422.77
2024-07-24,28,20,2139.45
2024-07-25,28,14,1456.18
2024-07-26,28,8,830.36
2024-07-27,28,14,1463.21
2024-07-28,28,7,729.86
2024-07-29,28,6,627.12
2024-07-30,28,14,1429.0
2024-07-31,28,18,1908.64
2024-08-01,28,19,1972.89
2024-08-02,28,13,1349.18
2024-08-03,28,11,1133.06
2024-08-04,28,6,628.15
2024-08-05,28,16,1652.43
2024-08-06,28,23,2340.36
2024-08-07,28,21,2133.25
2024-08-08,28,18,1869.11
2024-08-09,28,26,2741.34
2024-08-10,28,12,1271.3
2024-08-11,28,9,918.0
2024-08-12,28,34,3517.93
2024-08-13,28,23,2401.84
2024-08-14,28,16,1656.69
2024-08-15,28,15,1543.37
2024-08-16,28,15,1539.72
2024-08-17,28,25,2685.11
2024-08-18,28,6,624.05
2024-08-19,28,21,2188.18
2024-08-20,28,20,2133.68
2024-08-21,28,14,1483.71
2024-08-22,28,20,2105.48
2024-08-23,28,24,2497.52
2024-08-24,28,21,2221.07
2024-08-25,28,4,431.74
2024-08-26,28,24,2588.94
2024-08-27,28,18,1919.84
2024-08-28,28,22,2290.76
2024-08-29,28,18,1846.13
2024-08-30,28,23,2386.23
2024-08-31,28,16,1691.17
2024-09-01,28,17,1803.81
2024-09-02,28,30,3055.26
2024-09-03,28,24,2562.1
2024-09-04,28,25,2682.93
2024-09-05,28,24,2455.13
2024-09-06,28,29,3093.18
2024-09-07,28,24,2488.19
2024-09-08,28,9,967.85
2024-09-09,28,29,2970.2
2024-09-10,28,28,2875.21
2024-09-11,28,24,2492.1
2024-09-12,28,29,2999.04
2024-09-13,28,31,3275.55
2024-09-14,28,22,2366.57
2024-09-15,28,14,1501.05
2024-09-16,28,27,2852.53
2024-09-17,28,21,2208.97
2024-09-18,28,28,2990.47
2024-09-19,28,21,2147.98
2024-09-20,28,24,2582.58
2024-09-21,28,22,2341.18
2024-09-22,28,6,627.39
2024-09-23,28,19,2014.63
2024-09-24,28,28,3031.17
2024-09-25,28,25,2701.48
2024-09-26,28,18,1849.95
2024-09-27,28,20,2144.16
2024-09-28,28,21,2187.42
2024-09-29,28,11,1169.96
2024-09-30,28,29,3048.68
2024-10-01,28,32,3328.82
2024-10-02,28,31,3177.31
2024-10-03,28,22,2282.9
2024-10-04,28,38,4081.22
2024-10-05,28,17,1745.81
2024-10-06,28,15,1583.03
2024-10-07,28,37,3891.9
2024-10-08,28,23,2399.54
2024-10-09,28,25,2619.11
2024-10-10,28,33,3533.78
2024-10-11,28,32,3360.68
2024-10-12,28,20,2083.28
2024-10-13,28,17,1740.93
2024-10-14,28,31,3260.03
2024-10-15,28,21,2226.76
2024-10-16,28,39,4033.12
2024-10-17,28,30,3250.37
2024-10-18,28,24,2605.02
2024-10-19,28,26,2796.8
2024-10-20,28,15,1590.14
2024-10-21,28,27,2870.44
2024-10-22,28,22,2344.55
2024-10-23,28,26,2718.31
2024-10-24,28,29,3024.76
2024-10-25,28,21,2171.05
2024-10-26,28,28,2880.83
2024-10-27,28,11,1152.35
2024-10-28,28,39,3999.33
2024-10-29,28,20,2173.38
2024-10-30,28,32,3388.6
2024-10-31,28,21,2196.91
2024-11-01,28,32,3419.37
2024-11-02,28,14,1506.85
2024-11-03,28,13,1344.47
2024-11-04,28,27,2832.72
2024-11-05,28,25,2599.41
2024-11-06,28,40,4173.32
2024-11-07,28,20,2106.44
2024-11-08,28,25,2713.54
2024-11-09,28,27,2904.23
2024-11-10,28,22,2379.4
2024-11-11,28,28,2984.34
2024-11-12,28,30,3106.94
2024-11-13,28,33,3471.42
2024-11-14,28,26,2703.73
2024-11-15,28,28,2921.94
2024-11-16,28,21,2257.94
2024-11-17,28,15,1617.2
2024-11-18,28,27,2909.68
2024-11-19,28,18,1865.45
2024-11-20,28,24,2505.53
2024-11-21,28,34,3654.48
2024-11-22,28,30,3088.74
2024-11-23,28,37,3811.08
2024-11-24,28,18,1885.98
2024-11-25,28,36,3836.97
2024-11-26,28,31,3254.85
2024-11-27,28,26,2746.93
2024-11-28,28,15,1553.16
2024-11-29,28,20,2057.04
2024-11-30,28,15,1574.91
2024-12-01,28,14,1461.03
2024-12-02,28,20,2131.17
2024-12-03,28,23,2386.64
2024-12-04,28,24,2585.59
2024-12-05,28,23,2420.64
2024-12-06,28,17,1832.27
2024-12-07,28,21,2260.4
2024-12-08,28,11,1194.04
2024-12-09,28,26,2799.03
2024-12-10,28,29,3091.28
2024-12-11,28,16,1712.97
2024-12-12,28,20,2085.96
2024-12-13,28,21,2271.95
2024-12-14,28,25,2623.2
2024-12-15,28,8,831.93
2024-12-16,28,23,2402.86
2024-12-17,28,25,2613.31
2024-12-18,28,20,2122.05
2024-12-19,28,25,2726.02
2024-12-20,28,23,2407.59
2024-12-21,28,20,2178.08
2024-12-22,28,5,530.36
2024-12-23,28,19,1969.64
2024-12-24,28,20,2139.28
2024-12-25,28,15,1638.43
2024-12-26,28,15,1619.62
2024-12-27,28,18,1941.31
2024-12-28,28,10,1051.27
2024-12-29,28,10,1075.8
2024-12-30,28,18,1886.51
2024-12-31,28,16,1684.21
2025-01-01,28,17,1832.16
2025-01-02,28,16,1737.93
2025-01-03,28,26,2804.49
2025-01-04,28,7,729.61
2025-01-05,28,4,437.74
2025-01-06,28,21,2245.45
2025-01-07,28,15,1561.13
2025-01-08,28,24,2520.58
2025-01-09,28,10,1079.98
2025-01-10,28,27,2900.14
2025-01-11,28,10,1092.1
2025-01-12,28,10,1093.88
2025-01-13,28,18,1863.02
2025-01-14,28,13,1395.39
2025-01-15,28,25,2612.3
2025-01-16,28,31,3324.09
2025-01-17,28,18,1947.57
2025-01-18,28,22,2332.25
2025-01-19,28,7,729.18
2025-01-20,28,23,2424.05
2025-01-21,28,13,1363.8
2025-01-22,28,20,2105.7
2025-01-23,28,24,2610.88
2025-01-24,28,21,2229.22
2025-01-25,28,16,1713.18
2025-01-26,28,6,637.37
2025-01-27,28,24,2588.94
2025-01-28,28,26,2736.13
2025-01-29,28,15,1632.23
2025-01-30,28,21,2225.29
2025-01-31,28,15,1600.99
2025-02-01,28,15,1590.91
2025-02-02,28,10,1059.5
2025-02-03,28,8,848.61
2025-02-04,28,12,1304.61
2025-02-05,28,16,1750.63
2025-02-06,28,15,1639.64
2025-02-07,28,13,1405.8
2025-02-08,28,25,2605.25
2025-02-09,28,9,935.43
2025-02-10,28,16,1692.83
2025-02-11,28,18,1924.6
2025-02-12,28,12,1309.12
2025-02-13,28,16,1749.49
2025-02-14,28,21,2275.42
2025-02-15,28,13,1423.7
2025-02-16,28,16,1695.74
2025-02-17,28,12,1261.23
2025-02-18,28,23,2506.89
2025-02-19,28,20,2091.57
2025-02-20,28,30,3206.33
2025-02-21,28,13,1405.29
2025-02-22,28,21,2309.07
2025-02-23,28,4,418.87
2025-02-24,28,14,1455.23
2025-02-25,28,15,1608.24
2025-02-26,28,25,2744.41
2025-02-27,28,20,2159.72
2025-02-28,28,26,2828.05
2025-03-01,28,32,3503.51
2025-03-02,28,9,963.45
2025-03-03,28,21,2203.52
2025-03-04,28,36,3792.42
2025-03-05,28,26,2833.64
2025-03-06,28,42,4438.46
2025-03-07,28,26,2859.57
2025-03-08,28,27,2976.35
2025-03-09,28,13,1400.04
2025-03-10,28,32,3379.11
2025-03-11,28,25,2644.02
2025-03-12,28,21,2309.88
2025-03-13,28,24,2561.46
2025-03-14,28,31,3413.38
2025-03-15,28,21,2244.32
2025-03-16,28,20,2119.05
2025-03-17,28,16,1667.63
2025-03-18,28,33,3506.33
2025-03-19,28,22,2413.03
2025-03-20,28,35,3648.31
2025-03-21,28,33,3618.89
2025-03-22,28,15,1637.1
2025-03-23,28,26,2827.26
2025-03-24,28,21,2208.45
2025-03-25,28,30,3134.69
2025-03-26,28,28,3061.37
2025-03-27,28,27,2857.66
2025-03-28,28,34,3633.98
2025-03-29,28,26,2719.65
2025-03-30,28,14,1509.29
2025-03-31,28,26,2743.74
2025-04-01,28,33,3598.05
2025-04-02,28,33,3570.81
2025-04-03,28,11,1211.48
2025-04-04,28,22,2358.9
2025-04-05,28,15,1567.55
2025-04-06,28,16,1690.18
2025-04-07,28,26,2785.87
2025-04-08,28,27,2933.37
2025-04-09,28,35,3835.22
2025-04-10,28,24,2570.56
2025-04-11,28,27,2852.78
2025-04-12,28,23,2542.68
2025-04-13,28,14,1479.35
2025-04-14,28,27,2842.38
2025-04-15,28,22,2297.0
2025-04-16,28,21,2198.36
2025-04-17,28,23,2425.94
2025-04-18,28,30,3277.34
2025-04-19,28,17,1873.92
2025-04-20,28,12,1292.94
2025-04-21,28,33,3642.35
2025-04-22,28,27,2881.88
2025-04-23,28,33,3468.84
2025-04-24,28,26,2717.52
2025-04-25,28,33,3459.59
2025-04-26,28,16,1734.7
2025-04-27,28,14,1462.01
2025-04-28,28,26,2818.79
2025-04-29,28,19,2054.31
2025-04-30,28,26,2835.7
2025-05-01,28,18,1932.12
2025-05-02,28,22,2431.74
2025-05-03,28,28,3056.9
2025-05-04,28,7,737.61
2025-05-05,28,25,2677.39
2025-05-06,28,19,2085.93
2025-05-07,28,21,2200.1
2025-05-08,28,26,2720.17
2025-05-09,28,22,2417.02
2025-05-10,28,20,2208.51
2025-05-11,28,11,1201.21
2025-05-12,28,28,2962.25
2025-05-13,28,23,2457.31
2025-05-14,28,14,1486.06
2025-05-15,28,20,2110.93
2025-05-16,28,20,2161.21
2025-05-17,28,13,1438.55
2025-05-18,28,15,1591.54
2025-05-19,28,11,1175.91
2025-05-20,28,26,2878.09
2025-05-21,28,16,1686.99
2025-05-22,28,11,1163.44
2025-05-23,28,27,2858.82
2025-05-24,28,12,1308.22
2025-05-25,28,8,875.85
2025-05-26,28,18,1955.17
2025-05-27,28,10,1048.95
2025-05-28,28,10,1065.8
2025-05-29,28,19,2038.65
2025-05-30,28,20,2105.87
2025-05-31,28,21,2221.6
2025-06-01,28,8,863.27
2025-06-02,28,19,2088.53
2025-06-03,28,21,2240.58
2025-06-04,28,12,1297.33
2025-06-05,28,22,2358.19
2025-06-06,28,14,1494.0
2025-06-07,28,11,1171.93
2025-06-08,28,3,327.95
2025-06-09,28,20,2157.6
2025-06-10,28,16,1712.48
2025-06-11,28,21,2335.96
2025-06-12,28,12,1288.82
2025-06-13,28,28,3027.67
2025-06-14,28,12,1279.19
2025-06-15,28,11,1211.8
2025-06-16,28,20,2149.66
2025-06-17,28,18,1999.18
2025-06-18,28,19,2038.7
2025-06-19,28,14,1472.72
2025-06-20,28,22,2365.41
2025-06-21,28,12,1304.01
2025-06-22,28,6,666.12
2025-06-23,28,17,1804.01
2025-06-24,28,10,1081.53
2025-06-25,28,19,2039.31
2025-06-26,28,18,1934.56
2025-06-27,28,14,1511.04
2025-06-28,28,9,960.56
2025-06-29,28,14,1515.44
2025-06-30,28,20,2126.25
2025-07-01,28,14,1530.58
2025-07-02,28,13,1427.47
2025-07-03,28,9,977.31
2025-07-04,28,22,2386.46
2025-07-05,28,19,2050.39
2025-07-06,28,5,527.5
2025-07-07,28,16,1709.76
2025-07-08,28,14,1492.88
2025-07-09,28,11,1217.03
2025-07-10,28,14,1563.01
2025-07-11,28,16,1740.33
2025-07-12,28,15,1580.29
2025-07-13,28,9,982.42
2025-07-14,28,10,1062.7
2025-07-15,28,13,1402.21
2025-07-16,28,22,2389.87
2025-07-17,28,14,1476.74
2025-07-18,28,16,1730.21
2025-07-19,28,12,1282.02
2025-07-20,28,8,866.64
2025-07-21,28,17,1895.41
2025-07-22,28,20,2139.13
2025-07-23,28,12,1326.83
2025-07-24,28,12,1322.26
2025-07-25,28,19,2113.51
2025-07-26,28,16,1698.02
2025-07-27,28,8,869.85
2025-07-28,28,13,1410.75
2025-07-29,28,20,2213.97
2025-07-30,28,14,1490.75
2025-07-31,28,12,1267.09
2025-08-01,28,19,2054.14
2025-08-02,28,25,2772.59
2025-08-03,28,9,949.54
2025-08-04,28,13,1383.06
2025-08-05,28,19,2008.0
2025-08-06,28,26,2823.86
2025-08-07,28,18,1968.29
2025-08-08,28,19,2055.12
2025-08-09,28,20,2141.71
2025-08-10,28,19,2041.8
2025-08-11,28,24,2542.32
2025-08-12,28,21,2318.15
2025-08-13,28,13,1391.84
2025-08-14,28,21,2343.31
2025-08-15,28,19,2117.39
2025-08-16,28,24,2617.78
2025-08-17,28,13,1418.01
2025-08-18,28,24,2598.37
2025-08-19,28,20,2200.8
2025-08-20,28,21,2307.75
2025-08-21,28,20,2217.43
2025-08-22,28,30,3252.89
2025-08-23,28,21,2330.7
2025-08-24,28,6,653.67
2025-08-25,28,19,2013.93
2025-08-26,28,14,1547.94
2025-08-27,28,21,2334.11
2025-08-28,28,21,2312.09
2025-08-29,28,22,2353.09
2025-08-30,28,10,1074.14
2025-08-31,28,7,766.13
2025-09-01,28,24,2651.62
2025-09-02,28,27,2994.02
2025-09-03,28,23,2476.82
2025-09-04,28,24,2693.21
2025-09-05,28,24,2600.24
2025-09-06,28,27,2963.25
2025-09-07,28,13,1446.88
2025-09-08,28,29,3074.41
2025-09-09,28,27,3004.98
2025-09-10,28,21,2331.07
2025-09-11,28,33,3566.37
2025-09-12,28,36,3895.33
2025-09-13,28,18,1976.85
2025-09-14,28,8,850.09
2025-09-15,28,28,3137.7
2025-09-16,28,25,2703.32
2025-09-17,28,28,3044.3
2025-09-18,28,24,2638.3
2025-09-19,28,17,1856.51
2025-09-20,28,27,2996.97
2025-09-21,28,12,1345.63
2025-09-22,28,26,2780.07
2025-09-23,28,30,3265.99
2025-09-24,28,24,2607.68
2025-09-25,28,30,3305.77
2025-09-26,28,23,2479.9
2025-09-27,28,13,1415.71
2025-09-28,28,12,1320.58
2025-09-29,28,20,2209.55
2025-09-30,28,33,3613.75
2025-10-01,28,31,3439.78
2025-10-02,28,26,2771.13
2025-10-03,28,24,2553.37
2025-10-04,28,17,1892.48
2025-10-05,28,15,1628.13
2025-10-06,28,38,4200.42
2025-10-07,28,27,2997.2
2025-10-08,28,32,3431.03
2025-10-09,28,29,3099.22
2025-10-10,28,22,2372.17
2025-10-11,28,26,2767.27
2025-10-12,28,11,1221.23
2025-10-13,28,45,4864.23
2025-10-14,28,19,2104.16
2025-10-15,28,30,3342.58
2025-10-16,28,34,3657.21
2025-10-17,28,31,3465.71
2025-10-18,28,27,2981.03
2025-10-19,28,22,2396.08
2025-10-20,28,22,2384.4
2025-10-21,28,28,3043.76
2025-10-22,28,19,2048.39
2025-10-23,28,29,3263.57
2025-10-24,28,30,3369.46
2025-10-25,28,30,3298.74
2025-10-26,28,20,2226.54
2025-10-27,28,29,3087.88
2025-10-28,28,23,2497.96
2025-10-29,28,36,3885.11
2025-10-30,28,32,3413.27
2025-10-31,28,33,3579.37
2025-11-01,28,26,2914.07
2025-11-02,28,16,1803.22
2025-11-03,28,20,2206.65
2025-11-04,28,28,3094.49
2025-11-05,28,17,1809.85
2025-11-06,28,31,3454.83
2025-11-07,28,39,4257.85
2025-11-08,28,21,2262.66
2025-11-09,28,10,1067.08
2025-11-10,28,33,3565.41
2025-11-11,28,32,3543.6
2025-11-12,28,20,2216.91
2025-11-13,28,23,2549.77
2025-11-14,28,36,4000.72
2025-11-15,28,24,2575.5
2025-11-16,28,11,1202.6
2025-11-17,28,28,3118.15
2025-11-18,28,31,3367.85
2025-11-19,28,27,2900.52
2025-11-20,28,29,3159.64
2025-11-21,28,38,4082.44
2025-11-22,28,26,2868.95
2025-11-23,28,14,1509.36
2025-11-24,28,33,3608.64
2025-11-25,28,29,3219.36
2025-11-26,28,28,3018.19
2025-11-27,28,37,4030.65
2025-11-28,28,25,2740.98
2025-11-29,28,25,2825.66
2025-11-30,28,8,887.29
2025-12-01,28,12,1302.69
2025-12-02,28,28,3148.09
2025-12-03,28,13,1403.95
2025-12-04,28,16,1796.22
2025-12-05,28,25,2729.46
2025-12-06,28,11,1201.12
2025-12-07,28,11,1211.17
2025-12-08,28,32,3624.9
2025-12-09,28,21,2280.67
2025-12-10,28,18,1927.48
2025-12-11,28,17,1856.89
2025-12-12,28,33,3601.47
2025-12-13,28,23,2568.27
2025-12-14,28,9,1010.39
2025-12-15,28,24,2628.41
2025-12-16,28,15,1691.5
2025-12-17,28,18,2007.68
2025-12-18,28,19,2106.05
2025-12-19,28,24,2676.14
2025-12-20,28,23,2604.47
2025-12-21,28,14,1510.73
2025-12-22,28,20,2240.11
2025-12-23,28,28,3111.22
2025-12-24,28,20,2243.31
2025-12-25,28,24,2709.56
2025-12-26,28,15,1676.49
2025-12-27,28,24,2590.15
2025-12-28,28,4,441.05
2025-12-29,28,29,3146.3
2025-12-30,28,26,2793.92
2025-12-31,28,16,1714.25
2026-01-01,28,18,1967.38
2026-01-02,28,13,1445.25
2026-01-03,28,19,2107.33
2026-01-04,28,9,997.63
2026-01-05,28,16,1818.76
2026-01-06,28,15,1650.93
2026-01-07,28,19,2105.91
2026-01-08,28,30,3333.88
2026-01-09,28,13,1468.02
2026-01-10,28,18,2041.6
2026-01-11,28,4,443.52
2026-01-12,28,16,1784.42
2026-01-13,28,25,2740.0
2026-01-14,28,15,1655.42
2026-01-15,28,13,1462.69
2026-01-16,28,21,2280.9
2026-01-17,28,15,1667.34
2026-01-18,28,4,430.45
2026-01-19,28,16,1771.93
2026-01-20,28,15,1630.08
2026-01-21,28,17,1902.83
2026-01-22,28,26,2904.02
2026-01-23,28,14,1584.23
2026-01-24,28,13,1434.27
2026-01-25,28,5,557.63
2026-01-26,28,11,1237.58
2026-01-27,28,16,1742.8
2026-01-28,28,19,2153.82
2026-01-29,28,17,1856.55
2026-01-30,28,26,2792.8
2026-01-31,28,22,2380.21
2026-02-01,28,16,1776.57
2026-02-02,28,22,2405.6
2026-02-03,28,8,876.21
2026-02-04,28,21,2266.62
2026-02-05,28,23,2579.37
2026-02-06,28,16,1770.76
2026-02-07,28,15,1675.98
2026-02-08,28,6,656.9
2026-02-09,28,37,4138.03
2026-02-10,28,18,2045.85
2026-02-11,28,18,2013.6
2026-02-12,28,29,3207.46
2026-02-13,28,24,2677.78
2026-02-14,28,15,1696.56
2026-02-15,28,9,1021.02
2026-02-16,28,19,2067.38
2026-02-17,28,22,2438.59
2026-02-18,28,16,1816.39
2026-02-19,28,28,3072.6
2026-02-20,28,27,2971.63
2026-02-21,28,17,1844.93
2026-02-22,28,6,671.01
2026-02-23,28,24,2686.53
2026-02-24,28,14,1592.0
2026-02-25,28,25,2839.78
2026-02-26,28,14,1585.61
2026-02-27,28,20,2213.19
2026-02-28,28,19,2073.01
2026-03-01,28,13,1465.28
2026-03-02,28,25,2732.98
2026-03-03,28,24,2710.44
2026-03-04,28,25,2794.73
2026-03-05,28,35,3779.39
2026-03-06,28,15,1672.63
2026-03-07,28,22,2489.37
2026-03-08,28,17,1917.63
2026-03-09,28,34,3679.16
2026-03-10,28,32,3595.74
2026-03-11,28,17,1875.75
2026-03-12,28,29,3308.01
2026-03-13,28,21,2368.82
2026-03-14,28,19,2158.09
2026-03-15,28,14,1579.54
2026-03-16,28,29,3199.36
2026-03-17,28,24,2677.66
2026-03-18,28,33,3630.61
2026-03-19,28,26,2809.37
2026-03-20,28,18,2047.91
2026-03-21,28,43,4723.05
2026-03-22,28,7,759.86
2026-03-23,28,35,3893.27
2026-03-24,28,35,3888.0
2026-03-25,28,31,3453.29
2026-03-26,28,24,2701.86
2026-03-27,28,36,3964.01
2026-03-28,28,16,1819.33
2026-03-29,28,13,1433.36
2026-03-30,28,29,3166.57
2026-03-31,28,22,2400.01
2026-04-01,28,28,3126.47
2026-04-02,28,60,6584.3
2026-04-03,28,34,3788.64
2026-04-04,28,26,2962.21
2026-04-05,28,10,1144.43
2026-04-06,28,35,3900.05
2026-04-07,28,21,2304.75
2026-04-08,28,30,3398.31
2026-04-09,28,30,3376.83
2026-04-10,28,27,2989.42
2026-04-11,28,35,3980.09
2026-04-12,28,19,2082.3
2026-04-13,28,31,3470.49
2026-04-14,28,19,2150.78
2026-04-15,28,29,3239.55
2026-04-16,28,34,3719.7
2026-04-17,28,25,2807.64
2026-04-18,28,28,3144.54
2026-04-19,28,9,993.19
2026-04-20,28,23,2525.73
2026-04-21,28,28,3143.66
2026-04-22,28,29,3230.38
2026-04-23,28,23,2599.65
2026-04-24,28,28,3131.51
2026-04-25,28,30,3325.05
2026-04-26,28,8,897.78
2026-04-27,28,37,4164.14
2026-04-28,28,20,2255.93
2026-04-29,28,20,2174.37
2026-04-30,28,26,2943.93
2026-05-01,28,23,2526.28
2026-05-02,28,14,1570.55
2026-05-03,28,8,875.15
2026-05-04,28,18,2008.17
2026-05-05,28,14,1517.44
2026-05-06,28,21,2378.24
2026-05-07,28,22,2466.07
2026-05-08,28,18,1993.09
2026-05-09,28,15,1719.65
2026-05-10,28,9,1011.37
2026-05-11,28,13,1445.11
2026-05-12,28,20,2218.27
2026-05-13,28,19,2117.92
2026-05-14,28,13,1416.1
2026-05-15,28,23,2611.09
2026-05-16,28,14,1609.86
2026-05-17,28,6,677.45
2026-05-18,28,23,2587.96
2026-05-19,28,26,2947.91
2026-05-20,28,25,2857.45
2026-05-21,28,10,1133.06
2026-05-22,28,14,1605.15
2026-05-23,28,19,2102.39
2026-05-24,28,8,881.86
2026-05-25,28,21,2405.97
2026-05-26,28,23,2532.2
2026-05-27,28,23,2591.34
2026-05-28,28,16,1776.89
2026-05-29,28,16,1745.2
2026-05-30,28,23,2581.06
2026-05-31,28,6,679.32
2026-06-01,28,29,3330.58
2026-06-02,28,18,2067.1
2026-06-03,28,23,2555.22
2026-06-04,28,19,2071.99
2026-06-05,28,19,2099.15
2026-06-06,28,14,1533.78
2026-06-07,28,11,1250.68
2026-06-08,28,25,2870.87
2026-06-09,28,18,1978.18
2026-06-10,28,24,2676.69
2026-06-11,28,21,2366.95
2026-06-12,28,15,1722.68
2026-06-13,28,9,1019.59
2026-06-14,28,8,898.95
2026-06-15,28,15,1654.77
2026-06-16,28,23,2555.2
2026-06-17,28,16,1817.86
2026-06-18,28,14,1601.87
2026-06-19,28,13,1433.53
2026-06-20,28,14,1531.3
2026-06-21,28,5,572.71
2026-06-22,28,15,1677.22
2026-06-23,28,18,2061.52
2026-06-24,28,14,1598.6
2026-06-25,28,16,1820.46
2026-06-26,28,12,1327.87
2026-06-27,28,13,1422.59
2026-06-28,28,4,456.71
2026-06-29,28,17,1949.98
2026-06-30,28,18,2033.92
2026-07-01,28,16,1798.14
2026-07-02,28,12,1356.23
2026-07-03,28,23,2584.41
2026-07-04,28,12,1371.11
2026-07-05,28,9,1000.53
2026-07-06,28,17,1861.74
2026-07-07,28,28,3085.55
2026-07-08,28,22,2525.93
2026-07-09,28,14,1557.68
2026-07-10,28,15,1681.48
2026-07-11,28,22,2521.7
2026-07-12,28,8,912.7
2026-07-13,28,14,1536.19
2026-07-14,28,20,2234.77
2026-07-15,28,14,1621.4
2026-07-16,28,19,2111.78
2026-07-17,28,14,1608.56
2026-07-18,28,10,1151.59
2026-07-19,28,10,1146.38
2026-07-20,28,13,1450.85
2026-07-21,28,17,1933.88
2026-07-22,28,20,2249.93
2026-07-23,28,17,1895.74
2026-07-24,28,19,2147.87
2026-07-25,28,17,1916.53
2026-07-26,28,5,547.86
2026-07-27,28,24,2688.26
2026-07-28,28,21,2419.1
2026-07-29,28,12,1335.15
2026-07-30,28,13,1431.47
2026-07-31,28,21,2313.33
2026-08-01,28,12,1384.55
2026-08-02,28,8,884.21
2026-08-03,28,16,1805.62
2026-08-04,28,25,2746.68
2026-08-05,28,21,2426.87
2026-08-06,28,17,1871.94
2026-08-07,28,14,1549.66
2026-08-08,28,19,2139.65
2026-08-09,28,9,1019.23
2026-08-10,28,27,3017.8
2026-08-11,28,21,2302.77
2026-08-12,28,8,876.31
2026-08-13,28,23,2632.75
2026-08-14,28,21,2367.75
2026-08-15,28,11,1246.95
2026-08-16,28,13,1443.66
2026-08-17,28,19,2108.91
2026-08-18,28,18,2088.9
2026-08-19,28,16,1758.73
2026-08-20,28,20,2270.65
2026-08-21,28,30,3341.69
2026-08-22,28,13,1437.53
2026-08-23,28,11,1209.4
2026-08-24,28,30,3360.08
2026-08-25,28,25,2740.59
2026-08-26,28,20,2196.84
2026-08-27,28,20,2267.44
2026-08-28,28,17,1939.98
2026-08-29,28,29,3364.93
2026-08-30,28,13,1429.63
2026-08-31,28,21,2398.77
2026-09-01,28,29,3348.48
2026-09-02,28,35,3965.13
2026-09-03,28,22,2516.32
2026-09-04,28,33,3715.42
2026-09-05,28,24,2730.11
2026-09-06,28,13,1483.9
2026-09-07,28,26,2874.24
2026-09-08,28,36,4111.7
2026-09-09,28,28,3128.37
2026-09-10,28,23,2672.18
2026-09-11,28,34,3915.37
2026-09-12,28,29,3311.53
2026-09-13,28,8,913.44
2026-09-14,28,35,3871.78
2026-09-15,28,40,4423.92
2026-09-16,28,24,2771.99
2026-09-17,28,32,3657.05
2026-09-18,28,18,2056.9
2026-09-19,28,21,2421.41
2026-09-20,28,12,1340.08
2026-09-21,28,21,2309.54
2026-09-22,28,26,2887.26
2026-09-23,28,27,3079.14
2026-09-24,28,23,2632.32
2026-09-25,28,37,4299.48
2026-09-26,28,17,1955.53
2026-09-27,28,6,690.08
2026-09-28,28,35,3952.7
2026-09-29,28,21,2331.96
2026-09-30,28,24,2741.34
2023-10-01,29,16,4136.06
2023-10-02,29,23,6207.32
2023-10-03,29,37,10035.05
2023-10-04,29,16,4306.61
2023-10-05,29,33,8700.24
2023-10-06,29,34,8804.48
2023-10-07,29,22,5951.02
2023-10-08,29,13,3374.42
2023-10-09,29,36,9274.97
2023-10-10,29,27,7127.12
2023-10-11,29,30,8081.2
2023-10-12,29,21,5635.73
2023-10-13,29,20,5145.43
2023-10-14,29,22,5839.52
2023-10-15,29,17,4385.23
2023-10-16,29,29,7492.57
2023-10-17,29,33,8856.14
2023-10-18,29,30,7790.35
2023-10-19,29,22,5973.67
2023-10-20,29,34,9208.48
2023-10-21,29,29,7886.12
2023-10-22,29,6,1611.15
2023-10-23,29,33,8591.68
2023-10-24,29,32,8663.64
2023-10-25,29,32,8228.06
2023-10-26,29,26,6750.72
2023-10-27,29,23,6176.01
2023-10-28,29,15,3964.02
2023-10-29,29,11,2951.45
2023-10-30,29,29,7629.9
2023-10-31,29,23,6184.02
2023-11-01,29,23,5965.75
2023-11-02,29,35,9006.12
2023-11-03,29,42,11365.38
2023-11-04,29,12,3187.14
2023-11-05,29,6,1595.02
2023-11-06,29,36,9677.39
2023-11-07,29,25,6546.45
2023-11-08,29,29,7645.05
2023-11-09,29,26,6875.61
2023-11-10,29,17,4627.16
2023-11-11,29,18,4848.15
2023-11-12,29,10,2632.69
2023-11-13,29,29,7527.27
2023-11-14,29,22,5983.5
2023-11-15,29,14,3812.24
2023-11-16,29,28,7472.24
2023-11-17,29,21,5513.31
2023-11-18,29,30,7929.79
2023-11-19,29,21,5725.61
2023-11-20,29,30,8182.15
2023-11-21,29,20,5246.51
2023-11-22,29,25,6747.17
2023-11-23,29,21,5686.94
2023-11-24,29,22,5796.96
2023-11-25,29,14,3778.32
2023-11-26,29,14,3800.31
2023-11-27,29,23,6204.9
2023-11-28,29,32,8250.35
2023-11-29,29,27,7270.2
2023-11-30,29,27,6994.16
2023-12-01,29,16,4359.98
2023-12-02,29,17,4576.41
2023-12-03,29,7,1834.14
2023-12-04,29,20,5186.06
2023-12-05,29,15,3950.69
2023-12-06,29,28,7253.13
2023-12-07,29,18,4915.91
2023-12-08,29,23,6215.25
2023-12-09,29,14,3692.24
2023-12-10,29,7,1872.04
2023-12-11,29,17,4541.2
2023-12-12,29,18,4856.42
2023-12-13,29,17,4575.77
2023-12-14,29,27,7299.61
2023-12-15,29,21,5414.43
2023-12-16,29,16,4251.32
2023-12-17,29,6,1625.81
2023-12-18,29,10,2620.06
2023-12-19,29,19,5163.25
2023-12-20,29,14,3638.87
2023-12-21,29,21,5665.14
2023-12-22,29,21,5597.38
2023-12-23,29,17,4515.13
2023-12-24,29,7,1865.66
2023-12-25,29,19,5034.82
2023-12-26,29,22,5890.53
2023-12-27,29,31,8009.26
2023-12-28,29,21,5648.87
2023-12-29,29,18,4718.65
2023-12-30,29,18,4766.02
2023-12-31,29,14,3802.17
2024-01-01,29,20,5440.27
2024-01-02,29,10,2637.42
2024-01-03,29,11,2946.41
2024-01-04,29,14,3711.76
2024-01-05,29,20,5417.21
2024-01-06,29,13,3447.21
2024-01-07,29,10,2595.83
2024-01-08,29,12,3101.57
2024-01-09,29,10,2602.93
2024-01-10,29,6,1611.97
2024-01-11,29,17,4592.36
2024-01-12,29,13,3438.42
2024-01-13,29,10,2731.56
2024-01-14,29,9,2450.22
2024-01-15,29,20,5439.8
2024-01-16,29,12,3174.97
2024-01-17,29,11,2847.92
2024-01-18,29,16,4278.59
2024-01-19,29,21,5487.91
2024-01-20,29,10,2653.97
2024-01-21,29,12,3229.98
2024-01-22,29,24,6481.75
2024-01-23,29,16,4143.67
2024-01-24,29,15,4053.89
2024-01-25,29,9,2357.78
2024-01-26,29,25,6590.97
2024-01-27,29,18,4773.8
2024-01-28,29,4,1061.37
2024-01-29,29,21,5722.91
2024-01-30,29,11,2980.47
2024-01-31,29,14,3756.59
2024-02-01,29,14,3791.02
2024-02-02,29,24,6390.59
2024-02-03,29,13,3378.5
2024-02-04,29,4,1088.78
2024-02-05,29,26,6875.48
2024-02-06,29,16,4332.31
2024-02-07,29,18,4802.91
2024-02-08,29,15,3971.62
2024-02-09,29,19,5136.08
2024-02-10,29,13,3439.33
2024-02-11,29,13,3477.44
2024-02-12,29,17,4597.7
2024-02-13,29,26,6969.79
2024-02-14,29,15,3942.25
2024-02-15,29,27,7379.9
2024-02-16,29,22,6014.77
2024-02-17,29,11,2980.71
2024-02-18,29,5,1363.21
2024-02-19,29,21,5623.72
2024-02-20,29,20,5316.28
2024-02-21,29,19,5078.96
2024-02-22,29,24,6457.28
2024-02-23,29,24,6391.73
2024-02-24,29,10,2636.31
2024-02-25,29,7,1819.65
2024-02-26,29,21,5520.55
2024-02-27,29,16,4191.64
2024-02-28,29,17,4626.32
2024-02-29,29,25,6748.61
2024-03-01,29,20,5457.45
2024-03-02,29,21,5548.36
2024-03-03,29,6,1589.52
2024-03-04,29,15,4050.85
2024-03-05,29,17,4540.58
2024-03-06,29,21,5462.12
2024-03-07,29,22,5975.27
2024-03-08,29,32,8710.13
2024-03-09,29,15,3995.19
2024-03-10,29,7,1874.79
2024-03-11,29,31,8406.29
2024-03-12,29,34,8900.42
2024-03-13,29,28,7416.62
2024-03-14,29,23,6037.91
2024-03-15,29,17,4573.98
2024-03-16,29,17,4607.72
2024-03-17,29,7,1825.06
2024-03-18,29,21,5640.91
2024-03-19,29,30,8228.11
2024-03-20,29,29,7611.71
2024-03-21,29,27,7358.82
2024-03-22,29,32,8773.0
2024-03-23,29,24,6538.99
2024-03-24,29,16,4289.37
2024-03-25,29,22,5768.06
2024-03-26,29,21,5716.06
2024-03-27,29,26,6825.31
2024-03-28,29,19,4976.09
2024-03-29,29,21,5577.98
2024-03-30,29,18,4722.96
2024-03-31,29,5,1332.57
2024-04-01,29,24,6414.89
2024-04-02,29,24,6351.82
2024-04-03,29,22,5830.3
2024-04-04,29,17,4499.41
2024-04-05,29,29,7889.43
2024-04-06,29,21,5532.45
2024-04-07,29,8,2212.61
2024-04-08,29,22,5770.64
2024-04-09,29,23,6294.24
2024-04-10,29,25,6803.22
2024-04-11,29,24,6491.18
2024-04-12,29,18,4727.96
2024-04-13,29,17,4516.25
2024-04-14,29,13,3507.98
2024-04-15,29,22,5995.33
2024-04-16,29,27,7347.11
2024-04-17,29,25,6534.49
2024-04-18,29,24,6462.04
2024-04-19,29,29,7726.81
2024-04-20,29,22,5933.99
2024-04-21,29,14,3745.44
2024-04-22,29,24,6451.43
2024-04-23,29,34,9271.13
2024-04-24,29,19,5208.87
2024-04-25,29,30,8232.96
2024-04-26,29,15,3963.28
2024-04-27,29,18,4825.37
2024-04-28,29,8,2103.31
2024-04-29,29,22,5868.28
2024-04-30,29,24,6468.48
2024-05-01,29,22,5906.95
2024-05-02,29,15,4100.61
2024-05-03,29,23,6239.25
2024-05-04,29,12,3308.91
2024-05-05,29,6,1593.66
2024-05-06,29,25,6867.37
2024-05-07,29,19,5059.06
2024-05-08,29,11,2930.07
2024-05-09,29,15,4137.09
2024-05-10,29,28,7641.62
2024-05-11,29,20,5453.68
2024-05-12,29,4,1056.92
2024-05-13,29,25,6768.61
2024-05-14,29,21,5531.07
2024-05-15,29,23,6262.27
2024-05-16,29,19,5143.22
2024-05-17,29,13,3529.08
2024-05-18,29,18,4815.72
2024-05-19,29,14,3768.75
2024-05-20,29,20,5250.31
2024-05-21,29,17,4665.36
2024-05-22,29,13,3473.01
2024-05-23,29,15,4063.55
2024-05-24,29,24,6637.8
2024-05-25,29,16,4395.09
2024-05-26,29,6,1635.95
2024-05-27,29,11,3034.71
2024-05-28,29,17,4590.56
2024-05-29,29,15,4150.51
2024-05-30,29,23,6372.48
2024-05-31,29,19,5062.28
2024-06-01,29,8,2209.5
2024-06-02,29,12,3255.72
2024-06-03,29,15,4179.18
2024-06-04,29,15,4157.42
2024-06-05,29,18,5005.18
2024-06-06,29,13,3426.43
2024-06-07,29,15,4053.84
2024-06-08,29,9,2483.64
2024-06-09,29,10,2631.11
2024-06-10,29,14,3842.54
2024-06-11,29,15,4161.51
2024-06-12,29,18,4921.55
2024-06-13,29,12,3218.72
2024-06-14,29,13,3554.84
2024-06-15,29,12,3227.2
2024-06-16,29,9,2466.21
2024-06-17,29,23,6309.57
2024-06-18,29,12,3277.27
2024-06-19,29,18,4993.07
2024-06-20,29,20,5331.38
2024-06-21,29,14,3885.77
2024-06-22,29,9,2449.47
2024-06-23,29,6,1636.1
2024-06-24,29,12,3159.84
2024-06-25,29,15,3961.26
2024-06-26,29,6,1675.73
2024-06-27,29,24,6430.58
2024-06-28,29,21,5863.37
2024-06-29,29,11,3040.5
2024-06-30,29,5,1358.28
2024-07-01,29,18,4863.02
2024-07-02,29,30,8134.82
2024-07-03,29,28,7443.78
2024-07-04,29,11,2951.35
2024-07-05,29,19,5005.27
2024-07-06,29,12,3340.84
2024-07-07,29,9,2405.95
2024-07-08,29,16,4466.99
2024-07-09,29,13,3478.56
2024-07-10,29,10,2673.38
2024-07-11,29,27,7476.16
2024-07-12,29,13,3483.56
2024-07-13,29,13,3488.41
2024-07-14,29,5,1351.18
2024-07-15,29,17,4654.2
2024-07-16,29,16,4309.55
2024-07-17,29,18,4849.2
2024-07-18,29,13,3633.58
2024-07-19,29,12,3267.22
2024-07-20,29,10,2682.36
2024-07-21,29,5,1389.7
2024-07-22,29,9,2455.26
2024-07-23,29,19,5057.75
2024-07-24,29,14,3728.0
2024-07-25,29,24,6552.65
2024-07-26,29,9,2419.71
2024-07-27,29,13,3520.79
2024-07-28,29,10,2793.84
2024-07-29,29,17,4565.6
2024-07-30,29,18,4909.27
2024-07-31,29,26,7063.67
2024-08-01,29,18,4844.48
2024-08-02,29,20,5311.5
2024-08-03,29,15,4024.57
2024-08-04,29,12,3188.1
2024-08-05,29,18,4892.86
2024-08-06,29,17,4547.0
2024-08-07,29,20,5450.64
2024-08-08,29,13,3612.75
2024-08-09,29,19,5160.44
2024-08-10,29,17,4616.46
2024-08-11,29,15,4009.33
2024-08-12,29,23,6189.12
2024-08-13,29,10,2771.83
2024-08-14,29,28,7525.5
2024-08-15,29,24,6364.03
2024-08-16,29,17,4767.74
2024-08-17,29,14,3898.63
2024-08-18,29,7,1925.85
2024-08-19,29,15,4069.46
2024-08-20,29,23,6436.98
2024-08-21,29,31,8574.35
2024-08-22,29,15,3983.37
2024-08-23,29,17,4579.99
2024-08-24,29,15,4212.05
2024-08-25,29,9,2437.62
2024-08-26,29,13,3614.07
2024-08-27,29,10,2796.43
2024-08-28,29,22,5834.33
2024-08-29,29,24,6376.37
2024-08-30,29,23,6409.45
2024-08-31,29,14,3791.53
2024-09-01,29,12,3323.41
2024-09-02,29,24,6669.96
2024-09-03,29,25,6955.09
2024-09-04,29,27,7225.43
2024-09-05,29,26,7299.61
2024-09-06,29,20,5347.26
2024-09-07,29,14,3806.99
2024-09-08,29,14,3818.48
2024-09-09,29,48,13509.78
2024-09-10,29,22,5889.91
2024-09-11,29,21,5634.23
2024-09-12,29,37,9843.0
2024-09-13,29,39,10450.34
2024-09-14,29,23,6415.35
2024-09-15,29,10,2696.39
2024-09-16,29,24,6518.85
2024-09-17,29,31,8446.63
2024-09-18,29,36,9861.59
2024-09-19,29,8,2194.4
2024-09-20,29,24,6613.76
2024-09-21,29,18,4876.83
2024-09-22,29,10,2682.06
2024-09-23,29,25,6996.81
2024-09-24,29,21,5816.58
2024-09-25,29,18,4783.98
2024-09-26,29,24,6481.31
2024-09-27,29,20,5514.42
2024-09-28,29,20,5576.44
2024-09-29,29,9,2482.4
2024-09-30,29,25,7034.68
2024-10-01,29,29,7870.84
2024-10-02,29,30,8398.4
2024-10-03,29,25,6659.46
2024-10-04,29,53,14686.9
2024-10-05,29,26,7071.79
2024-10-06,29,20,5342.21
2024-10-07,29,27,7268.89
2024-10-08,29,17,4697.46
2024-10-09,29,26,7309.72
2024-10-10,29,40,11224.42
2024-10-11,29,33,9166.89
2024-10-12,29,30,8120.39
2024-10-17,29,25,6949.18
2024-10-18,29,31,8632.26
2024-10-19,29,19,5307.38
2024-10-20,29,16,4378.18
2024-10-21,29,33,8853.08
2024-10-22,29,30,8064.54
2024-10-23,29,20,5609.85
2024-10-24,29,29,8017.66
2024-10-25,29,26,7096.07
2024-10-26,29,21,5827.48
2024-10-27,29,8,2157.81
2024-10-28,29,23,6189.76
2024-10-29,29,26,7181.51
2024-10-30,29,39,11020.57
2024-10-31,29,19,5319.69
2024-11-01,29,18,4910.85
2024-11-02,29,15,4019.29
2024-11-03,29,7,1896.32
2024-11-04,29,23,6450.0
2024-11-05,29,28,7624.01
2024-11-06,29,18,4842.34
2024-11-07,29,27,7333.77
2024-11-08,29,28,7641.41
2024-11-09,29,27,7267.53
2024-11-10,29,12,3255.05
2024-11-13,29,28,7712.81
2024-11-14,29,22,6059.84
2024-11-15,29,33,9163.17
2024-11-16,29,14,3907.73
2024-11-17,29,15,4182.3
2024-11-18,29,26,7016.04
2024-11-19,29,23,6316.89
2024-11-20,29,28,7910.89
2024-11-21,29,25,6684.31
2024-11-22,29,25,6839.9
2024-11-23,29,23,6523.42
2024-11-24,29,13,3565.41
2024-11-25,29,16,4415.58
2024-11-26,29,28,7556.93
2024-11-27,29,25,6951.79
2024-11-28,29,31,8715.66
2024-11-29,29,20,5458.47
2024-11-30,29,20,5561.69
2024-12-01,29,8,2182.88
2024-12-02,29,31,8785.22
2024-12-03,29,21,5961.33
2024-12-04,29,25,6758.8
2024-12-05,29,26,7262.04
2024-12-06,29,16,4419.02
2024-12-07,29,22,5980.44
2024-12-08,29,10,2732.76
2024-12-09,29,23,6265.8
2024-12-10,29,22,6055.15
2024-12-11,29,26,7263.94
2024-12-12,29,21,5755.75
2024-12-13,29,24,6659.69
2024-12-14,29,16,4535.13
2024-12-15,29,8,2232.11
2024-12-16,29,21,5958.61
2024-12-17,29,16,4525.25
2024-12-18,29,22,6254.48
2024-12-19,29,18,4831.61
2024-12-20,29,24,6497.58
2024-12-21,29,14,3924.98
2024-12-22,29,8,2188.54
2024-12-23,29,24,6688.06
2024-12-24,29,16,4488.15
2024-12-25,29,19,5165.44
2024-12-26,29,18,4903.38
2024-12-27,29,17,4751.32
2024-12-28,29,11,3043.23
2024-12-29,29,13,3634.79
2024-12-30,29,18,4934.61
2024-12-31,29,25,7122.05
2025-01-01,29,21,5663.76
2025-01-02,29,12,3291.92
2025-01-03,29,19,5259.7
2025-01-04,29,10,2847.22
2025-01-05,29,10,2694.14
2025-01-06,29,14,3870.91
2025-01-07,29,17,4773.51
2025-01-08,29,13,3497.15
2025-01-09,29,21,5807.79
2025-01-10,29,9,2486.76
2025-01-11,29,19,5355.73
2025-01-12,29,3,855.34
2025-01-13,29,16,4377.92
2025-01-14,29,22,5922.34
2025-01-15,29,13,3499.99
2025-01-16,29,23,6538.7
2025-01-17,29,16,4393.0
2025-01-18,29,15,4073.18
2025-01-19,29,6,1687.36
2025-01-20,29,23,6471.33
2025-01-21,29,21,5701.49
2025-01-22,29,19,5115.01
2025-01-23,29,11,3099.78
2025-01-24,29,18,4934.47
2025-01-25,29,13,3500.85
2025-01-26,29,19,5293.75
2025-01-27,29,10,2725.85
2025-01-28,29,20,5401.3
2025-01-29,29,18,5036.34
2025-01-30,29,13,3519.9
2025-01-31,29,23,6199.47
2025-02-01,29,6,1635.83
2025-02-02,29,12,3363.43
2025-02-03,29,23,6241.44
2025-02-04,29,21,5939.85
2025-02-05,29,25,7092.56
2025-02-06,29,20,5494.54
2025-02-07,29,19,5423.77
2025-02-08,29,18,4926.84
2025-02-09,29,8,2201.07
2025-02-10,29,14,3998.27
2025-02-11,29,13,3670.13
2025-02-12,29,18,4996.98
2025-02-13,29,16,4513.28
2025-02-14,29,15,4079.46
2025-02-15,29,14,3821.7
2025-02-16,29,5,1393.16
2025-02-17,29,15,4277.42
2025-02-18,29,22,6187.2
2025-02-19,29,23,6436.46
2025-02-20,29,21,5702.61
2025-02-21,29,12,3413.66
2025-02-22,29,16,4384.55
2025-02-23,29,9,2526.96
2025-02-24,29,20,5597.29
2025-02-25,29,28,7999.02
2025-02-26,29,15,4106.4
2025-02-27,29,20,5661.27
2025-02-28,29,27,7422.4
2025-03-01,29,20,5447.9
2025-03-02,29,13,3678.97
2025-03-03,29,34,9250.59
2025-03-04,29,21,5835.75
2025-03-05,29,22,6115.3
2025-03-06,29,31,8718.53
2025-03-07,29,34,9303.2
2025-03-08,29,26,7401.3
2025-03-09,29,8,2191.68
2025-03-10,29,25,6900.02
2025-03-11,29,19,5271.91
2025-03-12,29,16,4570.84
2025-03-13,29,34,9558.08
2025-03-14,29,34,9430.79
2025-03-15,29,33,9095.01
2025-03-16,29,11,3082.96
2025-03-17,29,19,5306.18
2025-03-18,29,28,7754.69
2025-03-19,29,24,6745.66
2025-03-20,29,10,2830.98
2025-03-21,29,29,7943.44
2025-03-22,29,28,7936.69
2025-03-23,29,8,2235.05
2025-03-24,29,27,7497.59
2025-03-25,29,18,4878.5
2025-03-26,29,19,5434.19
2025-03-27,29,34,9345.87
2025-03-28,29,23,6539.7
2025-03-29,29,22,6170.37
2025-03-30,29,9,2541.05
2025-03-31,29,25,7002.84
2025-04-01,29,20,5570.53
2025-04-02,29,33,9141.99
2025-04-03,29,22,6211.75
2025-04-04,29,25,7071.18
2025-04-05,29,25,6995.57
2025-04-06,29,18,4953.25
2025-04-07,29,22,6308.56
2025-04-08,29,17,4830.28
2025-04-09,29,26,7197.03
2025-04-10,29,23,6591.38
2025-04-11,29,34,9302.05
2025-04-12,29,19,5198.11
2025-04-13,29,16,4499.16
2025-04-14,29,18,5132.07
2025-04-15,29,31,8708.9
2025-04-16,29,23,6387.2
2025-04-17,29,28,7637.59
2025-04-18,29,29,7914.91
2025-04-19,29,17,4707.46
2025-04-20,29,13,3625.46
2025-04-21,29,30,8492.49
2025-04-22,29,27,7395.84
2025-04-23,29,30,8360.17
2025-04-24,29,27,7503.44
2025-04-25,29,33,9214.37
2025-04-28,29,28,7613.3
2025-04-29,29,34,9539.21
2025-04-30,29,27,7527.5
2025-05-01,29,20,5492.77
2025-05-02,29,24,6864.05
2025-05-03,29,20,5472.96
2025-05-04,29,11,2990.79
2025-05-05,29,24,6882.67
2025-05-06,29,14,3967.32
2025-05-07,29,19,5176.71
2025-05-08,29,16,4421.75
2025-05-09,29,20,5594.1
2025-05-10,29,16,4460.14
2025-05-11,29,15,4171.95
2025-05-12,29,18,4975.39
2025-05-13,29,19,5444.58
2025-05-14,29,24,6741.21
2025-05-15,29,17,4811.5
2025-05-16,29,25,7032.25
2025-05-17,29,10,2855.6
2025-05-18,29,9,2578.99
2025-05-19,29,19,5479.73
2025-05-20,29,19,5316.13
2025-05-21,29,16,4410.13
2025-05-22,29,24,6730.87
2025-05-23,29,15,4265.49
2025-05-24,29,8,2258.46
2025-05-25,29,6,1639.32
2025-05-26,29,19,5401.63
2025-05-27,29,15,4236.68
2025-05-28,29,22,6218.02
2025-05-29,29,17,4717.66
2025-05-30,29,14,4032.13
2025-05-31,29,15,4260.72
2025-06-01,29,8,2217.22
2025-06-02,29,12,3383.69
2025-06-03,29,18,5128.58
2025-06-04,29,21,6010.88
2025-06-05,29,23,6275.29
2025-06-06,29,18,4983.31
2025-06-07,29,16,4446.1
2025-06-08,29,8,2304.18
2025-06-09,29,7,1925.41
2025-06-10,29,14,3997.3
2025-06-11,29,18,4937.94
2025-06-12,29,18,5206.56
2025-06-13,29,13,3630.02
2025-06-14,29,12,3460.72
2025-06-15,29,7,2024.8
2025-06-16,29,24,6606.33
2025-06-17,29,20,5709.87
2025-06-18,29,16,4384.86
2025-06-19,29,18,5077.64
2025-06-20,29,17,4788.09
2025-06-21,29,10,2817.38
2025-06-22,29,7,1991.81
2025-06-23,29,17,4903.01
2025-06-24,29,13,3669.76
2025-06-25,29,22,6020.72
2025-06-26,29,23,6560.97
2025-06-27,29,25,6919.9
2025-06-28,29,15,4142.86
2025-06-29,29,4,1151.34
2025-06-30,29,19,5242.27
2025-07-01,29,10,2793.26
2025-07-02,29,15,4233.2
2025-07-03,29,12,3465.56
2025-07-04,29,18,5149.07
2025-07-05,29,24,6931.86
2025-07-06,29,6,1679.88
2025-07-07,29,14,3953.61
2025-07-08,29,14,4017.69
2025-07-09,29,12,3325.74
2025-07-10,29,8,2250.77
2025-07-11,29,14,3904.42
2025-07-12,29,14,4062.63
2025-07-13,29,6,1654.3
2025-07-14,29,17,4704.6
2025-07-15,29,11,3134.19
2025-07-16,29,14,4001.29
2025-07-17,29,17,4738.49
2025-07-18,29,12,3429.89
2025-07-19,29,10,2865.84
2025-07-20,29,3,841.22
2025-07-21,29,18,5225.57
2025-07-22,29,10,2788.72
2025-07-23,29,16,4558.08
2025-07-24,29,17,4732.14
2025-07-25,29,13,3613.67
2025-07-26,29,25,7012.45
2025-07-28,29,7,2029.4
2025-07-29,29,13,3624.8
2025-07-30,29,24,6915.7
2025-07-31,29,15,4357.23
2025-08-01,29,26,7426.2
2025-08-02,29,10,2799.93
2025-08-03,29,8,2207.94
2025-08-04,29,19,5332.07
2025-08-05,29,15,4196.33
2025-08-06,29,17,4724.24
2025-08-07,29,25,7154.74
2025-08-08,29,20,5799.29
2025-08-09,29,15,4323.63
2025-08-10,29,5,1423.62
2025-08-11,29,15,4334.71
2025-08-12,29,13,3637.72
2025-08-13,29,26,7432.55
2025-08-14,29,14,3884.78
2025-08-15,29,24,6917.72
2025-08-16,29,20,5667.79
2025-08-17,29,14,4017.46
2025-08-18,29,19,5505.08
2025-08-19,29,21,6049.83
2025-08-20,29,25,7066.73
2025-08-21,29,26,7490.58
2025-08-22,29,28,7724.01
2025-08-23,29,22,6394.84
2025-08-24,29,13,3655.44
2025-08-25,29,15,4237.75
2025-08-26,29,14,3857.86
2025-08-27,29,17,4869.85
2025-08-28,29,20,5668.38
2025-08-29,29,14,4076.21
2025-08-30,29,17,4843.09
2025-08-31,29,16,4556.86
2025-09-01,29,21,5995.48
2025-09-02,29,29,8036.88
2025-09-03,29,26,7324.2
2025-09-04,29,35,9835.41
2025-09-05,29,27,7818.15
2025-09-06,29,27,7533.75
2025-09-07,29,7,1946.38
2025-09-08,29,26,7424.1
2025-09-09,29,40,11395.17
2025-09-10,29,28,7901.76
2025-09-11,29,22,6315.48
2025-09-12,29,21,5868.95
2025-09-13,29,22,6168.33
2025-09-14,29,16,4663.89
2025-09-15,29,22,6144.35
2025-09-16,29,26,7206.05
2025-09-17,29,21,5985.88
2025-09-18,29,36,10143.63
2025-09-19,29,36,10257.44
2025-09-20,29,30,8377.19
2025-09-21,29,10,2926.55
2025-09-22,29,24,6834.74
2025-09-23,29,9,2556.65
2025-09-26,29,21,5960.16
2025-09-27,29,19,5282.26
2025-09-28,29,18,5225.61
2025-09-29,29,24,6817.78
2025-09-30,29,23,6554.35
2025-10-01,29,34,9897.35
2025-10-02,29,28,8175.14
2025-10-03,29,36,9977.65
2025-10-04,29,18,5193.53
2025-10-05,29,15,4248.88
2025-10-06,29,36,9973.88
2025-10-07,29,14,3934.72
2025-10-08,29,32,9120.37
2025-10-09,29,32,9058.82
2025-10-10,29,31,8624.99
2025-10-11,29,20,5853.0
2025-10-12,29,6,1729.32
2025-10-13,29,25,6974.23
2025-10-14,29,32,8968.82
2025-10-15,29,30,8685.57
2025-10-16,29,27,7802.7
2025-10-17,29,11,3141.28
2025-10-21,29,25,7257.15
2025-10-22,29,37,10421.55
2025-10-23,29,29,8160.7
2025-10-24,29,29,8219.79
2025-10-25,29,22,6321.52
2025-10-26,29,15,4201.01
2025-10-27,29,16,4480.06
2025-10-28,29,25,7285.9
2025-10-29,29,31,8737.86
2025-10-30,29,33,9170.27
2025-10-31,29,25,7016.44
2025-11-01,29,29,8111.96
2025-11-02,29,14,4050.74
2025-11-03,29,34,9467.77
2025-11-04,29,19,5449.35
2025-11-05,29,44,12841.17
2025-11-06,29,39,11260.21
2025-11-07,29,29,8360.99
2025-11-08,29,19,5281.54
2025-11-09,29,18,5140.5
2025-11-10,29,37,10684.95
2025-11-11,29,26,7354.47
2025-11-12,29,28,7859.18
2025-11-13,29,21,6153.93
2025-11-14,29,31,8733.08
2025-11-15,29,33,9447.45
2025-11-16,29,18,5093.26
2025-11-17,29,29,8128.5
2025-11-18,29,14,4053.94
2025-11-19,29,38,11126.26
2025-11-20,29,25,7295.74
2025-11-21,29,27,7795.73
2025-11-22,29,32,9053.49
2025-11-23,29,12,3476.22
2025-11-24,29,20,5790.82
2025-11-25,29,19,5352.35
2025-11-26,29,20,5756.3
2025-11-27,29,36,10313.73
2025-11-28,29,39,10914.69
2025-11-29,29,12,3494.67
2025-11-30,29,32,9170.61
2025-12-01,29,15,4333.59
2025-12-02,29,11,3177.39
2025-12-03,29,15,4271.14
2025-12-04,29,16,4716.31
2025-12-05,29,14,3956.43
2025-12-06,29,17,5003.06
2025-12-07,29,10,2818.09
2025-12-08,29,22,6125.92
2025-12-09,29,17,4889.74
2025-12-10,29,22,6358.51
2025-12-11,29,27,7511.94
2025-12-12,29,20,5860.5
2025-12-13,29,25,6961.12
2025-12-14,29,13,3764.17
2025-12-15,29,23,6446.56
2025-12-16,29,11,3166.42
2025-12-17,29,19,5299.74
2025-12-18,29,18,5089.09
2025-12-19,29,28,8091.29
2025-12-20,29,13,3699.21
2025-12-21,29,10,2871.07
2025-12-22,29,17,4989.27
2025-12-23,29,15,4298.27
2025-12-24,29,29,8265.25
2025-12-25,29,33,9371.61
2025-12-26,29,17,4938.33
2025-12-27,29,14,4067.06
2025-12-28,29,16,4571.4
2025-12-29,29,25,7004.99
2025-12-30,29,18,5262.32
2025-12-31,29,17,4977.96
2026-01-01,29,25,7255.16
2026-01-02,29,16,4675.71
2026-01-03,29,19,5369.13
2026-01-04,29,8,2282.65
2026-01-05,29,18,5021.49
2026-01-06,29,16,4569.06
2026-01-07,29,19,5601.44
2026-01-08,29,20,5908.99
2026-01-09,29,26,7561.06
2026-01-10,29,12,3433.45
2026-01-11,29,10,2846.81
2026-01-12,29,9,2543.51
2026-01-13,29,15,4304.47
2026-01-14,29,20,5712.84
2026-01-15,29,24,6866.37
2026-01-16,29,23,6708.89
2026-01-17,29,13,3731.98
2026-01-18,29,6,1758.9
2026-01-19,29,19,5495.27
2026-01-20,29,16,4546.02
2026-01-21,29,28,7863.2
2026-01-22,29,17,4936.46
2026-01-23,29,11,3205.33
2026-01-24,29,23,6474.18
2026-01-25,29,7,2071.93
2026-01-26,29,19,5347.02
2026-01-27,29,27,7750.57
2026-01-28,29,20,5607.02
2026-01-29,29,21,6002.13
2026-01-30,29,20,5784.44
2026-01-31,29,23,6576.13
2026-02-01,29,9,2663.73
2026-02-02,29,18,5327.57
2026-02-03,29,19,5463.31
2026-02-04,29,16,4592.18
2026-02-05,29,21,6192.98
2026-02-06,29,19,5380.69
2026-02-07,29,20,5618.05
2026-02-08,29,10,2810.34
2026-02-09,29,18,5187.82
2026-02-10,29,15,4263.36
2026-02-11,29,14,4114.02
2026-02-12,29,23,6696.65
2026-02-13,29,22,6292.73
2026-02-14,29,13,3703.51
2026-02-15,29,13,3727.63
2026-02-16,29,23,6616.53
2026-02-17,29,33,9358.77
2026-02-18,29,15,4433.61
2026-02-19,29,20,5660.8
2026-02-20,29,23,6609.0
2026-02-21,29,24,7044.42
2026-02-22,29,10,2934.52
2026-02-23,29,22,6162.35
2026-02-24,29,14,4104.78
2026-02-25,29,24,6946.81
2026-02-26,29,17,4793.36
2026-02-27,29,18,5300.11
2026-02-28,29,15,4285.42
2026-03-01,29,14,4050.97
2026-03-02,29,37,10791.48
2026-03-03,29,20,5834.02
2026-03-04,29,20,5798.58
2026-03-05,29,26,7575.59
2026-03-06,29,24,6889.56
2026-03-07,29,19,5417.65
2026-03-08,29,9,2637.7
2026-03-09,29,23,6749.55
2026-03-10,29,25,7247.98
2026-03-11,29,27,7756.88
2026-03-12,29,14,3963.01
2026-03-13,29,25,7137.49
2026-03-14,29,13,3810.16
2026-03-15,29,20,5728.89
2026-03-16,29,24,6777.61
2026-03-17,29,19,5595.08
2026-03-18,29,28,8044.01
2026-03-19,29,21,5993.13
2026-03-20,29,26,7733.97
2026-03-21,29,22,6426.21
2026-03-22,29,9,2634.32
2026-03-23,29,20,5952.62
2026-03-24,29,24,6763.68
2026-03-25,29,38,10864.18
2026-03-26,29,23,6612.38
2026-03-27,29,21,6053.42
2026-03-28,29,20,5663.45
2026-03-29,29,13,3746.15
2026-03-30,29,38,11233.89
2026-03-31,29,19,5360.87
2026-04-01,29,30,8638.66
2026-04-02,29,27,7824.58
2026-04-03,29,29,8218.42
2026-04-04,29,29,8567.84
2026-04-05,29,9,2686.66
2026-04-06,29,25,7368.89
2026-04-07,29,21,6184.29
2026-04-08,29,30,8952.97
2026-04-09,29,35,10236.73
2026-04-10,29,34,9853.95
2026-04-11,29,27,7712.62
2026-04-12,29,11,3242.18
2026-04-13,29,26,7500.78
2026-04-14,29,22,6513.88
2026-04-15,29,21,6246.64
2026-04-16,29,26,7739.22
2026-04-17,29,33,9751.67
2026-04-18,29,28,8252.3
2026-04-19,29,13,3823.99
2026-04-20,29,25,7319.97
2026-04-21,29,27,7765.75
2026-04-22,29,18,5264.11
2026-04-23,29,23,6818.29
2026-04-24,29,50,14559.11
2026-04-25,29,21,5999.64
2026-04-26,29,15,4252.4
2026-04-27,29,22,6201.93
2026-04-28,29,27,7921.64
2026-04-29,29,27,7921.35
2026-04-30,29,24,6944.49
2026-05-01,29,16,4565.19
2026-05-02,29,12,3505.13
2026-05-03,29,10,2953.12
2026-05-04,29,18,5289.85
2026-05-05,29,15,4341.9
2026-05-06,29,21,5983.12
2026-05-07,29,24,6815.82
2026-05-08,29,21,6166.2
2026-05-09,29,18,5347.17
2026-05-10,29,6,1780.26
2026-05-11,29,18,5354.95
2026-05-12,29,31,8936.59
2026-05-13,29,23,6559.39
2026-05-14,29,21,5969.19
2026-05-15,29,24,6896.75
2026-05-16,29,19,5532.42
2026-05-17,29,5,1433.66
2026-05-18,29,19,5632.31
2026-05-19,29,21,5933.23
2026-05-20,29,22,6224.85
2026-05-21,29,27,7690.86
2026-05-22,29,23,6611.77
2026-05-23,29,13,3840.08
2026-05-24,29,14,4077.67
2026-05-25,29,20,5838.13
2026-05-26,29,11,3155.44
2026-05-27,29,25,7429.04
2026-05-28,29,19,5694.06
2026-05-29,29,22,6590.84
2026-05-30,29,17,5012.66
2026-05-31,29,6,1791.02
2026-06-01,29,21,6183.58
2026-06-02,29,18,5100.4
2026-06-03,29,19,5521.06
2026-06-04,29,13,3749.46
2026-06-05,29,13,3794.75
2026-06-06,29,12,3470.51
2026-06-07,29,10,2955.63
2026-06-08,29,16,4536.53
2026-06-09,29,11,3130.11
2026-06-10,29,10,2880.5
2026-06-11,29,19,5638.53
2026-06-12,29,17,4940.33
2026-06-13,29,19,5561.72
2026-06-14,29,8,2314.25
2026-06-15,29,15,4494.42
2026-06-16,29,18,5285.72
2026-06-17,29,22,6514.36
2026-06-18,29,14,4127.33
2026-06-19,29,21,5984.33
2026-06-20,29,19,5428.7
2026-06-21,29,1,292.03
2026-06-22,29,12,3533.15
2026-06-23,29,14,4055.78
2026-06-24,29,17,5055.87
2026-06-25,29,15,4259.86
2026-06-26,29,7,2004.3
2026-06-27,29,13,3803.42
2026-06-28,29,8,2271.33
2026-06-29,29,26,7419.51
2026-06-30,29,26,7607.7
2026-07-01,29,18,5390.89
2026-07-02,29,15,4293.61
2026-07-03,29,13,3698.9
2026-07-04,29,13,3777.35
2026-07-05,29,7,2068.77
2026-07-06,29,20,5956.11
2026-07-07,29,22,6358.94
2026-07-08,29,15,4263.36
2026-07-09,29,13,3909.58
2026-07-10,29,21,6178.28
2026-07-11,29,11,3244.97
2026-07-12,29,8,2348.23
2026-07-13,29,12,3546.14
2026-07-14,29,30,8679.02
2026-07-15,29,21,6274.99
2026-07-16,29,16,4652.87
2026-07-17,29,20,5746.56
2026-07-18,29,16,4704.34
2026-07-19,29,12,3552.62
2026-07-20,29,20,5809.8
2026-07-21,29,18,5206.37
2026-07-22,29,20,5707.87
2026-07-23,29,19,5643.43
2026-07-24,29,13,3731.38
2026-07-25,29,15,4302.09
2026-07-26,29,11,3140.73
2026-07-27,29,14,3988.96
2026-07-28,29,20,5843.09
2026-07-29,29,14,4057.07
2026-07-30,29,18,5377.4
2026-07-31,29,13,3842.99
2026-08-01,29,25,7438.25
2026-08-02,29,6,1725.36
2026-08-03,29,27,7738.97
2026-08-04,29,24,7012.91
2026-08-05,29,19,5586.86
2026-08-06,29,18,5204.57
2026-08-07,29,25,7459.31
2026-08-08,29,12,3468.49
2026-08-09,29,13,3829.57
2026-08-10,29,19,5620.18
2026-08-11,29,23,6790.27
2026-08-12,29,20,5992.89
2026-08-13,29,20,5905.93
2026-08-14,29,17,5107.3
2026-08-15,29,13,3829.37
2026-08-16,29,8,2315.09
2026-08-17,29,18,5397.85
2026-08-18,29,11,3153.24
2026-08-19,29,22,6628.4
2026-08-20,29,19,5470.46
2026-08-21,29,21,6256.22
2026-08-22,29,21,6111.79
2026-08-23,29,9,2655.62
2026-08-24,29,18,5383.83
2026-08-25,29,18,5172.47
2026-08-26,29,19,5611.87
2026-08-27,29,21,6017.37
2026-08-28,29,26,7592.7
2026-08-29,29,15,4460.01
2026-08-30,29,8,2349.13
2026-08-31,29,14,4138.73
2026-09-01,29,19,5550.6
2026-09-02,29,22,6597.44
2026-09-03,29,25,7514.77
2026-09-04,29,32,9164.15
2026-09-05,29,13,3850.36
2026-09-06,29,15,4376.27
2026-09-07,29,15,4485.41
2026-09-08,29,25,7470.29
2026-09-09,29,23,6649.39
2026-09-10,29,21,6131.91
2026-09-11,29,24,7237.57
2026-09-12,29,20,5719.63
2026-09-13,29,16,4605.46
2026-09-14,29,30,8643.72
2026-09-15,29,21,6353.6
2026-09-16,29,23,6639.9
2026-09-17,29,15,4406.71
2026-09-18,29,27,7906.88
2026-09-19,29,21,6243.06
2026-09-20,29,9,2732.19
2026-09-21,29,26,7533.72
2026-09-22,29,15,4496.53
2026-09-23,29,25,7442.39
2026-09-24,29,32,9475.1
2026-09-25,29,23,6777.1
2026-09-26,29,18,5161.47
2026-09-27,29,11,3186.42
2026-09-28,29,32,9718.02
2026-09-29,29,27,8028.58
2026-09-30,29,21,6085.34
2023-10-01,30,16,4591.59
2023-10-02,30,25,7274.39
2023-10-03,30,33,9462.26
2023-10-04,30,28,7924.82
2023-10-05,30,32,9204.05
2023-10-06,30,35,10303.16
2023-10-07,30,33,9754.65
2023-10-08,30,10,2953.41
2023-10-09,30,35,10266.82
2023-10-10,30,28,7937.8
2023-10-11,30,29,8124.69
2023-10-12,30,27,7892.12
2023-10-13,30,31,8705.71
2023-10-14,30,29,8209.72
2023-10-15,30,19,5585.59
2023-10-16,30,24,7129.5
2023-10-17,30,35,9925.44
2023-10-18,30,28,7983.0
2023-10-19,30,33,9533.74
2023-10-20,30,27,7835.15
2023-10-21,30,39,11294.59
2023-10-22,30,18,5129.01
2023-10-23,30,25,7119.41
2023-10-24,30,22,6289.83
2023-10-25,30,23,6560.94
2023-10-26,30,36,10288.99
2023-10-27,30,26,7495.82
2023-10-28,30,30,8571.26
2023-10-29,30,16,4684.14
2023-10-30,30,28,8009.06
2023-10-31,30,42,12225.71
2023-11-01,30,41,11631.04
2023-11-02,30,37,10747.02
2023-11-03,30,21,5946.39
2023-11-04,30,24,7029.85
2023-11-05,30,14,4020.31
2023-11-06,30,31,8840.58
2023-11-07,30,25,7349.35
2023-11-08,30,29,8493.87
2023-11-09,30,33,9799.5
2023-11-10,30,33,9689.81
2023-11-11,30,39,11093.66
2023-11-12,30,10,2965.67
2023-11-13,30,34,9700.02
2023-11-14,30,25,7304.86
2023-11-15,30,29,8381.0
2023-11-16,30,23,6788.82
2023-11-17,30,22,6509.16
2023-11-18,30,27,7923.94
2023-11-19,30,15,4323.03
2023-11-20,30,38,11248.44
2023-11-21,30,30,8587.64
2023-11-22,30,31,8937.82
2023-11-23,30,36,10316.97
2023-11-24,30,36,10686.38
2023-11-25,30,25,7170.11
2023-11-26,30,11,3243.69
2023-11-27,30,19,5560.21
2023-11-28,30,43,12605.06
2023-11-29,30,21,6145.17
2023-11-30,30,35,10241.32
2023-12-01,30,19,5400.72
2023-12-02,30,15,4235.97
2023-12-03,30,8,2311.2
2023-12-04,30,31,9062.86
2023-12-05,30,23,6668.79
2023-12-06,30,27,7637.53
2023-12-07,30,23,6554.81
2023-12-08,30,26,7695.58
2023-12-09,30,14,4156.62
2023-12-10,30,10,2829.9
2023-12-11,30,30,8519.15
2023-12-12,30,25,7356.52
2023-12-13,30,10,2955.04
2023-12-14,30,16,4788.64
2023-12-15,30,27,7863.54
2023-12-16,30,21,6135.5
2023-12-17,30,10,2911.94
2023-12-18,30,26,7691.42
2023-12-19,30,20,5958.29
2023-12-20,30,12,3469.24
2023-12-21,30,15,4476.65
2023-12-22,30,25,7232.28
2023-12-23,30,16,4640.21
2023-12-24,30,6,1727.4
2023-12-25,30,22,6486.19
2023-12-26,30,15,4455.77
2023-12-27,30,19,5623.66
2023-12-28,30,19,5633.33
2023-12-29,30,16,4671.93
2023-12-30,30,34,10087.0
2023-12-31,30,8,2292.09
2024-01-01,30,11,3185.88
2024-01-02,30,12,3472.13
2024-01-03,30,17,5044.55
2024-01-04,30,21,6178.18
2024-01-05,30,23,6530.28
2024-01-06,30,24,6919.82
2024-01-07,30,10,2906.24
2024-01-08,30,17,4813.67
2024-01-09,30,22,6401.66
2024-01-10,30,27,7877.33
2024-01-11,30,16,4558.58
2024-01-12,30,24,7044.82
2024-01-13,30,11,3241.7
2024-01-14,30,5,1429.12
2024-01-15,30,20,5675.83
2024-01-16,30,46,13781.47
2024-01-17,30,16,4776.14
2024-01-18,30,18,5208.12
2024-01-19,30,29,8578.14
2024-01-20,30,22,6434.53
2024-01-21,30,8,2341.64
2024-01-22,30,19,5583.97
2024-01-23,30,14,4030.28
2024-01-24,30,15,4255.11
2024-01-25,30,17,5001.74
2024-01-26,30,21,6304.57
2024-01-27,30,16,4589.64
2024-01-28,30,13,3720.85
2024-01-29,30,15,4291.81
2024-01-30,30,23,6638.85
2024-01-31,30,19,5417.01
2024-02-01,30,22,6602.22
2024-02-02,30,16,4672.64
2024-02-03,30,18,5281.04
2024-02-04,30,7,2058.02
2024-02-05,30,12,3455.85
2024-02-06,30,23,6791.41
2024-02-07,30,16,4622.82
2024-02-08,30,28,8339.17
2024-02-09,30,29,8470.1
2024-02-10,30,16,4718.8
2024-02-11,30,10,2941.19
2024-02-12,30,25,7237.18
2024-02-13,30,29,8454.04
2024-02-14,30,8,2294.42
2024-02-15,30,20,5832.39
2024-02-16,30,22,6421.94
2024-02-17,30,16,4618.89
2024-02-18,30,8,2384.6
2024-02-19,30,21,5985.81
2024-02-20,30,20,5828.72
2024-02-21,30,25,7168.81
2024-02-22,30,22,6320.49
2024-02-23,30,20,6015.24
2024-02-24,30,12,3523.78
2024-02-25,30,14,4117.77
2024-02-26,30,24,7176.28
2024-02-27,30,12,3473.32
2024-02-28,30,26,7669.89
2024-02-29,30,20,6015.3
2024-03-01,30,15,4503.13
2024-03-02,30,21,6273.3
2024-03-03,30,10,2889.12
2024-03-04,30,36,10559.66
2024-03-05,30,22,6400.73
2024-03-06,30,33,9761.91
2024-03-07,30,24,6978.47
2024-03-08,30,28,8020.48
2024-03-09,30,26,7847.52
2024-03-10,30,13,3816.76
2024-03-11,30,27,7744.44
2024-03-12,30,34,10264.56
2024-03-13,30,34,10074.74
2024-03-14,30,38,11401.59
2024-03-15,30,35,10469.72
2024-03-16,30,25,7369.78
2024-03-17,30,14,4001.26
2024-03-18,30,28,8223.43
2024-03-19,30,26,7663.77
2024-03-20,30,31,9205.75
2024-03-21,30,37,10832.6
2024-03-22,30,40,11721.9
2024-03-23,30,34,9975.67
2024-03-24,30,11,3172.87
2024-03-25,30,32,9271.43
2024-03-26,30,32,9273.76
2024-03-27,30,46,13393.67
2024-03-28,30,17,4955.53
2024-03-29,30,28,8378.8
2024-03-30,30,21,5999.65
2024-03-31,30,13,3839.16
2024-04-01,30,28,8201.87
2024-04-02,30,36,10713.63
2024-04-03,30,34,10117.78
2024-04-04,30,38,11373.56
2024-04-05,30,26,7676.02
2024-04-06,30,30,8870.39
2024-04-07,30,16,4736.97
2024-04-08,30,33,9973.24
2024-04-09,30,33,9837.44
2024-04-10,30,30,8591.06
2024-04-11,30,32,9286.76
2024-04-12,30,23,6709.77
2024-04-13,30,22,6356.41
2024-04-14,30,21,6141.47
2024-04-15,30,44,12704.97
2024-04-16,30,37,10871.58
2024-04-17,30,33,9958.12
2024-04-18,30,22,6353.67
2024-04-19,30,25,7527.25
2024-04-20,30,35,10164.25
2024-04-21,30,18,5437.96
2024-04-22,30,17,4894.18
2024-04-23,30,29,8598.27
2024-04-24,30,28,8288.85
2024-04-25,30,36,10574.25
2024-04-26,30,23,6719.91
2024-04-27,30,22,6506.96
2024-04-28,30,12,3524.01
2024-04-29,30,24,6930.85
2024-04-30,30,22,6314.8
2024-05-01,30,16,4861.8
2024-05-02,30,21,6122.13
2024-05-03,30,8,2381.36
2024-05-04,30,16,4810.33
2024-05-05,30,14,4237.74
2024-05-06,30,26,7491.32
2024-05-07,30,20,5766.9
2024-05-08,30,34,10324.87
2024-05-09,30,21,6234.58
2024-05-10,30,34,9906.31
2024-05-11,30,14,4063.34
2024-05-12,30,11,3262.46
2024-05-13,30,21,6205.23
2024-05-14,30,21,6312.46
2024-05-15,30,24,7061.02
2024-05-16,30,14,4227.54
2024-05-17,30,34,10166.0
2024-05-18,30,22,6336.5
2024-05-19,30,15,4493.93
2024-05-20,30,19,5659.34
2024-05-21,30,25,7178.34
2024-05-22,30,19,5645.29
2024-05-23,30,20,5981.4
2024-05-24,30,19,5677.61
2024-05-25,30,14,4057.67
2024-05-26,30,10,2873.11
2024-05-27,30,28,8430.01
2024-05-28,30,23,6914.25
2024-05-29,30,21,6344.95
2024-05-30,30,28,8479.02
2024-05-31,30,30,8918.4
2024-06-01,30,13,3846.78
2024-06-02,30,10,2941.85
2024-06-03,30,17,5021.93
2024-06-04,30,19,5507.84
2024-06-05,30,26,7770.72
2024-06-06,30,17,5049.65
2024-06-07,30,31,8988.82
2024-06-08,30,13,3910.11
2024-06-09,30,4,1169.53
2024-06-10,30,30,9106.52
2024-06-11,30,13,3925.45
2024-06-12,30,25,7423.42
2024-06-13,30,14,4093.48
2024-06-14,30,26,7649.36
2024-06-15,30,17,5169.61
2024-06-16,30,8,2302.72
2024-06-17,30,20,6037.92
2024-06-18,30,19,5477.26
2024-06-19,30,18,5478.17
2024-06-20,30,14,4250.01
2024-06-21,30,26,7899.91
2024-06-22,30,21,6093.22
2024-06-23,30,7,2126.82
2024-06-24,30,26,7498.09
2024-06-25,30,28,8506.0
2024-06-26,30,18,5454.89
2024-06-27,30,15,4471.39
2024-06-28,30,19,5685.12
2024-06-29,30,18,5285.66
2024-06-30,30,6,1755.98
2024-07-01,30,31,9107.5
2024-07-02,30,17,5149.39
2024-07-03,30,25,7318.03
2024-07-04,30,15,4419.1
2024-07-05,30,40,12221.43
2024-07-06,30,15,4353.26
2024-07-07,30,7,2133.63
2024-07-08,30,12,3664.42
2024-07-09,30,10,2903.61
2024-07-10,30,10,2966.45
2024-07-11,30,21,6072.27
2024-07-12,30,31,9177.36
2024-07-13,30,18,5332.52
2024-07-14,30,9,2650.16
2024-07-15,30,15,4401.21
2024-07-16,30,22,6393.41
2024-07-17,30,23,6996.76
2024-07-18,30,25,7394.62
2024-07-19,30,15,4374.04
2024-07-20,30,23,6813.03
2024-07-21,30,8,2380.01
2024-07-22,30,27,7936.39
2024-07-23,30,23,6930.48
2024-07-24,30,17,5040.62
2024-07-25,30,20,6096.43
2024-07-26,30,15,4434.21
2024-07-27,30,18,5414.16
2024-07-28,30,8,2415.04
2024-07-29,30,17,4941.11
2024-07-30,30,17,5121.55
2024-07-31,30,21,6210.69
2024-08-01,30,18,5346.82
2024-08-02,30,18,5362.49
2024-08-03,30,17,5109.05
2024-08-04,30,9,2683.35
2024-08-05,30,28,8281.42
2024-08-06,30,25,7494.52
2024-08-07,30,30,9191.45
2024-08-08,30,25,7607.97
2024-08-09,30,38,11226.66
2024-08-10,30,23,6669.03
2024-08-11,30,8,2422.38
2024-08-12,30,16,4914.77
2024-08-13,30,14,4302.62
2024-08-14,30,27,8268.82
2024-08-15,30,36,10663.09
2024-08-16,30,23,6679.63
2024-08-17,30,12,3519.48
2024-08-18,30,18,5504.24
2024-08-19,30,20,6019.93
2024-08-20,30,25,7463.43
2024-08-21,30,12,3612.85
2024-08-22,30,21,6322.79
2024-08-23,30,25,7468.99
2024-08-24,30,21,6348.39
2024-08-25,30,6,1813.23
2024-08-26,30,14,4133.8
2024-08-27,30,24,7260.07
2024-08-28,30,19,5748.94
2024-08-29,30,19,5709.9
2024-08-30,30,25,7692.05
2024-08-31,30,32,9532.41
2024-09-01,30,11,3310.28
2024-09-02,30,28,8526.3
2024-09-03,30,24,7111.46
2024-09-04,30,42,12625.28
2024-09-05,30,45,13729.52
2024-09-06,30,27,7908.66
2024-09-07,30,30,9140.76
2024-09-08,30,17,5126.88
2024-09-09,30,31,9554.0
2024-09-10,30,30,9206.53
2024-09-11,30,27,8218.35
2024-09-12,30,32,9537.1
2024-09-13,30,31,9305.47
2024-09-14,30,24,7238.45
2024-09-15,30,11,3377.18
2024-09-16,30,30,8842.54
2024-09-17,30,44,13507.82
2024-09-18,30,21,6473.14
2024-09-19,30,31,9132.96
2024-09-20,30,37,11172.95
2024-09-21,30,20,5884.09
2024-09-22,30,10,3055.83
2024-09-23,30,28,8283.67
2024-09-24,30,30,9045.39
2024-09-25,30,30,9038.68
2024-09-26,30,34,10406.24
2024-09-27,30,30,9175.21
2024-09-28,30,34,10322.87
2024-09-29,30,10,2985.74
2024-09-30,30,28,8158.92
2024-10-01,30,30,8811.41
2024-10-02,30,40,11866.25
2024-10-03,30,30,9047.55
2024-10-04,30,41,12630.6
2024-10-05,30,40,12298.48
2024-10-06,30,16,4946.5
2024-10-07,30,25,7660.12
2024-10-08,30,20,5853.28
2024-10-09,30,48,14643.39
2024-10-10,30,66,19913.93
2024-10-11,30,37,11322.34
2024-10-12,30,18,5343.37
2024-10-13,30,13,3974.96
2024-10-14,30,27,7962.06
2024-10-15,30,32,9594.94
2024-10-16,30,21,6184.36
2024-10-17,30,40,11902.14
2024-10-18,30,43,12689.58
2024-10-19,30,34,10411.53
2024-10-20,30,13,3893.01
2024-10-21,30,42,12442.38
2024-10-22,30,38,11187.69
2024-10-23,30,33,10219.68
2024-10-24,30,34,10307.46
2024-10-25,30,32,9667.64
2024-10-26,30,24,7022.25
2024-10-27,30,19,5580.91
2024-10-28,30,25,7738.45
2024-10-29,30,44,13131.97
2024-10-30,30,40,12240.24
2024-10-31,30,23,6872.57
2024-11-01,30,25,7451.25
2024-11-02,30,26,7857.64
2024-11-03,30,11,3238.25
2024-11-04,30,37,11266.32
2024-11-05,30,29,8626.05
2024-11-06,30,41,12263.92
2024-11-07,30,49,14569.46
2024-11-08,30,39,11556.98
2024-11-09,30,30,9140.13
2024-11-10,30,14,4237.33
2024-11-11,30,36,10870.3
2024-11-12,30,34,10100.57
2024-11-13,30,35,10236.31
2024-11-14,30,29,8618.23
2024-11-15,30,35,10786.47
2024-11-16,30,18,5444.18
2024-11-17,30,19,5760.67
2024-11-18,30,40,12122.37
2024-11-19,30,37,11319.8
2024-11-20,30,29,8984.01
2024-11-21,30,42,12850.86
2024-11-22,30,31,9234.65
2024-11-23,30,24,7392.71
2024-11-24,30,18,5475.14
2024-11-25,30,42,12606.69
2024-11-26,30,22,6751.95
2024-11-27,30,33,9856.35
2024-11-28,30,27,7974.74
2024-11-29,30,35,10432.71
2024-11-30,30,31,9440.84
2024-12-01,30,14,4344.93
2024-12-02,30,19,5790.42
2024-12-03,30,24,7301.8
2024-12-04,30,23,7014.62
2024-12-05,30,27,8180.31
2024-12-06,30,15,4449.87
2024-12-07,30,28,8291.53
2024-12-08,30,10,2947.64
2024-12-09,30,29,8810.39
2024-12-10,30,32,9839.12
2024-12-11,30,18,5285.27
2024-12-12,30,28,8705.35
2024-12-13,30,23,7114.42
2024-12-14,30,18,5351.85
2024-12-15,30,16,4979.86
2024-12-16,30,17,5266.44
2024-12-17,30,30,8945.41
2024-12-18,30,19,5897.08
2024-12-19,30,30,9079.59
2024-12-20,30,17,5294.4
2024-12-21,30,19,5674.48
2024-12-22,30,20,6125.77
2024-12-23,30,22,6728.01
2024-12-24,30,31,9492.36
2024-12-25,30,23,6865.62
2024-12-26,30,25,7789.54
2024-12-27,30,27,8058.81
2024-12-28,30,25,7511.16
2024-12-29,30,13,3997.27
2024-12-30,30,25,7488.51
2024-12-31,30,28,8570.72
2025-01-01,30,28,8461.47
2025-01-02,30,27,8095.65
2025-01-03,30,21,6298.55
2025-01-04,30,14,4367.48
2025-01-05,30,7,2067.37
2025-01-06,30,14,4182.44
2025-01-07,30,17,5036.84
2025-01-08,30,22,6644.54
2025-01-09,30,19,5695.99
2025-01-10,30,17,5128.3
2025-01-11,30,29,8966.95
2025-01-12,30,11,3314.08
2025-01-13,30,22,6482.96
2025-01-14,30,22,6539.1
2025-01-15,30,23,7103.5
2025-01-16,30,20,5909.39
2025-01-17,30,20,5903.62
2025-01-18,30,21,6448.95
2025-01-19,30,11,3420.14
2025-01-20,30,14,4213.03
2025-01-21,30,17,5221.79
2025-01-22,30,24,7344.49
2025-01-23,30,13,3985.62
2025-01-24,30,27,8442.03
2025-01-25,30,24,7492.88
2025-01-26,30,15,4556.29
2025-01-27,30,26,7756.41
2025-01-28,30,18,5495.27
2025-01-29,30,19,5920.33
2025-01-30,30,24,7471.07
2025-01-31,30,18,5310.34
2025-02-01,30,18,5514.83
2025-02-02,30,18,5310.2
2025-02-03,30,24,7213.2
2025-02-04,30,22,6641.56
2025-02-05,30,32,9541.0
2025-02-06,30,21,6547.98
2025-02-07,30,20,5973.52
2025-02-08,30,17,5218.98
2025-02-09,30,7,2192.26
2025-02-10,30,23,7127.31
2025-02-11,30,25,7641.83
2025-02-12,30,21,6310.05
2025-02-13,30,14,4291.05
2025-02-14,30,24,7443.44
2025-02-15,30,24,7208.36
2025-02-16,30,18,5590.14
2025-02-17,30,15,4544.99
2025-02-18,30,26,7728.06
2025-02-19,30,20,6203.94
2025-02-20,30,24,7258.78
2025-02-21,30,23,7177.14
2025-02-22,30,24,7454.67
2025-02-23,30,16,4742.9
2025-02-24,30,36,10844.7
2025-02-25,30,26,8060.11
2025-02-26,30,30,8869.79
2025-02-27,30,28,8478.99
2025-02-28,30,33,10252.0
2025-03-01,30,23,7059.37
2025-03-02,30,8,2371.9
2025-03-03,30,25,7599.98
2025-03-04,30,31,9390.43
2025-03-05,30,39,11845.68
2025-03-06,30,31,9501.62
2025-03-07,30,37,11306.14
2025-03-08,30,34,10288.36
2025-03-09,30,7,2105.51
2025-03-10,30,34,10266.45
2025-03-11,30,31,9203.68
2025-03-12,30,35,10984.11
2025-03-13,30,30,9409.8
2025-03-14,30,31,9392.13
2025-03-15,30,17,5061.89
2025-03-16,30,12,3634.09
2025-03-17,30,33,10297.79
2025-03-18,30,22,6876.17
2025-03-19,30,44,13191.38
2025-03-20,30,41,12811.47
2025-03-21,30,35,10466.68
2025-03-22,30,32,9862.63
2025-03-23,30,21,6365.16
2025-03-24,30,32,9503.58
2025-03-25,30,39,12023.27
2025-03-26,30,16,4796.35
2025-03-27,30,33,9925.13
2025-03-28,30,27,8229.52
2025-03-29,30,21,6342.73
2025-03-30,30,16,4835.54
2025-03-31,30,36,11047.93
2025-04-01,30,30,9420.41
2025-04-02,30,19,5645.35
2025-04-03,30,22,6713.4
2025-04-04,30,52,15703.27
2025-04-05,30,30,9355.19
2025-04-06,30,9,2797.79
2025-04-07,30,34,10228.54
2025-04-08,30,43,12965.62
2025-04-09,30,33,10390.7
2025-04-10,30,36,11331.27
2025-04-11,30,42,12551.09
2025-04-12,30,30,9025.18
2025-04-13,30,18,5662.81
2025-04-14,30,42,12508.53
2025-04-15,30,31,9359.93
2025-04-16,30,37,11012.28
2025-04-17,30,32,9617.97
2025-04-18,30,36,11083.33
2025-04-19,30,30,9100.6
2025-04-20,30,22,6665.79
2025-04-21,30,30,9328.68
2025-04-22,30,39,11748.84
2025-04-23,30,37,11319.38
2025-04-24,30,38,11429.54
2025-04-25,30,32,9847.67
2025-04-26,30,31,9714.63
2025-04-27,30,17,5252.54
2025-04-28,30,27,8420.05
2025-04-29,30,34,10340.75
2025-04-30,30,47,14296.91
2025-05-01,30,30,9166.86
2025-05-02,30,33,9931.74
2025-05-03,30,22,6618.16
2025-05-04,30,6,1845.32
2025-05-05,30,26,8067.19
2025-05-06,30,21,6406.51
2025-05-07,30,26,8057.26
2025-05-08,30,32,9838.17
2025-05-09,30,26,7991.98
2025-05-10,30,14,4250.7
2025-05-11,30,6,1894.47
2025-05-12,30,22,6923.8
2025-05-13,30,31,9394.51
2025-05-14,30,20,6097.15
2025-05-15,30,22,6735.97
2025-05-16,30,35,11035.9
2025-05-17,30,26,8097.21
2025-05-18,30,11,3470.72
2025-05-19,30,33,10421.94
2025-05-20,30,18,5377.73
2025-05-21,30,21,6402.27
2025-05-22,30,17,5346.45
2025-05-23,30,13,3997.59
2025-05-24,30,23,6981.01
2025-05-25,30,12,3652.18
2025-05-26,30,28,8441.96
2025-05-27,30,27,8212.6
2025-05-28,30,23,7090.83
2025-05-29,30,29,8972.95
2025-05-30,30,21,6490.36
2025-05-31,30,18,5426.31
2025-06-01,30,11,3373.77
2025-06-02,30,21,6382.11
2025-06-03,30,20,6121.05
2025-06-04,30,14,4214.55
2025-06-05,30,15,4668.77
2025-06-06,30,17,5318.01
2025-06-07,30,24,7273.78
2025-06-08,30,9,2742.64
2025-06-09,30,24,7280.3
2025-06-10,30,22,6836.08
2025-06-11,30,18,5612.46
2025-06-12,30,26,8196.77
2025-06-13,30,31,9668.18
2025-06-14,30,29,8828.58
2025-06-15,30,10,3077.98
2025-06-16,30,17,5291.95
2025-06-17,30,19,5698.13
2025-06-18,30,21,6387.24
2025-06-19,30,16,5054.16
2025-06-20,30,22,6667.73
2025-06-21,30,19,5759.04
2025-06-22,30,10,3097.04
2025-06-23,30,24,7612.28
2025-06-24,30,25,7742.91
2025-06-25,30,18,5698.35
2025-06-26,30,18,5512.53
2025-06-27,30,23,7256.27
2025-06-28,30,15,4630.75
2025-06-29,30,12,3757.95
2025-06-30,30,28,8873.25
2025-07-01,30,26,7911.53
2025-07-02,30,17,5234.04
2025-07-03,30,32,10150.27
2025-07-04,30,22,6745.81
2025-07-05,30,23,7092.44
2025-07-06,30,9,2818.98
2025-07-07,30,25,7578.32
2025-07-08,30,11,3460.44
2025-07-09,30,24,7245.61
2025-07-10,30,24,7599.23
2025-07-11,30,20,6219.91
2025-07-12,30,21,6505.75
2025-07-13,30,13,3933.69
2025-07-14,30,24,7219.81
2025-07-15,30,13,4105.83
2025-07-16,30,33,10452.82
2025-07-17,30,30,9215.6
2025-07-18,30,23,7289.47
2025-07-19,30,19,5838.8
2025-07-20,30,8,2541.18
2025-07-21,30,17,5369.49
2025-07-22,30,27,8596.06
2025-07-23,30,24,7471.0
2025-07-24,30,12,3679.57
2025-07-25,30,19,5917.71
2025-07-26,30,30,9414.03
2025-07-27,30,18,5661.59
2025-07-28,30,28,8464.11
2025-07-29,30,24,7480.87
2025-07-30,30,18,5573.71
2025-07-31,30,25,7629.88
2025-08-01,30,30,9169.05
2025-08-02,30,18,5622.98
2025-08-03,30,10,3056.04
2025-08-04,30,24,7257.8
2025-08-05,30,35,10903.9
2025-08-06,30,24,7433.3
2025-08-07,30,35,10583.65
2025-08-08,30,16,4987.66
2025-08-09,30,15,4566.21
2025-08-10,30,14,4416.74
2025-08-11,30,34,10329.98
2025-08-12,30,29,9131.66
2025-08-13,30,19,5739.33
2025-08-14,30,26,8121.2
2025-08-15,30,28,8876.29
2025-08-16,30,20,6204.76
2025-08-17,30,6,1834.04
2025-08-18,30,20,6322.93
2025-08-19,30,26,7964.35
2025-08-20,30,24,7414.39
2025-08-21,30,27,8185.66
2025-08-22,30,14,4347.61
2025-08-23,30,17,5390.01
2025-08-24,30,8,2485.01
2025-08-25,30,29,9156.67
2025-08-26,30,17,5168.09
2025-08-27,30,41,12992.48
2025-08-28,30,30,9243.56
2025-08-29,30,23,7118.23
2025-08-30,30,15,4547.57
2025-08-31,30,10,3157.36
2025-09-01,30,36,11243.75
2025-09-02,30,26,8178.93
2025-09-03,30,26,8238.83
2025-09-04,30,40,12111.2
2025-09-05,30,38,12027.23
2025-09-06,30,26,7984.46
2025-09-07,30,15,4523.87
2025-09-08,30,52,15955.27
2025-09-09,30,24,7558.39
2025-09-10,30,43,12993.46
2025-09-11,30,35,10996.25
2025-09-12,30,31,9593.8
2025-09-13,30,24,7372.0
2025-09-14,30,9,2799.11
2025-09-15,30,33,10100.34
2025-09-16,30,42,13240.7
2025-09-17,30,35,10876.75
2025-09-18,30,40,12624.55
2025-09-19,30,28,8835.48
2025-09-20,30,28,8479.87
2025-09-21,30,14,4277.67
2025-09-22,30,29,9291.12
2025-09-23,30,38,11908.23
2025-09-24,30,29,9034.04
2025-09-25,30,24,7565.91
2025-09-26,30,33,9989.73
2025-09-27,30,25,7620.43
2025-09-28,30,12,3715.23
2025-09-29,30,48,15054.4
2025-09-30,30,39,12266.28
2025-10-01,30,70,22254.68
2025-10-02,30,39,12455.06
2025-10-03,30,39,12295.16
2025-10-04,30,29,8981.39
2025-10-05,30,22,7030.03
2025-10-06,30,49,15317.92
2025-10-07,30,68,21283.45
2025-10-08,30,32,10099.84
2025-10-09,30,36,11148.84
2025-10-10,30,31,9504.61
2025-10-11,30,34,10388.97
2025-10-12,30,16,4981.74
2025-10-13,30,36,11233.68
2025-10-14,30,46,14670.78
2025-10-15,30,34,10869.94
2025-10-16,30,34,10529.81
2025-10-17,30,39,12289.74
2025-10-18,30,32,10023.35
2025-10-19,30,21,6365.12
2025-10-20,30,39,12232.2
2025-10-21,30,44,13755.02
2025-10-22,30,41,12537.74
2025-10-23,30,54,16824.94
2025-10-24,30,26,8016.62
2025-10-25,30,24,7603.22
2025-10-26,30,17,5242.84
2025-10-27,30,31,9730.3
2025-10-28,30,33,10284.58
2025-10-29,30,41,12958.82
2025-10-30,30,38,11536.0
2025-10-31,30,37,11813.38
2025-11-01,30,21,6398.69
2025-11-02,30,22,6866.07
2025-11-03,30,30,9580.35
2025-11-04,30,47,15023.33
2025-11-05,30,35,11145.43
2025-11-06,30,41,12460.28
2025-11-07,30,26,8116.43
2025-11-08,30,21,6433.41
2025-11-09,30,13,4176.13
2025-11-10,30,33,10482.52
2025-11-11,30,42,12822.93
2025-11-12,30,27,8419.08
2025-11-13,30,37,11269.06
2025-11-14,30,29,8852.45
2025-11-15,30,37,11478.9
2025-11-16,30,16,5087.69
2025-11-17,30,31,9582.94
2025-11-18,30,42,12924.87
2025-11-19,30,37,11724.49
2025-11-20,30,37,11653.44
2025-11-21,30,50,15978.6
2025-11-22,30,24,7703.35
2025-11-23,30,11,3374.93
2025-11-24,30,38,11944.85
2025-11-25,30,52,16367.05
2025-11-26,30,30,9519.99
2025-11-27,30,26,8181.48
2025-11-28,30,22,6855.69
2025-11-29,30,24,7473.34
2025-11-30,30,20,6155.61
2025-12-01,30,35,11068.46
2025-12-02,30,24,7692.48
2025-12-03,30,34,10605.12
2025-12-04,30,29,8860.61
2025-12-05,30,37,11654.67
2025-12-06,30,23,7022.37
2025-12-07,30,12,3716.42
2025-12-08,30,27,8657.91
2025-12-09,30,23,7045.62
2025-12-10,30,20,6455.95
2025-12-11,30,31,9444.93
2025-12-12,30,25,7631.64
2025-12-13,30,23,7355.91
2025-12-14,30,6,1844.64
2025-12-15,30,33,10180.5
2025-12-16,30,34,10869.09
2025-12-17,30,30,9590.6
2025-12-18,30,31,9836.7
2025-12-19,30,26,7993.02
2025-12-20,30,30,9359.62
2025-12-21,30,18,5675.02
2025-12-22,30,35,11008.27
2025-12-23,30,19,5868.66
2025-12-24,30,33,10497.92
2025-12-25,30,21,6557.51
2025-12-26,30,27,8397.08
2025-12-27,30,20,6458.79
2025-12-28,30,7,2149.95
2025-12-29,30,34,10582.93
2025-12-30,30,17,5465.1
2025-12-31,30,40,12749.49
2026-01-01,30,18,5727.56
2026-01-02,30,26,8382.77
2026-01-03,30,22,6848.37
2026-01-04,30,16,4998.87
2026-01-05,30,20,6217.79
2026-01-06,30,14,4462.76
2026-01-07,30,19,6106.27
2026-01-08,30,27,8699.91
2026-01-09,30,23,7334.55
2026-01-10,30,17,5255.98
2026-01-11,30,13,3971.04
2026-01-12,30,25,7797.89
2026-01-13,30,30,9316.34
2026-01-14,30,28,8854.12
2026-01-15,30,29,9135.63
2026-01-16,30,19,6042.9
2026-01-17,30,22,6941.71
2026-01-18,30,12,3888.69
2026-01-19,30,19,5933.77
2026-01-20,30,37,11782.64
2026-01-21,30,24,7505.76
2026-01-22,30,18,5628.18
2026-01-23,30,18,5717.61
2026-01-24,30,26,7962.18
2026-01-25,30,11,3420.36
2026-01-26,30,17,5258.54
2026-01-27,30,26,8324.14
2026-01-28,30,29,8895.86
2026-01-29,30,17,5502.15
2026-01-30,30,25,8108.28
2026-01-31,30,41,13114.06
2026-02-01,30,14,4428.7
2026-02-02,30,21,6814.79
2026-02-03,30,32,9904.84
2026-02-04,30,23,7416.53
2026-02-05,30,24,7472.81
2026-02-06,30,22,6980.01
2026-02-07,30,26,8220.14
2026-02-08,30,11,3492.03
2026-02-09,30,24,7541.13
2026-02-10,30,31,10018.42
2026-02-11,30,25,7690.15
2026-02-12,30,29,8979.35
2026-02-13,30,16,5002.28
2026-02-14,30,22,6825.98
2026-02-15,30,11,3451.78
2026-02-16,30,30,9628.77
2026-02-17,30,22,7060.84
2026-02-18,30,39,12133.45
2026-02-19,30,28,9027.68
2026-02-20,30,27,8517.45
2026-02-21,30,21,6692.84
2026-02-22,30,8,2569.16
2026-02-23,30,21,6589.43
2026-02-24,30,41,12852.06
2026-02-25,30,23,7095.96
2026-02-26,30,39,12200.76
2026-02-27,30,36,11701.19
2026-02-28,30,33,10126.91
2026-03-01,30,22,6869.6
2026-03-02,30,46,14919.52
2026-03-03,30,34,10483.06
2026-03-04,30,41,12610.29
2026-03-05,30,34,10961.33
2026-03-06,30,46,14762.93
2026-03-07,30,23,7130.66
2026-03-08,30,23,7192.75
2026-03-09,30,35,10868.48
2026-03-10,30,33,10541.84
2026-03-11,30,34,10815.06
2026-03-12,30,31,10040.11
2026-03-13,30,32,10060.6
2026-03-14,30,61,19458.89
2026-03-15,30,15,4878.42
2026-03-16,30,23,7474.1
2026-03-17,30,28,8734.75
2026-03-18,30,34,10844.64
2026-03-19,30,26,8433.53
2026-03-20,30,42,13069.52
2026-03-21,30,37,11729.55
2026-03-22,30,14,4382.47
2026-03-23,30,32,10142.9
2026-03-24,30,25,8095.59
2026-03-25,30,52,16276.99
2026-03-26,30,42,13051.44
2026-03-27,30,56,17532.93
2026-03-28,30,19,6087.19
2026-03-29,30,13,4136.78
2026-03-30,30,36,11605.17
2026-03-31,30,27,8662.77
2026-04-01,30,46,14531.56
2026-04-02,30,46,15034.41
2026-04-03,30,39,12396.36
2026-04-04,30,47,15315.78
2026-04-05,30,15,4723.79
2026-04-06,30,37,11949.69
2026-04-07,30,46,14396.98
2026-04-08,30,29,9316.6
2026-04-09,30,43,13895.21
2026-04-10,30,37,11783.18
2026-04-11,30,35,11073.69
2026-04-12,30,20,6461.06
2026-04-13,30,33,10756.35
2026-04-14,30,44,14191.29
2026-04-15,30,33,10673.95
2026-04-16,30,35,11419.78
2026-04-17,30,35,10941.38
2026-04-18,30,32,10298.61
2026-04-19,30,15,4876.55
2026-04-20,30,55,17110.23
2026-04-21,30,35,10809.5
2026-04-22,30,38,12298.76
2026-04-23,30,28,8981.97
2026-04-24,30,36,11662.97
2026-04-25,30,21,6568.93
2026-04-26,30,15,4666.9
2026-04-27,30,51,16179.4
2026-04-28,30,29,9466.48
2026-04-29,30,33,10355.62
2026-04-30,30,55,17802.14
2026-05-01,30,35,10981.7
2026-05-02,30,20,6423.36
2026-05-03,30,16,5229.54
2026-05-04,30,34,11082.67
2026-05-05,30,32,10302.94
2026-05-06,30,32,10112.52
2026-05-07,30,33,10352.37
2026-05-08,30,27,8422.1
2026-05-09,30,22,6862.79
2026-05-10,30,13,4165.63
2026-05-11,30,26,8208.46
2026-05-12,30,36,11784.53
2026-05-13,30,28,8926.08
2026-05-14,30,25,8112.13
2026-05-15,30,22,6962.07
2026-05-16,30,27,8846.07
2026-05-17,30,11,3571.46
2026-05-18,30,20,6520.35
2026-05-19,30,24,7542.01
2026-05-20,30,29,9319.11
2026-05-21,30,37,12018.67
2026-05-22,30,35,11070.87
2026-05-23,30,17,5551.18
2026-05-24,30,17,5490.47
2026-05-25,30,29,9298.15
2026-05-26,30,20,6404.72
2026-05-27,30,22,6886.34
2026-05-28,30,25,8039.16
2026-05-29,30,26,8286.65
2026-05-30,30,24,7758.53
2026-05-31,30,21,6626.5
2026-06-01,30,22,6814.56
2026-06-02,30,30,9705.29
2026-06-03,30,27,8765.77
2026-06-04,30,15,4747.49
2026-06-05,30,22,6929.4
2026-06-06,30,30,9362.57
2026-06-07,30,7,2268.83
2026-06-08,30,25,8171.98
2026-06-09,30,34,10957.05
2026-06-10,30,17,5406.96
2026-06-11,30,35,11205.45
2026-06-12,30,26,8413.45
2026-06-13,30,20,6341.89
2026-06-14,30,17,5547.68
2026-06-15,30,26,8533.44
2026-06-16,30,20,6331.09
2026-06-17,30,38,11935.65
2026-06-18,30,16,5009.75
2026-06-19,30,39,12439.39
2026-06-20,30,19,6180.69
2026-06-21,30,12,3938.63
2026-06-22,30,18,5866.16
2026-06-23,30,24,7743.94
2026-06-24,30,21,6579.28
2026-06-25,30,30,9881.37
2026-06-26,30,30,9794.98
2026-06-27,30,28,9221.09
2026-06-28,30,14,4573.5
2026-06-29,30,25,7915.67
2026-06-30,30,28,8762.16
2026-07-01,30,17,5514.38
2026-07-02,30,31,9635.34
2026-07-03,30,27,8759.8
2026-07-04,30,30,9752.05
2026-07-05,30,19,5986.65
2026-07-06,30,40,12585.39
2026-07-07,30,27,8907.96
2026-07-08,30,28,8874.1
2026-07-09,30,29,9209.21
2026-07-10,30,29,9471.16
2026-07-11,30,27,8693.15
2026-07-12,30,5,1578.09
2026-07-13,30,22,6946.41
2026-07-14,30,20,6466.33
2026-07-15,30,17,5288.92
2026-07-16,30,27,8611.39
2026-07-17,30,18,5771.08
2026-07-18,30,29,9495.35
2026-07-19,30,11,3504.4
2026-07-20,30,26,8305.95
2026-07-21,30,24,7641.75
2026-07-22,30,11,3583.47
2026-07-23,30,18,5770.53
2026-07-24,30,24,7854.46
2026-07-25,30,27,8904.54
2026-07-26,30,23,7549.42
2026-07-27,30,22,7236.15
2026-07-28,30,21,6637.45
2026-07-29,30,23,7347.38
2026-07-30,30,33,10701.39
2026-07-31,30,23,7246.98
2026-08-01,30,18,5874.35
2026-08-02,30,10,3240.85
2026-08-03,30,21,6723.16
2026-08-04,30,30,9890.95
2026-08-05,30,35,11044.07
2026-08-06,30,21,6638.09
2026-08-07,30,31,10052.27
2026-08-08,30,31,10049.43
2026-08-09,30,16,5238.99
2026-08-10,30,37,11720.68
2026-08-11,30,26,8606.34
2026-08-12,30,32,10131.72
2026-08-13,30,39,12861.82
2026-08-14,30,24,7804.84
2026-08-15,30,18,5916.95
2026-08-16,30,6,1914.0
2026-08-17,30,19,5937.3
2026-08-18,30,35,11151.52
2026-08-19,30,21,6849.81
2026-08-20,30,34,11105.19
2026-08-21,30,28,9135.3
2026-08-22,30,26,8511.52
2026-08-23,30,12,3816.03
2026-08-24,30,31,10248.54
2026-08-25,30,24,7728.11
2026-08-26,30,22,7154.65
2026-08-27,30,36,11654.32
2026-08-28,30,24,7930.78
2026-08-29,30,24,7621.52
2026-08-30,30,9,2900.09
2026-08-31,30,34,10782.22
2026-09-01,30,36,11928.48
2026-09-02,30,46,14725.63
2026-09-03,30,37,12198.42
2026-09-04,30,38,12319.48
2026-09-05,30,37,12177.09
2026-09-06,30,32,10093.72
2026-09-07,30,46,14690.29
2026-09-08,30,57,18582.75
2026-09-09,30,32,10049.03
2026-09-10,30,29,9518.27
2026-09-11,30,35,10999.79
2026-09-12,30,31,10043.46
2026-09-13,30,13,4125.92
2026-09-14,30,36,11653.27
2026-09-15,30,43,13799.83
2026-09-16,30,29,9624.54
2026-09-17,30,47,15535.43
2026-09-18,30,27,8606.28
2026-09-19,30,35,11117.81
2026-09-20,30,21,6680.86
2026-09-21,30,36,11944.33
2026-09-22,30,61,19696.96
2026-09-23,30,31,10143.22
2026-09-24,30,44,13805.29
2026-09-25,30,41,13562.32
2026-09-26,30,36,11819.44
2026-09-27,30,13,4082.45
2026-09-28,30,41,13021.1
2026-09-29,30,36,11585.12
2026-09-30,30,42,13965.91
2023-10-01,31,11,1858.02
2023-10-02,31,19,3164.16
2023-10-03,31,20,3438.09
2023-10-04,31,20,3432.74
2023-10-05,31,14,2349.11
2023-10-06,31,20,3474.85
2023-10-07,31,17,2902.37
2023-10-08,31,8,1388.86
2023-10-09,31,19,3134.13
2023-10-10,31,31,5108.83
2023-10-11,31,15,2577.15
2023-10-12,31,18,3109.34
2023-10-13,31,13,2177.59
2023-10-14,31,15,2519.81
2023-10-15,31,17,2941.63
2023-10-16,31,24,4122.45
2023-10-17,31,24,4063.6
2023-10-18,31,23,3936.08
2023-10-19,31,25,4205.45
2023-10-20,31,24,3994.31
2023-10-21,31,16,2636.08
2023-10-22,31,11,1884.63
2023-10-23,31,19,3301.65
2023-10-24,31,24,4191.48
2023-10-25,31,22,3663.7
2023-10-26,31,14,2414.29
2023-10-27,31,9,1503.22
2023-11-01,31,21,3667.09
2023-11-02,31,18,2992.85
2023-11-03,31,12,2101.43
2023-11-04,31,25,4160.87
2023-11-05,31,11,1901.26
2023-11-06,31,17,2806.44
2023-11-07,31,21,3633.69
2023-11-08,31,13,2248.35
2023-11-09,31,25,4129.19
2023-11-10,31,18,3013.96
2023-11-11,31,12,2081.49
2023-11-12,31,11,1919.54
2023-11-13,31,10,1661.3
2023-11-14,31,16,2717.03
2023-11-15,31,29,4978.56
2023-11-16,31,23,3808.15
2023-11-17,31,22,3743.37
2023-11-18,31,15,2488.93
2023-11-19,31,11,1825.5
2023-11-20,31,26,4476.17
2023-11-21,31,10,1732.14
2023-11-22,31,18,3087.59
2023-11-26,31,5,837.84
2023-11-27,31,13,2162.08
2023-11-28,31,27,4559.27
2023-11-29,31,22,3774.0
2023-11-30,31,19,3275.96
2023-12-01,31,14,2353.28
2023-12-02,31,10,1676.98
2023-12-03,31,12,2001.12
2023-12-04,31,15,2549.11
2023-12-05,31,14,2379.24
2023-12-06,31,9,1577.31
2023-12-07,31,13,2176.25
2023-12-08,31,15,2491.36
2023-12-09,31,9,1558.56
2023-12-10,31,3,525.21
2023-12-11,31,27,4598.88
2023-12-12,31,18,3161.05
2023-12-13,31,23,3867.42
2023-12-14,31,9,1547.71
2023-12-15,31,13,2256.18
2023-12-16,31,17,2960.42
2023-12-17,31,7,1162.68
2023-12-18,31,17,2971.15
2023-12-19,31,22,3867.56
2023-12-20,31,8,1388.76
2023-12-21,31,7,1179.59
2023-12-24,31,5,837.83
2023-12-25,31,23,3995.81
2023-12-26,31,16,2734.13
2023-12-27,31,15,2565.43
2023-12-28,31,16,2691.26
2023-12-29,31,11,1832.69
2023-12-30,31,12,2020.83
2023-12-31,31,7,1170.92
2024-01-01,31,26,4513.19
2024-01-02,31,9,1579.73
2024-01-03,31,12,2005.73
2024-01-04,31,8,1354.18
2024-01-05,31,13,2165.51
2024-01-06,31,9,1555.26
2024-01-07,31,4,675.21
2024-01-08,31,11,1866.75
2024-01-09,31,20,3440.11
2024-01-10,31,20,3440.83
2024-01-11,31,13,2279.25
2024-01-12,31,8,1391.11
2024-01-13,31,8,1361.67
2024-01-14,31,3,522.86
2024-01-15,31,10,1667.88
2024-01-16,31,24,4073.78
2024-01-17,31,13,2213.85
2024-01-18,31,19,3270.82
2024-01-19,31,8,1376.87
2024-01-20,31,15,2512.12
2024-01-21,31,8,1406.64
2024-01-22,31,22,3721.55
2024-01-23,31,17,2917.14
2024-01-24,31,14,2456.89
2024-01-25,31,16,2682.2
2024-01-26,31,5,869.14
2024-01-27,31,16,2717.27
2024-01-28,31,5,839.37
2024-01-29,31,14,2390.47
2024-01-30,31,10,1730.61
2024-01-31,31,12,2067.83
2024-02-01,31,12,2090.61
2024-02-02,31,16,2694.86
2024-02-03,31,10,1685.17
2024-02-04,31,5,866.52
2024-02-05,31,20,3344.95
2024-02-06,31,22,3885.08
2024-02-07,31,19,3182.87
2024-02-08,31,15,2549.95
2024-02-09,31,19,3298.18
2024-02-10,31,13,2199.47
2024-02-11,31,5,877.95
2024-02-12,31,12,2026.05
2024-02-13,31,21,3520.14
2024-02-14,31,15,2620.12
2024-02-15,31,6,1002.03
2024-02-16,31,10,1687.48
2024-02-17,31,13,2196.14
2024-02-18,31,4,708.14
2024-02-19,31,15,2511.81
2024-02-20,31,15,2512.1
2024-02-21,31,10,1693.97
2024-02-22,31,11,1924.49
2024-02-23,31,17,2851.09
2024-02-24,31,13,2287.75
2024-02-25,31,1,174.29
2024-02-26,31,9,1524.82
2024-02-27,31,19,3288.37
2024-02-28,31,9,1531.45
2024-02-29,31,11,1926.28
2024-03-01,31,26,4384.24
2024-03-02,31,14,2456.35
2024-03-03,31,6,1026.15
2024-03-04,31,20,3465.17
2024-03-05,31,15,2592.62
2024-03-06,31,4,689.3
2024-03-07,31,7,1196.36
2024-03-08,31,17,2977.64
2024-03-09,31,21,3649.9
2024-03-10,31,14,2417.35
2024-03-11,31,23,3977.31
2024-03-12,31,15,2518.71
2024-03-13,31,23,3856.54
2024-03-14,31,23,3854.82
2024-03-15,31,22,3828.19
2024-03-16,31,2,337.17
2024-03-19,31,13,2255.89
2024-03-20,31,25,4269.95
2024-03-21,31,28,4813.04
2024-03-22,31,17,3013.36
2024-03-23,31,9,1574.04
2024-03-24,31,16,2714.83
2024-03-25,31,28,4789.56
2024-03-31,31,6,1054.44
2024-04-01,31,14,2437.8
2024-04-02,31,22,3739.48
2024-04-03,31,28,4770.33
2024-04-04,31,25,4422.62
2024-04-05,31,22,3827.43
2024-04-06,31,8,1363.87
2024-04-07,31,5,882.81
2024-04-08,31,14,2374.24
2024-04-09,31,23,4010.68
2024-04-10,31,6,1029.57
2024-04-11,31,18,3036.15
2024-04-12,31,22,3778.49
2024-04-13,31,22,3849.6
2024-04-14,31,6,1024.25
2024-04-15,31,22,3746.27
2024-04-16,31,24,4206.86
2024-04-17,31,18,3091.9
2024-04-18,31,18,3147.89
2024-04-19,31,22,3879.9
2024-04-20,31,9,1603.77
2024-04-21,31,8,1357.01
2024-04-22,31,20,3475.46
2024-04-23,31,18,3049.9
2024-04-24,31,18,3114.11
2024-04-25,31,26,4397.16
2024-04-26,31,24,4268.27
2024-04-27,31,16,2766.46
2024-04-28,31,5,845.0
2024-04-29,31,23,3943.54
2024-04-30,31,14,2487.61
2024-05-01,31,14,2426.1
2024-05-02,31,8,1426.74
2024-05-04,31,13,2217.65
2024-05-05,31,8,1371.53
2024-05-06,31,12,2106.44
2024-05-07,31,13,2192.68
2024-05-08,31,20,3523.26
2024-05-09,31,13,2319.93
2024-05-10,31,10,1718.59
2024-05-11,31,10,1703.5
2024-05-12,31,9,1540.61
2024-05-13,31,17,2925.85
2024-05-14,31,20,3383.62
2024-05-15,31,22,3786.96
2024-05-16,31,15,2666.54
2024-05-17,31,9,1608.94
2024-05-18,31,15,2535.51
2024-05-19,31,4,697.09
2024-05-20,31,19,3296.93
2024-05-21,31,13,2314.62
2024-05-22,31,12,2043.55
2024-05-23,31,14,2473.83
2024-05-24,31,20,3484.7
2024-05-25,31,9,1521.62
2024-05-26,31,4,701.4
2024-05-27,31,13,2222.68
2024-05-28,31,14,2447.31
2024-05-29,31,6,1019.65
2024-05-30,31,14,2370.65
2024-05-31,31,17,2944.75
2024-06-01,31,11,1860.69
2024-06-02,31,6,1047.33
2024-06-03,31,19,3337.45
2024-06-04,31,14,2507.47
2024-06-05,31,14,2403.84
2024-06-06,31,14,2494.2
2024-06-07,31,14,2485.36
2024-06-08,31,9,1530.52
2024-06-09,31,4,682.01
2024-06-10,31,8,1405.04
2024-06-11,31,12,2082.97
2024-06-12,31,18,3079.06
2024-06-13,31,8,1386.61
2024-06-14,31,13,2214.56
2024-06-15,31,5,867.11
2024-06-16,31,10,1726.48
2024-06-17,31,9,1532.57
2024-06-18,31,13,2227.47
2024-06-19,31,8,1402.71
2024-06-20,31,4,687.06
2024-06-21,31,14,2427.78
2024-06-22,31,7,1224.96
2024-06-23,31,7,1234.74
2024-06-24,31,14,2429.67
2024-06-25,31,22,3840.23
2024-06-26,31,10,1744.7
2024-06-27,31,19,3387.75
2024-06-28,31,9,1525.77
2024-06-29,31,8,1372.54
2024-06-30,31,9,1574.01
2024-07-01,31,11,1921.39
2024-07-02,31,4,708.08
2024-07-03,31,15,2649.03
2024-07-04,31,5,898.64
2024-07-05,31,11,1912.18
2024-07-06,31,10,1766.51
2024-07-07,31,10,1761.05
2024-07-08,31,16,2737.07
2024-07-09,31,21,3666.9
2024-07-10,31,13,2314.31
2024-07-11,31,16,2715.09
2024-07-12,31,12,2141.63
2024-07-13,31,7,1198.75
2024-07-14,31,4,698.49
2024-07-15,31,13,2281.33
2024-07-16,31,14,2435.73
2024-07-17,31,12,2116.43
2024-07-18,31,11,1870.55
2024-07-19,31,16,2811.82
2024-07-20,31,13,2262.4
2024-07-21,31,4,693.54
2024-07-22,31,13,2309.17
2024-07-23,31,12,2127.02
2024-07-24,31,16,2721.88
2024-07-25,31,15,2554.19
2024-07-26,31,8,1362.14
2024-07-27,31,7,1196.21
2024-07-28,31,5,880.73
2024-07-29,31,10,1731.85
2024-07-30,31,15,2604.7
2024-07-31,31,7,1260.16
2024-08-01,31,26,4679.79
2024-08-02,31,4,717.67
2024-08-03,31,8,1423.42
2024-08-04,31,7,1238.43
2024-08-05,31,13,2315.62
2024-08-06,31,11,1959.05
2024-08-07,31,9,1575.48
2024-08-08,31,9,1612.09
2024-08-09,31,5,899.07
2024-08-10,31,14,2461.12
2024-08-11,31,6,1066.51
2024-08-12,31,14,2491.54
2024-08-13,31,13,2284.43
2024-08-14,31,22,3845.38
2024-08-15,31,14,2522.59
2024-08-16,31,16,2868.77
2024-08-17,31,16,2843.34
2024-08-18,31,5,859.6
2024-08-19,31,11,1883.44
2024-08-20,31,8,1396.22
2024-08-22,31,15,2673.1
2024-08-23,31,10,1707.01
2024-08-24,31,10,1750.54
2024-08-25,31,4,711.53
2024-08-26,31,14,2511.56
2024-08-27,31,19,3336.17
2024-08-28,31,14,2486.68
2024-08-29,31,18,3202.94
2024-08-30,31,10,1725.97
2024-08-31,31,14,2510.07
2024-09-01,31,15,2558.09
2024-09-05,31,21,3597.68
2024-09-06,31,15,2652.98
2024-09-07,31,9,1602.2
2024-09-08,31,10,1719.73
2024-09-09,31,14,2422.68
2024-09-10,31,15,2673.84
2024-09-11,31,27,4854.23
2024-09-12,31,17,2928.05
2024-09-13,31,10,1747.37
2024-09-14,31,2,345.8
2024-09-16,31,24,4127.01
2024-09-17,31,18,3257.64
2024-09-18,31,19,3345.58
2024-09-19,31,28,4872.47
2024-09-20,31,28,4828.48
2024-09-21,31,16,2775.8
2024-09-22,31,12,2085.29
2024-09-23,31,10,1740.06
2024-09-30,31,19,3300.17
2024-10-01,31,34,5861.97
2024-10-02,31,15,2618.61
2024-10-03,31,26,4469.61
2024-10-04,31,22,3902.19
2024-10-05,31,27,4837.32
2024-10-14,31,7,1204.43
2024-10-15,31,19,3437.92
2024-10-16,31,16,2816.72
2024-10-17,31,21,3731.97
2024-10-18,31,21,3609.05
2024-10-19,31,19,3397.83
2024-10-20,31,8,1393.75
2024-10-21,31,27,4772.8
2024-10-22,31,17,2973.96
2024-10-23,31,24,4301.45
2024-10-24,31,25,4419.78
2024-10-25,31,13,2271.37
2024-10-26,31,18,3232.8
2024-10-27,31,10,1722.22
2024-10-28,31,27,4859.51
2024-10-29,31,22,3833.25
2024-10-30,31,21,3779.47
2024-10-31,31,25,4489.67
2024-11-01,31,8,1380.44
2024-11-07,31,30,5172.18
2024-11-08,31,21,3653.34
2024-11-09,31,13,2250.09
2024-11-10,31,6,1053.16
2024-11-11,31,21,3611.24
2024-11-12,31,24,4364.52
2024-11-13,31,12,2175.71
2024-11-14,31,10,1758.93
2024-11-15,31,24,4217.56
2024-11-16,31,14,2553.11
2024-11-17,31,7,1255.57
2024-11-18,31,24,4339.64
2024-11-19,31,16,2817.57
2024-11-20,31,20,3494.59
2024-11-21,31,19,3406.3
2024-11-22,31,25,4511.39
2024-11-23,31,16,2773.95
2024-11-24,31,10,1739.7
2024-11-25,31,11,1999.67
2024-11-26,31,24,4367.66
2024-11-27,31,23,4184.86
2024-11-28,31,13,2281.89
2024-11-29,31,25,4402.96
2024-11-30,31,17,2927.46
2024-12-01,31,6,1089.37
2024-12-02,31,15,2591.3
2024-12-03,31,16,2874.92
2024-12-04,31,11,1899.38
2024-12-05,31,9,1640.12
2024-12-06,31,21,3724.07
2024-12-07,31,7,1225.15
2024-12-08,31,8,1449.26
2024-12-09,31,13,2350.79
2024-12-10,31,21,3658.24
2024-12-11,31,25,4462.68
2024-12-12,31,19,3442.73
2024-12-13,31,7,1223.3
2024-12-14,31,4,696.71
2024-12-15,31,12,2137.25
2024-12-16,31,8,1379.3
2024-12-17,31,12,2159.44
2024-12-18,31,15,2624.04
2024-12-19,31,10,1829.77
2024-12-20,31,17,3062.01
2024-12-21,31,11,1999.22
2024-12-22,31,8,1399.74
2024-12-23,31,16,2764.27
2024-12-24,31,22,3812.84
2024-12-25,31,19,3381.43
2024-12-26,31,14,2445.12
2024-12-27,31,12,2103.87
2024-12-28,31,20,3577.97
2024-12-29,31,9,1565.54
2024-12-30,31,12,2186.88
2024-12-31,31,20,3601.14
2025-01-01,31,13,2261.5
2025-01-02,31,16,2794.82
2025-01-03,31,12,2146.52
2025-01-04,31,9,1579.08
2025-01-05,31,6,1099.31
2025-01-06,31,14,2495.94
2025-01-07,31,12,2184.73
2025-01-08,31,13,2332.8
2025-01-09,31,13,2375.43
2025-01-10,31,3,525.2
2025-01-11,31,12,2192.4
2025-01-12,31,6,1074.02
2025-01-13,31,15,2646.08
2025-01-14,31,11,1907.54
2025-01-15,31,15,2699.62
2025-01-16,31,11,1973.65
2025-01-17,31,10,1729.2
2025-01-18,31,15,2655.08
2025-01-19,31,4,727.2
2025-01-20,31,19,3400.14
2025-01-21,31,8,1400.99
2025-01-22,31,21,3850.96
2025-01-23,31,13,2367.83
2025-01-24,31,14,2559.0
2025-01-25,31,15,2618.71
2025-01-26,31,9,1631.73
2025-01-27,31,10,1798.57
2025-01-28,31,13,2348.63
2025-01-29,31,9,1561.23
2025-01-30,31,15,2668.19
2025-01-31,31,8,1405.62
2025-02-01,31,17,3013.53
2025-02-02,31,8,1427.53
2025-02-03,31,18,3265.51
2025-02-04,31,19,3406.29
2025-02-05,31,16,2839.02
2025-02-06,31,11,1997.47
2025-02-07,31,21,3821.35
2025-02-08,31,14,2481.35
2025-02-09,31,5,882.61
2025-02-10,31,14,2552.52
2025-02-11,31,13,2265.7
2025-02-12,31,12,2157.8
2025-02-13,31,15,2693.32
2025-02-14,31,10,1788.19
2025-02-15,31,8,1399.59
2025-02-16,31,9,1592.74
2025-02-17,31,12,2124.77
2025-02-18,31,11,1946.05
2025-02-19,31,13,2357.44
2025-02-20,31,17,2953.8
2025-02-21,31,17,2958.58
2025-02-22,31,19,3387.19
2025-02-23,31,7,1222.25
2025-02-24,31,17,3067.85
2025-02-25,31,16,2831.48
2025-02-26,31,18,3264.48
2025-02-27,31,17,3122.09
2025-02-28,31,19,3339.25
2025-03-01,31,18,3144.97
2025-03-02,31,12,2095.17
2025-03-03,31,13,2373.29
2025-03-04,31,20,3478.73
2025-03-05,31,14,2472.2
2025-03-06,31,1,178.2
2025-03-07,31,24,4249.91
2025-03-08,31,15,2721.36
2025-03-09,31,11,1994.45
2025-03-10,31,23,4111.83
2025-03-11,31,22,4020.14
2025-03-12,31,18,3221.05
2025-03-13,31,20,3503.94
2025-03-14,31,3,542.15
2025-03-21,31,17,3038.45
2025-03-22,31,24,4401.03
2025-03-23,31,9,1638.1
2025-03-24,31,21,3669.68
2025-03-25,31,10,1750.9
2025-03-26,31,12,2196.99
2025-03-27,31,13,2324.65
2025-03-28,31,16,2905.84
2025-03-29,31,18,3141.27
2025-03-30,31,16,2872.74
2025-03-31,31,18,3297.27
2025-04-01,31,15,2725.04
2025-04-03,31,13,2364.53
2025-04-04,31,23,4112.6
2025-04-05,31,22,4031.16
2025-04-06,31,15,2636.78
2025-04-07,31,9,1588.12
2025-04-08,31,23,4172.21
2025-04-09,31,22,4052.6
2025-04-10,31,2,351.51
2025-04-15,31,20,3543.96
2025-04-16,31,18,3156.45
2025-04-17,31,18,3218.01
2025-04-18,31,14,2456.9
2025-04-19,31,16,2944.88
2025-04-20,31,9,1607.72
2025-04-21,31,14,2503.58
2025-04-22,31,8,1404.27
2025-04-23,31,33,5887.18
2025-04-24,31,24,4266.11
2025-04-25,31,29,5130.45
2025-04-26,31,15,2721.38
2025-04-27,31,11,1995.28
2025-04-28,31,20,3560.63
2025-04-29,31,14,2522.21
2025-04-30,31,22,4080.7
2025-05-01,31,25,4444.45
2025-05-02,31,21,3775.21
2025-05-03,31,7,1291.77
2025-05-04,31,7,1270.68
2025-05-05,31,13,2282.54
2025-05-06,31,5,888.7
2025-05-10,31,13,2278.48
2025-05-11,31,8,1446.26
2025-05-12,31,13,2379.4
2025-05-13,31,14,2480.57
2025-05-14,31,11,1935.79
2025-05-15,31,14,2545.93
2025-05-16,31,20,3681.86
2025-05-17,31,9,1631.66
2025-05-18,31,13,2348.38
2025-05-19,31,12,2221.63
2025-05-20,31,16,2953.91
2025-05-21,31,10,1845.79
2025-05-22,31,17,3056.85
2025-05-23,31,12,2110.79
2025-05-24,31,14,2568.47
2025-05-25,31,8,1443.86
2025-05-26,31,21,3800.55
2025-05-27,31,11,1970.4
2025-05-28,31,13,2299.97
2025-05-29,31,20,3512.06
2025-05-30,31,15,2647.41
2025-05-31,31,12,2185.07
2025-06-01,31,6,1070.6
2025-06-02,31,14,2574.38
2025-06-03,31,16,2885.41
2025-06-04,31,8,1438.1
2025-06-05,31,15,2779.9
2025-06-06,31,5,904.56
2025-06-07,31,13,2285.44
2025-06-08,31,8,1416.52
2025-06-09,31,12,2133.53
2025-06-10,31,9,1651.75
2025-06-11,31,9,1599.9
2025-06-12,31,3,545.81
2025-06-13,31,18,3347.06
2025-06-14,31,13,2391.48
2025-06-15,31,9,1639.78
2025-06-16,31,10,1826.19
2025-06-17,31,11,1995.96
2025-06-18,31,8,1411.85
2025-06-19,31,13,2410.72
2025-06-20,31,7,1267.96
2025-06-21,31,14,2568.45
2025-06-22,31,7,1258.85
2025-06-23,31,5,888.48
2025-06-24,31,14,2604.98
2025-06-25,31,18,3275.86
2025-06-26,31,8,1461.88
2025-06-27,31,11,1994.54
2025-06-28,31,13,2357.02
2025-06-29,31,5,913.96
2025-06-30,31,11,2002.63
2025-07-01,31,13,2315.88
2025-07-02,31,11,1957.96
2025-07-03,31,16,2959.23
2025-07-04,31,12,2174.07
2025-07-05,31,9,1623.42
2025-07-06,31,3,536.26
2025-07-07,31,18,3181.96
2025-07-08,31,11,2047.6
2025-07-09,31,15,2789.27
2025-07-10,31,14,2591.42
2025-07-11,31,12,2121.14
2025-07-12,31,14,2494.66
2025-07-13,31,7,1287.47
2025-07-14,31,12,2147.63
2025-07-15,31,10,1803.45
2025-07-16,31,15,2732.47
2025-07-17,31,8,1490.27
2025-07-18,31,9,1650.86
2025-07-19,31,11,1961.25
2025-07-20,31,3,561.09
2025-07-21,31,10,1837.56
2025-07-22,31,9,1662.02
2025-07-23,31,7,1271.59
2025-07-24,31,7,1253.88
2025-07-25,31,12,2209.28
2025-07-26,31,5,929.14
2025-07-27,31,3,555.66
2025-07-28,31,10,1788.81
2025-07-29,31,19,3432.54
2025-07-30,31,20,3742.93
2025-07-31,31,11,1982.35
2025-08-01,31,15,2648.03
2025-08-02,31,20,3729.11
2025-08-03,31,16,2955.31
2025-08-04,31,19,3447.83
2025-08-05,31,5,908.13
2025-08-06,31,5,934.02
2025-08-07,31,14,2563.91
2025-08-08,31,10,1873.62
2025-08-09,31,22,4061.23
2025-08-10,31,7,1296.36
2025-08-11,31,13,2306.68
2025-08-13,31,12,2138.67
2025-08-14,31,15,2695.72
2025-08-15,31,12,2121.1
2025-08-16,31,17,3013.21
2025-08-17,31,7,1242.85
2025-08-18,31,11,2058.79
2025-08-19,31,14,2594.08
2025-08-20,31,11,2012.06
2025-08-21,31,6,1065.27
2025-08-27,31,13,2316.65
2025-08-28,31,12,2221.58
2025-08-29,31,17,3015.95
2025-08-30,31,4,736.43
2025-08-31,31,6,1111.2
2025-09-01,31,20,3593.47
2025-09-02,31,25,4557.31
2025-09-03,31,9,1606.83
2025-09-04,31,24,4427.72
2025-09-05,31,16,2957.89
2025-09-06,31,17,3010.28
2025-09-07,31,2,374.09
2025-09-08,31,23,4075.6
2025-09-09,31,15,2667.21
2025-09-10,31,22,4098.44
2025-09-11,31,23,4318.03
2025-09-12,31,20,3630.85
2025-09-13,31,16,2994.68
2025-09-19,31,25,4619.72
2025-09-20,31,13,2443.42
2025-09-21,31,8,1485.59
2025-09-22,31,18,3251.57
2025-09-23,31,13,2347.98
2025-09-24,31,26,4668.94
2025-09-25,31,19,3384.27
2025-09-26,31,15,2778.13
2025-09-27,31,10,1826.37
2025-09-28,31,5,893.98
2025-10-03,31,18,3290.44
2025-10-04,31,17,3092.44
2025-10-05,31,16,2841.58
2025-10-06,31,27,4879.12
2025-10-07,31,27,4992.39
2025-10-08,31,17,3025.5
2025-10-09,31,22,3930.42
2025-10-16,31,28,5076.54
2025-10-17,31,17,3087.73
2025-10-18,31,22,4092.05
2025-10-19,31,8,1498.7
2025-10-20,31,22,3927.96
2025-10-21,31,20,3564.79
2025-10-22,31,15,2821.64
2025-10-23,31,20,3715.29
2025-10-24,31,20,3644.48
2025-10-25,31,16,2917.66
2025-10-26,31,8,1435.31
2025-10-27,31,4,752.49
2025-10-28,31,18,3397.24
2025-10-29,31,18,3339.59
2025-10-30,31,23,4161.25
2025-10-31,31,20,3779.78
2025-11-01,31,10,1810.21
2025-11-02,31,7,1285.45
2025-11-03,31,18,3350.55
2025-11-04,31,18,3327.92
2025-11-05,31,20,3625.56
2025-11-06,31,2,376.81
2025-11-11,31,19,3447.7
2025-11-12,31,14,2537.36
2025-11-13,31,22,4090.4
2025-11-14,31,14,2528.3
2025-11-15,31,21,3901.54
2025-11-16,31,13,2439.3
2025-11-17,31,34,6435.52
2025-11-18,31,16,2983.03
2025-11-19,31,17,3054.09
2025-11-20,31,17,3197.06
2025-11-21,31,23,4352.33
2025-11-22,31,15,2827.84
2025-11-23,31,8,1442.26
2025-11-24,31,10,1891.4
2025-11-25,31,21,3931.33
2025-11-26,31,19,3483.72
2025-11-27,31,18,3329.65
2025-11-28,31,16,3020.95
2025-11-29,31,22,4002.47
2025-11-30,31,7,1261.52
2025-12-01,31,22,4130.85
2025-12-02,31,16,2979.77
2025-12-03,31,12,2258.86
2025-12-04,31,14,2567.44
2025-12-05,31,13,2431.08
2025-12-06,31,13,2367.7
2025-12-07,31,6,1097.69
2025-12-08,31,20,3606.06
2025-12-09,31,20,3693.0
2025-12-10,31,22,3941.05
2025-12-11,31,18,3279.04
2025-12-12,31,18,3311.67
2025-12-13,31,11,2066.73
2025-12-14,31,6,1096.96
2025-12-15,31,20,3679.42
2025-12-16,31,10,1870.23
2025-12-17,31,12,2175.99
2025-12-18,31,11,2038.31
2025-12-19,31,7,1256.42
2025-12-20,31,10,1882.73
2025-12-21,31,8,1492.29
2025-12-22,31,10,1853.74
2025-12-23,31,11,2021.94
2025-12-24,31,15,2696.28
2025-12-25,31,15,2816.33
2025-12-26,31,20,3605.49
2025-12-27,31,14,2561.45
2025-12-28,31,8,1456.52
2025-12-29,31,7,1272.67
2025-12-30,31,14,2596.31
2025-12-31,31,8,1500.2
2026-01-01,31,11,1999.71
2026-01-02,31,19,3480.43
2026-01-03,31,8,1448.07
2026-01-04,31,7,1281.5
2026-01-05,31,11,2068.29
2026-01-06,31,12,2212.31
2026-01-07,31,12,2190.88
2026-01-08,31,21,3950.42
2026-01-09,31,7,1260.41
2026-01-10,31,7,1273.79
2026-01-11,31,8,1483.81
2026-01-12,31,10,1810.75
2026-01-13,31,26,4861.14
2026-01-14,31,10,1901.93
2026-01-15,31,12,2275.74
2026-01-16,31,12,2242.64
2026-01-17,31,11,1979.27
2026-01-18,31,5,936.88
2026-01-19,31,14,2594.65
2026-01-20,31,16,2965.04
2026-01-21,31,14,2588.6
2026-01-22,31,9,1708.09
2026-01-23,31,14,2549.49
2026-01-24,31,7,1287.28
2026-01-25,31,6,1125.86
2026-01-26,31,11,2093.03
2026-01-27,31,6,1093.56
2026-01-28,31,13,2472.54
2026-01-29,31,21,3911.67
2026-01-30,31,15,2742.0
2026-01-31,31,9,1679.63
2026-02-01,31,10,1855.54
2026-02-02,31,16,2932.77
2026-02-03,31,15,2808.6
2026-02-04,31,16,2959.79
2026-02-05,31,17,3125.31
2026-02-06,31,14,2629.78
2026-02-07,31,12,2187.59
2026-02-08,31,3,552.52
2026-02-09,31,14,2532.35
2026-02-10,31,13,2398.05
2026-02-11,31,15,2861.71
2026-02-12,31,12,2162.5
2026-02-13,31,13,2409.32
2026-02-14,31,10,1878.06
2026-02-15,31,6,1089.8
2026-02-16,31,9,1707.86
2026-02-17,31,13,2472.92
2026-02-18,31,15,2730.79
2026-02-19,31,11,1998.24
2026-02-20,31,16,3031.82
2026-02-21,31,7,1286.37
2026-02-22,31,11,2001.3
2026-02-23,31,16,3058.53
2026-02-24,31,14,2571.75
2026-02-25,31,15,2822.76
2026-02-26,31,5,929.49
2026-02-27,31,17,3108.34
2026-02-28,31,15,2736.54
2026-03-01,31,4,742.49
2026-03-02,31,22,4048.28
2026-03-03,31,10,1871.99
2026-03-04,31,11,1983.84
2026-03-05,31,25,4631.89
2026-03-06,31,16,3060.24
2026-03-07,31,19,3629.66
2026-03-08,31,10,1876.39
2026-03-09,31,23,4257.01
2026-03-10,31,23,4398.13
2026-03-11,31,16,3058.01
2026-03-12,31,11,2016.86
2026-03-13,31,24,4403.77
2026-03-14,31,13,2490.56
2026-03-15,31,7,1324.31
2026-03-16,31,5,942.34
2026-03-20,31,7,1324.22
2026-03-21,31,15,2841.53
2026-03-22,31,11,2076.26
2026-03-23,31,15,2807.01
2026-03-24,31,27,5027.48
2026-03-25,31,23,4162.08
2026-03-26,31,16,2954.18
2026-03-27,31,20,3802.54
2026-03-28,31,18,3410.79
2026-03-29,31,2,369.24
2026-04-02,31,15,2854.77
2026-04-03,31,20,3795.82
2026-04-04,31,16,2960.92
2026-04-05,31,8,1482.17
2026-04-06,31,13,2481.14
2026-04-07,31,17,3141.36
2026-04-08,31,16,2936.93
2026-04-09,31,35,6390.66
2026-04-10,31,18,3359.96
2026-04-11,31,3,556.47
2026-04-15,31,26,4964.87
2026-04-16,31,22,4205.37
2026-04-17,31,22,4089.05
2026-04-18,31,23,4168.55
2026-04-19,31,8,1466.94
2026-04-20,31,19,3523.94
2026-04-21,31,21,3824.2
2026-04-22,31,21,3872.22
2026-04-26,31,7,1329.43
2026-04-27,31,29,5449.99
2026-04-28,31,22,4016.97
2026-04-29,31,20,3689.01
2026-04-30,31,18,3407.78
2026-05-01,31,11,2081.41
2026-05-02,31,10,1821.55
2026-05-03,31,8,1528.3
2026-05-04,31,14,2625.11
2026-05-05,31,15,2799.36
2026-05-06,31,18,3355.63
2026-05-10,31,7,1282.09
2026-05-11,31,14,2629.15
2026-05-12,31,17,3192.42
2026-05-13,31,8,1460.68
2026-05-14,31,10,1836.66
2026-05-15,31,13,2504.68
2026-05-16,31,12,2230.05
2026-05-17,31,4,751.01
2026-05-18,31,6,1154.01
2026-05-19,31,13,2481.34
2026-05-20,31,15,2777.77
2026-05-21,31,15,2847.61
2026-05-22,31,19,3583.94
2026-05-23,31,22,4156.16
2026-05-24,31,5,915.5
2026-05-25,31,13,2403.88
2026-05-26,31,15,2869.1
2026-05-27,31,14,2634.4
2026-05-28,31,10,1821.7
2026-05-29,31,19,3594.83
2026-05-30,31,9,1663.15
2026-05-31,31,10,1832.21
2026-06-01,31,11,2046.85
2026-06-02,31,17,3268.2
2026-06-03,31,11,2075.52
2026-06-04,31,10,1843.62
2026-06-05,31,15,2817.36
2026-06-06,31,10,1895.51
2026-06-07,31,8,1511.13
2026-06-08,31,15,2800.45
2026-06-09,31,15,2806.72
2026-06-10,31,10,1909.81
2026-06-11,31,11,2081.88
2026-06-12,31,14,2647.25
2026-06-13,31,9,1666.27
2026-06-14,31,7,1292.78
2026-06-15,31,18,3341.31
2026-06-16,31,10,1916.22
2026-06-17,31,17,3278.11
2026-06-18,31,17,3104.52
2026-06-19,31,11,2063.92
2026-06-20,31,18,3386.55
2026-06-21,31,5,947.03
2026-06-22,31,16,2980.84
2026-06-23,31,14,2592.47
2026-06-24,31,11,2066.8
2026-06-25,31,11,2083.66
2026-06-26,31,6,1131.21
2026-06-27,31,8,1490.1
2026-06-28,31,5,926.4
2026-06-29,31,12,2271.98
2026-06-30,31,9,1735.63
2026-07-01,31,7,1346.32
2026-07-02,31,14,2609.94
2026-07-03,31,11,2038.45
2026-07-04,31,15,2884.54
2026-07-05,31,5,965.07
2026-07-06,31,15,2880.01
2026-07-07,31,14,2636.13
2026-07-08,31,19,3591.53
2026-07-09,31,12,2283.92
2026-07-10,31,12,2206.35
2026-07-11,31,10,1868.52
2026-07-12,31,10,1845.62
2026-07-13,31,14,2631.47
2026-07-14,31,13,2407.3
2026-07-15,31,13,2432.06
2026-07-16,31,14,2713.92
2026-07-17,31,12,2222.24
2026-07-18,31,7,1298.48
2026-07-19,31,4,769.27
2026-07-20,31,8,1496.45
2026-07-21,31,7,1337.01
2026-07-22,31,11,2039.86
2026-07-23,31,13,2484.89
2026-07-24,31,15,2881.03
2026-07-25,31,15,2767.39
2026-07-26,31,7,1324.51
2026-07-27,31,11,2051.89
2026-07-28,31,17,3116.43
2026-07-29,31,12,2297.72
2026-07-30,31,8,1538.7
2026-07-31,31,10,1905.71
2026-08-01,31,11,2024.56
2026-08-02,31,7,1358.13
2026-08-03,31,18,3414.74
2026-08-04,31,23,4451.1
2026-08-05,31,16,3109.13
2026-08-06,31,18,3491.18
2026-08-07,31,10,1899.32
2026-08-08,31,14,2598.48
2026-08-09,31,6,1129.49
2026-08-10,31,14,2652.03
2026-08-11,31,20,3798.97
2026-08-12,31,8,1538.68
2026-08-13,31,13,2492.87
2026-08-14,31,11,2018.33
2026-08-15,31,5,970.58
2026-08-16,31,8,1478.09
2026-08-17,31,14,2675.63
2026-08-18,31,12,2320.18
2026-08-19,31,11,2124.95
2026-08-20,31,14,2692.63
2026-08-21,31,11,2024.17
2026-08-22,31,15,2802.32
2026-08-23,31,6,1152.4
2026-08-24,31,17,3297.47
2026-08-25,31,14,2712.81
2026-08-26,31,11,2112.74
2026-08-27,31,13,2387.26
2026-08-28,31,8,1516.11
2026-08-29,31,2,380.32
2026-08-30,31,5,937.09
2026-08-31,31,14,2660.42
2026-09-01,31,23,4282.59
2026-09-02,31,16,3025.28
2026-09-03,31,19,3676.22
2026-09-04,31,28,5321.93
2026-09-05,31,17,3248.73
2026-09-06,31,11,2078.87
2026-09-07,31,11,2070.92
2026-09-08,31,15,2819.52
2026-09-09,31,16,3043.53
2026-09-10,31,20,3700.99
2026-09-11,31,23,4473.3
2026-09-12,31,10,1881.2
2026-09-13,31,3,558.04
2026-09-14,31,10,1869.57
2026-09-15,31,13,2453.06
2026-09-18,31,22,4224.61
2026-09-19,31,10,1911.49
2026-09-20,31,8,1533.76
2026-09-21,31,11,2141.28
2026-09-22,31,19,3574.79
2026-09-23,31,19,3595.81
2026-09-24,31,19,3685.8
2026-09-25,31,14,2664.36
2026-09-26,31,12,2265.52
2026-09-27,31,12,2273.5
2026-09-28,31,10,1926.94
2023-10-01,32,12,2683.3
2023-10-02,32,19,4095.43
2023-10-03,32,13,2772.21
2023-10-04,32,20,4369.66
2023-10-05,32,18,3931.48
2023-10-06,32,20,4416.09
2023-10-07,32,21,4698.35
2023-10-08,32,5,1115.02
2023-10-09,32,27,5808.47
2023-10-10,32,27,5727.9
2023-10-11,32,28,6053.93
2023-10-12,32,23,4986.24
2023-10-13,32,14,2959.62
2023-10-14,32,22,4908.13
2023-10-15,32,7,1516.05
2023-10-16,32,14,3004.31
2023-10-17,32,11,2417.18
2023-10-18,32,15,3323.78
2023-10-19,32,20,4482.45
2023-10-20,32,21,4590.08
2023-10-21,32,13,2869.96
2023-10-22,32,8,1787.21
2023-10-23,32,15,3282.33
2023-10-24,32,21,4467.68
2023-10-25,32,20,4371.58
2023-10-26,32,24,5232.82
2023-10-27,32,19,4069.44
2023-10-28,32,15,3258.71
2023-10-29,32,4,878.32
2023-10-30,32,17,3606.79
2023-10-31,32,18,3985.02
2023-11-01,32,9,1944.0
2023-11-02,32,21,4505.1
2023-11-03,32,27,6052.51
2023-11-04,32,10,2144.11
2023-11-05,32,11,2381.95
2023-11-06,32,18,3923.19
2023-11-07,32,16,3387.32
2023-11-08,32,18,3894.45
2023-11-09,32,6,1337.45
2023-11-10,32,19,4211.27
2023-11-11,32,14,3028.21
2023-11-12,32,3,670.45
2023-11-13,32,15,3351.87
2023-11-14,32,19,4238.4
2023-11-15,32,13,2847.33
2023-11-16,32,17,3789.8
2023-11-17,32,18,3876.65
2023-11-18,32,9,1952.03
2023-11-19,32,11,2355.39
2023-11-20,32,19,4189.26
2023-11-21,32,27,6011.04
2023-11-22,32,17,3616.79
2023-11-23,32,17,3671.09
2023-11-24,32,20,4317.36
2023-11-25,32,18,3850.27
2023-11-26,32,8,1769.0
2023-11-27,32,10,2171.15
2023-11-28,32,15,3276.52
2023-11-29,32,18,3849.05
2023-11-30,32,19,4160.09
2023-12-01,32,13,2827.18
2023-12-02,32,9,2007.33
2023-12-03,32,9,2009.42
2023-12-04,32,7,1487.92
2023-12-05,32,13,2809.51
2023-12-06,32,11,2375.43
2023-12-07,32,19,4100.5
2023-12-08,32,11,2462.82
2023-12-09,32,13,2908.93
2023-12-10,32,7,1511.79
2023-12-11,32,16,3503.12
2023-12-12,32,18,4024.89
2023-12-13,32,10,2139.43
2023-12-14,32,14,3039.51
2023-12-15,32,14,3125.38
2023-12-16,32,10,2145.92
2023-12-17,32,15,3247.83
2023-12-18,32,16,3430.9
2023-12-19,32,9,1960.07
2023-12-20,32,8,1703.59
2023-12-21,32,22,4836.51
2023-12-22,32,13,2914.17
2023-12-23,32,8,1733.01
2023-12-24,32,5,1082.53
2023-12-25,32,20,4375.4
2023-12-26,32,6,1323.16
2023-12-27,32,12,2687.89
2023-12-28,32,15,3343.92
2023-12-29,32,12,2650.12
2023-12-30,32,20,4381.84
2023-12-31,32,12,2671.24
2024-01-01,32,11,2393.41
2024-01-02,32,13,2920.79
2024-01-03,32,4,866.22
2024-01-04,32,14,3038.56
2024-01-05,32,9,1951.21
2024-01-06,32,11,2455.82
2024-01-07,32,2,451.89
2024-01-08,32,11,2380.43
2024-01-09,32,12,2602.35
2024-01-10,32,10,2133.58
2024-01-11,32,13,2901.91
2024-01-12,32,12,2671.45
2024-01-13,32,14,3043.12
2024-01-14,32,7,1548.85
2024-01-15,32,14,3165.94
2024-01-16,32,9,1955.15
2024-01-17,32,11,2415.54
2024-01-18,32,10,2139.91
2024-01-19,32,14,3090.04
2024-01-20,32,8,1763.01
2024-01-21,32,4,878.82
2024-01-22,32,18,3991.81
2024-01-23,32,10,2248.81
2024-01-24,32,9,1921.75
2024-01-25,32,10,2184.86
2024-01-26,32,19,4072.07
2024-01-27,32,12,2617.17
2024-01-28,32,7,1580.67
2024-01-29,32,11,2399.52
2024-01-30,32,9,1990.41
2024-01-31,32,13,2843.2
2024-02-01,32,10,2161.55
2024-02-02,32,13,2933.91
2024-02-03,32,11,2422.69
2024-02-04,32,4,865.52
2024-02-05,32,15,3313.26
2024-02-06,32,9,1941.11
2024-02-07,32,17,3843.16
2024-02-08,32,24,5297.89
2024-02-09,32,11,2351.68
2024-02-10,32,10,2161.24
2024-02-11,32,4,865.77
2024-02-12,32,14,3172.3
2024-02-13,32,8,1742.68
2024-02-14,32,10,2153.64
2024-02-15,32,18,3930.55
2024-02-16,32,9,1984.42
2024-02-17,32,11,2423.17
2024-02-18,32,4,869.46
2024-02-19,32,19,4262.75
2024-02-20,32,8,1810.78
2024-02-21,32,17,3757.73
2024-02-22,32,13,2842.99
2024-02-23,32,18,4040.14
2024-02-24,32,12,2594.78
2024-02-25,32,7,1564.98
2024-02-26,32,13,2865.36
2024-02-27,32,12,2647.97
2024-02-28,32,9,1966.48
2024-02-29,32,8,1790.45
2024-03-01,32,15,3219.4
2024-03-02,32,15,3366.97
2024-03-03,32,11,2366.19
2024-03-04,32,11,2462.24
2024-03-05,32,13,2786.77
2024-03-06,32,14,3127.57
2024-03-07,32,17,3752.82
2024-03-08,32,15,3319.84
2024-03-09,32,15,3272.24
2024-03-10,32,8,1804.13
2024-03-11,32,23,4950.88
2024-03-12,32,14,3169.48
2024-03-13,32,24,5251.24
2024-03-14,32,17,3822.29
2024-03-15,32,9,1972.36
2024-03-16,32,25,5663.18
2024-03-17,32,14,3019.74
2024-03-18,32,12,2639.07
2024-03-19,32,22,4778.39
2024-03-20,32,20,4517.85
2024-03-21,32,18,3923.34
2024-03-22,32,26,5645.54
2024-03-23,32,16,3479.66
2024-03-24,32,4,881.0
2024-03-25,32,21,4721.8
2024-03-26,32,14,3023.59
2024-03-27,32,19,4095.37
2024-03-28,32,16,3513.84
2024-03-29,32,17,3844.91
2024-03-30,32,13,2915.1
2024-03-31,32,10,2264.77
2024-04-01,32,19,4229.01
2024-04-02,32,25,5417.12
2024-04-03,32,19,4183.95
2024-04-04,32,26,5859.79
2024-04-05,32,20,4303.09
2024-04-06,32,22,5007.12
2024-04-07,32,7,1560.59
2024-04-08,32,14,3066.6
2024-04-09,32,21,4728.38
2024-04-10,32,29,6298.89
2024-04-11,32,14,3044.43
2024-04-12,32,12,2680.02
2024-04-13,32,19,4151.09
2024-04-14,32,8,1772.99
2024-04-15,32,14,3036.51
2024-04-16,32,17,3805.32
2024-04-17,32,26,5810.16
2024-04-18,32,16,3506.31
2024-04-19,32,20,4460.36
2024-04-20,32,21,4661.16
2024-04-21,32,7,1597.29
2024-04-22,32,16,3451.75
2024-04-23,32,7,1523.3
2024-04-24,32,16,3528.09
2024-04-25,32,14,3046.43
2024-04-26,32,20,4328.69
2024-04-27,32,29,6360.24
2024-04-28,32,7,1585.15
2024-04-29,32,15,3272.38
2024-04-30,32,18,3934.06
2024-05-01,32,8,1755.15
2024-05-02,32,25,5447.14
2024-05-03,32,12,2709.88
2024-05-04,32,12,2676.77
2024-05-05,32,5,1133.93
2024-05-06,32,13,2895.31
2024-05-07,32,12,2681.08
2024-05-08,32,16,3516.87
2024-05-09,32,18,4067.08
2024-05-10,32,10,2186.15
2024-05-11,32,11,2499.99
2024-05-12,32,4,906.99
2024-05-13,32,15,3276.73
2024-05-14,32,13,2922.38
2024-05-15,32,17,3769.76
2024-05-16,32,11,2507.11
2024-05-17,32,11,2408.13
2024-05-18,32,13,2981.21
2024-05-19,32,4,915.41
2024-05-20,32,22,5015.78
2024-05-21,32,18,3968.42
2024-05-22,32,11,2522.42
2024-05-23,32,12,2685.27
2024-05-24,32,11,2483.12
2024-05-25,32,14,3099.29
2024-05-26,32,6,1361.89
2024-05-27,32,13,2844.66
2024-05-28,32,9,1981.71
2024-05-29,32,10,2164.59
2024-05-30,32,16,3663.47
2024-05-31,32,9,1991.57
2024-06-01,32,7,1517.21
2024-06-02,32,9,1988.51
2024-06-03,32,14,3114.82
2024-06-04,32,11,2507.36
2024-06-05,32,15,3321.72
2024-06-06,32,18,3932.67
2024-06-07,32,11,2456.01
2024-06-08,32,9,2012.98
2024-06-09,32,5,1138.64
2024-06-10,32,11,2434.72
2024-06-11,32,13,2912.94
2024-06-12,32,8,1735.59
2024-06-13,32,12,2732.76
2024-06-14,32,9,2039.86
2024-06-15,32,10,2239.58
2024-06-16,32,9,2060.42
2024-06-17,32,15,3270.77
2024-06-18,32,18,3955.24
2024-06-19,32,11,2484.7
2024-06-20,32,12,2631.75
2024-06-21,32,9,2030.05
2024-06-22,32,12,2641.09
2024-06-23,32,3,660.86
2024-06-24,32,13,2944.89
2024-06-25,32,11,2436.83
2024-06-26,32,11,2457.94
2024-06-27,32,13,2993.16
2024-06-28,32,11,2389.76
2024-06-29,32,13,2890.85
2024-06-30,32,11,2417.8
2024-07-01,32,12,2742.15
2024-07-02,32,7,1588.55
2024-07-03,32,13,2948.16
2024-07-04,32,12,2718.58
2024-07-05,32,12,2760.74
2024-07-06,32,14,3160.17
2024-07-07,32,5,1108.39
2024-07-08,32,12,2696.71
2024-07-09,32,3,678.19
2024-07-10,32,13,2914.31
2024-07-11,32,13,2914.34
2024-07-12,32,9,2044.6
2024-07-13,32,6,1318.06
2024-07-14,32,4,914.62
2024-07-15,32,6,1383.97
2024-07-16,32,13,2844.31
2024-07-17,32,12,2713.49
2024-07-18,32,13,2921.07
2024-07-19,32,16,3525.18
2024-07-20,32,13,2981.72
2024-07-21,32,8,1779.8
2024-07-22,32,7,1608.06
2024-07-23,32,17,3926.02
2024-07-24,32,8,1777.84
2024-07-25,32,10,2251.24
2024-07-26,32,24,5274.87
2024-07-27,32,12,2651.21
2024-07-28,32,7,1534.44
2024-07-29,32,11,2397.38
2024-07-30,32,14,3112.51
2024-07-31,32,6,1335.72
2024-08-01,32,13,2851.51
2024-08-02,32,13,2964.75
2024-08-03,32,16,3643.14
2024-08-04,32,8,1772.54
2024-08-05,32,16,3557.12
2024-08-06,32,15,3294.28
2024-08-07,32,17,3781.81
2024-08-08,32,12,2655.21
2024-08-09,32,14,3173.66
2024-08-10,32,10,2207.1
2024-08-11,32,7,1585.33
2024-08-12,32,5,1148.47
2024-08-13,32,17,3854.03
2024-08-14,32,11,2495.17
2024-08-15,32,14,3123.3
2024-08-16,32,12,2651.41
2024-08-17,32,12,2671.41
2024-08-18,32,5,1140.45
2024-08-19,32,17,3927.79
2024-08-20,32,11,2401.2
2024-08-21,32,13,2913.92
2024-08-22,32,11,2452.97
2024-08-23,32,14,3118.63
2024-08-24,32,12,2634.53
2024-08-25,32,7,1539.11
2024-08-26,32,17,3831.55
2024-08-27,32,10,2273.14
2024-08-28,32,7,1562.54
2024-08-29,32,17,3897.23
2024-08-30,32,11,2442.77
2024-08-31,32,14,3093.58
2024-09-01,32,17,3890.63
2024-09-02,32,16,3700.35
2024-09-03,32,22,5013.79
2024-09-04,32,18,4107.93
2024-09-05,32,28,6245.46
2024-09-06,32,29,6579.12
2024-09-07,32,21,4711.06
2024-09-08,32,7,1607.78
2024-09-09,32,15,3298.74
2024-09-10,32,21,4626.42
2024-09-11,32,8,1778.92
2024-09-12,32,14,3199.01
2024-09-13,32,17,3931.87
2024-09-14,32,15,3380.9
2024-09-15,32,8,1828.71
2024-09-16,32,28,6151.28
2024-09-17,32,25,5789.34
2024-09-18,32,20,4586.79
2024-09-19,32,19,4381.88
2024-09-20,32,18,3993.11
2024-09-21,32,19,4178.08
2024-09-22,32,9,1991.18
2024-09-23,32,22,5016.41
2024-09-24,32,23,5092.95
2024-09-25,32,11,2518.47
2024-09-26,32,15,3486.81
2024-09-27,32,24,5517.24
2024-09-28,32,26,5947.12
2024-09-29,32,10,2191.1
2024-09-30,32,20,4583.57
2024-10-01,32,19,4313.01
2024-10-02,32,24,5524.11
2024-10-03,32,33,7566.09
2024-10-04,32,15,3474.09
2024-10-05,32,10,2315.03
2024-10-06,32,2,456.06
2024-10-07,32,19,4411.09
2024-10-08,32,21,4763.02
2024-10-09,32,14,3170.84
2024-10-10,32,19,4342.09
2024-10-11,32,24,5329.26
2024-10-12,32,21,4618.52
2024-10-13,32,10,2282.78
2024-10-14,32,27,6290.01
2024-10-15,32,21,4829.03
2024-10-16,32,16,3528.73
2024-10-17,32,17,3928.65
2024-10-18,32,15,3352.59
2024-10-19,32,17,3778.41
2024-10-20,32,12,2790.74
2024-10-21,32,13,2900.7
2024-10-22,32,26,5799.01
2024-10-23,32,17,3823.01
2024-10-24,32,22,4921.18
2024-10-25,32,16,3541.96
2024-10-26,32,19,4351.9
2024-10-27,32,8,1834.56
2024-10-28,32,26,5861.36
2024-10-29,32,28,6493.39
2024-10-30,32,14,3103.8
2024-10-31,32,20,4548.11
2024-11-01,32,18,4177.44
2024-11-02,32,21,4665.22
2024-11-03,32,12,2642.76
2024-11-04,32,28,6223.64
2024-11-05,32,20,4510.61
2024-11-06,32,24,5433.3
2024-11-07,32,17,3914.55
2024-11-08,32,21,4866.82
2024-11-09,32,22,5089.41
2024-11-10,32,6,1369.85
2024-11-11,32,13,2907.94
2024-11-12,32,25,5776.57
2024-11-13,32,13,2975.25
2024-11-14,32,14,3135.24
2024-11-15,32,18,3969.98
2024-11-16,32,10,2255.11
2024-11-17,32,11,2429.44
2024-11-18,32,14,3131.69
2024-11-19,32,9,2017.28
2024-11-20,32,11,2468.63
2024-11-21,32,30,6793.24
2024-11-22,32,32,7323.58
2024-11-23,32,28,6270.05
2024-11-24,32,4,921.22
2024-11-25,32,24,5333.88
2024-11-26,32,17,3862.08
2024-11-27,32,25,5769.11
2024-11-28,32,19,4362.24
2024-11-29,32,19,4232.15
2024-11-30,32,12,2650.9
2024-12-01,32,13,3007.67
2024-12-02,32,12,2715.46
2024-12-03,32,17,3945.08
2024-12-04,32,20,4455.0
2024-12-05,32,17,3868.45
2024-12-06,32,18,4091.98
2024-12-07,32,11,2509.48
2024-12-08,32,8,1783.25
2024-12-09,32,16,3667.83
2024-12-10,32,16,3582.27
2024-12-11,32,19,4311.5
2024-12-12,32,13,2980.23
2024-12-13,32,10,2325.16
2024-12-14,32,10,2257.83
2024-12-15,32,8,1854.27
2024-12-16,32,18,4160.1
2024-12-17,32,11,2433.91
2024-12-18,32,20,4604.59
2024-12-19,32,10,2338.48
2024-12-20,32,18,4113.81
2024-12-21,32,11,2485.65
2024-12-22,32,7,1558.02
2024-12-23,32,18,4045.32
2024-12-24,32,18,4147.35
2024-12-25,32,15,3326.17
2024-12-26,32,10,2323.09
2024-12-27,32,13,2921.99
2024-12-28,32,12,2815.63
2024-12-29,32,8,1811.63
2024-12-30,32,15,3351.07
2024-12-31,32,15,3339.11
2025-01-01,32,18,4130.68
2025-01-02,32,8,1838.68
2025-01-03,32,10,2246.26
2025-01-04,32,10,2327.76
2025-01-05,32,7,1622.82
2025-01-06,32,13,3024.04
2025-01-07,32,12,2818.28
2025-01-08,32,10,2260.5
2025-01-09,32,6,1355.51
2025-01-10,32,10,2255.32
2025-01-11,32,15,3482.78
2025-01-12,32,10,2347.85
2025-01-13,32,16,3745.05
2025-01-14,32,14,3290.54
2025-01-15,32,9,2071.93
2025-01-16,32,13,2997.41
2025-01-17,32,8,1835.65
2025-01-18,32,10,2238.45
2025-01-19,32,10,2327.52
2025-01-20,32,10,2323.53
2025-01-21,32,13,2924.85
2025-01-22,32,7,1613.92
2025-01-23,32,20,4536.68
2025-01-24,32,11,2567.41
2025-01-25,32,18,4227.44
2025-01-26,32,5,1123.99
2025-01-27,32,16,3737.08
2025-01-28,32,15,3454.12
2025-01-29,32,19,4231.28
2025-01-30,32,17,3994.78
2025-01-31,32,17,3883.07
2025-02-01,32,13,2899.86
2025-02-02,32,10,2261.42
2025-02-03,32,7,1555.82
2025-02-04,32,20,4647.03
2025-02-05,32,11,2472.43
2025-02-06,32,20,4660.62
2025-02-07,32,9,2007.81
2025-02-08,32,21,4692.34
2025-02-09,32,4,923.75
2025-02-10,32,17,3867.17
2025-02-11,32,15,3333.46
2025-02-12,32,12,2769.43
2025-02-13,32,9,2056.37
2025-02-14,32,14,3301.2
2025-02-15,32,19,4341.57
2025-02-16,32,5,1170.05
2025-02-17,32,14,3216.88
2025-02-18,32,7,1612.2
2025-02-19,32,19,4450.43
2025-02-20,32,15,3450.41
2025-02-21,32,11,2508.51
2025-02-22,32,12,2810.93
2025-02-23,32,3,704.6
2025-02-24,32,22,4936.85
2025-02-25,32,16,3579.13
2025-02-26,32,17,3870.27
2025-02-27,32,9,2054.95
2025-02-28,32,17,3829.38
2025-03-01,32,21,4772.77
2025-03-02,32,9,2015.5
2025-03-03,32,19,4336.39
2025-03-04,32,18,4223.11
2025-03-05,32,20,4698.72
2025-03-06,32,13,2958.84
2025-03-07,32,20,4704.15
2025-03-08,32,24,5410.51
2025-03-09,32,8,1798.25
2025-03-10,32,29,6736.67
2025-03-11,32,18,4130.63
2025-03-12,32,25,5905.95
2025-03-13,32,20,4492.72
2025-03-14,32,24,5420.91
2025-03-15,32,24,5675.65
2025-03-16,32,10,2265.3
2025-03-17,32,27,6189.78
2025-03-18,32,13,2902.54
2025-03-19,32,23,5353.44
2025-03-20,32,19,4373.59
2025-03-21,32,22,5100.32
2025-03-22,32,14,3287.3
2025-03-23,32,12,2748.03
2025-03-24,32,23,5290.9
2025-03-25,32,29,6536.25
2025-03-26,32,30,6800.89
2025-03-27,32,22,5046.38
2025-03-28,32,18,4030.6
2025-03-29,32,16,3619.85
2025-03-30,32,7,1578.93
2025-03-31,32,18,4048.65
2025-04-01,32,20,4737.64
2025-04-02,32,24,5680.79
2025-04-03,32,16,3720.49
2025-04-04,32,19,4313.01
2025-04-05,32,26,6057.37
2025-04-06,32,9,2063.36
2025-04-07,32,26,5828.01
2025-04-08,32,21,4795.55
2025-04-09,32,33,7769.85
2025-04-10,32,29,6745.8
2025-04-11,32,28,6296.08
2025-04-12,32,18,4116.73
2025-04-13,32,7,1627.68
2025-04-14,32,14,3269.92
2025-04-15,32,22,5003.42
2025-04-16,32,14,3230.2
2025-04-17,32,24,5665.4
2025-04-18,32,16,3787.16
2025-04-19,32,25,5818.34
2025-04-20,32,10,2354.61
2025-04-21,32,23,5438.92
2025-04-22,32,21,4785.65
2025-04-23,32,31,7028.28
2025-04-24,32,27,6100.76
2025-04-25,32,23,5459.21
2025-04-26,32,20,4703.95
2025-04-27,32,6,1383.09
2025-04-28,32,21,4755.64
2025-04-29,32,20,4525.13
2025-04-30,32,29,6774.31
2025-05-01,32,14,3282.95
2025-05-02,32,18,4103.83
2025-05-03,32,14,3202.41
2025-05-04,32,4,951.54
2025-05-05,32,22,5060.16
2025-05-06,32,10,2349.15
2025-05-07,32,18,4262.95
2025-05-08,32,17,4000.74
2025-05-09,32,12,2799.36
2025-05-10,32,13,2998.04
2025-05-11,32,7,1580.77
2025-05-12,32,11,2501.14
2025-05-13,32,16,3791.92
2025-05-14,32,16,3623.83
2025-05-15,32,16,3808.31
2025-05-16,32,16,3725.29
2025-05-17,32,18,4202.54
2025-05-18,32,6,1369.01
2025-05-19,32,10,2252.77
2025-05-20,32,14,3144.42
2025-05-21,32,14,3215.11
2025-05-22,32,21,4928.88
2025-05-23,32,16,3625.79
2025-05-24,32,21,4996.66
2025-05-25,32,9,2064.58
2025-05-26,32,11,2579.45
2025-05-27,32,14,3330.99
2025-05-28,32,17,4002.43
2025-05-29,32,14,3304.32
2025-05-30,32,11,2487.94
2025-05-31,32,13,3000.55
2025-06-01,32,13,2998.19
2025-06-02,32,16,3631.88
2025-06-03,32,14,3285.21
2025-06-04,32,17,3942.32
2025-06-05,32,16,3749.75
2025-06-06,32,11,2503.84
2025-06-07,32,12,2846.8
2025-06-08,32,9,2031.92
2025-06-09,32,11,2502.82
2025-06-10,32,10,2340.08
2025-06-11,32,7,1610.17
2025-06-12,32,15,3569.27
2025-06-13,32,7,1619.88
2025-06-14,32,9,2136.25
2025-06-15,32,7,1644.4
2025-06-16,32,11,2511.94
2025-06-17,32,10,2267.07
2025-06-18,32,24,5719.41
2025-06-19,32,8,1808.67
2025-06-20,32,15,3518.83
2025-06-21,32,12,2759.21
2025-06-22,32,10,2327.67
2025-06-23,32,19,4312.06
2025-06-24,32,15,3545.08
2025-06-25,32,13,3078.77
2025-06-26,32,8,1816.54
2025-06-27,32,5,1141.11
2025-06-28,32,12,2727.96
2025-06-29,32,11,2509.92
2025-06-30,32,10,2342.61
2025-07-01,32,13,2952.42
2025-07-02,32,10,2366.08
2025-07-03,32,15,3556.67
2025-07-04,32,19,4362.02
2025-07-05,32,15,3584.48
2025-07-06,32,14,3238.13
2025-07-07,32,11,2497.13
2025-07-08,32,15,3530.43
2025-07-09,32,10,2363.67
2025-07-10,32,16,3714.28
2025-07-11,32,14,3277.03
2025-07-12,32,12,2740.73
2025-07-13,32,9,2042.64
2025-07-14,32,12,2874.47
2025-07-15,32,14,3205.67
2025-07-16,32,11,2611.96
2025-07-17,32,12,2769.53
2025-07-18,32,13,3055.91
2025-07-19,32,8,1903.38
2025-07-20,32,11,2618.36
2025-07-21,32,19,4388.82
2025-07-22,32,18,4078.13
2025-07-23,32,13,3039.63
2025-07-24,32,15,3471.17
2025-07-25,32,14,3194.88
2025-07-26,32,11,2592.37
2025-07-27,32,3,691.27
2025-07-28,32,15,3474.86
2025-07-29,32,15,3414.56
2025-07-30,32,10,2278.15
2025-07-31,32,14,3188.04
2025-08-01,32,9,2129.18
2025-08-02,32,7,1654.08
2025-08-03,32,6,1385.73
2025-08-04,32,20,4669.59
2025-08-05,32,11,2525.6
2025-08-06,32,9,2101.13
2025-08-07,32,17,3893.03
2025-08-08,32,20,4549.41
2025-08-09,32,14,3292.16
2025-08-10,32,8,1845.58
2025-08-11,32,16,3777.67
2025-08-12,32,14,3328.35
2025-08-13,32,13,2976.27
2025-08-14,32,17,4028.45
2025-08-15,32,13,3106.43
2025-08-16,32,18,4138.32
2025-08-17,32,6,1396.83
2025-08-18,32,7,1656.64
2025-08-19,32,16,3703.57
2025-08-20,32,23,5390.63
2025-08-21,32,18,4263.41
2025-08-22,32,17,4077.08
2025-08-23,32,11,2587.94
2025-08-24,32,3,694.25
2025-08-25,32,14,3259.41
2025-08-26,32,18,4333.4
2025-08-27,32,11,2561.16
2025-08-28,32,12,2815.81
2025-08-29,32,23,5269.09
2025-08-30,32,16,3735.08
2025-08-31,32,7,1654.32
2025-09-01,32,15,3466.51
2025-09-02,32,18,4329.31
2025-09-03,32,24,5765.54
2025-09-04,32,23,5480.11
2025-09-05,32,26,6008.1
2025-09-06,32,13,2969.29
2025-09-07,32,7,1625.48
2025-09-08,32,19,4456.66
2025-09-09,32,28,6485.83
2025-09-10,32,32,7587.51
2025-09-11,32,17,3965.98
2025-09-12,32,24,5731.91
2025-09-13,32,19,4534.21
2025-09-14,32,9,2115.28
2025-09-15,32,22,5030.52
2025-09-16,32,18,4319.36
2025-09-17,32,18,4305.24
2025-09-18,32,18,4230.52
2025-09-19,32,19,4436.97
2025-09-20,32,15,3529.5
2025-09-21,32,4,928.06
2025-09-22,32,22,5042.3
2025-09-23,32,32,7416.05
2025-09-24,32,28,6750.73
2025-09-25,32,30,7119.75
2025-09-26,32,21,4862.59
2025-09-27,32,17,3950.36
2025-09-28,32,9,2138.4
2025-09-29,32,31,7487.94
2025-09-30,32,26,6162.22
2025-10-01,32,19,4361.32
2025-10-02,32,23,5406.24
2025-10-03,32,30,6913.02
2025-10-04,32,25,5808.33
2025-10-05,32,11,2621.51
2025-10-06,32,28,6635.15
2025-10-07,32,25,6027.36
2025-10-08,32,28,6391.77
2025-10-09,32,19,4493.49
2025-10-10,32,22,5258.41
2025-10-11,32,25,5770.73
2025-10-12,32,11,2594.23
2025-10-13,32,32,7450.16
2025-10-14,32,33,7948.53
2025-10-15,32,26,6220.75
2025-10-16,32,20,4723.35
2025-10-17,32,33,7605.7
2025-10-18,32,41,9386.74
2025-10-19,32,15,3559.85
2025-10-20,32,27,6526.29
2025-10-21,32,32,7436.47
2025-10-22,32,33,7702.63
2025-10-23,32,28,6513.98
2025-10-24,32,22,5088.57
2025-10-25,32,21,4897.25
2025-10-26,32,6,1397.6
2025-10-27,32,26,6198.47
2025-10-28,32,26,5943.9
2025-10-29,32,24,5643.13
2025-10-30,32,20,4600.65
2025-10-31,32,25,5886.1
2025-11-01,32,20,4714.62
2025-11-02,32,9,2157.26
2025-11-03,32,14,3377.26
2025-11-04,32,32,7618.32
2025-11-05,32,19,4470.94
2025-11-06,32,21,5078.83
2025-11-07,32,22,5218.6
2025-11-08,32,14,3320.33
2025-11-09,32,11,2609.06
2025-11-10,32,24,5660.61
2025-11-11,32,28,6784.82
2025-11-12,32,26,5942.44
2025-11-13,32,26,6217.55
2025-11-14,32,23,5290.36
2025-11-15,32,22,5276.94
2025-11-16,32,10,2287.57
2025-11-17,32,30,6916.14
2025-11-18,32,17,3920.84
2025-11-19,32,24,5725.55
2025-11-20,32,25,5829.39
2025-11-21,32,28,6497.2
2025-11-22,32,20,4739.38
2025-11-23,32,8,1832.81
2025-11-24,32,30,7232.18
2025-11-25,32,21,4926.27
2025-11-26,32,29,7033.22
2025-11-27,32,23,5484.82
2025-11-28,32,23,5502.93
2025-11-29,32,15,3587.36
2025-11-30,32,13,3048.58
2025-12-01,32,17,4062.86
2025-12-02,32,16,3742.44
2025-12-03,32,15,3526.91
2025-12-04,32,21,4973.89
2025-12-05,32,19,4356.07
2025-12-06,32,12,2898.84
2025-12-07,32,6,1382.36
2025-12-08,32,21,5019.73
2025-12-09,32,22,5115.74
2025-12-10,32,22,5184.14
2025-12-11,32,16,3819.79
2025-12-12,32,13,3161.83
2025-12-13,32,13,3159.87
2025-12-14,32,11,2583.97
2025-12-15,32,12,2752.67
2025-12-16,32,10,2365.3
2025-12-17,32,12,2873.74
2025-12-18,32,18,4382.54
2025-12-19,32,18,4153.72
2025-12-20,32,9,2139.97
2025-12-21,32,9,2155.33
2025-12-22,32,18,4261.73
2025-12-23,32,17,4033.92
2025-12-24,32,7,1654.99
2025-12-25,32,11,2677.83
2025-12-26,32,21,4921.73
2025-12-27,32,17,3947.09
2025-12-28,32,11,2616.2
2025-12-29,32,22,5159.0
2025-12-30,32,15,3568.96
2025-12-31,32,15,3618.08
2026-01-01,32,12,2758.61
2026-01-02,32,17,3906.36
2026-01-03,32,15,3517.02
2026-01-04,32,4,941.3
2026-01-05,32,13,3071.19
2026-01-06,32,15,3485.5
2026-01-07,32,8,1919.47
2026-01-08,32,9,2089.97
2026-01-09,32,27,6486.0
2026-01-10,32,14,3254.53
2026-01-11,32,8,1932.95
2026-01-12,32,22,5236.24
2026-01-13,32,16,3798.41
2026-01-14,32,17,3967.16
2026-01-15,32,18,4232.11
2026-01-16,32,16,3875.88
2026-01-17,32,10,2404.63
2026-01-18,32,11,2569.85
2026-01-19,32,13,3105.67
2026-01-20,32,11,2610.48
2026-01-21,32,14,3299.67
2026-01-22,32,18,4267.73
2026-01-23,32,17,4000.04
2026-01-24,32,11,2683.9
2026-01-25,32,11,2582.58
2026-01-26,32,20,4845.98
2026-01-27,32,21,5111.01
2026-01-28,32,18,4164.23
2026-01-29,32,13,3090.38
2026-01-30,32,27,6337.7
2026-01-31,32,17,4111.91
2026-02-01,32,9,2148.85
2026-02-02,32,20,4820.79
2026-02-03,32,20,4640.69
2026-02-04,32,14,3374.02
2026-02-05,32,20,4696.91
2026-02-06,32,21,4927.92
2026-02-07,32,10,2443.01
2026-02-08,32,9,2106.03
2026-02-09,32,21,4873.56
2026-02-10,32,13,3116.0
2026-02-11,32,25,6084.83
2026-02-12,32,22,5372.95
2026-02-13,32,26,6154.89
2026-02-14,32,12,2856.51
2026-02-15,32,10,2379.87
2026-02-16,32,14,3264.91
2026-02-17,32,15,3475.21
2026-02-18,32,19,4558.05
2026-02-19,32,19,4482.07
2026-02-20,32,16,3835.97
2026-02-21,32,20,4692.87
2026-02-22,32,8,1901.05
2026-02-23,32,22,5335.82
2026-02-24,32,18,4338.6
2026-02-25,32,19,4406.24
2026-02-26,32,18,4400.34
2026-02-27,32,22,5300.91
2026-02-28,32,11,2619.44
2026-03-01,32,13,3173.27
2026-03-02,32,21,5034.27
2026-03-03,32,24,5868.9
2026-03-04,32,20,4873.89
2026-03-05,32,29,6976.32
2026-03-06,32,22,5343.24
2026-03-07,32,23,5485.08
2026-03-08,32,7,1675.21
2026-03-09,32,21,4981.12
2026-03-10,32,16,3768.64
2026-03-11,32,18,4353.86
2026-03-12,32,19,4566.49
2026-03-13,32,28,6666.41
2026-03-14,32,16,3744.34
2026-03-15,32,12,2805.15
2026-03-16,32,14,3388.21
2026-03-17,32,15,3638.56
2026-03-18,32,24,5852.56
2026-03-19,32,28,6739.67
2026-03-20,32,20,4715.97
2026-03-21,32,27,6365.48
2026-03-22,32,7,1661.14
2026-03-23,32,29,6865.18
2026-03-24,32,22,5195.93
2026-03-25,32,20,4873.73
2026-03-26,32,42,10014.87
2026-03-27,32,24,5788.73
2026-03-28,32,21,4996.9
2026-03-29,32,10,2325.64
2026-03-30,32,16,3921.9
2026-03-31,32,23,5631.19
2026-04-01,32,20,4684.87
2026-04-02,32,21,5011.24
2026-04-03,32,31,7234.6
2026-04-04,32,20,4774.34
2026-04-05,32,11,2652.35
2026-04-06,32,23,5366.41
2026-04-07,32,24,5823.23
2026-04-08,32,33,8066.89
2026-04-09,32,22,5154.17
2026-04-10,32,25,6149.41
2026-04-11,32,12,2892.75
2026-04-12,32,16,3937.01
2026-04-13,32,29,6873.13
2026-04-14,32,18,4401.53
2026-04-15,32,29,6950.29
2026-04-16,32,26,6351.36
2026-04-17,32,25,5932.24
2026-04-18,32,26,6401.26
2026-04-19,32,11,2617.7
2026-04-20,32,22,5317.05
2026-04-21,32,28,6717.99
2026-04-22,32,26,6059.71
2026-04-23,32,19,4524.35
2026-04-24,32,20,4734.26
2026-04-25,32,14,3370.39
2026-04-26,32,14,3323.56
2026-04-27,32,19,4433.34
2026-04-28,32,22,5239.93
2026-04-29,32,18,4216.87
2026-04-30,32,29,7068.66
2026-05-01,32,20,4822.43
2026-05-02,32,14,3318.91
2026-05-03,32,17,3967.82
2026-05-04,32,12,2938.37
2026-05-05,32,20,4778.97
2026-05-06,32,22,5305.07
2026-05-07,32,15,3519.06
2026-05-08,32,20,4792.05
2026-05-09,32,19,4445.09
2026-05-10,32,9,2204.46
2026-05-11,32,13,3199.4
2026-05-12,32,15,3634.23
2026-05-13,32,21,5136.64
2026-05-14,32,18,4196.02
2026-05-15,32,19,4600.3
2026-05-16,32,14,3414.35
2026-05-17,32,4,932.03
2026-05-18,32,21,5147.17
2026-05-19,32,15,3634.89
2026-05-20,32,9,2200.63
2026-05-21,32,12,2853.25
2026-05-22,32,20,4871.04
2026-05-23,32,14,3285.04
2026-05-24,32,11,2667.02
2026-05-25,32,20,4910.89
2026-05-26,32,16,3793.97
2026-05-27,32,16,3753.35
2026-05-28,32,14,3427.36
2026-05-29,32,17,3978.83
2026-05-30,32,11,2714.31
2026-05-31,32,8,1948.14
2026-06-01,32,14,3313.93
2026-06-02,32,17,4100.25
2026-06-03,32,12,2901.96
2026-06-04,32,16,3955.06
2026-06-05,32,9,2145.42
2026-06-06,32,8,1868.46
2026-06-07,32,2,472.42
2026-06-08,32,21,4976.19
2026-06-09,32,12,2869.26
2026-06-10,32,14,3361.81
2026-06-11,32,11,2674.94
2026-06-12,32,18,4257.78
2026-06-13,32,13,3114.94
2026-06-14,32,5,1183.04
2026-06-15,32,18,4303.91
2026-06-16,32,19,4552.98
2026-06-17,32,16,3885.59
2026-06-18,32,25,6134.22
2026-06-19,32,12,2808.45
2026-06-20,32,8,1979.45
2026-06-21,32,13,3224.77
2026-06-22,32,16,3930.06
2026-06-23,32,7,1707.22
2026-06-24,32,16,3905.58
2026-06-25,32,23,5546.7
2026-06-26,32,19,4665.76
2026-06-27,32,17,4052.69
2026-06-28,32,9,2116.9
2026-06-29,32,22,5318.44
2026-06-30,32,10,2455.52
2026-07-01,32,20,4762.3
2026-07-02,32,11,2697.14
2026-07-03,32,9,2218.42
2026-07-04,32,17,4143.26
2026-07-05,32,6,1420.91
2026-07-06,32,17,4179.42
2026-07-07,32,18,4334.52
2026-07-08,32,12,2905.64
2026-07-09,32,14,3399.9
2026-07-10,32,21,5120.42
2026-07-11,32,15,3616.27
2026-07-12,32,9,2185.6
2026-07-13,32,14,3294.86
2026-07-14,32,19,4466.98
2026-07-15,32,16,3970.0
2026-07-16,32,11,2672.75
2026-07-17,32,26,6282.75
2026-07-18,32,10,2455.95
2026-07-19,32,6,1423.51
2026-07-20,32,17,4098.29
2026-07-21,32,14,3422.82
2026-07-22,32,23,5506.54
2026-07-23,32,23,5460.3
2026-07-24,32,15,3726.33
2026-07-25,32,13,3208.8
2026-07-26,32,7,1726.24
2026-07-27,32,11,2658.17
2026-07-28,32,10,2484.76
2026-07-29,32,19,4697.19
2026-07-30,32,14,3414.8
2026-07-31,32,17,4065.77
2026-08-01,32,14,3369.76
2026-08-02,32,7,1663.36
2026-08-03,32,18,4439.0
2026-08-04,32,15,3657.35
2026-08-05,32,21,4948.84
2026-08-06,32,19,4512.74
2026-08-07,32,11,2592.34
2026-08-08,32,17,4083.07
2026-08-09,32,9,2230.8
2026-08-10,32,28,6806.42
2026-08-11,32,15,3678.41
2026-08-12,32,15,3671.63
2026-08-13,32,23,5518.57
2026-08-14,32,22,5268.3
2026-08-15,32,14,3397.34
2026-08-16,32,8,1937.79
2026-08-17,32,19,4573.07
2026-08-18,32,17,4090.24
2026-08-19,32,12,2886.11
2026-08-20,32,18,4413.27
2026-08-21,32,32,7659.87
2026-08-22,32,21,5181.16
2026-08-23,32,11,2730.15
2026-08-24,32,16,3783.46
2026-08-25,32,12,2930.7
2026-08-26,32,14,3333.7
2026-08-27,32,13,3071.39
2026-08-28,32,20,4952.09
2026-08-29,32,16,3967.07
2026-08-30,32,14,3294.59
2026-08-31,32,14,3424.08
2026-09-01,32,19,4624.27
2026-09-02,32,16,3808.69
2026-09-03,32,30,7159.14
2026-09-04,32,27,6444.86
2026-09-05,32,20,4996.14
2026-09-06,32,9,2213.06
2026-09-07,32,33,7861.42
2026-09-08,32,13,3087.02
2026-09-09,32,27,6701.16
2026-09-10,32,21,5142.34
2026-09-11,32,26,6259.17
2026-09-12,32,21,4986.08
2026-09-13,32,15,3724.16
2026-09-14,32,22,5364.7
2026-09-15,32,25,6054.3
2026-09-16,32,23,5654.45
2026-09-17,32,19,4578.8
2026-09-18,32,29,7191.79
2026-09-19,32,15,3731.26
2026-09-20,32,8,1902.87
2026-09-21,32,27,6694.94
2026-09-22,32,24,5759.94
2026-09-23,32,28,6720.18
2026-09-24,32,21,4966.66
2026-09-25,32,38,9065.57
2026-09-26,32,21,5237.04
2026-09-27,32,16,3905.19
2026-09-28,32,18,4432.61
2026-09-29,32,21,5052.23
2026-09-30,32,27,6583.55
2023-10-01,33,20,7352.09
2023-10-02,33,41,14914.02
2023-10-03,33,58,21294.14
2023-10-04,33,41,14695.16
2023-10-05,33,34,12267.41
2023-10-06,33,30,11343.44
2023-10-07,33,48,18104.41
2023-10-08,33,21,7714.17
2023-10-09,33,36,13551.56
2023-10-10,33,52,19353.88
2023-10-11,33,42,15678.8
2023-10-12,33,41,15467.69
2023-10-13,33,45,16714.23
2023-10-14,33,37,13426.45
2023-10-15,33,11,4041.26
2023-10-16,33,55,19846.04
2023-10-17,33,48,17193.11
2023-10-18,33,35,12684.23
2023-10-19,33,36,13389.13
2023-10-20,33,40,14815.86
2023-10-21,33,43,15833.43
2023-10-22,33,26,9445.74
2023-10-23,33,35,12942.68
2023-10-24,33,37,13495.44
2023-10-25,33,33,12198.38
2023-10-26,33,42,15271.87
2023-10-27,33,37,13833.43
2023-10-28,33,26,9484.7
2023-10-29,33,10,3736.83
2023-10-30,33,40,14660.74
2023-10-31,33,39,14245.03
2023-11-01,33,48,17640.93
2023-11-02,33,45,17074.75
2023-11-03,33,29,10775.79
2023-11-04,33,32,11797.77
2023-11-05,33,19,7080.39
2023-11-06,33,27,10205.79
2023-11-07,33,37,13456.3
2023-11-08,33,34,12421.88
2023-11-09,33,37,13517.88
2023-11-10,33,41,15332.43
2023-11-11,33,35,13037.89
2023-11-12,33,38,14158.24
2023-11-13,33,38,13622.21
2023-11-14,33,36,12888.12
2023-11-15,33,30,11090.37
2023-11-16,33,44,16700.58
2023-11-17,33,33,11867.33
2023-11-18,33,23,8305.44
2023-11-19,33,21,7674.01
2023-11-20,33,27,9893.46
2023-11-21,33,24,9100.3
2023-11-22,33,45,16194.66
2023-11-23,33,31,11357.11
2023-11-24,33,28,10188.54
2023-11-25,33,27,9683.75
2023-11-26,33,18,6813.18
2023-11-27,33,32,11631.69
2023-11-28,33,31,11260.68
2023-11-29,33,50,18876.44
2023-11-30,33,32,11960.83
2023-12-01,33,30,10804.76
2023-12-02,33,20,7173.77
2023-12-03,33,22,8053.96
2023-12-04,33,23,8707.85
2023-12-05,33,30,10808.48
2023-12-06,33,30,11178.04
2023-12-07,33,19,7063.94
2023-12-08,33,26,9684.18
2023-12-09,33,19,7182.2
2023-12-10,33,10,3705.99
2023-12-11,33,24,8979.58
2023-12-12,33,35,12869.53
2023-12-13,33,37,13570.75
2023-12-14,33,22,8083.1
2023-12-15,33,22,7942.77
2023-12-16,33,13,4805.99
2023-12-17,33,14,5300.77
2023-12-18,33,46,16673.81
2023-12-19,33,28,10460.8
2023-12-20,33,23,8720.5
2023-12-21,33,24,8756.83
2023-12-22,33,29,10708.1
2023-12-23,33,28,10126.49
2023-12-24,33,12,4563.97
2023-12-25,33,24,9031.43
2023-12-26,33,22,7950.15
2023-12-27,33,26,9798.75
2023-12-28,33,10,3792.12
2023-12-29,33,29,11013.14
2023-12-30,33,55,20548.13
2023-12-31,33,9,3303.99
2024-01-01,33,10,3664.7
2024-01-02,33,15,5613.88
2024-01-03,33,36,13455.02
2024-01-04,33,25,9403.27
2024-01-05,33,20,7588.53
2024-01-06,33,16,6046.47
2024-01-07,33,12,4569.33
2024-01-08,33,26,9579.3
2024-01-09,33,21,7706.35
2024-01-10,33,16,5925.37
2024-01-11,33,20,7621.64
2024-01-12,33,43,16214.37
2024-01-13,33,19,6997.45
2024-01-14,33,13,4930.72
2024-01-15,33,19,7039.83
2024-01-16,33,15,5717.53
2024-01-17,33,22,8040.47
2024-01-18,33,25,9484.66
2024-01-19,33,36,13159.7
2024-01-20,33,26,9491.44
2024-01-21,33,16,5805.36
2024-01-22,33,19,7011.32
2024-01-23,33,18,6738.44
2024-01-24,33,26,9763.46
2024-01-25,33,25,9367.89
2024-01-26,33,33,12186.93
2024-01-27,33,18,6811.1
2024-01-28,33,11,4185.91
2024-01-29,33,20,7302.69
2024-01-30,33,30,11255.77
2024-01-31,33,20,7267.69
2024-02-01,33,36,13047.85
2024-02-02,33,13,4973.62
2024-02-03,33,21,7780.08
2024-02-04,33,6,2176.36
2024-02-05,33,33,12566.87
2024-02-06,33,27,10311.66
2024-02-07,33,19,6971.6
2024-02-08,33,30,11270.2
2024-02-09,33,23,8327.44
2024-02-10,33,21,7781.04
2024-02-11,33,20,7430.09
2024-02-12,33,21,7653.87
2024-02-13,33,22,8405.07
2024-02-14,33,26,9918.31
2024-02-15,33,30,11205.26
2024-02-16,33,29,10630.5
2024-02-17,33,24,9013.01
2024-02-18,33,12,4594.99
2024-02-19,33,27,9837.26
2024-02-20,33,21,7938.91
2024-02-21,33,23,8334.01
2024-02-22,33,32,11966.84
2024-02-23,33,32,12124.64
2024-02-24,33,25,9185.13
2024-02-25,33,18,6799.54
2024-02-26,33,17,6499.67
2024-02-27,33,19,6944.46
2024-02-28,33,27,10057.99
2024-02-29,33,28,10239.03
2024-03-01,33,31,11265.35
2024-03-02,33,42,15452.53
2024-03-03,33,21,7810.19
2024-03-04,33,25,9559.47
2024-03-05,33,35,13298.12
2024-03-06,33,46,16945.98
2024-03-07,33,27,9887.13
2024-03-08,33,38,13997.49
2024-03-09,33,28,10637.33
2024-03-10,33,30,11276.39
2024-03-11,33,59,21588.56
2024-03-12,33,38,14471.82
2024-03-13,33,33,12247.48
2024-03-14,33,30,11034.42
2024-03-15,33,33,12411.94
2024-03-16,33,29,10541.31
2024-03-17,33,18,6780.89
2024-03-18,33,25,9303.05
2024-03-19,33,30,11145.71
2024-03-20,33,36,13345.05
2024-03-21,33,28,10540.43
2024-03-22,33,40,15065.4
2024-03-23,33,34,12413.91
2024-03-24,33,24,8739.61
2024-03-25,33,24,8792.17
2024-03-26,33,31,11624.05
2024-03-27,33,40,14946.37
2024-03-28,33,50,19012.11
2024-03-29,33,38,14479.6
2024-03-30,33,28,10182.18
2024-03-31,33,14,5293.6
2024-04-01,33,42,15340.37
2024-04-02,33,35,13480.86
2024-04-03,33,45,17296.78
2024-04-04,33,39,14924.7
2024-04-05,33,36,13648.46
2024-04-06,33,25,9632.1
2024-04-07,33,14,5125.92
2024-04-08,33,54,19889.23
2024-04-09,33,53,19935.66
2024-04-10,33,42,15934.09
2024-04-11,33,40,15039.58
2024-04-12,33,46,17240.14
2024-04-13,33,33,12552.65
2024-04-14,33,13,4961.53
2024-04-15,33,35,12831.42
2024-04-16,33,41,15678.27
2024-04-17,33,37,13714.65
2024-04-18,33,32,12200.87
2024-04-19,33,19,7038.95
2024-04-20,33,27,9990.82
2024-04-21,33,20,7483.68
2024-04-22,33,40,15068.94
2024-04-23,33,56,21292.43
2024-04-24,33,33,12092.5
2024-04-25,33,40,14769.81
2024-04-26,33,37,13858.95
2024-04-27,33,36,13569.55
2024-04-28,33,25,9261.88
2024-04-29,33,33,12638.51
2024-04-30,33,52,19886.86
2024-05-01,33,36,13728.77
2024-05-02,33,21,7689.39
2024-05-03,33,23,8703.98
2024-05-04,33,16,6008.62
2024-05-05,33,19,7190.45
2024-05-06,33,27,10222.01
2024-05-07,33,29,10626.87
2024-05-08,33,22,8499.39
2024-05-09,33,34,13116.56
2024-05-10,33,17,6386.35
2024-05-11,33,26,9536.5
2024-05-12,33,11,4021.99
2024-05-13,33,33,12524.24
2024-05-14,33,36,13657.26
2024-05-15,33,23,8871.64
2024-05-16,33,30,11458.58
2024-05-17,33,33,12209.41
2024-05-18,33,29,10731.85
2024-05-19,33,13,4962.67
2024-05-20,33,30,11004.1
2024-05-21,33,21,7855.51
2024-05-22,33,23,8433.98
2024-05-23,33,33,12258.9
2024-05-24,33,31,11728.65
2024-05-25,33,19,7010.43
2024-05-26,33,10,3757.47
2024-05-27,33,25,9158.67
2024-05-28,33,23,8927.31
2024-05-29,33,23,8689.66
2024-05-30,33,42,16008.35
2024-05-31,33,31,11750.09
2024-06-01,33,20,7540.81
2024-06-02,33,12,4582.38
2024-06-03,33,27,10433.74
2024-06-04,33,40,15181.35
2024-06-05,33,32,11880.18
2024-06-06,33,28,10840.7
2024-06-07,33,42,16122.29
2024-06-08,33,20,7535.96
2024-06-09,33,10,3761.96
2024-06-10,33,25,9499.78
2024-06-11,33,20,7484.82
2024-06-12,33,38,14276.64
2024-06-13,33,23,8751.55
2024-06-14,33,30,11033.95
2024-06-15,33,29,10934.62
2024-06-16,33,12,4539.27
2024-06-17,33,18,6721.09
2024-06-18,33,20,7585.4
2024-06-19,33,21,7925.65
2024-06-20,33,17,6377.89
2024-06-21,33,15,5662.63
2024-06-22,33,20,7375.61
2024-06-23,33,10,3842.25
2024-06-24,33,25,9296.68
2024-06-25,33,42,15867.02
2024-06-26,33,27,9985.25
2024-06-27,33,25,9222.29
2024-06-28,33,33,12785.96
2024-06-29,33,10,3763.41
2024-06-30,33,12,4567.6
2024-07-01,33,28,10646.4
2024-07-02,33,16,6199.75
2024-07-03,33,24,9167.78
2024-07-04,33,30,11348.93
2024-07-05,33,28,10859.51
2024-07-06,33,22,8573.54
2024-07-07,33,20,7431.72
2024-07-08,33,23,8460.65
2024-07-09,33,23,8687.02
2024-07-10,33,16,6060.19
2024-07-11,33,27,10144.9
2024-07-12,33,26,10083.05
2024-07-13,33,21,8136.67
2024-07-14,33,12,4584.5
2024-07-15,33,20,7689.11
2024-07-16,33,23,8623.44
2024-07-17,33,22,8504.78
2024-07-18,33,33,12203.09
2024-07-19,33,15,5854.08
2024-07-20,33,29,10961.91
2024-07-21,33,15,5757.87
2024-07-22,33,31,11788.77
2024-07-23,33,25,9622.09
2024-07-24,33,35,13597.41
2024-07-25,33,26,10075.94
2024-07-26,33,25,9765.33
2024-07-27,33,16,6106.35
2024-07-28,33,13,4910.68
2024-07-29,33,26,10115.46
2024-07-30,33,26,9599.66
2024-07-31,33,21,8047.68
2024-08-01,33,28,10539.53
2024-08-02,33,31,11525.49
2024-08-03,33,21,7893.96
2024-08-04,33,13,4883.06
2024-08-05,33,31,12030.91
2024-08-06,33,22,8276.34
2024-08-07,33,15,5668.76
2024-08-08,33,23,8830.04
2024-08-09,33,21,7815.03
2024-08-10,33,27,10473.24
2024-08-11,33,16,6242.79
2024-08-12,33,16,6218.71
2024-08-13,33,22,8291.51
2024-08-14,33,44,16480.71
2024-08-15,33,34,12815.57
2024-08-16,33,15,5690.97
2024-08-17,33,21,7875.01
2024-08-18,33,10,3740.68
2024-08-19,33,32,12160.76
2024-08-20,33,19,7318.85
2024-08-21,33,34,12759.98
2024-08-22,33,31,11755.69
2024-08-23,33,28,10884.8
2024-08-24,33,23,8554.88
2024-08-25,33,9,3514.76
2024-08-26,33,24,9193.07
2024-08-27,33,34,12555.17
2024-08-28,33,29,11066.8
2024-08-29,33,23,8856.91
2024-08-30,33,30,11392.19
2024-08-31,33,25,9395.29
2024-09-01,33,20,7755.24
2024-09-02,33,28,10905.46
2024-09-03,33,52,20355.62
2024-09-04,33,22,8197.02
2024-09-05,33,36,14052.21
2024-09-06,33,32,12185.07
2024-09-07,33,29,10771.36
2024-09-08,33,24,9034.74
2024-09-09,33,52,19672.32
2024-09-10,33,36,13386.34
2024-09-11,33,29,11288.36
2024-09-12,33,36,13661.62
2024-09-13,33,41,15843.96
2024-09-14,33,32,12522.4
2024-09-15,33,17,6297.24
2024-09-16,33,41,15796.52
2024-09-17,33,35,13716.39
2024-09-18,33,49,19022.42
2024-09-19,33,47,17572.88
2024-09-20,33,36,13334.76
2024-09-21,33,24,9149.94
2024-09-22,33,21,8236.65
2024-09-23,33,47,18022.7
2024-09-24,33,30,11262.11
2024-09-25,33,36,13343.88
2024-09-26,33,38,14761.34
2024-09-27,33,41,15581.14
2024-09-28,33,41,15913.84
2024-09-29,33,8,3058.94
2024-09-30,33,36,13959.83
2024-10-01,33,55,20749.68
2024-10-02,33,39,14820.84
2024-10-03,33,46,17592.69
2024-10-04,33,37,13893.35
2024-10-05,33,36,13620.8
2024-10-06,33,17,6673.39
2024-10-07,33,49,18272.82
2024-10-08,33,33,12777.52
2024-10-09,33,37,13805.75
2024-10-10,33,33,12862.1
2024-10-11,33,56,22027.98
2024-10-12,33,41,15676.63
2024-10-13,33,13,5076.66
2024-10-14,33,35,13192.69
2024-10-15,33,30,11588.13
2024-10-16,33,42,15719.68
2024-10-17,33,39,14689.31
2024-10-18,33,42,15604.36
2024-10-19,33,22,8402.62
2024-10-20,33,20,7709.16
2024-10-21,33,47,18474.41
2024-10-22,33,47,18205.99
2024-10-23,33,47,18531.52
2024-10-24,33,52,19349.67
2024-10-25,33,66,25103.77
2024-10-26,33,40,14865.43
2024-10-27,33,23,8804.96
2024-10-28,33,47,18454.55
2024-10-29,33,55,20473.13
2024-10-30,33,49,19079.25
2024-10-31,33,46,17103.61
2024-11-01,33,25,9726.24
2024-11-02,33,39,15170.31
2024-11-03,33,21,7886.64
2024-11-04,33,48,17957.85
2024-11-05,33,53,19762.22
2024-11-06,33,27,10469.53
2024-11-07,33,29,11070.9
2024-11-08,33,39,15109.25
2024-11-09,33,20,7715.3
2024-11-10,33,18,6841.95
2024-11-11,33,51,19530.16
2024-11-12,33,39,14870.7
2024-11-13,33,41,16031.23
2024-11-14,33,40,15702.32
2024-11-15,33,36,13911.22
2024-11-16,33,38,14577.13
2024-11-17,33,23,8655.51
2024-11-18,33,39,14979.07
2024-11-19,33,50,19634.6
2024-11-20,33,48,18787.7
2024-11-21,33,41,15993.65
2024-11-22,33,41,15420.26
2024-11-23,33,44,16908.99
2024-11-24,33,22,8386.91
2024-11-25,33,45,16816.34
2024-11-26,33,44,16430.34
2024-11-27,33,59,22163.46
2024-11-28,33,50,18891.88
2024-11-29,33,39,14827.85
2024-11-30,33,24,9433.32
2024-12-01,33,12,4534.68
2024-12-02,33,35,13511.14
2024-12-03,33,49,18574.93
2024-12-04,33,26,9817.95
2024-12-05,33,25,9731.16
2024-12-06,33,34,12857.14
2024-12-07,33,30,11354.37
2024-12-08,33,11,4260.29
2024-12-09,33,29,11270.24
2024-12-10,33,23,8677.04
2024-12-11,33,31,12040.74
2024-12-12,33,43,16359.88
2024-12-13,33,32,12287.69
2024-12-14,33,28,10571.0
2024-12-15,33,18,6854.08
2024-12-16,33,31,12254.81
2024-12-17,33,23,9020.88
2024-12-18,33,38,14680.73
2024-12-19,33,30,11313.06
2024-12-20,33,20,7802.72
2024-12-21,33,27,10316.98
2024-12-22,33,13,5033.26
2024-12-23,33,34,13102.12
2024-12-24,33,26,10308.18
2024-12-25,33,17,6684.58
2024-12-26,33,32,12264.21
2024-12-27,33,48,18602.36
2024-12-28,33,27,10227.93
2024-12-29,33,22,8546.06
2024-12-30,33,36,14289.97
2024-12-31,33,33,12902.11
2025-01-01,33,30,11722.08
2025-01-02,33,32,12308.68
2025-01-03,33,22,8509.7
2025-01-04,33,21,7957.64
2025-01-05,33,13,5021.98
2025-01-06,33,27,10673.31
2025-01-07,33,42,15834.77
2025-01-08,33,25,9387.55
2025-01-09,33,33,12357.3
2025-01-10,33,29,11448.44
2025-01-11,33,21,8270.72
2025-01-12,33,10,3851.66
2025-01-13,33,32,12527.14
2025-01-14,33,28,10887.29
2025-01-15,33,28,10841.73
2025-01-16,33,29,11163.64
2025-01-17,33,24,9044.14
2025-01-18,33,28,10723.51
2025-01-19,33,13,4966.2
2025-01-20,33,33,12504.19
2025-01-21,33,26,10229.72
2025-01-22,33,35,13800.89
2025-01-23,33,21,8335.23
2025-01-24,33,30,11558.52
2025-01-25,33,19,7449.95
2025-01-26,33,15,5857.96
2025-01-27,33,28,10763.53
2025-01-28,33,22,8661.6
2025-01-29,33,38,14450.6
2025-01-30,33,36,13689.46
2025-01-31,33,27,10377.2
2025-02-01,33,28,10969.23
2025-02-02,33,9,3469.14
2025-02-03,33,29,11494.16
2025-02-04,33,42,16149.36
2025-02-05,33,32,12651.55
2025-02-06,33,30,11682.91
2025-02-07,33,43,17088.36
2025-02-08,33,21,8044.23
2025-02-09,33,15,5689.62
2025-02-10,33,29,11541.73
2025-02-11,33,30,11889.12
2025-02-12,33,39,15341.36
2025-02-13,33,26,10033.8
2025-02-14,33,38,14483.28
2025-02-15,33,23,8741.12
2025-02-16,33,9,3406.57
2025-02-17,33,29,11252.88
2025-02-18,33,33,13038.71
2025-02-19,33,34,12874.34
2025-02-20,33,27,10241.46
2025-02-21,33,19,7500.71
2025-02-22,33,21,8086.89
2025-02-23,33,16,6152.61
2025-02-24,33,34,12875.21
2025-02-25,33,26,10096.79
2025-02-26,33,24,9377.69
2025-02-27,33,28,11052.96
2025-02-28,33,31,12266.67
2025-03-01,33,27,10359.84
2025-03-02,33,15,5781.88
2025-03-03,33,45,17434.84
2025-03-04,33,39,14976.49
2025-03-05,33,42,16093.17
2025-03-06,33,34,13032.22
2025-03-07,33,40,15779.1
2025-03-08,33,46,18194.03
2025-03-09,33,24,9561.63
2025-03-10,33,45,17696.7
2025-03-11,33,43,16363.74
2025-03-12,33,35,13316.76
2025-03-13,33,41,15887.37
2025-03-14,33,56,21220.05
2025-03-15,33,38,14951.01
2025-03-16,33,20,7669.27
2025-03-17,33,28,10995.54
2025-03-18,33,36,14389.22
2025-03-19,33,34,12876.75
2025-03-20,33,37,14692.19
2025-03-21,33,39,15010.14
2025-03-22,33,42,16510.93
2025-03-23,33,20,7918.88
2025-03-24,33,48,19042.47
2025-03-25,33,35,13609.46
2025-03-26,33,42,16427.25
2025-03-27,33,43,17093.88
2025-03-28,33,39,15366.88
2025-03-29,33,36,14215.64
2025-03-30,33,21,8340.64
2025-03-31,33,40,15836.89
2025-04-01,33,24,9481.48
2025-04-02,33,41,15820.11
2025-04-03,33,50,19833.85
2025-04-04,33,41,16179.87
2025-04-05,33,16,6347.03
2025-04-06,33,15,5908.63
2025-04-07,33,41,15858.27
2025-04-08,33,57,22610.25
2025-04-09,33,50,19593.05
2025-04-10,33,38,14872.05
2025-04-11,33,32,12581.89
2025-04-12,33,39,15244.55
2025-04-13,33,15,5762.22
2025-04-14,33,28,11040.57
2025-04-15,33,43,17034.06
2025-04-16,33,43,17147.25
2025-04-17,33,46,17487.5
2025-04-18,33,46,18118.51
2025-04-19,33,37,14124.07
2025-04-20,33,18,6872.31
2025-04-21,33,35,13333.37
2025-04-22,33,58,23233.12
2025-04-23,33,30,11875.4
2025-04-24,33,41,15717.45
2025-04-25,33,49,19166.56
2025-04-26,33,27,10545.4
2025-04-27,33,16,6361.76
2025-04-28,33,34,13344.9
2025-04-29,33,34,13217.77
2025-04-30,33,42,16384.88
2025-05-01,33,41,16212.6
2025-05-02,33,41,16298.58
2025-05-03,33,21,8376.19
2025-05-04,33,9,3438.61
2025-05-05,33,27,10343.71
2025-05-06,33,14,5450.23
2025-05-07,33,30,11707.98
2025-05-08,33,28,10834.58
2025-05-09,33,37,14092.97
2025-05-10,33,12,4580.0
2025-05-11,33,15,5807.64
2025-05-12,33,23,8767.18
2025-05-13,33,55,21064.61
2025-05-14,33,26,9864.72
2025-05-15,33,31,12485.77
2025-05-16,33,23,9217.98
2025-05-17,33,29,11601.56
2025-05-18,33,14,5412.12
2025-05-19,33,27,10334.34
2025-05-20,33,29,11164.15
2025-05-21,33,35,13536.71
2025-05-22,33,19,7360.3
2025-05-23,33,38,15145.51
2025-05-24,33,29,11629.74
2025-05-25,33,21,8153.83
2025-05-26,33,26,10216.21
2025-05-27,33,28,10637.16
2025-05-28,33,20,7857.94
2025-05-29,33,29,11495.36
2025-05-30,33,27,10800.76
2025-05-31,33,23,8958.86
2025-06-01,33,15,5734.47
2025-06-02,33,20,8027.09
2025-06-03,33,29,11525.98
2025-06-04,33,19,7296.73
2025-06-05,33,19,7319.73
2025-06-06,33,21,8462.51
2025-06-07,33,28,11058.45
2025-06-08,33,16,6396.22
2025-06-09,33,24,9363.92
2025-06-10,33,25,9541.68
2025-06-11,33,23,8946.88
2025-06-12,33,32,12501.41
2025-06-13,33,26,10104.95
2025-06-14,33,29,11692.04
2025-06-15,33,12,4779.0
2025-06-16,33,28,11254.63
2025-06-17,33,32,12775.19
2025-06-18,33,36,13892.7
2025-06-19,33,35,14005.45
2025-06-20,33,16,6196.6
2025-06-21,33,19,7415.1
2025-06-22,33,6,2358.24
2025-06-23,33,32,12851.18
2025-06-24,33,22,8842.89
2025-06-25,33,25,9785.2
2025-06-26,33,28,10705.87
2025-06-27,33,13,5151.44
2025-06-28,33,24,9213.02
2025-06-29,33,12,4663.56
2025-06-30,33,27,10520.38
2025-07-01,33,17,6871.92
2025-07-02,33,22,8881.93
2025-07-03,33,39,14941.71
2025-07-04,33,35,14047.65
2025-07-05,33,13,5225.17
2025-07-06,33,15,5893.14
2025-07-07,33,28,10877.95
2025-07-08,33,31,11967.97
2025-07-09,33,31,12164.13
2025-07-10,33,25,9993.53
2025-07-11,33,27,10606.51
2025-07-12,33,18,7184.34
2025-07-13,33,9,3501.85
2025-07-14,33,37,14486.58
2025-07-15,33,31,11928.98
2025-07-16,33,21,8102.83
2025-07-17,33,25,9792.59
2025-07-18,33,28,10884.1
2025-07-19,33,26,10479.92
2025-07-20,33,17,6811.52
2025-07-21,33,24,9630.65
2025-07-22,33,37,14815.2
2025-07-23,33,34,12998.19
2025-07-24,33,25,9765.49
2025-07-25,33,21,8318.19
2025-07-26,33,18,6909.11
2025-07-27,33,19,7526.96
2025-07-28,33,33,13355.99
2025-07-29,33,34,13612.22
2025-07-30,33,37,14343.14
2025-07-31,33,23,9048.58
2025-08-01,33,26,10509.25
2025-08-02,33,31,12370.27
2025-08-03,33,6,2431.48
2025-08-04,33,31,12581.28
2025-08-05,33,41,16364.14
2025-08-06,33,30,11513.45
2025-08-07,33,35,13560.04
2025-08-08,33,35,13492.73
2025-08-09,33,23,9343.12
2025-08-10,33,18,7265.9
2025-08-11,33,40,16034.43
2025-08-12,33,31,12302.86
2025-08-13,33,20,7810.95
2025-08-14,33,26,10337.72
2025-08-15,33,29,11774.51
2025-08-16,33,24,9263.79
2025-08-17,33,23,8955.13
2025-08-18,33,40,15851.88
2025-08-19,33,26,10485.08
2025-08-20,33,27,10678.32
2025-08-21,33,39,15393.11
2025-08-22,33,31,11892.38
2025-08-23,33,25,9759.78
2025-08-24,33,20,7677.78
2025-08-25,33,39,15067.98
2025-08-26,33,25,9734.27
2025-08-27,33,26,10136.12
2025-08-28,33,22,8527.03
2025-08-29,33,23,9065.01
2025-08-30,33,25,9592.29
2025-08-31,33,14,5527.15
2025-09-01,33,91,35625.19
2025-09-02,33,50,20268.75
2025-09-03,33,35,14081.47
2025-09-04,33,60,23985.58
2025-09-05,33,30,11868.29
2025-09-06,33,38,14760.57
2025-09-07,33,19,7530.53
2025-09-08,33,60,23037.61
2025-09-09,33,43,17080.93
2025-09-10,33,28,11337.82
2025-09-11,33,45,17611.55
2025-09-12,33,43,16579.18
2025-09-13,33,26,10159.72
2025-09-14,33,21,8195.27
2025-09-15,33,38,15326.86
2025-09-16,33,47,18286.82
2025-09-17,33,46,17877.16
2025-09-18,33,50,19397.8
2025-09-19,33,29,11546.17
2025-09-20,33,28,11052.28
2025-09-21,33,27,10715.29
2025-09-22,33,32,12459.7
2025-09-23,33,36,14277.37
2025-09-24,33,43,17234.22
2025-09-25,33,24,9687.1
2025-09-26,33,54,20832.55
2025-09-27,33,27,10870.74
2025-09-28,33,25,9851.15
2025-09-29,33,54,21677.07
2025-09-30,33,38,15108.87
2025-10-01,33,58,23105.56
2025-10-02,33,34,13675.44
2025-10-03,33,65,25495.57
2025-10-04,33,57,23115.54
2025-10-05,33,25,9630.72
2025-10-06,33,47,18924.5
2025-10-07,33,38,15432.62
2025-10-08,33,35,14112.79
2025-10-09,33,50,19973.25
2025-10-10,33,35,14279.74
2025-10-11,33,38,15361.37
2025-10-12,33,20,7959.81
2025-10-13,33,58,23014.18
2025-10-14,33,52,20621.28
2025-10-15,33,45,17997.68
2025-10-16,33,48,19200.46
2025-10-17,33,56,22778.76
2025-10-18,33,38,14699.03
2025-10-19,33,28,11448.67
2025-10-20,33,51,20118.41
2025-10-21,33,46,18800.24
2025-10-22,33,40,15519.03
2025-10-23,33,44,17155.46
2025-10-24,33,36,14145.29
2025-10-25,33,43,17524.41
2025-10-26,33,18,7056.18
2025-10-27,33,57,23068.83
2025-10-28,33,40,15699.5
2025-10-29,33,48,19453.35
2025-10-30,33,42,17066.95
2025-10-31,33,54,22006.67
2025-11-01,33,53,20942.52
2025-11-02,33,18,7180.88
2025-11-03,33,44,17073.22
2025-11-04,33,42,16613.56
2025-11-05,33,46,17915.87
2025-11-06,33,39,15737.25
2025-11-07,33,56,22598.5
2025-11-08,33,35,13629.91
2025-11-09,33,24,9633.14
2025-11-10,33,46,17906.67
2025-11-11,33,48,19568.47
2025-11-12,33,50,19355.78
2025-11-13,33,46,17805.19
2025-11-14,33,49,19360.15
2025-11-15,33,43,17540.85
2025-11-16,33,21,8169.95
2025-11-17,33,42,17102.03
2025-11-18,33,35,13569.63
2025-11-19,33,59,23837.2
2025-11-20,33,45,18455.81
2025-11-21,33,34,13491.83
2025-11-22,33,26,10140.35
2025-11-23,33,11,4316.95
2025-11-24,33,38,15269.35
2025-11-25,33,50,20530.59
2025-11-26,33,43,16880.16
2025-11-27,33,42,16683.24
2025-11-28,33,46,18655.82
2025-11-29,33,38,14786.58
2025-11-30,33,17,6595.89
2025-12-01,33,37,14417.62
2025-12-02,33,30,11879.1
2025-12-03,33,27,10976.75
2025-12-04,33,30,12079.78
2025-12-05,33,36,14212.05
2025-12-06,33,22,8685.22
2025-12-07,33,14,5752.97
2025-12-08,33,29,11709.42
2025-12-09,33,32,12823.75
2025-12-10,33,42,16397.37
2025-12-11,33,34,13416.65
2025-12-12,33,38,15580.65
2025-12-13,33,25,10123.71
2025-12-14,33,21,8150.44
2025-12-15,33,41,16730.47
2025-12-16,33,24,9655.1
2025-12-17,33,41,16287.13
2025-12-18,33,32,12631.97
2025-12-19,33,33,13471.51
2025-12-20,33,24,9877.2
2025-12-21,33,16,6530.62
2025-12-22,33,49,19849.5
2025-12-23,33,25,10141.59
2025-12-24,33,31,12353.72
2025-12-25,33,25,10139.05
2025-12-26,33,34,13368.75
2025-12-27,33,28,11206.64
2025-12-28,33,18,7143.74
2025-12-29,33,36,14489.73
2025-12-30,33,34,13271.31
2025-12-31,33,44,17130.66
2026-01-01,33,27,10585.84
2026-01-02,33,40,15876.11
2026-01-03,33,23,9481.86
2026-01-04,33,10,3999.91
2026-01-05,33,33,13279.71
2026-01-06,33,25,9843.48
2026-01-07,33,30,12096.38
2026-01-08,33,25,10072.32
2026-01-09,33,28,11271.32
2026-01-10,33,22,9032.88
2026-01-11,33,20,7815.98
2026-01-12,33,28,11330.15
2026-01-13,33,31,12716.28
2026-01-14,33,31,12337.89
2026-01-15,33,31,12083.27
2026-01-16,33,28,11011.79
2026-01-17,33,31,12648.79
2026-01-18,33,12,4682.87
2026-01-19,33,22,9063.93
2026-01-20,33,47,19259.19
2026-01-21,33,26,10554.3
2026-01-22,33,30,11856.56
2026-01-23,33,33,13292.74
2026-01-24,33,30,11733.47
2026-01-25,33,15,6042.15
2026-01-26,33,29,11519.46
2026-01-27,33,40,16465.86
2026-01-28,33,39,15516.37
2026-01-29,33,33,12911.95
2026-01-30,33,31,12239.6
2026-01-31,33,42,17053.92
2026-02-01,33,9,3712.17
2026-02-02,33,32,12879.28
2026-02-03,33,17,6722.31
2026-02-04,33,33,13512.65
2026-02-05,33,40,16405.61
2026-02-06,33,31,12448.68
2026-02-07,33,21,8400.46
2026-02-08,33,27,11016.76
2026-02-09,33,32,12544.74
2026-02-10,33,28,11352.36
2026-02-11,33,38,14817.83
2026-02-12,33,27,10569.76
2026-02-13,33,30,12016.54
2026-02-14,33,31,12491.66
2026-02-15,33,22,8840.18
2026-02-16,33,45,17716.31
2026-02-17,33,32,12745.08
2026-02-18,33,26,10178.61
2026-02-19,33,34,13869.24
2026-02-20,33,33,12962.6
2026-02-21,33,30,11964.79
2026-02-22,33,19,7842.16
2026-02-23,33,28,11233.33
2026-02-24,33,36,14122.37
2026-02-25,33,38,15534.71
2026-02-26,33,35,14414.57
2026-02-27,33,32,12620.7
2026-02-28,33,23,9428.64
2026-03-01,33,14,5747.3
2026-03-02,33,41,16990.44
2026-03-03,33,42,17053.56
2026-03-04,33,37,14643.34
2026-03-05,33,53,21618.1
2026-03-06,33,45,17707.87
2026-03-07,33,34,13345.01
2026-03-08,33,15,5953.02
2026-03-09,33,53,21082.25
2026-03-10,33,44,17604.29
2026-03-11,33,47,19115.66
2026-03-12,33,41,16673.67
2026-03-13,33,45,18268.83
2026-03-14,33,28,10965.73
2026-03-15,33,21,8639.9
2026-03-16,33,49,19587.18
2026-03-17,33,45,18254.81
2026-03-18,33,39,16157.29
2026-03-19,33,56,22514.6
2026-03-20,33,46,18618.26
2026-03-21,33,35,13718.71
2026-03-22,33,22,8951.14
2026-03-23,33,38,15588.21
2026-03-24,33,52,20722.8
2026-03-25,33,47,19365.37
2026-03-26,33,55,22805.81
2026-03-27,33,44,17359.06
2026-03-28,33,35,14340.91
2026-03-29,33,21,8612.57
2026-03-30,33,47,19112.76
2026-03-31,33,38,15021.12
2026-04-01,33,42,16739.68
2026-04-02,33,38,15735.14
2026-04-03,33,60,24128.48
2026-04-04,33,49,20066.52
2026-04-05,33,23,9307.11
2026-04-06,33,42,16832.12
2026-04-07,33,34,13717.05
2026-04-08,33,46,18678.91
2026-04-09,33,45,18495.61
2026-04-10,33,45,18435.17
2026-04-11,33,39,15708.97
2026-04-12,33,16,6537.93
2026-04-13,33,39,15398.25
2026-04-14,33,62,25528.95
2026-04-15,33,56,22086.99
2026-04-16,33,55,22097.54
2026-04-17,33,57,23150.85
2026-04-18,33,41,16178.59
2026-04-19,33,25,10169.87
2026-04-20,33,42,17038.65
2026-04-21,33,49,19648.44
2026-04-22,33,52,21614.85
2026-04-23,33,50,20296.46
2026-04-24,33,48,18905.26
2026-04-25,33,28,11620.05
2026-04-26,33,19,7743.7
2026-04-27,33,60,24210.03
2026-04-28,33,72,29427.55
2026-04-29,33,55,22272.22
2026-04-30,33,45,17747.66
2026-05-01,33,23,9289.81
2026-05-02,33,34,13672.37
2026-05-03,33,13,5234.47
2026-05-04,33,40,15914.54
2026-05-05,33,20,8073.11
2026-05-06,33,31,12202.15
2026-05-07,33,40,16534.72
2026-05-08,33,34,14180.94
2026-05-09,33,32,12623.32
2026-05-10,33,19,7888.45
2026-05-11,33,52,20598.7
2026-05-12,33,27,10913.14
2026-05-13,33,33,13210.75
2026-05-14,33,42,17386.87
2026-05-15,33,30,12268.46
2026-05-16,33,35,13951.32
2026-05-17,33,11,4528.54
2026-05-18,33,33,13009.04
2026-05-19,33,44,17748.37
2026-05-20,33,33,13173.99
2026-05-21,33,36,14286.09
2026-05-22,33,50,20117.4
2026-05-23,33,31,12806.96
2026-05-24,33,6,2426.65
2026-05-25,33,30,12118.52
2026-05-26,33,28,11228.56
2026-05-27,33,27,10991.83
2026-05-28,33,46,18908.9
2026-05-29,33,41,16394.95
2026-05-30,33,29,11728.6
2026-05-31,33,8,3187.9
2026-06-01,33,40,16453.76
2026-06-02,33,19,7742.95
2026-06-03,33,26,10763.41
2026-06-04,33,36,14512.35
2026-06-05,33,25,9956.0
2026-06-06,33,20,8041.37
2026-06-07,33,17,7015.64
2026-06-08,33,28,11483.52
2026-06-09,33,29,11538.78
2026-06-10,33,29,12122.22
2026-06-11,33,20,8081.96
2026-06-12,33,27,11103.28
2026-06-13,33,30,12158.34
2026-06-14,33,12,4834.86
2026-06-15,33,11,4570.98
2026-06-16,33,26,10367.59
2026-06-17,33,30,12541.57
2026-06-18,33,29,11986.98
2026-06-19,33,30,11855.13
2026-06-20,33,16,6492.8
2026-06-21,33,8,3285.76
2026-06-22,33,24,9992.09
2026-06-23,33,42,16941.17
2026-06-24,33,24,9690.88
2026-06-25,33,17,7109.36
2026-06-26,33,17,6932.65
2026-06-27,33,24,9769.52
2026-06-28,33,15,5986.94
2026-06-29,33,33,13611.11
2026-06-30,33,28,11669.89
2026-07-01,33,30,12262.28
2026-07-02,33,27,10748.6
2026-07-03,33,30,12100.2
2026-07-04,33,18,7518.1
2026-07-05,33,20,7983.66
2026-07-06,33,28,11386.28
2026-07-07,33,29,11630.92
2026-07-08,33,37,15495.42
2026-07-09,33,25,10134.95
2026-07-10,33,21,8649.51
2026-07-11,33,21,8657.5
2026-07-12,33,11,4403.15
2026-07-13,33,40,16597.66
2026-07-14,33,31,12969.21
2026-07-15,33,20,8271.97
2026-07-16,33,21,8763.2
2026-07-17,33,33,13606.28
2026-07-18,33,14,5824.55
2026-07-19,33,13,5302.23
2026-07-20,33,29,12101.33
2026-07-21,33,20,8359.43
2026-07-22,33,34,14132.32
2026-07-23,33,38,15634.28
2026-07-24,33,38,15135.92
2026-07-25,33,23,9272.56
2026-07-26,33,13,5241.06
2026-07-27,33,37,14798.87
2026-07-28,33,24,10031.25
2026-07-29,33,44,17679.05
2026-07-30,33,30,11896.37
2026-07-31,33,29,11539.79
2026-08-01,33,18,7460.04
2026-08-02,33,21,8767.61
2026-08-03,33,39,15568.61
2026-08-04,33,35,14408.28
2026-08-05,33,35,14498.31
2026-08-06,33,27,10874.02
2026-08-07,33,26,10572.93
2026-08-08,33,21,8758.17
2026-08-09,33,15,5979.96
2026-08-10,33,22,8835.54
2026-08-11,33,28,11304.44
2026-08-12,33,28,11290.95
2026-08-13,33,41,16491.44
2026-08-14,33,34,14323.96
2026-08-15,33,29,11534.18
2026-08-16,33,15,6049.74
2026-08-17,33,35,14047.62
2026-08-18,33,39,15778.53
2026-08-19,33,30,11980.67
2026-08-20,33,37,14899.33
2026-08-21,33,56,23192.01
2026-08-22,33,49,19842.71
2026-08-23,33,12,4989.2
2026-08-24,33,29,11637.3
2026-08-25,33,28,11636.18
2026-08-26,33,28,11498.54
2026-08-27,33,38,15432.71
2026-08-28,33,29,11757.11
2026-08-29,33,31,12994.94
2026-08-30,33,15,6043.74
2026-08-31,33,22,8888.05
2026-09-01,33,36,14720.19
2026-09-02,33,48,19343.45
2026-09-03,33,63,26332.08
2026-09-04,33,49,20350.13
2026-09-05,33,41,16874.59
2026-09-06,33,21,8548.46
2026-09-07,33,35,14720.34
2026-09-08,33,37,15114.6
2026-09-09,33,47,19528.01
2026-09-10,33,37,14918.59
2026-09-11,33,44,18365.17
2026-09-12,33,37,15015.41
2026-09-13,33,24,9862.22
2026-09-14,33,50,20904.41
2026-09-15,33,40,16096.42
2026-09-16,33,33,13605.25
2026-09-17,33,37,15254.87
2026-09-18,33,35,14003.74
2026-09-19,33,35,14701.41
2026-09-20,33,17,7179.81
2026-09-21,33,46,19156.04
2026-09-22,33,53,21377.31
2026-09-23,33,52,20960.12
2026-09-24,33,44,18107.09
2026-09-25,33,55,22980.73
2026-09-26,33,35,14452.06
2026-09-27,33,16,6747.6
2026-09-28,33,32,12830.41
2026-09-29,33,38,15335.13
2026-09-30,33,31,12850.48
2023-10-01,34,21,1692.29
2023-10-02,34,38,3129.9
2023-10-03,34,46,3688.86
2023-10-04,34,47,3873.28
2023-10-05,34,58,4610.29
2023-10-06,34,41,3396.79
2023-10-07,34,40,3147.55
2023-10-08,34,17,1349.26
2023-10-09,34,29,2350.93
2023-10-10,34,31,2567.38
2023-10-11,34,47,3728.26
2023-10-12,34,36,2844.76
2023-10-13,34,47,3823.0
2023-10-14,34,38,3140.23
2023-10-15,34,21,1752.96
2023-10-16,34,26,2077.14
2023-10-17,34,31,2505.76
2023-10-18,34,50,3985.75
2023-10-19,34,33,2626.12
2023-10-20,34,34,2731.96
2023-10-21,34,24,1892.86
2023-10-22,34,14,1118.34
2023-10-23,34,31,2555.88
2023-10-24,34,22,1785.73
2023-10-25,34,46,3770.85
2023-10-26,34,33,2608.96
2023-10-27,34,31,2532.49
2023-10-28,34,38,3148.22
2023-10-29,34,19,1554.1
2023-10-30,34,40,3235.06
2023-10-31,34,52,4156.5
2023-11-01,34,31,2470.87
2023-11-02,34,35,2929.33
2023-11-03,34,54,4347.93
2023-11-04,34,36,2840.95
2023-11-05,34,18,1496.29
2023-11-06,34,33,2616.66
2023-11-07,34,37,2989.39
2023-11-08,34,36,2848.17
2023-11-09,34,38,3099.58
2023-11-10,34,36,2855.5
2023-11-11,34,26,2123.04
2023-11-12,34,16,1303.55
2023-11-13,34,37,3021.0
2023-11-14,34,28,2299.58
2023-11-15,34,27,2150.48
2023-11-16,34,29,2348.65
2023-11-17,34,44,3562.62
2023-11-18,34,36,2920.36
2023-11-19,34,20,1617.65
2023-11-20,34,37,2970.3
2023-11-21,34,34,2790.69
2023-11-22,34,29,2318.4
2023-11-23,34,36,2992.31
2023-11-24,34,41,3361.74
2023-11-25,34,34,2833.58
2023-11-26,34,28,2299.27
2023-11-27,34,30,2480.02
2023-11-28,34,53,4427.27
2023-11-29,34,30,2486.03
2023-11-30,34,33,2616.14
2023-12-01,34,32,2654.48
2023-12-02,34,22,1741.33
2023-12-03,34,22,1744.12
2023-12-04,34,25,2059.57
2023-12-05,34,31,2496.58
2023-12-06,34,36,2980.22
2023-12-07,34,32,2541.28
2023-12-08,34,41,3437.8
2023-12-09,34,20,1643.77
2023-12-10,34,9,740.9
2023-12-11,34,51,4260.58
2023-12-12,34,31,2586.2
2023-12-13,34,27,2177.65
2023-12-14,34,26,2101.39
2023-12-15,34,34,2803.88
2023-12-16,34,19,1532.22
2023-12-17,34,11,917.93
2023-12-18,34,30,2477.44
2023-12-19,34,24,1930.19
2023-12-20,34,26,2186.08
2023-12-21,34,24,1972.62
2023-12-22,34,36,2989.3
2023-12-23,34,29,2394.19
2023-12-24,34,23,1829.38
2023-12-25,34,21,1681.92
2023-12-26,34,26,2093.05
2023-12-27,34,22,1838.3
2023-12-28,34,20,1599.47
2023-12-29,34,33,2629.58
2023-12-30,34,30,2501.6
2023-12-31,34,9,715.27
2024-01-01,34,23,1847.46
2024-01-02,34,13,1085.74
2024-01-03,34,27,2274.83
2024-01-04,34,34,2811.94
2024-01-05,34,32,2560.64
2024-01-06,34,29,2317.54
2024-01-07,34,8,647.91
2024-01-08,34,33,2750.36
2024-01-09,34,23,1892.32
2024-01-10,34,27,2224.37
2024-01-11,34,27,2243.44
2024-01-12,34,23,1887.41
2024-01-13,34,19,1578.92
2024-01-14,34,13,1056.88
2024-01-15,34,27,2212.54
2024-01-16,34,25,1992.28
2024-01-17,34,33,2658.79
2024-01-18,34,26,2159.6
2024-01-19,34,24,2022.32
2024-01-20,34,21,1695.58
2024-01-21,34,9,727.33
2024-01-22,34,37,2965.79
2024-01-23,34,25,2077.89
2024-01-24,34,36,2899.12
2024-01-25,34,30,2421.72
2024-01-26,34,27,2226.92
2024-01-27,34,18,1515.49
2024-01-28,34,14,1123.98
2024-01-29,34,22,1847.12
2024-01-30,34,27,2154.25
2024-01-31,34,21,1705.58
2024-02-01,34,18,1456.48
2024-02-02,34,30,2484.4
2024-02-03,34,28,2358.9
2024-02-04,34,18,1434.35
2024-02-05,34,22,1793.84
2024-02-06,34,27,2233.73
2024-02-07,34,23,1908.26
2024-02-08,34,30,2477.64
2024-02-09,34,31,2544.95
2024-02-10,34,21,1725.41
2024-02-11,34,6,501.25
2024-02-12,34,30,2467.75
2024-02-13,34,17,1389.52
2024-02-14,34,28,2357.19
2024-02-15,34,21,1689.52
2024-02-16,34,29,2333.06
2024-02-17,34,30,2459.48
2024-02-18,34,13,1060.14
2024-02-19,34,24,2019.43
2024-02-20,34,28,2287.7
2024-02-21,34,25,2084.16
2024-02-22,34,34,2837.4
2024-02-23,34,32,2667.03
2024-02-24,34,19,1550.76
2024-02-25,34,14,1156.28
2024-02-26,34,27,2234.48
2024-02-27,34,40,3377.99
2024-02-28,34,23,1878.53
2024-02-29,34,25,2049.84
2024-03-01,34,30,2423.0
2024-03-02,34,49,3968.64
2024-03-03,34,16,1332.2
2024-03-04,34,25,2016.61
2024-03-05,34,36,3021.28
2024-03-06,34,43,3477.2
2024-03-07,34,51,4155.01
2024-03-08,34,39,3234.16
2024-03-09,34,32,2614.24
2024-03-10,34,30,2534.6
2024-03-11,34,32,2683.99
2024-03-12,34,38,3056.55
2024-03-13,34,27,2244.46
2024-03-14,34,38,3123.65
2024-03-15,34,30,2492.84
2024-03-16,34,31,2497.29
2024-03-17,34,19,1524.75
2024-03-18,34,35,2932.41
2024-03-19,34,42,3545.81
2024-03-20,34,34,2778.25
2024-03-21,34,37,3083.73
2024-03-22,34,48,4026.2
2024-03-23,34,23,1923.43
2024-03-24,34,14,1123.9
2024-03-25,34,41,3322.08
2024-03-26,34,28,2273.35
2024-03-27,34,42,3486.18
2024-03-28,34,35,2931.49
2024-03-29,34,39,3236.57
2024-03-30,34,22,1769.44
2024-03-31,34,14,1130.43
2024-04-01,34,47,3920.97
2024-04-02,34,41,3377.32
2024-04-03,34,32,2663.55
2024-04-04,34,33,2654.37
2024-04-05,34,39,3214.89
2024-04-06,34,27,2236.29
2024-04-07,34,14,1177.59
2024-04-08,34,39,3320.56
2024-04-09,34,33,2760.26
2024-04-10,34,26,2154.3
2024-04-11,34,31,2543.83
2024-04-12,34,47,3944.37
2024-04-13,34,42,3483.18
2024-04-14,34,16,1322.48
2024-04-15,34,35,2841.17
2024-04-16,34,35,2940.73
2024-04-17,34,36,2944.36
2024-04-18,34,36,2998.47
2024-04-19,34,31,2619.88
2024-04-20,34,31,2620.04
2024-04-21,34,21,1779.6
2024-04-22,34,46,3705.96
2024-04-23,34,35,2878.91
2024-04-24,34,36,2893.37
2024-04-25,34,33,2745.13
2024-04-26,34,45,3730.19
2024-04-27,34,28,2310.69
2024-04-28,34,23,1902.56
2024-04-29,34,51,4239.57
2024-04-30,34,46,3918.57
2024-05-01,34,34,2886.74
2024-05-02,34,33,2697.99
2024-05-03,34,33,2717.81
2024-05-04,34,23,1868.63
2024-05-05,34,12,1000.0
2024-05-06,34,23,1862.02
2024-05-07,34,29,2365.47
2024-05-08,34,29,2348.16
2024-05-09,34,29,2457.13
2024-05-10,34,25,2095.66
2024-05-11,34,21,1691.38
2024-05-12,34,13,1093.33
2024-05-13,34,37,3007.99
2024-05-14,34,45,3649.37
2024-05-15,34,25,2054.08
2024-05-16,34,28,2383.14
2024-05-17,34,31,2521.59
2024-05-18,34,16,1337.68
2024-05-19,34,11,919.67
2024-05-20,34,23,1853.21
2024-05-21,34,20,1654.78
2024-05-22,34,50,4029.78
2024-05-23,34,31,2642.9
2024-05-24,34,27,2285.9
2024-05-25,34,35,2979.97
2024-05-26,34,11,938.66
2024-05-27,34,19,1564.65
2024-05-28,34,20,1627.4
2024-05-29,34,32,2593.81
2024-05-30,34,32,2624.72
2024-05-31,34,22,1838.15
2024-06-01,34,27,2181.61
2024-06-02,34,11,930.92
2024-06-03,34,23,1925.08
2024-06-04,34,21,1796.81
2024-06-05,34,28,2334.57
2024-06-06,34,32,2660.8
2024-06-07,34,33,2826.04
2024-06-08,34,19,1627.77
2024-06-09,34,14,1172.99
2024-06-10,34,27,2257.04
2024-06-11,34,28,2275.28
2024-06-12,34,25,2107.81
2024-06-13,34,18,1457.05
2024-06-14,34,20,1697.86
2024-06-15,34,15,1222.69
2024-06-16,34,13,1089.81
2024-06-17,34,32,2641.88
2024-06-18,34,14,1153.54
2024-06-19,34,34,2874.86
2024-06-20,34,30,2488.76
2024-06-21,34,25,2044.88
2024-06-22,34,24,2001.95
2024-06-23,34,19,1620.87
2024-06-24,34,21,1756.18
2024-06-25,34,31,2603.15
2024-06-26,34,26,2177.87
2024-06-27,34,17,1386.46
2024-06-28,34,28,2394.21
2024-06-29,34,22,1886.71
2024-06-30,34,11,931.65
2024-07-01,34,25,2119.54
2024-07-02,34,26,2189.88
2024-07-03,34,35,2960.68
2024-07-04,34,32,2622.13
2024-07-05,34,21,1705.13
2024-07-06,34,29,2377.09
2024-07-07,34,14,1180.08
2024-07-08,34,33,2679.99
2024-07-09,34,21,1765.95
2024-07-10,34,17,1420.75
2024-07-11,34,31,2512.59
2024-07-12,34,26,2154.83
2024-07-13,34,17,1389.21
2024-07-14,34,15,1268.21
2024-07-15,34,21,1795.25
2024-07-16,34,34,2790.49
2024-07-17,34,32,2718.1
2024-07-18,34,30,2496.12
2024-07-19,34,27,2307.2
2024-07-20,34,10,836.09
2024-07-21,34,17,1432.43
2024-07-22,34,19,1580.4
2024-07-23,34,31,2608.7
2024-07-24,34,20,1634.94
2024-07-25,34,21,1750.63
2024-07-26,34,33,2819.87
2024-07-27,34,23,1964.13
2024-07-28,34,9,764.95
2024-07-29,34,35,2872.8
2024-07-30,34,30,2448.95
2024-07-31,34,28,2406.68
2024-08-01,34,28,2393.11
2024-08-02,34,43,3600.62
2024-08-03,34,26,2201.4
2024-08-04,34,13,1104.53
2024-08-05,34,39,3328.36
2024-08-06,34,33,2733.66
2024-08-07,34,36,3068.63
2024-08-08,34,42,3612.95
2024-08-09,34,22,1881.16
2024-08-10,34,23,1900.14
2024-08-11,34,22,1870.8
2024-08-12,34,32,2672.75
2024-08-13,34,31,2614.67
2024-08-14,34,24,2054.04
2024-08-15,34,40,3434.28
2024-08-16,34,36,2980.86
2024-08-17,34,26,2187.67
2024-08-18,34,16,1344.35
2024-08-19,34,38,3273.85
2024-08-20,34,38,3136.05
2024-08-21,34,41,3403.65
2024-08-22,34,21,1744.82
2024-08-23,34,20,1663.0
2024-08-24,34,25,2142.96
2024-08-25,34,7,602.86
2024-08-26,34,24,1979.79
2024-08-27,34,25,2095.8
2024-08-28,34,37,3128.95
2024-08-29,34,24,1984.59
2024-08-30,34,26,2178.38
2024-08-31,34,15,1227.07
2024-09-01,34,13,1123.51
2024-09-02,34,27,2334.61
2024-09-03,34,50,4191.4
2024-09-04,34,53,4421.98
2024-09-05,34,42,3611.89
2024-09-06,34,39,3253.37
2024-09-07,34,30,2511.07
2024-09-08,34,10,827.51
2024-09-09,34,29,2449.59
2024-09-10,34,32,2689.79
2024-09-11,34,47,3861.85
2024-09-12,34,41,3345.51
2024-09-13,34,45,3743.16
2024-09-14,34,38,3240.54
2024-09-15,34,15,1263.67
2024-09-16,34,34,2881.35
2024-09-17,34,49,4035.57
2024-09-18,34,34,2909.17
2024-09-19,34,37,3133.18
2024-09-20,34,29,2396.18
2024-09-21,34,27,2277.18
2024-09-22,34,14,1173.38
2024-09-23,34,34,2913.8
2024-09-24,34,27,2338.45
2024-09-25,34,46,3881.3
2024-09-26,34,28,2325.69
2024-09-27,34,40,3360.85
2024-09-28,34,25,2129.8
2024-09-29,34,21,1742.04
2024-09-30,34,27,2279.65
2024-10-01,34,47,3948.64
2024-10-02,34,50,4307.53
2024-10-03,34,44,3637.08
2024-10-04,34,49,4023.69
2024-10-05,34,38,3275.56
2024-10-06,34,26,2203.81
2024-10-07,34,29,2441.41
2024-10-08,34,72,6060.61
2024-10-09,34,40,3388.46
2024-10-10,34,49,4144.04
2024-10-11,34,39,3190.75
2024-10-12,34,47,3998.8
2024-10-13,34,19,1650.35
2024-10-14,34,67,5482.86
2024-10-15,34,35,2980.74
2024-10-16,34,40,3380.2
2024-10-17,34,32,2722.96
2024-10-18,34,51,4177.5
2024-10-19,34,31,2541.35
2024-10-20,34,23,1978.85
2024-10-21,34,45,3849.28
2024-10-22,34,32,2708.07
2024-10-23,34,33,2739.9
2024-10-24,34,58,4903.01
2024-10-25,34,49,4052.14
2024-10-26,34,35,3000.98
2024-10-27,34,23,1983.24
2024-10-28,34,31,2542.8
2024-10-29,34,52,4450.96
2024-10-30,34,56,4644.34
2024-10-31,34,33,2796.17
2024-11-01,34,43,3603.1
2024-11-02,34,30,2566.61
2024-11-03,34,16,1369.22
2024-11-04,34,36,3122.58
2024-11-05,34,48,4146.8
2024-11-06,34,41,3445.28
2024-11-07,34,40,3373.49
2024-11-08,34,50,4225.79
2024-11-09,34,34,2874.31
2024-11-10,34,22,1893.82
2024-11-11,34,40,3403.68
2024-11-12,34,46,3792.15
2024-11-13,34,35,2927.4
2024-11-14,34,43,3658.92
2024-11-15,34,38,3152.69
2024-11-16,34,39,3219.78
2024-11-17,34,29,2469.77
2024-11-18,34,31,2678.46
2024-11-19,34,50,4170.58
2024-11-20,34,26,2193.62
2024-11-21,34,32,2790.79
2024-11-22,34,34,2927.11
2024-11-23,34,44,3775.12
2024-11-24,34,15,1290.99
2024-11-25,34,43,3540.52
2024-11-26,34,27,2312.74
2024-11-27,34,23,1984.54
2024-11-28,34,24,1974.8
2024-11-29,34,40,3373.26
2024-11-30,34,26,2205.89
2024-12-01,34,25,2119.14
2024-12-02,34,26,2261.67
2024-12-03,34,38,3271.45
2024-12-04,34,37,3192.15
2024-12-05,34,30,2550.8
2024-12-06,34,32,2774.96
2024-12-07,34,16,1337.75
2024-12-08,34,13,1119.94
2024-12-09,34,27,2336.86
2024-12-10,34,29,2398.88
2024-12-11,34,15,1256.96
2024-12-12,34,33,2837.0
2024-12-13,34,37,3201.29
2024-12-14,34,27,2359.58
2024-12-15,34,12,1016.65
2024-12-16,34,25,2176.29
2024-12-17,34,36,3100.94
2024-12-18,34,54,4454.43
2024-12-19,34,27,2307.71
2024-12-20,34,20,1685.21
2024-12-21,34,17,1479.29
2024-12-22,34,11,919.3
2024-12-23,34,32,2741.77
2024-12-24,34,22,1886.95
2024-12-25,34,29,2418.96
2024-12-26,34,21,1794.78
2024-12-27,34,29,2534.15
2024-12-28,34,19,1650.7
2024-12-29,34,15,1252.03
2024-12-30,34,32,2650.94
2024-12-31,34,36,3082.17
2025-01-01,34,26,2172.47
2025-01-02,34,18,1556.93
2025-01-03,34,33,2865.31
2025-01-04,34,26,2154.97
2025-01-05,34,9,761.48
2025-01-06,34,25,2099.95
2025-01-07,34,31,2566.65
2025-01-08,34,20,1710.35
2025-01-09,34,17,1478.18
2025-01-10,34,28,2393.19
2025-01-11,34,18,1560.44
2025-01-12,34,12,1034.82
2025-01-13,34,27,2366.1
2025-01-14,34,33,2886.07
2025-01-15,34,26,2190.26
2025-01-16,34,25,2098.78
2025-01-17,34,22,1880.72
2025-01-18,34,19,1616.21
2025-01-19,34,8,683.95
2025-01-20,34,42,3537.69
2025-01-21,34,30,2549.95
2025-01-22,34,30,2481.29
2025-01-23,34,21,1779.47
2025-01-24,34,38,3235.36
2025-01-25,34,26,2210.44
2025-01-26,34,16,1339.64
2025-01-27,34,19,1602.47
2025-01-28,34,17,1464.5
2025-01-29,34,31,2686.14
2025-01-30,34,22,1860.9
2025-01-31,34,26,2280.89
2025-02-01,34,21,1816.85
2025-02-02,34,9,754.05
2025-02-03,34,33,2750.69
2025-02-04,34,27,2368.11
2025-02-05,34,32,2699.01
2025-02-06,34,31,2587.36
2025-02-07,34,34,2900.15
2025-02-08,34,25,2137.67
2025-02-09,34,12,1009.74
2025-02-10,34,35,2927.99
2025-02-11,34,24,1999.4
2025-02-12,34,31,2575.13
2025-02-13,34,26,2268.92
2025-02-14,34,33,2798.52
2025-02-15,34,38,3297.47
2025-02-16,34,10,855.09
2025-02-17,34,27,2371.46
2025-02-18,34,34,2984.56
2025-02-19,34,31,2609.91
2025-02-20,34,24,2078.66
2025-02-21,34,23,2005.28
2025-02-22,34,24,2017.81
2025-02-23,34,15,1271.84
2025-02-24,34,32,2752.54
2025-02-25,34,33,2885.05
2025-02-26,34,19,1667.68
2025-02-27,34,21,1822.72
2025-02-28,34,25,2111.71
2025-03-01,34,36,3006.66
2025-03-02,34,12,1009.84
2025-03-03,34,43,3580.84
2025-03-04,34,47,4072.09
2025-03-05,34,37,3238.69
2025-03-06,34,34,2887.7
2025-03-07,34,35,2989.32
2025-03-08,34,38,3193.41
2025-03-09,34,16,1408.31
2025-03-10,34,40,3415.4
2025-03-11,34,26,2219.21
2025-03-12,34,40,3513.8
2025-03-13,34,36,3170.9
2025-03-14,34,45,3933.92
2025-03-15,34,29,2503.44
2025-03-16,34,15,1315.4
2025-03-17,34,45,3787.02
2025-03-18,34,49,4292.33
2025-03-19,34,42,3549.41
2025-03-20,34,54,4685.21
2025-03-21,34,56,4804.17
2025-03-22,34,33,2782.7
2025-03-23,34,14,1172.0
2025-03-24,34,46,3933.74
2025-03-25,34,25,2091.65
2025-03-26,34,37,3123.27
2025-03-27,34,32,2727.29
2025-03-28,34,35,2928.33
2025-03-29,34,43,3797.25
2025-03-30,34,13,1094.29
2025-03-31,34,41,3586.71
2025-04-01,34,44,3762.37
2025-04-02,34,31,2638.67
2025-04-03,34,43,3735.95
2025-04-04,34,40,3417.68
2025-04-05,34,59,4939.72
2025-04-06,34,21,1768.15
2025-04-07,34,56,4683.87
2025-04-08,34,32,2687.72
2025-04-09,34,28,2369.39
2025-04-10,34,50,4225.26
2025-04-11,34,38,3181.29
2025-04-12,34,28,2417.25
2025-04-13,34,14,1200.62
2025-04-14,34,41,3598.11
2025-04-15,34,45,3796.76
2025-04-16,34,23,1945.58
2025-04-17,34,32,2699.82
2025-04-18,34,48,4078.58
2025-04-19,34,31,2586.53
2025-04-20,34,15,1281.19
2025-04-21,34,29,2542.96
2025-04-22,34,45,3807.67
2025-04-23,34,32,2699.82
2025-04-24,34,56,4692.12
2025-04-25,34,55,4643.13
2025-04-26,34,35,2989.34
2025-04-27,34,25,2198.77
2025-04-28,34,35,3078.06
2025-04-29,34,47,4157.18
2025-04-30,34,35,2935.79
2025-05-01,34,39,3389.8
2025-05-02,34,28,2453.08
2025-05-03,34,22,1878.03
2025-05-04,34,21,1859.59
2025-05-05,34,31,2638.47
2025-05-06,34,19,1683.95
2025-05-07,34,23,1994.29
2025-05-08,34,42,3689.1
2025-05-09,34,18,1567.27
2025-05-10,34,25,2158.43
2025-05-11,34,12,1039.09
2025-05-12,34,18,1573.2
2025-05-13,34,24,2128.21
2025-05-14,34,20,1708.67
2025-05-15,34,23,1931.05
2025-05-16,34,25,2189.28
2025-05-17,34,20,1750.5
2025-05-18,34,16,1370.17
2025-05-19,34,31,2674.59
2025-05-20,34,33,2836.94
2025-05-21,34,34,2983.3
2025-05-22,34,23,1938.47
2025-05-23,34,35,3076.48
2025-05-24,34,20,1765.83
2025-05-25,34,19,1595.05
2025-05-26,34,28,2347.33
2025-05-27,34,40,3498.59
2025-05-28,34,25,2214.52
2025-05-29,34,30,2661.08
2025-05-30,34,29,2577.17
2025-05-31,34,14,1192.2
2025-06-01,34,8,698.0
2025-06-02,34,30,2611.69
2025-06-03,34,31,2685.06
2025-06-04,34,29,2493.86
2025-06-05,34,23,2040.29
2025-06-06,34,32,2734.39
2025-06-07,34,17,1489.86
2025-06-08,34,16,1399.61
2025-06-09,34,26,2312.83
2025-06-10,34,19,1622.47
2025-06-11,34,32,2772.1
2025-06-12,34,22,1905.71
2025-06-13,34,23,2000.83
2025-06-14,34,29,2541.49
2025-06-15,34,7,590.01
2025-06-16,34,23,1973.77
2025-06-17,34,26,2286.06
2025-06-18,34,29,2535.89
2025-06-19,34,41,3609.61
2025-06-20,34,20,1734.33
2025-06-21,34,29,2443.47
2025-06-22,34,7,615.32
2025-06-23,34,15,1287.3
2025-06-24,34,29,2454.61
2025-06-25,34,20,1698.73
2025-06-26,34,35,2990.81
2025-06-27,34,22,1937.12
2025-06-28,34,28,2405.62
2025-06-29,34,16,1403.72
2025-06-30,34,31,2636.23
2025-07-01,34,21,1865.46
2025-07-02,34,20,1764.09
2025-07-03,34,42,3731.96
2025-07-04,34,14,1213.73
2025-07-05,34,32,2729.18
2025-07-06,34,19,1653.48
2025-07-07,34,40,3421.7
2025-07-08,34,21,1812.88
2025-07-09,34,37,3211.06
2025-07-10,34,33,2867.27
2025-07-11,34,23,2047.37
2025-07-12,34,31,2703.9
2025-07-13,34,12,1046.8
2025-07-14,34,22,1896.32
2025-07-15,34,24,2059.86
2025-07-16,34,20,1691.43
2025-07-17,34,24,2122.46
2025-07-18,34,35,3022.92
2025-07-19,34,12,1067.26
2025-07-20,34,11,939.35
2025-07-21,34,28,2377.93
2025-07-22,34,22,1954.89
2025-07-23,34,25,2206.89
2025-07-24,34,21,1801.72
2025-07-25,34,30,2577.7
2025-07-26,34,24,2050.66
2025-07-27,34,12,1051.46
2025-07-28,34,17,1433.08
2025-07-29,34,29,2573.44
2025-07-30,34,25,2144.89
2025-07-31,34,29,2529.76
2025-08-01,34,22,1902.18
2025-08-02,34,29,2525.4
2025-08-03,34,16,1372.21
2025-08-04,34,31,2680.08
2025-08-05,34,39,3479.16
2025-08-06,34,30,2561.85
2025-08-07,34,36,3189.13
2025-08-08,34,35,2982.93
2025-08-09,34,29,2453.89
2025-08-10,34,17,1441.47
2025-08-11,34,35,3120.6
2025-08-12,34,25,2146.58
2025-08-13,34,28,2489.89
2025-08-14,34,25,2237.15
2025-08-15,34,36,3165.84
2025-08-16,34,17,1442.06
2025-08-17,34,8,698.26
2025-08-18,34,23,2047.59
2025-08-19,34,41,3472.54
2025-08-20,34,32,2753.6
2025-08-21,34,24,2117.2
2025-08-22,34,36,3178.09
2025-08-23,34,14,1208.48
2025-08-24,34,8,688.01
2025-08-25,34,24,2040.97
2025-08-26,34,28,2443.04
2025-08-27,34,25,2149.15
2025-08-28,34,45,3964.05
2025-08-29,34,28,2498.59
2025-08-30,34,16,1396.51
2025-08-31,34,15,1315.73
2025-09-01,34,53,4543.41
2025-09-02,34,31,2746.68
2025-09-03,34,29,2536.91
2025-09-04,34,32,2809.2
2025-09-05,34,26,2297.84
2025-09-06,34,44,3820.71
2025-09-07,34,14,1226.32
2025-09-08,34,63,5452.18
2025-09-09,34,42,3563.94
2025-09-10,34,40,3442.75
2025-09-11,34,45,3970.92
2025-09-12,34,32,2848.54
2025-09-13,34,30,2592.02
2025-09-14,34,20,1696.65
2025-09-15,34,43,3731.23
2025-09-16,34,26,2304.5
2025-09-17,34,38,3415.98
2025-09-18,34,53,4575.82
2025-09-19,34,46,3992.12
2025-09-20,34,37,3167.7
2025-09-21,34,13,1111.43
2025-09-22,34,47,4051.51
2025-09-23,34,46,3940.28
2025-09-24,34,43,3735.58
2025-09-25,34,35,3029.94
2025-09-26,34,40,3483.11
2025-09-27,34,33,2953.18
2025-09-28,34,20,1700.27
2025-09-29,34,37,3221.84
2025-09-30,34,37,3272.37
2025-10-01,34,42,3564.77
2025-10-02,34,52,4599.7
2025-10-03,34,38,3324.43
2025-10-04,34,38,3241.35
2025-10-05,34,23,2030.82
2025-10-06,34,44,3950.98
2025-10-07,34,55,4790.44
2025-10-08,34,89,7912.77
2025-10-09,34,48,4238.64
2025-10-10,34,53,4774.41
2025-10-11,34,35,3156.34
2025-10-12,34,27,2313.17
2025-10-13,34,41,3535.37
2025-10-14,34,53,4654.54
2025-10-15,34,49,4366.44
2025-10-16,34,44,3756.86
2025-10-17,34,46,4023.77
2025-10-18,34,25,2193.59
2025-10-19,34,23,2050.02
2025-10-20,34,49,4231.82
2025-10-21,34,80,7139.34
2025-10-22,34,43,3812.8
2025-10-23,34,40,3465.86
2025-10-24,34,57,4925.21
2025-10-25,34,64,5691.05
2025-10-26,34,36,3226.77
2025-10-27,34,57,5087.17
2025-10-28,34,40,3499.59
2025-10-29,34,24,2144.31
2025-10-30,34,50,4323.82
2025-10-31,34,39,3377.28
2025-11-01,34,29,2533.68
2025-11-02,34,19,1672.69
2025-11-03,34,48,4103.53
2025-11-04,34,41,3527.9
2025-11-05,34,31,2705.22
2025-11-06,34,32,2884.86
2025-11-07,34,45,3984.94
2025-11-08,34,61,5288.35
2025-11-09,34,24,2137.76
2025-11-10,34,43,3866.81
2025-11-11,34,40,3499.73
2025-11-12,34,43,3749.52
2025-11-13,34,40,3415.39
2025-11-14,34,54,4862.8
2025-11-15,34,20,1780.63
2025-11-16,34,21,1846.46
2025-11-17,34,59,5329.7
2025-11-18,34,40,3485.53
2025-11-19,34,49,4283.15
2025-11-20,34,40,3615.62
2025-11-21,34,57,5153.34
2025-11-22,34,34,2925.27
2025-11-23,34,20,1786.53
2025-11-24,34,53,4688.68
2025-11-25,34,46,3991.48
2025-11-26,34,41,3576.4
2025-11-27,34,27,2340.66
2025-11-28,34,50,4279.95
2025-11-29,34,43,3704.79
2025-11-30,34,18,1553.17
2025-12-01,34,35,3167.7
2025-12-02,34,30,2583.0
2025-12-03,34,27,2332.11
2025-12-04,34,33,2893.82
2025-12-05,34,23,2032.78
2025-12-06,34,12,1053.46
2025-12-07,34,17,1479.52
2025-12-08,34,35,3012.73
2025-12-09,34,38,3263.54
2025-12-10,34,38,3297.56
2025-12-11,34,24,2064.41
2025-12-12,34,25,2218.12
2025-12-13,34,34,2987.5
2025-12-14,34,32,2773.05
2025-12-15,34,37,3179.56
2025-12-16,34,37,3252.02
2025-12-17,34,43,3795.51
2025-12-18,34,34,2974.33
2025-12-19,34,26,2241.25
2025-12-20,34,24,2141.02
2025-12-21,34,14,1260.14
2025-12-22,34,37,3221.3
2025-12-23,34,24,2173.94
2025-12-24,34,29,2623.86
2025-12-25,34,61,5365.9
2025-12-26,34,35,3030.99
2025-12-27,34,23,2042.7
2025-12-28,34,16,1439.51
2025-12-29,34,39,3472.16
2025-12-30,34,28,2542.86
2025-12-31,34,45,4019.61
2026-01-01,34,35,3023.11
2026-01-02,34,28,2442.13
2026-01-03,34,31,2814.95
2026-01-04,34,20,1765.19
2026-01-05,34,35,3075.6
2026-01-06,34,25,2210.09
2026-01-07,34,32,2758.54
2026-01-08,34,28,2532.09
2026-01-09,34,26,2295.31
2026-01-10,34,21,1896.88
2026-01-11,34,14,1235.31
2026-01-12,34,33,2855.53
2026-01-13,34,19,1664.67
2026-01-14,34,30,2679.01
2026-01-15,34,34,3004.66
2026-01-16,34,28,2531.98
2026-01-17,34,28,2458.0
2026-01-18,34,18,1637.97
2026-01-19,34,33,2920.01
2026-01-20,34,32,2765.74
2026-01-21,34,28,2456.89
2026-01-22,34,22,1945.27
2026-01-23,34,26,2235.8
2026-01-24,34,30,2660.47
2026-01-25,34,16,1442.28
2026-01-26,34,34,3024.02
2026-01-27,34,30,2667.17
2026-01-28,34,36,3200.18
2026-01-29,34,25,2165.84
2026-01-30,34,23,2032.32
2026-01-31,34,25,2177.48
2026-02-01,34,12,1048.03
2026-02-02,34,40,3454.29
2026-02-03,34,25,2151.37
2026-02-04,34,38,3292.62
2026-02-05,34,32,2899.63
2026-02-06,34,35,3162.62
2026-02-07,34,35,3163.87
2026-02-08,34,15,1354.92
2026-02-09,34,45,3971.21
2026-02-10,34,36,3182.44
2026-02-11,34,39,3361.14
2026-02-12,34,31,2826.64
2026-02-13,34,33,2933.43
2026-02-14,34,26,2291.45
2026-02-15,34,25,2242.45
2026-02-16,34,30,2683.03
2026-02-17,34,34,3003.17
2026-02-18,34,32,2819.88
2026-02-19,34,22,1898.47
2026-02-20,34,35,3112.11
2026-02-21,34,29,2618.6
2026-02-22,34,17,1469.21
2026-02-23,34,30,2682.21
2026-02-24,34,30,2676.56
2026-02-25,34,21,1855.87
2026-02-26,34,34,2969.07
2026-02-27,34,28,2423.23
2026-02-28,34,30,2711.7
2026-03-01,34,25,2180.56
2026-03-02,34,39,3484.71
2026-03-03,34,47,4236.22
2026-03-04,34,34,2977.8
2026-03-05,34,49,4425.12
2026-03-06,34,49,4350.23
2026-03-07,34,38,3472.05
2026-03-08,34,33,2995.6
2026-03-09,34,53,4725.24
2026-03-10,34,49,4405.65
2026-03-11,34,65,5732.72
2026-03-12,34,37,3313.67
2026-03-13,34,42,3818.99
2026-03-14,34,41,3629.51
2026-03-15,34,12,1042.88
2026-03-16,34,37,3334.56
2026-03-17,34,48,4338.78
2026-03-18,34,41,3662.76
2026-03-19,34,48,4242.96
2026-03-20,34,37,3385.09
2026-03-21,34,30,2700.35
2026-03-22,34,22,1948.22
2026-03-23,34,46,4123.72
2026-03-24,34,36,3159.52
2026-03-25,34,40,3579.06
2026-03-26,34,36,3216.8
2026-03-27,34,42,3797.55
2026-03-28,34,35,3129.66
2026-03-29,34,11,975.38
2026-03-30,34,37,3307.31
2026-03-31,34,47,4150.27
2026-04-01,34,42,3840.03
2026-04-02,34,30,2607.63
2026-04-03,34,57,4971.1
2026-04-04,34,43,3874.41
2026-04-05,34,22,1954.24
2026-04-06,34,40,3633.04
2026-04-07,34,53,4606.08
2026-04-08,34,47,4116.59
2026-04-09,34,37,3386.0
2026-04-10,34,39,3462.35
2026-04-11,34,49,4366.07
2026-04-12,34,17,1524.4
2026-04-13,34,49,4288.97
2026-04-14,34,37,3366.64
2026-04-15,34,56,5010.86
2026-04-16,34,45,4071.08
2026-04-17,34,54,4796.97
2026-04-18,34,37,3268.0
2026-04-19,34,18,1564.78
2026-04-20,34,41,3579.02
2026-04-21,34,37,3370.1
2026-04-22,34,28,2559.44
2026-04-23,34,55,5027.95
2026-04-24,34,36,3265.65
2026-04-25,34,29,2554.63
2026-04-26,34,31,2818.04
2026-04-27,34,39,3446.03
2026-04-28,34,31,2819.31
2026-04-29,34,53,4716.94
2026-04-30,34,51,4661.73
2026-05-01,34,30,2700.59
2026-05-02,34,30,2614.75
2026-05-03,34,17,1487.62
2026-05-04,34,41,3558.37
2026-05-05,34,31,2826.64
2026-05-06,34,30,2699.43
2026-05-07,34,25,2174.53
2026-05-08,34,37,3283.36
2026-05-09,34,27,2438.89
2026-05-10,34,14,1222.56
2026-05-11,34,37,3354.57
2026-05-12,34,15,1369.48
2026-05-13,34,38,3428.16
2026-05-14,34,36,3246.35
2026-05-15,34,23,2096.03
2026-05-16,34,29,2606.95
2026-05-17,34,14,1288.19
2026-05-18,34,29,2630.74
2026-05-19,34,29,2606.78
2026-05-20,34,32,2876.82
2026-05-21,34,30,2710.94
2026-05-22,34,32,2879.86
2026-05-23,34,31,2700.24
2026-05-24,34,13,1190.27
2026-05-25,34,31,2831.42
2026-05-26,34,23,2117.09
2026-05-27,34,40,3620.83
2026-05-28,34,20,1772.3
2026-05-29,34,30,2752.7
2026-05-30,34,23,2046.6
2026-05-31,34,28,2523.65
2026-06-01,34,40,3497.41
2026-06-02,34,24,2142.7
2026-06-03,34,31,2783.08
2026-06-04,34,28,2550.39
2026-06-05,34,43,3843.3
2026-06-06,34,23,2117.17
2026-06-07,34,14,1269.76
2026-06-08,34,33,2913.82
2026-06-09,34,29,2527.84
2026-06-10,34,23,2082.19
2026-06-11,34,30,2717.28
2026-06-12,34,18,1599.65
2026-06-13,34,36,3199.55
2026-06-14,34,17,1542.36
2026-06-15,34,37,3298.11
2026-06-16,34,37,3247.24
2026-06-17,34,38,3467.83
2026-06-18,34,42,3846.65
2026-06-19,34,24,2197.78
2026-06-20,34,23,2042.26
2026-06-21,34,9,826.76
2026-06-22,34,33,2932.3
2026-06-23,34,33,2981.2
2026-06-24,34,23,2091.69
2026-06-25,34,35,3161.03
2026-06-26,34,20,1756.32
2026-06-27,34,23,2062.71
2026-06-28,34,15,1362.59
2026-06-29,34,28,2507.35
2026-06-30,34,31,2754.15
2026-07-01,34,29,2564.32
2026-07-02,34,28,2557.58
2026-07-03,34,33,2896.61
2026-07-04,34,21,1891.7
2026-07-05,34,13,1159.99
2026-07-06,34,22,1998.09
2026-07-07,34,42,3879.7
2026-07-08,34,30,2645.0
2026-07-09,34,36,3282.9
2026-07-10,34,20,1826.76
2026-07-11,34,26,2402.53
2026-07-12,34,12,1065.97
2026-07-13,34,28,2573.7
2026-07-14,34,27,2501.12
2026-07-15,34,32,2877.11
2026-07-16,34,19,1711.3
2026-07-17,34,25,2254.88
2026-07-18,34,22,2031.74
2026-07-19,34,15,1332.63
2026-07-20,34,26,2306.03
2026-07-21,34,27,2398.31
2026-07-22,34,40,3509.38
2026-07-23,34,32,2908.82
2026-07-24,34,27,2468.85
2026-07-25,34,35,3183.66
2026-07-26,34,10,884.29
2026-07-27,34,33,2967.15
2026-07-28,34,37,3374.93
2026-07-29,34,26,2393.96
2026-07-30,34,28,2592.62
2026-07-31,34,36,3252.14
2026-08-01,34,17,1518.74
2026-08-02,34,25,2247.91
2026-08-03,34,43,3880.0
2026-08-04,34,41,3672.42
2026-08-05,34,48,4414.66
2026-08-06,34,29,2541.47
2026-08-07,34,26,2367.35
2026-08-08,34,30,2744.16
2026-08-09,34,16,1459.7
2026-08-10,34,29,2693.96
2026-08-11,34,30,2679.11
2026-08-12,34,25,2260.69
2026-08-13,34,40,3697.46
2026-08-14,34,24,2201.54
2026-08-15,34,25,2305.12
2026-08-16,34,19,1667.2
2026-08-17,34,36,3219.0
2026-08-18,34,35,3088.38
2026-08-19,34,33,2985.41
2026-08-20,34,34,3087.41
2026-08-21,34,34,2986.71
2026-08-22,34,28,2524.15
2026-08-23,34,13,1185.29
2026-08-24,34,38,3403.42
2026-08-25,34,50,4645.02
2026-08-26,34,26,2406.77
2026-08-27,34,31,2800.32
2026-08-28,34,37,3408.08
2026-08-29,34,29,2662.69
2026-08-30,34,9,838.01
2026-08-31,34,31,2803.13
2026-09-01,34,47,4306.62
2026-09-02,34,42,3788.36
2026-09-03,34,59,5426.69
2026-09-04,34,51,4697.01
2026-09-05,34,42,3903.07
2026-09-06,34,27,2489.29
2026-09-07,34,46,4145.86
2026-09-08,34,27,2493.05
2026-09-09,34,49,4524.99
2026-09-10,34,35,3154.77
2026-09-11,34,45,4073.86
2026-09-12,34,49,4313.65
2026-09-13,34,18,1625.36
2026-09-14,34,34,3043.32
2026-09-15,34,50,4475.82
2026-09-16,34,43,3912.26
2026-09-17,34,48,4259.01
2026-09-18,34,66,5937.04
2026-09-19,34,35,3121.98
2026-09-20,34,20,1801.73
2026-09-21,34,42,3755.68
2026-09-22,34,52,4611.3
2026-09-23,34,44,4018.7
2026-09-24,34,54,4849.98
2026-09-25,34,39,3545.41
2026-09-26,34,41,3629.43
2026-09-27,34,24,2122.0
2026-09-28,34,46,4238.68
2026-09-29,34,43,3887.03
2026-09-30,34,59,5194.25
2023-10-01,35,8,2409.35
2023-10-02,35,11,3330.67
2023-10-03,35,16,4642.74
2023-10-04,35,20,5910.76
2023-10-05,35,13,3914.02
2023-10-06,35,11,3243.08
2023-10-07,35,13,3883.32
2023-10-08,35,3,892.82
2023-10-09,35,11,3216.24
2023-10-10,35,11,3255.58
2023-10-11,35,19,5816.78
2023-10-12,35,15,4513.64
2023-10-13,35,13,3918.93
2023-10-14,35,5,1523.86
2023-10-15,35,7,2081.24
2023-10-16,35,17,5060.94
2023-10-17,35,15,4499.1
2023-10-18,35,14,4093.83
2023-10-19,35,15,4437.09
2023-10-20,35,17,5230.81
2023-10-21,35,15,4383.71
2023-10-22,35,6,1772.14
2023-10-23,35,17,5159.69
2023-10-24,35,16,4897.16
2023-10-25,35,15,4502.85
2023-10-26,35,19,5589.24
2023-10-27,35,5,1473.79
2023-10-28,35,11,3268.42
2023-10-29,35,2,612.75
2023-10-30,35,18,5477.02
2023-10-31,35,15,4557.17
2023-11-01,35,15,4457.26
2023-11-02,35,8,2413.17
2023-11-03,35,18,5286.73
2023-11-04,35,11,3327.79
2023-11-05,35,7,2109.95
2023-11-06,35,18,5396.41
2023-11-07,35,13,3929.75
2023-11-08,35,12,3551.7
2023-11-09,35,15,4527.24
2023-11-10,35,9,2671.64
2023-11-11,35,12,3535.57
2023-11-12,35,5,1524.02
2023-11-13,35,13,3791.15
2023-11-14,35,17,5008.54
2023-11-15,35,14,4157.13
2023-11-16,35,8,2401.01
2023-11-17,35,17,5107.13
2023-11-18,35,16,4857.62
2023-11-19,35,6,1849.18
2023-11-20,35,14,4236.68
2023-11-21,35,13,3802.53
2023-11-22,35,10,2939.83
2023-11-23,35,12,3659.38
2023-11-24,35,18,5448.44
2023-11-25,35,17,5216.7
2023-11-26,35,2,588.17
2023-11-27,35,16,4764.42
2023-11-28,35,10,3078.72
2023-11-29,35,10,3069.3
2023-11-30,35,12,3571.7
2023-12-01,35,9,2748.52
2023-12-02,35,2,602.24
2023-12-03,35,5,1474.27
2023-12-04,35,10,2948.84
2023-12-05,35,10,3027.16
2023-12-06,35,14,4098.96
2023-12-07,35,9,2640.01
2023-12-08,35,11,3221.89
2023-12-09,35,10,2978.51
2023-12-10,35,6,1850.8
2023-12-11,35,13,3824.05
2023-12-12,35,6,1778.0
2023-12-13,35,12,3627.22
2023-12-14,35,12,3600.61
2023-12-15,35,14,4267.76
2023-12-16,35,8,2344.74
2023-12-17,35,5,1486.53
2023-12-18,35,14,4196.31
2023-12-19,35,11,3398.49
2023-12-20,35,12,3544.1
2023-12-21,35,8,2399.39
2023-12-22,35,14,4100.87
2023-12-23,35,13,3894.4
2023-12-24,35,2,604.73
2023-12-25,35,14,4192.3
2023-12-26,35,5,1468.43
2023-12-27,35,17,5015.65
2023-12-28,35,10,2928.9
2023-12-29,35,4,1193.28
2023-12-30,35,6,1837.3
2023-12-31,35,3,918.37
2024-01-01,35,9,2685.76
2024-01-02,35,11,3279.26
2024-01-03,35,8,2397.7
2024-01-04,35,5,1475.86
2024-01-05,35,13,3884.4
2024-01-06,35,7,2141.7
2024-01-07,35,6,1802.19
2024-01-08,35,12,3650.04
2024-01-09,35,8,2439.2
2024-01-10,35,6,1825.06
2024-01-11,35,12,3575.53
2024-01-12,35,9,2720.1
2024-01-13,35,8,2449.41
2024-01-14,35,3,884.33
2024-01-15,35,4,1229.4
2024-01-16,35,9,2723.01
2024-01-17,35,14,4287.18
2024-01-18,35,7,2164.3
2024-01-19,35,9,2762.72
2024-01-20,35,5,1522.12
2024-01-21,35,1,295.1
2024-01-22,35,8,2436.93
2024-01-23,35,8,2468.06
2024-01-24,35,9,2661.9
2024-01-25,35,10,3066.25
2024-01-26,35,8,2435.13
2024-01-27,35,4,1208.67
2024-01-28,35,9,2740.95
2024-01-29,35,18,5276.73
2024-01-30,35,5,1522.94
2024-01-31,35,9,2670.36
2024-02-01,35,12,3545.83
2024-02-02,35,13,4017.72
2024-02-03,35,6,1848.92
2024-02-04,35,2,602.98
2024-02-05,35,12,3532.76
2024-02-06,35,11,3303.84
2024-02-07,35,12,3531.36
2024-02-08,35,6,1812.05
2024-02-09,35,8,2407.39
2024-02-10,35,4,1220.98
2024-02-11,35,9,2791.75
2024-02-12,35,13,3936.99
2024-02-13,35,6,1802.12
2024-02-14,35,12,3578.44
2024-02-15,35,6,1826.89
2024-02-16,35,11,3354.87
2024-02-17,35,11,3331.59
2024-02-18,35,11,3328.72
2024-02-19,35,11,3337.04
2024-02-20,35,10,2962.18
2024-02-21,35,9,2797.54
2024-02-22,35,11,3238.23
2024-02-23,35,6,1848.47
2024-02-24,35,10,3029.56
2024-02-25,35,4,1246.01
2024-02-26,35,16,4798.11
2024-02-27,35,8,2456.23
2024-02-28,35,9,2761.13
2024-02-29,35,13,4027.47
2024-03-01,35,15,4681.13
2024-03-02,35,11,3430.95
2024-03-03,35,8,2377.96
2024-03-04,35,10,3103.21
2024-03-05,35,8,2430.8
2024-03-06,35,12,3614.55
2024-03-07,35,11,3354.53
2024-03-08,35,17,5174.25
2024-03-09,35,5,1543.37
2024-03-10,35,4,1230.51
2024-03-11,35,11,3425.98
2024-03-12,35,17,5108.1
2024-03-13,35,19,5908.36
2024-03-14,35,8,2428.05
2024-03-15,35,18,5536.98
2024-03-16,35,10,2964.17
2024-03-17,35,5,1555.01
2024-03-18,35,16,4921.4
2024-03-19,35,13,4060.35
2024-03-20,35,18,5575.63
2024-03-21,35,12,3738.82
2024-03-22,35,12,3584.83
2024-03-23,35,9,2730.83
2024-03-24,35,2,597.66
2024-03-25,35,13,4022.32
2024-03-26,35,17,5041.74
2024-03-27,35,24,7461.38
2024-03-28,35,9,2812.57
2024-03-29,35,14,4318.8
2024-03-30,35,7,2100.85
2024-03-31,35,2,595.77
2024-04-01,35,14,4158.14
2024-04-02,35,6,1872.79
2024-04-03,35,12,3585.82
2024-04-04,35,9,2727.65
2024-04-05,35,17,5301.66
2024-04-06,35,13,4006.75
2024-04-07,35,10,3081.91
2024-04-08,35,15,4601.94
2024-04-09,35,15,4465.21
2024-04-10,35,18,5587.73
2024-04-11,35,20,6039.37
2024-04-12,35,19,5721.06
2024-04-13,35,14,4226.53
2024-04-14,35,7,2190.84
2024-04-15,35,14,4302.82
2024-04-16,35,18,5545.68
2024-04-17,35,17,5279.84
2024-04-18,35,13,4025.53
2024-04-19,35,18,5456.75
2024-04-20,35,13,3917.59
2024-04-21,35,4,1213.3
2024-04-22,35,16,5007.4
2024-04-23,35,13,3888.97
2024-04-24,35,20,6189.22
2024-04-25,35,16,4800.74
2024-04-26,35,8,2413.47
2024-04-27,35,5,1537.88
2024-05-03,35,9,2749.32
2024-05-04,35,3,895.76
2024-05-05,35,5,1481.31
2024-05-06,35,8,2481.39
2024-05-07,35,7,2078.19
2024-05-08,35,7,2165.75
2024-05-09,35,7,2116.39
2024-05-10,35,6,1856.98
2024-05-11,35,2,613.67
2024-05-12,35,3,902.55
2024-05-13,35,6,1879.25
2024-05-14,35,14,4398.23
2024-05-15,35,14,4221.09
2024-05-16,35,12,3718.6
2024-05-17,35,9,2693.48
2024-05-18,35,10,3049.29
2024-05-19,35,1,299.23
2024-05-20,35,10,3057.58
2024-05-21,35,12,3674.08
2024-05-22,35,16,4755.01
2024-05-23,35,8,2440.25
2024-05-24,35,10,3073.91
2024-05-25,35,10,3086.32
2024-05-26,35,4,1202.26
2024-05-27,35,8,2421.22
2024-05-28,35,11,3380.7
2024-05-29,35,11,3317.07
2024-05-30,35,8,2508.85
2024-05-31,35,8,2497.55
2024-06-01,35,7,2137.45
2024-06-02,35,3,895.02
2024-06-03,35,6,1841.41
2024-06-04,35,5,1508.21
2024-06-05,35,11,3324.13
2024-06-06,35,6,1828.65
2024-06-07,35,11,3440.58
2024-06-08,35,7,2190.3
2024-06-09,35,6,1861.64
2024-06-10,35,14,4179.04
2024-06-11,35,10,3012.86
2024-06-12,35,11,3328.73
2024-06-13,35,8,2382.6
2024-06-14,35,4,1241.21
2024-06-15,35,9,2825.62
2024-06-16,35,5,1540.35
2024-06-17,35,8,2391.07
2024-06-18,35,10,3081.02
2024-06-19,35,4,1245.96
2024-06-20,35,6,1891.49
2024-06-21,35,5,1531.9
2024-06-22,35,2,599.66
2024-06-23,35,6,1800.85
2024-06-24,35,5,1571.83
2024-06-25,35,5,1526.15
2024-06-26,35,4,1199.74
2024-06-27,35,5,1519.94
2024-06-28,35,9,2758.24
2024-06-29,35,5,1547.82
2024-06-30,35,4,1240.82
2024-07-01,35,7,2094.49
2024-07-02,35,9,2713.17
2024-07-03,35,6,1896.75
2024-07-04,35,8,2448.83
2024-07-05,35,5,1569.69
2024-07-06,35,7,2102.58
2024-07-07,35,4,1205.36
2024-07-08,35,13,3943.82
2024-07-09,35,14,4421.47
2024-07-10,35,7,2202.14
2024-07-11,35,9,2832.75
2024-07-12,35,11,3314.23
2024-07-13,35,7,2184.24
2024-07-14,35,4,1217.75
2024-07-15,35,10,3013.98
2024-07-16,35,8,2506.7
2024-07-17,35,8,2497.65
2024-07-18,35,9,2695.05
2024-07-19,35,7,2104.11
2024-07-20,35,6,1890.98
2024-07-21,35,7,2178.92
2024-07-22,35,11,3452.11
2024-07-23,35,15,4648.37
2024-07-24,35,13,4002.8
2024-07-25,35,3,905.29
2024-07-26,35,12,3698.41
2024-07-27,35,3,918.47
2024-07-28,35,2,621.06
2024-07-29,35,9,2784.76
2024-07-30,35,6,1872.62
2024-07-31,35,9,2754.96
2024-08-01,35,6,1881.41
2024-08-02,35,8,2506.24
2024-08-03,35,2,626.12
2024-08-04,35,3,923.06
2024-08-05,35,7,2146.29
2024-08-06,35,6,1885.03
2024-08-07,35,6,1900.87
2024-08-08,35,6,1861.3
2024-08-09,35,10,3156.51
2024-08-10,35,8,2470.17
2024-08-11,35,4,1256.1
2024-08-12,35,8,2540.48
2024-08-13,35,16,4817.14
2024-08-14,35,4,1253.97
2024-08-15,35,15,4577.5
2024-08-16,35,11,3341.6
2024-08-17,35,8,2451.05
2024-08-18,35,1,309.66
2024-08-19,35,14,4428.98
2024-08-20,35,6,1843.48
2024-08-21,35,10,2999.65
2024-08-22,35,7,2151.27
2024-08-23,35,16,5033.33
2024-08-24,35,5,1520.32
2024-08-25,35,2,626.35
2024-08-26,35,4,1263.7
2024-08-27,35,9,2732.49
2024-08-28,35,13,4098.75
2024-08-29,35,7,2111.93
2024-08-30,35,8,2408.27
2024-08-31,35,8,2536.75
2024-09-01,35,6,1885.14
2024-09-02,35,13,4056.33
2024-09-03,35,14,4447.47
2024-09-04,35,9,2763.74
2024-09-05,35,14,4215.8
2024-09-06,35,12,3663.61
2024-09-07,35,12,3617.91
2024-09-08,35,2,615.2
2024-09-09,35,12,3815.78
2024-09-10,35,16,4982.53
2024-09-11,35,11,3327.66
2024-09-12,35,14,4307.3
2024-09-13,35,19,5804.05
2024-09-14,35,8,2407.75
2024-09-15,35,5,1570.09
2024-09-16,35,11,3424.73
2024-09-17,35,17,5209.75
2024-09-18,35,11,3468.73
2024-09-19,35,11,3419.34
2024-09-20,35,13,3957.47
2024-09-21,35,5,1583.12
2024-09-22,35,2,610.81
2024-09-23,35,19,6001.62
2024-09-24,35,12,3658.72
2024-09-25,35,12,3819.1
2024-09-26,35,10,3088.05
2024-09-27,35,12,3650.1
2024-09-28,35,13,4146.86
2024-09-29,35,3,930.42
2024-09-30,35,13,3966.49
2024-10-01,35,20,6035.58
2024-10-02,35,4,1204.0
2024-10-03,35,21,6656.88
2024-10-04,35,14,4229.19
2024-10-05,35,11,3384.61
2024-10-06,35,6,1867.49
2024-10-07,35,22,6988.14
2024-10-08,35,10,3107.82
2024-10-09,35,13,4069.9
2024-10-10,35,15,4781.63
2024-10-11,35,11,3392.53
2024-10-12,35,10,3158.16
2024-10-13,35,8,2536.65
2024-10-14,35,19,5961.09
2024-10-15,35,20,6363.2
2024-10-16,35,9,2856.02
2024-10-17,35,16,5056.35
2024-10-18,35,15,4548.68
2024-10-19,35,12,3690.43
2024-10-20,35,5,1567.34
2024-10-21,35,11,3415.14
2024-10-22,35,19,5963.98
2024-10-23,35,12,3694.88
2024-10-24,35,8,2547.81
2024-10-29,35,7,2187.28
2024-10-30,35,8,2476.95
2024-10-31,35,11,3361.93
2024-11-01,35,12,3824.1
2024-11-02,35,10,3053.38
2024-11-03,35,5,1579.4
2024-11-04,35,18,5634.44
2024-11-05,35,9,2861.89
2024-11-06,35,13,3971.12
2024-11-07,35,18,5450.56
2024-11-08,35,9,2863.06
2024-11-09,35,14,4373.46
2024-11-10,35,8,2529.09
2024-11-11,35,18,5630.83
2024-11-12,35,20,6290.26
2024-11-13,35,11,3357.29
2024-11-14,35,13,4159.06
2024-11-15,35,7,2171.41
2024-11-16,35,14,4400.63
2024-11-17,35,5,1515.1
2024-11-18,35,9,2732.47
2024-11-19,35,15,4691.72
2024-11-20,35,10,3131.05
2024-11-21,35,10,3044.23
2024-11-22,35,7,2241.29
2024-11-23,35,23,7311.98
2024-11-24,35,5,1584.61
2024-11-25,35,8,2493.81
2024-11-26,35,20,6118.0
2024-11-27,35,17,5283.83
2024-11-28,35,16,5026.43
2024-11-29,35,10,3070.46
2024-11-30,35,11,3366.12
2024-12-01,35,10,3039.61
2024-12-02,35,13,4050.65
2024-12-03,35,9,2765.02
2024-12-04,35,15,4569.78
2024-12-05,35,12,3738.14
2024-12-06,35,15,4788.07
2024-12-07,35,15,4692.01
2024-12-08,35,8,2468.43
2024-12-09,35,5,1519.58
2024-12-10,35,10,3195.29
2024-12-11,35,11,3342.17
2024-12-12,35,6,1909.75
2024-12-13,35,8,2538.03
2024-12-14,35,5,1522.09
2024-12-15,35,5,1591.33
2024-12-16,35,14,4402.43
2024-12-17,35,10,3102.32
2024-12-18,35,10,3216.87
2024-12-19,35,9,2831.87
2024-12-20,35,10,3160.04
2024-12-21,35,9,2872.96
2024-12-22,35,3,962.15
2024-12-23,35,11,3479.42
2024-12-24,35,7,2218.71
2024-12-25,35,8,2468.45
2024-12-26,35,8,2561.74
2024-12-27,35,7,2136.69
2024-12-28,35,9,2900.5
2024-12-29,35,7,2255.75
2024-12-30,35,8,2450.7
2024-12-31,35,8,2537.65
2025-01-01,35,5,1578.32
2025-01-02,35,12,3800.55
2025-01-03,35,5,1577.67
2025-01-04,35,13,3999.57
2025-01-05,35,9,2811.97
2025-01-06,35,6,1857.88
2025-01-07,35,13,4179.5
2025-01-08,35,12,3836.51
2025-01-09,35,14,4267.06
2025-01-10,35,10,3176.38
2025-01-11,35,6,1862.33
2025-01-12,35,2,633.03
2025-01-13,35,12,3788.82
2025-01-14,35,12,3746.91
2025-01-15,35,5,1570.89
2025-01-16,35,7,2198.48
2025-01-17,35,15,4615.39
2025-01-18,35,8,2487.22
2025-01-19,35,4,1273.58
2025-01-20,35,12,3715.55
2025-01-21,35,10,3204.27
2025-01-22,35,12,3750.92
2025-01-23,35,16,5064.98
2025-01-24,35,15,4647.05
2025-01-25,35,11,3472.01
2025-01-26,35,7,2146.34
2025-01-27,35,9,2818.66
2025-01-28,35,4,1283.25
2025-01-29,35,12,3771.21
2025-01-30,35,9,2892.26
2025-01-31,35,3,920.73
2025-02-01,35,7,2185.01
2025-02-02,35,3,921.28
2025-02-03,35,8,2492.3
2025-02-04,35,7,2252.23
2025-02-05,35,9,2817.85
2025-02-06,35,8,2576.07
2025-02-07,35,7,2170.96
2025-02-08,35,8,2462.6
2025-02-09,35,5,1576.49
2025-02-10,35,14,4283.04
2025-02-11,35,5,1571.7
2025-02-12,35,5,1546.01
2025-02-13,35,7,2167.53
2025-02-14,35,12,3716.49
2025-02-15,35,6,1832.47
2025-02-16,35,3,941.52
2025-02-17,35,8,2536.19
2025-02-18,35,8,2469.99
2025-02-19,35,5,1540.35
2025-02-20,35,6,1893.5
2025-02-21,35,12,3676.27
2025-02-22,35,2,647.77
2025-02-23,35,1,310.92
2025-02-24,35,13,4112.12
2025-02-25,35,11,3569.19
2025-02-26,35,12,3704.56
2025-02-27,35,13,4160.33
2025-02-28,35,9,2803.07
2025-03-01,35,4,1232.73
2025-03-02,35,4,1254.26
2025-03-03,35,17,5430.02
2025-03-04,35,17,5512.89
2025-03-05,35,8,2529.93
2025-03-06,35,9,2899.63
2025-03-07,35,16,5063.57
2025-03-08,35,10,3217.88
2025-03-09,35,8,2485.29
2025-03-10,35,11,3408.5
2025-03-11,35,10,3187.4
2025-03-12,35,10,3189.3
2025-03-13,35,11,3524.36
2025-03-14,35,18,5533.16
2025-03-15,35,14,4392.01
2025-03-16,35,7,2225.92
2025-03-17,35,8,2561.23
2025-03-18,35,11,3374.87
2025-03-19,35,16,4945.97
2025-03-20,35,13,4010.47
2025-03-21,35,11,3511.89
2025-03-22,35,7,2277.24
2025-03-23,35,5,1572.51
2025-03-24,35,9,2796.24
2025-03-25,35,12,3760.63
2025-03-26,35,7,2239.55
2025-03-27,35,11,3506.66
2025-03-28,35,13,4000.82
2025-03-29,35,8,2602.43
2025-03-30,35,3,931.53
2025-03-31,35,24,7748.28
2025-04-01,35,14,4361.79
2025-04-02,35,15,4611.19
2025-04-03,35,12,3887.67
2025-04-04,35,21,6786.58
2025-04-05,35,14,4444.83
2025-04-06,35,6,1906.02
2025-04-07,35,6,1926.79
2025-04-08,35,14,4534.88
2025-04-09,35,21,6659.45
2025-04-10,35,18,5656.04
2025-04-11,35,24,7765.51
2025-04-12,35,11,3471.94
2025-04-13,35,4,1253.22
2025-04-14,35,13,4142.3
2025-04-15,35,10,3109.21
2025-04-16,35,10,3142.84
2025-04-17,35,18,5709.2
2025-04-18,35,14,4463.44
2025-04-19,35,8,2479.21
2025-04-20,35,4,1301.22
2025-04-21,35,18,5547.72
2025-04-22,35,13,4019.35
2025-04-23,35,6,1873.62
2025-04-24,35,20,6452.7
2025-04-25,35,9,2857.12
2025-04-26,35,13,4164.56
2025-04-28,35,20,6326.86
2025-04-29,35,16,5136.16
2025-04-30,35,12,3918.84
2025-05-01,35,5,1586.24
2025-05-02,35,9,2877.81
2025-05-03,35,8,2537.08
2025-05-04,35,6,1883.56
2025-05-05,35,9,2871.51
2025-05-06,35,7,2182.42
2025-05-07,35,6,1935.77
2025-05-08,35,5,1571.51
2025-05-09,35,14,4468.64
2025-05-10,35,5,1556.37
2025-05-11,35,9,2848.53
2025-05-12,35,4,1270.78
2025-05-13,35,13,4039.92
2025-05-14,35,13,4042.46
2025-05-15,35,7,2178.23
2025-05-16,35,8,2472.88
2025-05-17,35,5,1556.8
2025-05-18,35,3,933.84
2025-05-19,35,13,4095.31
2025-05-20,35,4,1240.33
2025-05-21,35,9,2861.69
2025-05-22,35,12,3753.52
2025-05-23,35,9,2936.5
2025-05-24,35,2,622.03
2025-05-25,35,6,1892.22
2025-05-26,35,13,4177.46
2025-05-27,35,12,3765.7
2025-05-28,35,6,1891.89
2025-05-29,35,6,1904.38
2025-05-30,35,14,4442.95
2025-05-31,35,8,2550.1
2025-06-01,35,3,928.66
2025-06-02,35,6,1956.25
2025-06-03,35,9,2795.36
2025-06-04,35,11,3568.04
2025-06-05,35,6,1931.87
2025-06-06,35,12,3742.19
2025-06-07,35,6,1930.55
2025-06-08,35,5,1576.47
2025-06-09,35,9,2789.96
2025-06-10,35,6,1881.61
2025-06-11,35,7,2242.93
2025-06-12,35,7,2250.68
2025-06-13,35,11,3456.82
2025-06-14,35,9,2893.11
2025-06-15,35,7,2178.44
2025-06-16,35,6,1878.14
2025-06-17,35,9,2945.64
2025-06-18,35,10,3140.32
2025-06-19,35,8,2543.49
2025-06-20,35,7,2214.96
2025-06-21,35,14,4488.44
2025-06-22,35,5,1599.09
2025-06-23,35,7,2261.36
2025-06-24,35,13,4153.32
2025-06-25,35,7,2231.36
2025-06-26,35,6,1920.51
2025-06-27,35,7,2170.68
2025-06-28,35,5,1629.5
2025-06-29,35,1,313.81
2025-06-30,35,10,3228.69
2025-07-01,35,15,4859.96
2025-07-02,35,12,3753.4
2025-07-03,35,6,1927.01
2025-07-04,35,8,2488.64
2025-07-05,35,2,655.58
2025-07-06,35,5,1603.48
2025-07-07,35,6,1958.61
2025-07-08,35,7,2220.35
2025-07-09,35,7,2230.51
2025-07-10,35,10,3171.51
2025-07-11,35,6,1956.83
2025-07-12,35,5,1629.67
2025-07-13,35,3,958.88
2025-07-14,35,6,1951.49
2025-07-15,35,8,2533.77
2025-07-16,35,7,2216.14
2025-07-17,35,8,2611.94
2025-07-18,35,8,2619.79
2025-07-19,35,9,2920.64
2025-07-20,35,3,966.87
2025-07-21,35,8,2588.98
2025-07-22,35,12,3913.99
2025-07-23,35,11,3598.2
2025-07-24,35,8,2497.24
2025-07-25,35,10,3274.87
2025-07-26,35,10,3292.89
2025-07-28,35,5,1623.94
2025-07-29,35,8,2617.1
2025-07-30,35,8,2484.72
2025-07-31,35,12,3825.87
2025-08-01,35,11,3470.64
2025-08-02,35,9,2912.13
2025-08-03,35,5,1568.51
2025-08-04,35,9,2821.98
2025-08-05,35,7,2208.44
2025-08-06,35,7,2233.21
2025-08-07,35,8,2610.9
2025-08-08,35,8,2551.15
2025-08-09,35,8,2579.39
2025-08-10,35,6,1948.74
2025-08-11,35,17,5446.18
2025-08-12,35,4,1243.74
2025-08-13,35,13,4074.58
2025-08-14,35,7,2259.33
2025-08-15,35,10,3301.46
2025-08-16,35,12,3833.04
2025-08-17,35,3,940.24
2025-08-18,35,11,3497.05
2025-08-19,35,5,1568.05
2025-08-20,35,9,2837.62
2025-08-21,35,9,2961.98
2025-08-22,35,10,3153.19
2025-08-23,35,5,1639.78
2025-08-24,35,7,2232.05
2025-08-25,35,11,3471.65
2025-08-26,35,5,1571.05
2025-08-27,35,12,3779.64
2025-08-28,35,10,3130.2
2025-08-29,35,18,5743.81
2025-08-30,35,10,3139.33
2025-08-31,35,1,311.61
2025-09-01,35,8,2595.2
2025-09-02,35,10,3294.09
2025-09-03,35,6,1932.07
2025-09-04,35,9,2833.28
2025-09-05,35,15,4811.92
2025-09-06,35,10,3181.9
2025-09-07,35,3,956.92
2025-09-08,35,13,4252.72
2025-09-09,35,23,7512.48
2025-09-10,35,10,3278.35
2025-09-11,35,11,3630.39
2025-09-12,35,11,3560.16
2025-09-13,35,13,4254.59
2025-09-14,35,11,3608.44
2025-09-15,35,14,4522.01
2025-09-16,35,10,3253.94
2025-09-17,35,12,3799.97
2025-09-18,35,17,5365.82
2025-09-19,35,7,2267.68
2025-09-20,35,12,3780.37
2025-09-21,35,5,1622.65
2025-09-22,35,11,3621.73
2025-09-23,35,11,3574.8
2025-09-24,35,12,3822.83
2025-09-25,35,16,5271.4
2025-09-26,35,18,5704.53
2025-09-27,35,12,3790.37
2025-09-28,35,2,655.79
2025-09-29,35,11,3526.36
2025-09-30,35,10,3125.45
2025-10-01,35,12,3770.85
2025-10-02,35,16,5028.6
2025-10-03,35,21,6937.46
2025-10-04,35,10,3282.18
2025-10-05,35,7,2253.29
2025-10-06,35,15,4868.58
2025-10-07,35,10,3256.79
2025-10-08,35,12,3963.42
2025-10-09,35,12,3832.38
2025-10-10,35,18,5929.56
2025-10-11,35,12,3810.42
2025-10-12,35,6,1896.64
2025-10-13,35,19,6086.58
2025-10-14,35,16,5220.29
2025-10-15,35,14,4567.35
2025-10-22,35,30,9540.91
2025-10-23,35,15,4800.91
2025-10-24,35,12,3930.89
2025-10-25,35,5,1645.14
2025-10-26,35,9,2854.72
2025-10-27,35,20,6609.32
2025-10-28,35,10,3168.5
2025-10-29,35,14,4567.95
2025-10-30,35,17,5566.64
2025-10-31,35,17,5466.12
2025-11-01,35,11,3527.82
2025-11-02,35,8,2662.69
2025-11-03,35,9,2886.11
2025-11-04,35,10,3155.36
2025-11-05,35,19,6000.08
2025-11-06,35,8,2601.24
2025-11-07,35,14,4405.43
2025-11-08,35,11,3488.35
2025-11-09,35,8,2620.86
2025-11-10,35,15,4818.49
2025-11-11,35,15,4886.83
2025-11-12,35,20,6492.89
2025-11-13,35,13,4257.74
2025-11-14,35,15,4860.14
2025-11-15,35,6,1932.86
2025-11-16,35,7,2236.76
2025-11-17,35,6,1895.09
2025-11-18,35,13,4307.74
2025-11-19,35,6,1997.22
2025-11-20,35,20,6554.66
2025-11-21,35,10,3145.52
2025-11-22,35,7,2309.52
2025-11-23,35,7,2295.36
2025-11-24,35,3,950.05
2025-11-25,35,10,3332.41
2025-11-26,35,15,4808.2
2025-11-27,35,16,5298.39
2025-11-28,35,7,2252.61
2025-11-29,35,9,2912.7
2025-11-30,35,6,1901.62
2025-12-01,35,8,2547.66
2025-12-02,35,11,3661.73
2025-12-03,35,10,3169.58
2025-12-04,35,9,2943.86
2025-12-05,35,11,3525.4
2025-12-06,35,7,2283.98
2025-12-07,35,4,1315.43
2025-12-08,35,11,3465.25
2025-12-09,35,10,3254.65
2025-12-10,35,6,1962.35
2025-12-11,35,14,4628.53
2025-12-12,35,11,3555.93
2025-12-13,35,9,2957.18
2025-12-14,35,5,1640.34
2025-12-15,35,7,2239.72
2025-12-16,35,10,3270.28
2025-12-17,35,9,2892.38
2025-12-18,35,9,2849.47
2025-12-19,35,15,4832.72
2025-12-20,35,8,2561.68
2025-12-21,35,1,321.18
2025-12-22,35,7,2261.42
2025-12-23,35,7,2314.1
2025-12-24,35,9,2949.09
2025-12-25,35,16,5062.62
2025-12-26,35,14,4659.5
2025-12-27,35,10,3283.41
2025-12-28,35,5,1602.4
2025-12-29,35,7,2248.89
2025-12-30,35,13,4289.76
2025-12-31,35,9,2886.77
2026-01-01,35,12,3963.96
2026-01-02,35,11,3547.12
2026-01-03,35,7,2250.22
2026-01-04,35,2,631.63
2026-01-05,35,6,1945.62
2026-01-06,35,8,2550.61
2026-01-07,35,7,2289.36
2026-01-08,35,2,657.28
2026-01-09,35,9,2951.24
2026-01-10,35,4,1298.91
2026-01-11,35,5,1611.85
2026-01-12,35,10,3187.09
2026-01-13,35,10,3330.85
2026-01-14,35,9,2881.98
2026-01-15,35,10,3218.67
2026-01-16,35,8,2538.07
2026-01-17,35,3,1005.33
2026-01-18,35,1,320.11
2026-01-19,35,10,3200.3
2026-01-20,35,11,3652.6
2026-01-21,35,6,1901.32
2026-01-22,35,9,2991.8
2026-01-23,35,14,4532.74
2026-01-24,35,15,4924.66
2026-01-25,35,8,2571.5
2026-01-26,35,2,669.79
2026-01-27,35,5,1649.38
2026-01-28,35,7,2287.35
2026-01-29,35,10,3236.87
2026-01-30,35,9,2898.59
2026-01-31,35,12,4024.8
2026-02-01,35,4,1341.92
2026-02-02,35,7,2259.4
2026-02-03,35,8,2637.44
2026-02-04,35,7,2299.3
2026-02-05,35,12,3823.83
2026-02-06,35,8,2590.31
2026-02-07,35,14,4646.49
2026-02-08,35,7,2287.78
2026-02-09,35,8,2559.44
2026-02-10,35,5,1603.7
2026-02-11,35,8,2586.15
2026-02-12,35,7,2280.34
2026-02-13,35,6,1961.51
2026-02-14,35,10,3270.57
2026-02-15,35,2,639.17
2026-02-16,35,5,1600.42
2026-02-17,35,8,2670.8
2026-02-18,35,4,1292.16
2026-02-19,35,10,3353.17
2026-02-20,35,12,4003.87
2026-02-21,35,9,2958.69
2026-02-22,35,4,1293.51
2026-02-23,35,7,2270.89
2026-02-24,35,10,3184.6
2026-02-25,35,8,2619.78
2026-02-26,35,7,2328.27
2026-02-27,35,11,3625.71
2026-02-28,35,8,2655.54
2026-03-01,35,2,646.71
2026-03-02,35,12,3967.32
2026-03-03,35,14,4478.53
2026-03-04,35,23,7541.53
2026-03-05,35,11,3642.76
2026-03-06,35,10,3250.51
2026-03-07,35,11,3606.37
2026-03-08,35,4,1283.2
2026-03-09,35,11,3603.25
2026-03-10,35,12,3970.76
2026-03-11,35,13,4247.43
2026-03-12,35,10,3309.74
2026-03-13,35,8,2663.86
2026-03-14,35,9,3021.92
2026-03-15,35,2,656.28
2026-03-16,35,8,2599.67
2026-03-17,35,8,2600.6
2026-03-18,35,10,3312.27
2026-03-19,35,11,3631.22
2026-03-20,35,15,4786.95
2026-03-21,35,8,2588.89
2026-03-22,35,6,2000.05
2026-03-23,35,13,4320.87
2026-03-24,35,18,5754.6
2026-03-25,35,13,4289.91
2026-03-26,35,19,6065.24
2026-03-27,35,8,2644.87
2026-03-28,35,8,2607.66
2026-03-29,35,2,674.56
2026-03-30,35,10,3272.8
2026-03-31,35,10,3274.34
2026-04-01,35,17,5707.09
2026-04-02,35,11,3562.75
2026-04-03,35,25,8242.25
2026-04-04,35,9,3042.29
2026-04-05,35,3,1009.19
2026-04-06,35,7,2274.34
2026-04-07,35,12,3931.48
2026-04-08,35,20,6380.41
2026-04-09,35,8,2645.76
2026-04-10,35,15,4860.2
2026-04-11,35,5,1675.07
2026-04-12,35,7,2265.93
2026-04-13,35,15,4819.07
2026-04-14,35,16,5172.06
2026-04-15,35,15,4945.66
2026-04-16,35,15,4899.64
2026-04-17,35,11,3677.29
2026-04-18,35,6,1935.97
2026-04-19,35,2,645.97
2026-04-20,35,17,5647.13
2026-04-21,35,17,5662.74
2026-04-22,35,13,4397.54
2026-04-23,35,11,3680.63
2026-04-24,35,10,3212.77
2026-04-25,35,11,3670.24
2026-04-27,35,13,4265.0
2026-04-28,35,14,4555.44
2026-04-29,35,7,2252.66
2026-04-30,35,7,2362.23
2026-05-01,35,3,1011.21
2026-05-02,35,10,3226.52
2026-05-03,35,2,654.94
2026-05-04,35,16,5378.82
2026-05-05,35,7,2279.78
2026-05-06,35,10,3274.0
2026-05-07,35,11,3673.28
2026-05-08,35,10,3199.68
2026-05-09,35,9,2894.7
2026-05-10,35,4,1334.98
2026-05-11,35,11,3632.33
2026-05-12,35,3,960.76
2026-05-13,35,10,3300.55
2026-05-14,35,14,4703.35
2026-05-15,35,7,2285.3
2026-05-16,35,7,2256.25
2026-05-17,35,1,329.17
2026-05-18,35,6,2013.59
2026-05-19,35,5,1652.68
2026-05-20,35,10,3355.56
2026-05-21,35,12,4015.98
2026-05-22,35,6,1994.3
2026-05-23,35,7,2336.55
2026-05-24,35,5,1672.68
2026-05-25,35,6,2015.43
2026-05-26,35,6,2031.22
2026-05-27,35,8,2612.3
2026-05-28,35,7,2313.33
2026-05-29,35,13,4232.34
2026-05-30,35,11,3567.81
2026-05-31,35,3,985.16
2026-06-01,35,9,2918.16
2026-06-02,35,2,666.08
2026-06-03,35,6,1941.52
2026-06-04,35,10,3384.39
2026-06-05,35,3,1000.42
2026-06-06,35,5,1670.92
2026-06-07,35,3,997.19
2026-06-08,35,2,656.45
2026-06-09,35,3,1015.12
2026-06-10,35,7,2280.28
2026-06-11,35,2,671.77
2026-06-12,35,5,1631.58
2026-06-13,35,5,1641.23
2026-06-14,35,4,1291.75
2026-06-15,35,10,3377.62
2026-06-16,35,9,3017.52
2026-06-17,35,12,3966.41
2026-06-18,35,9,3042.61
2026-06-19,35,10,3277.12
2026-06-20,35,3,971.92
2026-06-21,35,7,2310.98
2026-06-22,35,11,3636.64
2026-06-23,35,10,3378.56
2026-06-24,35,13,4421.0
2026-06-25,35,10,3364.2
2026-06-26,35,8,2640.37
2026-06-27,35,6,1947.14
2026-06-28,35,4,1345.7
2026-06-29,35,4,1318.72
2026-06-30,35,7,2258.96
2026-07-01,35,5,1684.87
2026-07-02,35,5,1704.82
2026-07-03,35,9,2942.24
2026-07-04,35,9,2946.51
2026-07-05,35,2,681.76
2026-07-06,35,5,1629.26
2026-07-07,35,5,1619.05
2026-07-08,35,2,675.24
2026-07-09,35,5,1687.67
2026-07-10,35,10,3407.59
2026-07-11,35,3,1010.31
2026-07-12,35,3,998.1
2026-07-13,35,4,1325.02
2026-07-14,35,6,2031.55
2026-07-15,35,8,2719.29
2026-07-16,35,4,1325.25
2026-07-17,35,10,3287.33
2026-07-18,35,8,2667.23
2026-07-19,35,5,1625.9
2026-07-20,35,4,1334.26
2026-07-21,35,3,976.52
2026-07-22,35,3,1016.53
2026-07-23,35,8,2640.2
2026-07-24,35,10,3221.28
2026-07-25,35,10,3306.6
2026-07-26,35,1,340.59
2026-07-27,35,8,2694.22
2026-07-28,35,5,1610.74
2026-07-29,35,8,2623.38
2026-07-30,35,8,2678.5
2026-07-31,35,10,3290.12
2026-08-01,35,9,2977.67
2026-08-02,35,2,644.56
2026-08-03,35,9,2938.39
2026-08-04,35,8,2656.69
2026-08-05,35,11,3618.61
2026-08-06,35,11,3555.45
2026-08-07,35,11,3608.62
2026-08-08,35,8,2612.18
2026-08-09,35,3,1002.61
2026-08-10,35,16,5283.33
2026-08-11,35,12,3869.64
2026-08-12,35,5,1690.08
2026-08-13,35,7,2377.21
2026-08-14,35,8,2685.92
2026-08-15,35,8,2597.65
2026-08-16,35,6,1943.62
2026-08-17,35,9,2903.86
2026-08-18,35,6,1992.55
2026-08-19,35,10,3257.59
2026-08-20,35,9,2943.96
2026-08-21,35,13,4262.51
2026-08-22,35,10,3302.27
2026-08-23,35,2,648.0
2026-08-24,35,4,1312.95
2026-08-25,35,5,1697.52
2026-08-26,35,7,2284.0
2026-08-27,35,4,1332.57
2026-08-28,35,12,3979.88
2026-08-29,35,6,1972.74
2026-08-30,35,3,977.11
2026-08-31,35,19,6169.85
2026-09-01,35,14,4620.73
2026-09-02,35,16,5270.23
2026-09-03,35,9,3083.32
2026-09-04,35,10,3280.51
2026-09-05,35,10,3320.02
2026-09-06,35,4,1321.96
2026-09-07,35,11,3776.34
2026-09-08,35,13,4362.82
2026-09-09,35,14,4789.2
2026-09-10,35,16,5199.21
2026-09-11,35,14,4795.74
2026-09-12,35,8,2728.01
2026-09-13,35,6,2014.31
2026-09-14,35,8,2702.14
2026-09-15,35,15,5006.44
2026-09-16,35,6,1975.53
2026-09-17,35,15,5024.25
2026-09-18,35,10,3402.58
2026-09-19,35,10,3268.13
2026-09-20,35,3,998.53
2026-09-21,35,4,1309.47
2026-09-26,35,15,4889.06
2026-09-27,35,1,338.44
2026-09-28,35,5,1680.28
2026-09-29,35,12,4120.72
2026-09-30,35,11,3684.35
2023-10-01,36,18,6272.67
2023-10-02,36,29,9910.85
2023-10-03,36,27,9114.65
2023-10-04,36,29,10067.23
2023-10-05,36,33,11290.2
2023-10-06,36,23,7679.04
2023-10-07,36,34,11747.84
2023-10-08,36,13,4460.03
2023-10-09,36,25,8499.45
2023-10-10,36,38,13105.46
2023-10-11,36,27,9178.83
2023-10-12,36,39,13558.23
2023-10-13,36,32,10888.65
2023-10-14,36,25,8311.62
2023-10-15,36,12,4107.88
2023-10-16,36,34,11789.94
2023-10-17,36,25,8676.12
2023-10-18,36,25,8323.65
2023-10-19,36,26,8944.83
2023-10-20,36,42,14123.9
2023-10-21,36,22,7481.6
2023-10-22,36,16,5638.85
2023-10-23,36,20,6682.23
2023-10-24,36,31,10620.54
2023-10-25,36,35,12321.77
2023-10-26,36,25,8756.61
2023-10-27,36,40,13957.05
2023-10-28,36,26,8827.54
2023-10-29,36,13,4571.86
2023-10-30,36,28,9392.05
2023-10-31,36,29,9924.89
2023-11-01,36,24,8096.44
2023-11-02,36,32,11279.35
2023-11-03,36,43,14926.11
2023-11-04,36,32,11075.43
2023-11-05,36,11,3714.29
2023-11-06,36,38,13287.3
2023-11-07,36,28,9650.54
2023-11-08,36,23,7963.16
2023-11-09,36,35,12037.07
2023-11-10,36,29,9717.58
2023-11-11,36,21,7055.63
2023-11-12,36,10,3364.19
2023-11-13,36,39,13471.51
2023-11-14,36,38,12818.42
2023-11-15,36,28,9353.75
2023-11-16,36,39,13017.41
2023-11-17,36,32,11027.04
2023-11-18,36,25,8505.23
2023-11-19,36,17,5721.86
2023-11-20,36,40,13509.78
2023-11-21,36,34,11377.08
2023-11-22,36,34,11528.78
2023-11-23,36,40,13681.45
2023-11-24,36,32,11338.4
2023-11-25,36,26,8864.55
2023-11-26,36,14,4783.62
2023-11-27,36,41,14052.39
2023-11-28,36,40,14130.03
2023-11-29,36,31,10952.23
2023-11-30,36,32,10906.08
2023-12-01,36,20,6955.29
2023-12-02,36,24,8192.82
2023-12-03,36,9,3181.99
2023-12-04,36,16,5545.5
2023-12-05,36,22,7388.42
2023-12-06,36,20,6721.05
2023-12-07,36,29,10071.31
2023-12-08,36,18,6206.62
2023-12-09,36,22,7591.06
2023-12-10,36,10,3444.23
2023-12-11,36,32,10746.42
2023-12-12,36,32,11224.92
2023-12-13,36,19,6514.01
2023-12-14,36,27,9237.58
2023-12-15,36,31,10660.72
2023-12-16,36,13,4365.62
2023-12-17,36,5,1767.69
2023-12-18,36,25,8586.32
2023-12-19,36,29,10229.69
2023-12-20,36,39,13283.7
2023-12-21,36,16,5496.43
2023-12-22,36,20,6910.29
2023-12-23,36,16,5579.17
2023-12-24,36,13,4397.62
2023-12-25,36,33,11673.66
2023-12-26,36,23,8156.06
2023-12-27,36,22,7434.0
2023-12-28,36,22,7533.13
2023-12-29,36,23,7884.49
2023-12-30,36,16,5420.41
2023-12-31,36,12,4024.56
2024-01-01,36,16,5621.61
2024-01-02,36,24,8175.14
2024-01-03,36,11,3795.67
2024-01-04,36,25,8681.83
2024-01-05,36,15,5300.61
2024-01-06,36,24,8534.01
2024-01-07,36,7,2481.68
2024-01-08,36,12,4196.41
2024-01-09,36,18,6332.31
2024-01-10,36,19,6652.31
2024-01-11,36,23,8066.12
2024-01-12,36,24,8124.74
2024-01-13,36,19,6522.72
2024-01-14,36,9,3090.71
2024-01-15,36,20,6866.14
2024-01-16,36,16,5690.37
2024-01-17,36,18,6320.13
2024-01-18,36,22,7784.06
2024-01-19,36,26,8932.9
2024-01-20,36,11,3835.31
2024-01-21,36,14,4757.61
2024-01-22,36,18,6281.84
2024-01-23,36,25,8408.86
2024-01-24,36,23,8045.47
2024-01-25,36,22,7449.43
2024-01-26,36,17,5913.15
2024-01-27,36,13,4511.31
2024-01-28,36,5,1741.42
2024-01-29,36,22,7534.88
2024-01-30,36,22,7728.13
2024-01-31,36,27,9542.95
2024-02-01,36,21,7234.41
2024-02-02,36,27,9334.66
2024-02-03,36,14,4762.59
2024-02-04,36,11,3850.35
2024-02-05,36,21,7265.96
2024-02-06,36,27,9288.86
2024-02-07,36,21,7389.47
2024-02-08,36,19,6740.85
2024-02-09,36,19,6708.5
2024-02-10,36,17,5776.53
2024-02-11,36,13,4596.63
2024-02-12,36,24,8423.58
2024-02-13,36,20,6946.49
2024-02-14,36,22,7861.47
2024-02-15,36,20,6801.98
2024-02-16,36,28,9459.82
2024-02-17,36,17,5902.14
2024-02-18,36,12,4288.78
2024-02-19,36,20,7023.9
2024-02-20,36,25,8785.35
2024-02-21,36,22,7617.58
2024-02-22,36,14,4739.72
2024-02-23,36,15,5154.06
2024-02-24,36,13,4394.83
2024-02-25,36,6,2059.14
2024-02-26,36,21,7242.13
2024-02-27,36,17,6024.48
2024-02-28,36,15,5230.0
2024-02-29,36,13,4473.38
2024-03-01,36,40,13691.91
2024-03-02,36,32,11009.32
2024-03-03,36,13,4459.19
2024-03-04,36,34,11642.46
2024-03-05,36,20,6773.9
2024-03-06,36,34,11905.02
2024-03-07,36,27,9244.0
2024-03-08,36,20,6828.17
2024-03-09,36,22,7556.66
2024-03-10,36,11,3749.65
2024-03-11,36,27,9563.0
2024-03-12,36,28,9502.97
2024-03-13,36,28,9869.93
2024-03-14,36,29,10186.92
2024-03-15,36,47,15931.72
2024-03-16,36,28,10010.29
2024-03-17,36,17,5966.25
2024-03-18,36,25,8512.95
2024-03-19,36,25,8960.25
2024-03-20,36,23,7896.77
2024-03-21,36,36,12249.92
2024-03-22,36,25,8739.41
2024-03-23,36,23,7810.47
2024-03-24,36,17,6098.33
2024-03-25,36,37,13067.18
2024-03-26,36,15,5162.72
2024-03-27,36,44,15712.58
2024-03-28,36,37,13289.11
2024-03-29,36,42,14236.47
2024-03-30,36,24,8170.73
2024-03-31,36,19,6774.23
2024-04-01,36,35,11993.9
2024-04-02,36,26,9140.38
2024-04-03,36,30,10664.31
2024-04-04,36,24,8333.28
2024-04-05,36,43,14950.56
2024-04-06,36,22,7792.82
2024-04-07,36,22,7889.62
2024-04-08,36,27,9714.43
2024-04-09,36,30,10239.28
2024-04-10,36,34,11995.29
2024-04-11,36,30,10555.85
2024-04-12,36,31,10918.22
2024-04-13,36,24,8472.05
2024-04-14,36,26,8926.13
2024-04-15,36,34,12036.07
2024-04-16,36,26,9088.93
2024-04-17,36,26,8972.92
2024-04-18,36,36,12892.6
2024-04-19,36,41,14219.72
2024-04-20,36,20,6931.2
2024-04-21,36,12,4155.15
2024-04-22,36,45,16001.68
2024-04-23,36,33,11505.18
2024-04-24,36,29,10363.39
2024-04-25,36,35,12369.13
2024-04-26,36,26,8854.79
2024-04-27,36,29,9942.29
2024-04-28,36,14,4932.33
2024-04-29,36,32,11252.97
2024-04-30,36,30,10653.22
2024-05-01,36,23,8164.09
2024-05-02,36,26,9330.01
2024-05-03,36,21,7329.8
2024-05-04,36,28,9893.55
2024-05-05,36,7,2507.65
2024-05-06,36,12,4291.07
2024-05-07,36,13,4558.96
2024-05-08,36,32,11103.1
2024-05-09,36,21,7176.5
2024-05-10,36,23,8193.11
2024-05-11,36,21,7513.32
2024-05-12,36,10,3454.87
2024-05-13,36,23,7870.38
2024-05-14,36,20,7073.01
2024-05-15,36,25,8609.18
2024-05-16,36,26,8952.28
2024-05-17,36,29,10033.12
2024-05-18,36,20,7028.51
2024-05-19,36,9,3171.32
2024-05-20,36,16,5774.75
2024-05-21,36,20,7201.67
2024-05-22,36,21,7460.95
2024-05-23,36,23,8206.69
2024-05-24,36,25,8648.36
2024-05-25,36,17,6013.62
2024-05-26,36,11,3911.39
2024-05-27,36,11,3829.7
2024-05-28,36,19,6601.88
2024-05-29,36,22,7773.22
2024-05-30,36,18,6190.65
2024-05-31,36,24,8315.06
2024-06-01,36,18,6373.72
2024-06-02,36,16,5597.29
2024-06-03,36,13,4497.84
2024-06-04,36,14,4877.33
2024-06-05,36,24,8381.56
2024-06-06,36,29,10364.84
2024-06-07,36,24,8585.2
2024-06-08,36,5,1790.92
2024-06-09,36,13,4639.11
2024-06-10,36,17,6153.31
2024-06-11,36,21,7268.18
2024-06-12,36,22,7915.82
2024-06-13,36,45,16199.22
2024-06-14,36,22,7548.82
2024-06-15,36,17,5891.31
2024-06-16,36,8,2834.51
2024-06-17,36,17,6133.7
2024-06-18,36,24,8531.52
2024-06-19,36,23,8067.39
2024-06-20,36,23,7934.88
2024-06-21,36,19,6548.4
2024-06-22,36,22,7725.99
2024-06-23,36,9,3243.77
2024-06-24,36,22,7577.78
2024-06-25,36,20,7150.57
2024-06-26,36,10,3619.69
2024-06-27,36,24,8612.7
2024-06-28,36,10,3513.19
2024-06-29,36,20,7054.52
2024-06-30,36,13,4591.15
2024-07-01,36,22,7944.38
2024-07-02,36,29,10260.6
2024-07-03,36,8,2848.46
2024-07-04,36,20,7024.78
2024-07-05,36,20,7165.38
2024-07-06,36,15,5167.32
2024-07-07,36,6,2171.27
2024-07-08,36,16,5499.16
2024-07-09,36,12,4271.56
2024-07-10,36,20,6890.44
2024-07-11,36,23,7921.75
2024-07-12,36,15,5448.86
2024-07-13,36,21,7475.84
2024-07-14,36,6,2172.02
2024-07-15,36,21,7367.82
2024-07-16,36,18,6290.95
2024-07-17,36,16,5585.44
2024-07-18,36,22,7577.33
2024-07-19,36,21,7240.52
2024-07-20,36,13,4612.62
2024-07-21,36,6,2144.27
2024-07-22,36,15,5335.05
2024-07-23,36,19,6513.31
2024-07-24,36,28,9926.07
2024-07-25,36,27,9777.38
2024-07-26,36,28,10144.09
2024-07-27,36,16,5579.41
2024-07-28,36,11,3853.71
2024-07-29,36,21,7318.26
2024-07-30,36,17,5835.05
2024-07-31,36,27,9499.47
2024-08-01,36,18,6270.78
2024-08-02,36,26,9419.64
2024-08-03,36,21,7372.37
2024-08-04,36,4,1375.45
2024-08-05,36,16,5659.56
2024-08-06,36,13,4628.1
2024-08-07,36,21,7294.38
2024-08-08,36,27,9818.49
2024-08-09,36,24,8608.02
2024-08-10,36,19,6602.91
2024-08-11,36,10,3442.58
2024-08-12,36,46,16490.31
2024-08-13,36,36,12390.91
2024-08-14,36,25,8982.98
2024-08-15,36,21,7329.13
2024-08-16,36,22,7979.78
2024-08-17,36,29,10387.68
2024-08-18,36,13,4641.61
2024-08-19,36,25,9119.3
2024-08-20,36,26,9474.45
2024-08-21,36,22,7664.87
2024-08-22,36,27,9520.99
2024-08-23,36,14,4970.33
2024-08-24,36,21,7331.77
2024-08-25,36,6,2100.88
2024-08-26,36,21,7536.58
2024-08-27,36,21,7453.38
2024-08-28,36,18,6544.3
2024-08-29,36,28,9732.52
2024-08-30,36,23,7995.78
2024-08-31,36,30,10828.23
2024-09-01,36,14,5078.75
2024-09-02,36,25,8728.59
2024-09-03,36,20,7137.58
2024-09-04,36,55,19369.43
2024-09-05,36,33,11414.71
2024-09-06,36,30,10574.44
2024-09-07,36,22,7774.26
2024-09-08,36,10,3448.51
2024-09-09,36,38,13506.06
2024-09-10,36,37,12920.42
2024-09-11,36,35,12140.85
2024-09-12,36,35,12307.15
2024-09-13,36,40,14086.81
2024-09-14,36,20,6968.8
2024-09-15,36,9,3277.35
2024-09-16,36,30,10681.25
2024-09-17,36,34,12242.05
2024-09-18,36,29,10102.53
2024-09-19,36,31,10840.59
2024-09-20,36,25,8779.27
2024-09-21,36,33,11588.3
2024-09-22,36,10,3621.31
2024-09-23,36,28,9947.7
2024-09-24,36,28,9738.44
2024-09-25,36,30,10707.52
2024-09-26,36,23,8031.83
2024-09-27,36,25,8634.66
2024-09-28,36,33,11809.8
2024-09-29,36,19,6606.42
2024-09-30,36,26,9014.38
2024-10-01,36,43,15310.72
2024-10-02,36,42,14703.61
2024-10-03,36,30,10970.26
2024-10-04,36,42,15078.47
2024-10-05,36,40,14281.5
2024-10-06,36,21,7483.6
2024-10-07,36,48,17015.04
2024-10-08,36,53,19038.97
2024-10-09,36,46,16262.04
2024-10-10,36,34,12031.62
2024-10-11,36,41,14344.69
2024-10-12,36,16,5688.03
2024-10-13,36,19,6768.2
2024-10-14,36,29,10593.1
2024-10-15,36,31,10776.7
2024-10-16,36,35,12491.64
2024-10-17,36,26,9449.12
2024-10-18,36,25,8961.05
2024-10-19,36,26,9154.07
2024-10-20,36,14,5100.64
2024-10-21,36,32,11745.91
2024-10-22,36,49,17423.63
2024-10-23,36,34,12102.05
2024-10-24,36,44,15887.18
2024-10-25,36,37,13299.41
2024-10-26,36,31,11370.73
2024-10-27,36,20,7062.49
2024-10-28,36,28,9769.6
2024-10-29,36,45,15973.49
2024-10-30,36,36,12593.89
2024-10-31,36,17,6123.43
2024-11-01,36,32,11240.56
2024-11-02,36,28,9944.71
2024-11-03,36,14,5065.14
2024-11-04,36,31,10805.47
2024-11-05,36,30,11023.47
2024-11-06,36,20,7349.32
2024-11-07,36,31,10957.03
2024-11-08,36,44,15362.11
2024-11-09,36,28,9888.56
2024-11-10,36,15,5406.12
2024-11-11,36,19,6643.32
2024-11-12,36,27,9516.85
2024-11-13,36,39,13599.58
2024-11-14,36,33,12021.34
2024-11-15,36,28,10056.95
2024-11-16,36,31,11415.69
2024-11-17,36,20,7083.04
2024-11-18,36,31,10818.28
2024-11-19,36,24,8546.18
2024-11-20,36,31,11418.75
2024-11-21,36,39,14023.73
2024-11-22,36,39,13596.48
2024-11-23,36,19,6901.34
2024-11-24,36,24,8560.56
2024-11-25,36,33,11974.89
2024-11-26,36,26,9559.32
2024-11-27,36,30,10996.88
2024-11-28,36,36,13065.84
2024-11-29,36,24,8846.76
2024-11-30,36,27,9782.55
2024-12-01,36,10,3582.23
2024-12-02,36,26,9064.12
2024-12-03,36,26,9430.82
2024-12-04,36,20,7134.18
2024-12-05,36,26,9149.62
2024-12-06,36,17,6037.1
2024-12-07,36,25,9077.61
2024-12-08,36,17,5972.32
2024-12-09,36,28,10096.61
2024-12-10,36,31,10940.31
2024-12-11,36,29,10119.75
2024-12-12,36,28,10300.22
2024-12-13,36,28,10134.47
2024-12-14,36,20,7122.95
2024-12-15,36,11,3854.06
2024-12-16,36,19,6762.85
2024-12-17,36,29,10507.14
2024-12-18,36,31,10928.79
2024-12-19,36,36,13064.55
2024-12-20,36,14,5038.06
2024-12-21,36,20,7248.55
2024-12-22,36,12,4415.11
2024-12-23,36,28,10153.68
2024-12-24,36,24,8590.0
2024-12-25,36,19,7022.21
2024-12-26,36,19,6988.9
2024-12-27,36,30,10901.34
2024-12-28,36,30,10714.05
2024-12-29,36,18,6274.98
2024-12-30,36,19,6821.34
2024-12-31,36,17,6144.42
2025-01-01,36,21,7562.95
2025-01-02,36,23,8251.56
2025-01-03,36,24,8720.14
2025-01-04,36,23,8038.95
2025-01-05,36,12,4441.59
2025-01-06,36,24,8552.35
2025-01-07,36,27,9929.18
2025-01-08,36,18,6346.65
2025-01-09,36,24,8747.95
2025-01-10,36,20,7076.15
2025-01-11,36,18,6412.15
2025-01-12,36,10,3518.84
2025-01-13,36,24,8894.41
2025-01-14,36,28,9989.9
2025-01-15,36,21,7360.12
2025-01-16,36,21,7429.1
2025-01-17,36,19,6728.59
2025-01-18,36,13,4699.25
2025-01-19,36,12,4248.32
2025-01-20,36,17,6283.01
2025-01-21,36,20,6990.95
2025-01-22,36,15,5344.21
2025-01-23,36,18,6422.22
2025-01-24,36,24,8398.08
2025-01-25,36,19,6800.45
2025-01-26,36,16,5645.56
2025-01-27,36,14,4935.26
2025-01-28,36,22,7729.41
2025-01-29,36,24,8769.04
2025-01-30,36,17,5990.55
2025-01-31,36,21,7623.36
2025-02-01,36,21,7777.92
2025-02-02,36,7,2467.6
2025-02-03,36,19,6956.62
2025-02-04,36,22,7949.04
2025-02-05,36,22,7790.64
2025-02-06,36,26,9263.51
2025-02-07,36,20,7003.99
2025-02-08,36,19,6849.93
2025-02-09,36,12,4220.66
2025-02-10,36,63,22730.2
2025-02-11,36,34,12137.19
2025-02-12,36,27,9758.59
2025-02-13,36,25,8770.59
2025-02-14,36,24,8523.9
2025-02-15,36,18,6538.16
2025-02-16,36,9,3298.21
2025-02-17,36,16,5833.01
2025-02-18,36,13,4737.96
2025-02-19,36,22,7841.46
2025-02-20,36,21,7738.69
2025-02-21,36,26,9149.91
2025-02-22,36,28,10046.63
2025-02-23,36,13,4625.38
2025-02-24,36,18,6533.19
2025-02-25,36,25,8788.84
2025-02-26,36,18,6532.71
2025-02-27,36,30,11017.22
2025-02-28,36,31,11015.33
2025-03-01,36,29,10493.43
2025-03-02,36,13,4636.25
2025-03-03,36,37,13426.34
2025-03-04,36,27,9566.61
2025-03-05,36,28,10024.38
2025-03-06,36,30,11158.75
2025-03-07,36,37,13708.88
2025-03-08,36,19,6902.52
2025-03-09,36,15,5519.6
2025-03-10,36,34,12305.88
2025-03-11,36,35,12910.13
2025-03-12,36,27,9952.56
2025-03-13,36,29,10278.27
2025-03-14,36,33,11893.0
2025-03-15,36,24,8564.62
2025-03-16,36,17,6039.49
2025-03-17,36,19,6802.13
2025-03-18,36,26,9341.04
2025-03-19,36,40,14450.44
2025-03-20,36,24,8493.8
2025-03-21,36,21,7457.48
2025-03-22,36,31,11208.38
2025-03-23,36,10,3694.89
2025-03-24,36,37,13302.0
2025-03-25,36,23,8175.78
2025-03-26,36,39,13980.68
2025-03-27,36,29,10508.22
2025-03-28,36,30,11200.42
2025-03-29,36,25,8818.21
2025-03-30,36,12,4247.6
2025-03-31,36,27,9601.42
2025-04-01,36,35,12766.89
2025-04-02,36,37,13026.97
2025-04-03,36,36,12968.02
2025-04-04,36,33,12180.36
2025-04-05,36,24,8622.29
2025-04-06,36,20,7147.14
2025-04-07,36,28,10120.36
2025-04-08,36,30,11154.73
2025-04-09,36,30,10721.81
2025-04-10,36,36,13149.25
2025-04-11,36,37,13152.41
2025-04-12,36,22,7763.08
2025-04-13,36,18,6550.83
2025-04-14,36,26,9268.58
2025-04-15,36,31,11405.62
2025-04-16,36,21,7619.32
2025-04-17,36,22,7836.15
2025-04-18,36,36,12743.01
2025-04-19,36,30,11001.43
2025-04-20,36,21,7590.09
2025-04-21,36,30,11115.7
2025-04-22,36,19,6815.71
2025-04-23,36,39,14568.51
2025-04-24,36,44,15562.56
2025-04-25,36,43,15876.25
2025-04-26,36,30,10914.41
2025-04-27,36,14,5083.56
2025-04-28,36,40,14678.65
2025-04-29,36,35,12654.26
2025-04-30,36,41,14775.49
2025-05-01,36,33,12322.07
2025-05-02,36,27,9723.97
2025-05-03,36,20,7112.93
2025-05-04,36,17,6064.76
2025-05-05,36,20,7413.87
2025-05-06,36,14,5129.46
2025-05-07,36,27,9739.04
2025-05-08,36,17,6070.82
2025-05-09,36,29,10858.92
2025-05-10,36,23,8595.1
2025-05-11,36,14,5240.44
2025-05-12,36,20,7197.19
2025-05-13,36,22,8063.49
2025-05-14,36,24,8839.03
2025-05-15,36,14,4954.67
2025-05-16,36,26,9607.6
2025-05-17,36,17,6185.47
2025-05-18,36,13,4843.17
2025-05-19,36,33,11903.01
2025-05-20,36,23,8204.03
2025-05-21,36,24,8781.49
2025-05-22,36,33,11699.01
2025-05-23,36,25,9051.01
2025-05-24,36,18,6423.44
2025-05-25,36,7,2599.81
2025-05-26,36,18,6604.16
2025-05-27,36,31,11296.06
2025-05-28,36,20,7170.8
2025-05-29,36,24,8724.75
2025-05-30,36,20,7187.63
2025-05-31,36,29,10352.3
2025-06-01,36,5,1828.56
2025-06-02,36,13,4837.49
2025-06-03,36,20,7249.85
2025-06-04,36,16,5989.67
2025-06-05,36,20,7213.14
2025-06-06,36,29,10296.41
2025-06-07,36,15,5556.61
2025-06-08,36,8,2898.69
2025-06-09,36,17,6308.7
2025-06-10,36,26,9220.84
2025-06-11,36,27,9826.44
2025-06-12,36,22,7853.69
2025-06-13,36,14,5081.64
2025-06-14,36,26,9676.81
2025-06-15,36,5,1857.65
2025-06-16,36,19,7005.92
2025-06-17,36,21,7689.79
2025-06-18,36,30,11237.18
2025-06-19,36,25,8868.48
2025-06-20,36,27,9914.19
2025-06-21,36,14,5238.25
2025-06-22,36,11,4096.43
2025-06-23,36,25,9380.08
2025-06-24,36,9,3337.18
2025-06-25,36,13,4674.64
2025-06-26,36,20,7465.01
2025-06-27,36,20,7457.57
2025-06-28,36,12,4310.13
2025-06-29,36,6,2214.73
2025-06-30,36,26,9683.65
2025-07-01,36,29,10569.43
2025-07-02,36,19,6783.78
2025-07-03,36,17,6039.63
2025-07-04,36,34,12645.69
2025-07-05,36,11,3956.09
2025-07-06,36,12,4438.47
2025-07-07,36,17,6272.84
2025-07-08,36,13,4704.58
2025-07-09,36,22,7855.68
2025-07-10,36,21,7603.47
2025-07-11,36,22,8207.01
2025-07-12,36,10,3731.87
2025-07-13,36,5,1821.67
2025-07-14,36,17,6112.96
2025-07-15,36,23,8228.72
2025-07-16,36,16,5797.75
2025-07-17,36,14,5185.8
2025-07-18,36,24,8901.89
2025-07-19,36,27,9675.64
2025-07-20,36,6,2207.42
2025-07-21,36,15,5603.51
2025-07-22,36,15,5514.36
2025-07-23,36,17,6199.77
2025-07-24,36,20,7133.21
2025-07-25,36,24,9064.3
2025-07-26,36,22,8032.11
2025-07-27,36,6,2195.51
2025-07-28,36,22,7879.44
2025-07-29,36,22,8173.82
2025-07-30,36,17,6251.83
2025-07-31,36,19,6844.57
2025-08-01,36,25,9106.99
2025-08-02,36,17,6376.19
2025-08-03,36,15,5570.5
2025-08-04,36,33,12024.54
2025-08-05,36,19,6955.69
2025-08-06,36,19,6893.15
2025-08-07,36,23,8664.5
2025-08-08,36,28,10207.84
2025-08-09,36,30,10884.97
2025-08-10,36,15,5461.1
2025-08-11,36,21,7949.08
2025-08-12,36,19,7176.46
2025-08-13,36,29,10575.46
2025-08-14,36,27,9659.57
2025-08-15,36,23,8662.17
2025-08-16,36,17,6361.32
2025-08-17,36,13,4915.21
2025-08-18,36,25,9130.69
2025-08-19,36,21,7643.06
2025-08-20,36,28,10232.79
2025-08-21,36,24,8826.11
2025-08-22,36,22,8263.3
2025-08-23,36,19,7085.06
2025-08-24,36,18,6583.75
2025-08-25,36,18,6525.64
2025-08-26,36,33,12418.74
2025-08-27,36,19,6936.36
2025-08-28,36,19,7114.02
2025-08-29,36,19,7046.07
2025-08-30,36,16,5975.99
2025-08-31,36,7,2623.22
2025-09-01,36,25,8952.72
2025-09-02,36,44,15951.65
2025-09-03,36,30,11051.26
2025-09-04,36,33,12249.17
2025-09-05,36,30,11270.39
2025-09-06,36,33,12119.47
2025-09-07,36,17,6138.19
2025-09-08,36,29,10950.43
2025-09-09,36,40,14605.89
2025-09-10,36,24,9100.86
2025-09-11,36,28,10040.95
2025-09-12,36,33,11819.81
2025-09-13,36,33,12107.12
2025-09-14,36,21,7889.42
2025-09-15,36,29,11014.16
2025-09-16,36,34,12909.94
2025-09-17,36,38,14132.35
2025-09-18,36,45,16574.72
2025-09-19,36,41,15348.84
2025-09-20,36,26,9769.0
2025-09-21,36,15,5376.84
2025-09-22,36,37,13537.96
2025-09-23,36,40,14497.03
2025-09-24,36,37,13478.15
2025-09-25,36,25,9407.43
2025-09-26,36,24,8761.56
2025-09-27,36,26,9892.46
2025-09-28,36,17,6151.75
2025-09-29,36,39,14328.73
2025-09-30,36,25,9274.31
2025-10-01,36,28,10566.5
2025-10-02,36,30,11205.21
2025-10-03,36,37,13779.24
2025-10-04,36,24,9045.51
2025-10-05,36,19,7215.85
2025-10-06,36,34,12525.46
2025-10-07,36,49,18235.48
2025-10-08,36,36,13528.59
2025-10-09,36,26,9681.3
2025-10-10,36,36,12941.66
2025-10-11,36,22,8125.45
2025-10-12,36,23,8605.29
2025-10-13,36,39,14530.22
2025-10-14,36,32,11965.14
2025-10-15,36,43,15909.3
2025-10-16,36,44,16485.29
2025-10-17,36,31,11245.97
2025-10-18,36,28,10436.9
2025-10-19,36,12,4487.67
2025-10-20,36,42,15128.81
2025-10-21,36,35,13350.69
2025-10-22,36,53,19229.52
2025-10-23,36,39,14242.25
2025-10-24,36,41,15479.77
2025-10-25,36,32,11851.76
2025-10-26,36,14,5330.51
2025-10-27,36,54,19503.61
2025-10-28,36,39,14156.08
2025-10-29,36,31,11258.72
2025-10-30,36,27,9901.05
2025-10-31,36,23,8457.22
2025-11-01,36,39,14624.5
2025-11-02,36,22,8340.0
2025-11-03,36,30,10962.95
2025-11-04,36,41,15068.72
2025-11-05,36,30,11024.08
2025-11-06,36,34,12606.98
2025-11-07,36,39,14306.45
2025-11-08,36,32,12221.96
2025-11-09,36,10,3798.63
2025-11-10,36,28,10589.46
2025-11-11,36,25,9321.03
2025-11-12,36,47,17148.03
2025-11-13,36,33,12075.8
2025-11-14,36,31,11835.12
2025-11-15,36,23,8345.67
2025-11-16,36,11,4070.01
2025-11-17,36,44,16489.83
2025-11-18,36,34,12382.53
2025-11-19,36,36,13256.08
2025-11-20,36,42,15186.03
2025-11-21,36,38,14270.27
2025-11-22,36,24,8951.39
2025-11-23,36,16,5904.85
2025-11-24,36,34,12684.5
2025-11-25,36,34,12589.07
2025-11-26,36,28,10328.21
2025-11-27,36,36,13297.21
2025-11-28,36,26,9825.08
2025-11-29,36,34,12312.11
2025-11-30,36,23,8500.51
2025-12-01,36,19,6964.12
2025-12-02,36,27,9841.42
2025-12-03,36,24,8923.88
2025-12-04,36,29,10661.75
2025-12-05,36,25,9544.3
2025-12-06,36,18,6851.74
2025-12-07,36,11,3987.74
2025-12-08,36,25,9444.0
2025-12-09,36,17,6486.97
2025-12-10,36,61,22207.12
2025-12-11,36,22,8427.67
2025-12-12,36,24,9094.69
2025-12-13,36,37,14094.26
2025-12-14,36,12,4586.9
2025-12-15,36,25,9060.11
2025-12-16,36,21,7813.23
2025-12-17,36,26,9803.36
2025-12-18,36,24,9026.3
2025-12-19,36,25,9130.93
2025-12-20,36,16,5840.93
2025-12-21,36,12,4460.98
2025-12-22,36,23,8679.16
2025-12-23,36,26,9733.62
2025-12-24,36,27,9854.63
2025-12-25,36,23,8739.21
2025-12-26,36,20,7421.7
2025-12-27,36,24,8881.87
2025-12-28,36,14,5302.1
2025-12-29,36,16,6077.97
2025-12-30,36,35,13342.58
2025-12-31,36,39,14860.6
2026-01-01,36,22,8074.29
2026-01-02,36,24,8983.89
2026-01-03,36,19,7068.88
2026-01-04,36,9,3352.04
2026-01-05,36,27,10160.82
2026-01-06,36,16,5936.21
2026-01-07,36,27,10195.28
2026-01-08,36,21,7799.2
2026-01-09,36,25,9506.15
2026-01-10,36,17,6368.89
2026-01-11,36,7,2575.43
2026-01-12,36,26,9900.59
2026-01-13,36,16,6019.67
2026-01-14,36,23,8537.58
2026-01-15,36,12,4418.17
2026-01-16,36,29,10727.52
2026-01-17,36,17,6489.38
2026-01-18,36,18,6844.32
2026-01-19,36,28,10491.87
2026-01-20,36,21,7911.73
2026-01-21,36,23,8820.74
2026-01-22,36,25,9393.23
2026-01-23,36,24,9028.04
2026-01-24,36,23,8530.02
2026-01-25,36,12,4355.95
2026-01-26,36,35,12913.8
2026-01-27,36,17,6501.36
2026-01-28,36,26,9797.99
2026-01-29,36,25,9519.07
2026-01-30,36,35,13342.95
2026-01-31,36,24,8884.25
2026-02-01,36,14,5217.08
2026-02-02,36,29,10805.65
2026-02-03,36,34,12717.92
2026-02-04,36,22,8266.8
2026-02-05,36,25,9105.94
2026-02-06,36,32,12176.56
2026-02-07,36,19,7232.06
2026-02-08,36,13,4818.12
2026-02-09,36,16,6123.0
2026-02-10,36,31,11636.28
2026-02-11,36,29,10594.29
2026-02-12,36,28,10478.02
2026-02-13,36,18,6764.52
2026-02-14,36,30,11514.0
2026-02-15,36,9,3469.55
2026-02-16,36,15,5549.51
2026-02-17,36,30,11094.75
2026-02-18,36,24,8849.27
2026-02-19,36,22,8353.11
2026-02-20,36,23,8604.5
2026-02-21,36,15,5697.06
2026-02-22,36,15,5578.23
2026-02-23,36,30,11153.76
2026-02-24,36,28,10574.05
2026-02-25,36,30,11501.27
2026-02-26,36,23,8459.48
2026-02-27,36,26,9587.06
2026-02-28,36,20,7454.29
2026-03-01,36,16,5954.99
2026-03-02,36,30,11552.76
2026-03-03,36,34,12936.55
2026-03-04,36,39,14485.44
2026-03-05,36,32,11778.36
2026-03-06,36,38,14562.02
2026-03-07,36,37,13589.71
2026-03-08,36,14,5169.92
2026-03-09,36,36,13251.32
2026-03-10,36,43,16620.85
2026-03-11,36,30,11022.42
2026-03-12,36,32,12308.89
2026-03-13,36,37,13756.91
2026-03-14,36,28,10566.78
2026-03-15,36,10,3659.14
2026-03-16,36,32,12285.76
2026-03-17,36,23,8477.87
2026-03-18,36,36,13245.94
2026-03-19,36,48,17691.98
2026-03-20,36,28,10757.01
2026-03-21,36,26,10046.55
2026-03-22,36,13,4772.54
2026-03-23,36,24,8823.65
2026-03-24,36,35,13549.33
2026-03-25,36,52,19327.29
2026-03-26,36,34,12541.66
2026-03-27,36,35,13007.31
2026-03-28,36,42,16075.96
2026-03-29,36,9,3300.08
2026-03-30,36,24,8937.52
2026-03-31,36,34,12500.0
2026-04-01,36,45,17248.16
2026-04-02,36,44,16784.27
2026-04-03,36,38,14429.78
2026-04-04,36,21,8092.46
2026-04-05,36,14,5301.66
2026-04-06,36,30,11301.56
2026-04-07,36,37,14349.37
2026-04-08,36,40,15118.82
2026-04-09,36,33,12596.6
2026-04-10,36,23,8848.41
2026-04-11,36,36,13814.26
2026-04-12,36,11,4227.47
2026-04-13,36,41,15284.37
2026-04-14,36,40,15296.83
2026-04-15,36,37,14287.34
2026-04-16,36,33,12478.55
2026-04-17,36,39,14348.86
2026-04-18,36,30,11588.53
2026-04-19,36,17,6488.41
2026-04-20,36,36,13787.21
2026-04-21,36,38,14076.52
2026-04-22,36,20,7413.08
2026-04-23,36,56,21033.91
2026-04-24,36,33,12574.4
2026-04-25,36,29,11121.47
2026-04-26,36,18,6860.86
2026-04-27,36,33,12437.97
2026-04-28,36,36,13396.35
2026-04-29,36,37,14188.47
2026-04-30,36,30,11452.88
2026-05-01,36,26,9998.17
2026-05-02,36,10,3681.38
2026-05-03,36,13,5006.21
2026-05-04,36,34,12690.29
2026-05-05,36,27,10379.83
2026-05-06,36,27,10285.33
2026-05-07,36,25,9691.13
2026-05-08,36,26,9804.96
2026-05-09,36,17,6587.61
2026-05-10,36,11,4252.77
2026-05-11,36,28,10753.65
2026-05-12,36,42,15778.79
2026-05-13,36,25,9394.57
2026-05-14,36,23,8789.68
2026-05-15,36,28,10680.67
2026-05-16,36,24,9031.75
2026-05-17,36,12,4605.33
2026-05-18,36,19,7100.09
2026-05-19,36,25,9682.95
2026-05-20,36,24,9214.32
2026-05-21,36,29,11275.16
2026-05-22,36,25,9209.28
2026-05-23,36,16,6233.79
2026-05-24,36,14,5406.63
2026-05-25,36,36,13934.08
2026-05-26,36,15,5756.1
2026-05-27,36,29,11158.16
2026-05-28,36,36,13792.42
2026-05-29,36,33,12807.83
2026-05-30,36,16,6175.08
2026-05-31,36,11,4167.26
2026-06-01,36,16,6078.3
2026-06-02,36,28,10353.43
2026-06-03,36,34,12585.55
2026-06-04,36,20,7459.04
2026-06-05,36,21,7972.21
2026-06-06,36,18,6885.5
2026-06-07,36,12,4681.27
2026-06-08,36,21,7950.12
2026-06-09,36,21,8191.2
2026-06-10,36,15,5562.46
2026-06-11,36,13,5019.69
2026-06-12,36,25,9228.12
2026-06-13,36,23,8980.72
2026-06-14,36,6,2282.14
2026-06-15,36,24,8849.93
2026-06-16,36,24,9053.02
2026-06-17,36,18,6971.91
2026-06-18,36,16,5949.36
2026-06-19,36,12,4661.06
2026-06-20,36,8,3068.15
2026-06-21,36,13,4921.8
2026-06-22,36,25,9644.73
2026-06-23,36,26,9714.92
2026-06-24,36,12,4443.25
2026-06-25,36,22,8354.85
2026-06-26,36,29,10733.25
2026-06-27,36,18,6962.83
2026-06-28,36,15,5851.48
2026-06-29,36,24,8905.75
2026-06-30,36,23,8987.19
2026-07-01,36,28,10583.25
2026-07-02,36,17,6494.45
2026-07-03,36,29,10821.08
2026-07-04,36,10,3744.44
2026-07-05,36,12,4432.82
2026-07-06,36,30,11568.6
2026-07-07,36,33,12282.48
2026-07-08,36,30,11120.74
2026-07-09,36,18,6957.04
2026-07-10,36,25,9565.31
2026-07-11,36,19,7181.28
2026-07-12,36,8,3011.48
2026-07-13,36,28,10629.31
2026-07-14,36,30,11718.16
2026-07-15,36,23,8651.98
2026-07-16,36,23,8564.07
2026-07-17,36,26,9844.55
2026-07-18,36,26,9681.99
2026-07-19,36,11,4177.44
2026-07-20,36,25,9410.56
2026-07-21,36,13,4914.34
2026-07-22,36,28,10596.59
2026-07-23,36,33,12264.22
2026-07-24,36,30,11691.25
2026-07-25,36,16,6100.7
2026-07-26,36,9,3349.38
2026-07-27,36,34,12958.13
2026-07-28,36,14,5400.02
2026-07-29,36,16,6085.08
2026-07-30,36,22,8505.49
2026-07-31,36,22,8449.13
2026-08-01,36,28,10940.54
2026-08-02,36,12,4643.6
2026-08-03,36,22,8144.89
2026-08-04,36,36,13989.11
2026-08-05,36,18,6737.58
2026-08-06,36,23,8933.81
2026-08-07,36,29,10801.13
2026-08-08,36,20,7542.8
2026-08-09,36,7,2663.89
2026-08-10,36,23,8934.99
2026-08-11,36,23,8606.58
2026-08-12,36,29,10930.79
2026-08-13,36,17,6395.71
2026-08-14,36,21,8177.96
2026-08-15,36,20,7531.13
2026-08-16,36,19,7280.53
2026-08-17,36,30,11540.94
2026-08-18,36,25,9527.79
2026-08-19,36,18,6964.37
2026-08-20,36,18,6782.35
2026-08-21,36,20,7409.23
2026-08-22,36,25,9383.48
2026-08-23,36,20,7451.17
2026-08-24,36,19,7219.7
2026-08-25,36,23,8599.19
2026-08-26,36,23,8945.33
2026-08-27,36,38,14343.46
2026-08-28,36,34,13120.83
2026-08-29,36,17,6325.7
2026-08-30,36,9,3499.83
2026-08-31,36,23,8835.28
2026-09-01,36,31,11928.02
2026-09-02,36,39,14654.63
2026-09-03,36,29,11374.84
2026-09-04,36,38,14703.03
2026-09-05,36,20,7872.24
2026-09-06,36,12,4497.82
2026-09-07,36,31,11695.84
2026-09-08,36,32,11966.22
2026-09-09,36,31,11610.91
2026-09-10,36,40,15461.68
2026-09-11,36,39,15262.79
2026-09-12,36,22,8246.17
2026-09-13,36,13,4951.04
2026-09-14,36,40,15455.37
2026-09-15,36,30,11447.23
2026-09-16,36,34,13343.16
2026-09-17,36,27,10127.65
2026-09-18,36,31,11660.65
2026-09-19,36,25,9602.16
2026-09-20,36,13,5084.65
2026-09-21,36,40,15559.25
2026-09-22,36,47,18441.27
2026-09-23,36,36,14079.94
2026-09-24,36,35,13563.95
2026-09-25,36,34,13207.02
2026-09-26,36,32,12608.21
2026-09-27,36,12,4511.53
2026-09-28,36,25,9704.22
2026-09-29,36,37,13926.72
2026-09-30,36,25,9747.77
